id_persona,nombre,apellido,edad,genero,ciudad_residencia,estrato_socioeconomico,frecuencia_visita,promedio_gasto_comida,ocio,consume_licor,preferencias_alimenticias,membresia_premium,telefono_contacto,correo_electronico,tipo_de_pago_mas_usado,ingresos_mensuales,rango_edad
3456521319,Richard,Adams,61,Masculino,Chicago,Medio,2,23.02,Sí,Sí,Vegetariano,No,(394)853-1965,Dato no cargado,Efectivo,2838,55-64
2916502228,Leah,Cooper,44,Femenino,Chicago,Bajo,3,5.07,No,Sí,Mariscos,No,Dato no cargado,Dato no cargado,App,1365,35-44
5736368501,Jennifer,Richardson,54,Femenino,Chicago,Alto,5,34.35,No,Sí,Carnes,Sí,Dato no cargado,Dato no cargado,Tarjeta,7133,45-54
9718391309,Alyssa,Bryant,70,Femenino,Chicago,Bajo,1,6.59,No,Sí,Vegetariano,No,5093254270,Dato no cargado,Tarjeta,1205,65-80
9148064715,Michael,Cochran,79,Masculino,Chicago,Muy Alto,8,78.02,No,Sí,Pescado,Sí,Dato no cargado,Dato no cargado,App,17625,65-80
5716275350,John,Simon,28,Masculino,Chicago,Medio,4,18.37,Sí,No,Pescado,Sí,Dato no cargado,fgross@example.com,Efectivo,2756,25-34
4584891910,Michael,Martinez,23,Masculino,Chicago,Alto,6,48.25,Sí,Sí,Mariscos,Sí,Dato no cargado,randywalter@example.com,Efectivo,6976,18-24
1118282957,Kelly,Travis,77,Femenino,Chicago,Medio,4,28.57,No,Sí,Vegano,No,+1-668-365-9279,catherinegutierrez@example.com,Tarjeta,1788,65-80
8069035955,Holly,Hunter,42,Femenino,Chicago,Medio,2,8.5,Sí,Sí,Vegetariano,No,321.820.3581x39795,Dato no cargado,Tarjeta,3145,35-44
8333313045,Gary,Nguyen,44,Masculino,Chicago,Medio,5,22.42,No,Sí,Mariscos,Sí,(638)260-2687x1758,jeremy18@example.net,Efectivo,2062,35-44
2709051194,Alyssa,Young,29,Femenino,Chicago,Alto,5,35.18,No,Sí,Carnes,Sí,Dato no cargado,Dato no cargado,Efectivo,6883,25-34
8140779790,Lindsay,Davis,37,Femenino,Chicago,Alto,6,18.74,No,Sí,Mariscos,Sí,+1-865-302-8601x1837,Dato no cargado,App,8326,35-44
7695630064,Julie,Davis,59,Femenino,Chicago,Alto,5,45.97,No,Sí,Vegetariano,No,Dato no cargado,meredith32@example.com,Tarjeta,4735,55-64
9337145038,Robert,Mayer,38,Masculino,Chicago,Muy Alto,9,6.13,Sí,No,Otro,Sí,651-849-4007,Dato no cargado,Efectivo,14154,35-44
2178884276,Matthew,Mcdaniel,51,Masculino,Chicago,Muy Alto,9,60.07,No,No,Vegetariano,Sí,Dato no cargado,Dato no cargado,Efectivo,10987,45-54
8843726220,Colin,Johnson,43,Masculino,Chicago,Medio,3,21.44,Sí,Sí,Carnes,No,Dato no cargado,chadjones@example.net,Efectivo,1690,35-44
1730408097,Todd,Ford,49,Masculino,Chicago,Bajo,2,6.68,No,Sí,Carnes,No,926-417-1867x09683,boltonkelsey@example.com,Efectivo,1128,45-54
6815177620,Richard,Lewis,74,Masculino,Chicago,Alto,4,41.98,Sí,No,Mariscos,Sí,389-412-4152,bauerkristy@example.net,Efectivo,7923,65-80
6882074066,Bobby,Whitney,62,Masculino,Chicago,Alto,6,49.14,Sí,Sí,Carnes,Sí,Dato no cargado,tylerbaker@example.com,Efectivo,8394,55-64
9619600836,Timothy,Brown,34,Masculino,Chicago,Alto,5,25.29,No,Sí,Vegetariano,Sí,(670)681-1759x661,Dato no cargado,Tarjeta,8982,25-34
1997045743,Robert,Baker,46,Masculino,Chicago,Bajo,1,6.61,Sí,Sí,Pescado,No,Dato no cargado,stevenhale@example.com,Efectivo,1125,45-54
6637880115,Dennis,Craig,32,Masculino,Chicago,Medio,5,8.39,Sí,Sí,Mariscos,No,Dato no cargado,Dato no cargado,App,2523,25-34
3157024618,Cameron,Vang,77,Masculino,Chicago,Bajo,0,0.0,Sí,No,Vegetariano,No,263-722-5054x67884,Dato no cargado,App,1227,65-80
9539923943,Denise,Garcia,61,Femenino,Chicago,Bajo,3,9.11,No,No,Carnes,No,Dato no cargado,rileyrick@example.org,Efectivo,1512,55-64
7351061792,Allen,Johnson,46,Masculino,Chicago,Muy Alto,10,88.36,No,Sí,Vegetariano,Sí,Dato no cargado,elizabeth62@example.net,Efectivo,14709,45-54
1476910050,Kimberly,Meyers,37,Femenino,Chicago,Bajo,1,7.8,Sí,Sí,Pescado,No,Dato no cargado,josephmurillo@example.org,Efectivo,1004,35-44
9499888048,Lucas,Smith,19,Masculino,Chicago,Alto,5,55.34,No,Sí,Carnes,Sí,Dato no cargado,Dato no cargado,App,6604,18-24
7529817193,Timothy,Silva,63,Masculino,Chicago,Bajo,2,6.48,No,Sí,Carnes,No,Dato no cargado,drakepamela@example.net,App,973,55-64
9086147474,Shannon,Colon,75,Femenino,Chicago,Muy Alto,9,17.03,No,No,Mariscos,Sí,Dato no cargado,Dato no cargado,Efectivo,14678,65-80
7083157218,Russell,Blake,39,Masculino,Chicago,Alto,6,20.82,Sí,No,Mariscos,Sí,Dato no cargado,Dato no cargado,App,3596,35-44
2548678342,Russell,Sherman,45,Masculino,Chicago,Medio,4,27.7,No,Sí,Carnes,No,300.743.3590,Dato no cargado,Tarjeta,3015,45-54
9954587710,Matthew,Martinez,63,Masculino,Chicago,Alto,4,30.78,Sí,Sí,Vegetariano,Sí,(894)414-6735x9283,karen74@example.net,Efectivo,6006,55-64
1198168828,Tommy,Stevens,44,Masculino,Chicago,Muy Alto,7,11.45,Sí,No,Vegano,Sí,Dato no cargado,robertmarquez@example.com,Efectivo,17490,35-44
5242015210,Diane,Bailey,31,Femenino,Chicago,Muy Alto,7,97.43,No,No,Vegano,Sí,Dato no cargado,harrisadam@example.org,Tarjeta,10431,25-34
3137394980,Morgan,Morales,69,Femenino,Chicago,Muy Alto,7,60.14,No,Sí,Vegetariano,Sí,601.799.5261,Dato no cargado,Efectivo,9631,65-80
3618896499,Karen,Smith,42,Femenino,Chicago,Medio,2,22.76,Sí,No,Carnes,No,Dato no cargado,lowebrendan@example.com,Tarjeta,2933,35-44
2149470354,Kathleen,Reed,18,Femenino,Chicago,Alto,5,5.25,Sí,Sí,Otro,Sí,Dato no cargado,wileykristine@example.net,Tarjeta,6849,18-24
2165559317,Rachel,Mccoy,29,Femenino,Chicago,Muy Alto,8,40.26,Sí,Sí,Vegano,Sí,Dato no cargado,jay63@example.com,App,17944,25-34
1840383636,Jason,Thompson,72,Masculino,Chicago,Muy Alto,6,49.23,No,No,Carnes,Sí,965-671-4178,Dato no cargado,App,17979,65-80
8137702525,Jennifer,Harris,25,Femenino,Chicago,Muy Alto,9,48.58,Sí,Sí,Pescado,Sí,Dato no cargado,gardnermichael@example.net,App,9535,25-34
4025007797,Lucas,Garner,33,Masculino,Chicago,Alto,6,52.25,Sí,Sí,Vegetariano,Sí,Dato no cargado,kanderson@example.com,Efectivo,4466,25-34
8351137276,Laura,Anderson,43,Femenino,Chicago,Medio,2,23.22,Sí,Sí,Vegano,No,Dato no cargado,Dato no cargado,Efectivo,1973,35-44
5703979945,Thomas,Green,66,Masculino,Chicago,Alto,5,30.26,Sí,Sí,Pescado,Sí,(821)422-5624x437,Dato no cargado,App,6940,65-80
1893328647,Gloria,Obrien,35,Femenino,Chicago,Bajo,2,7.59,Sí,Sí,Vegetariano,No,+1-810-271-7878x96753,hillkimberly@example.com,App,1229,35-44
5802745844,Alison,Curtis,62,Femenino,Chicago,Medio,3,13.44,No,Sí,Pescado,No,(278)561-6584x130,frankrussell@example.com,App,1688,55-64
4993943753,Lisa,Cummings,78,Femenino,Chicago,Medio,2,29.74,No,No,Vegano,Sí,Dato no cargado,johnsonsamantha@example.org,Efectivo,3124,65-80
9084491684,Carrie,Wise,34,Femenino,Chicago,Alto,5,57.22,No,No,Mariscos,Sí,001-575-650-7481x444,robert92@example.com,Tarjeta,5011,25-34
5087280062,Julia,Chaney,56,Femenino,Chicago,Medio,5,26.8,No,Sí,Vegano,No,Dato no cargado,Dato no cargado,App,2423,55-64
7842251654,Jennifer,Green,45,Femenino,Chicago,Medio,2,25.61,No,No,Carnes,No,(445)831-1571,dennis71@example.net,Criptomoneda,2739,45-54
5454664260,Tyler,Mcmahon,40,Masculino,Chicago,Alto,4,23.28,No,Sí,Carnes,Sí,(640)501-7550,Dato no cargado,Efectivo,5493,35-44
9706868875,Kayla,Romero,69,Femenino,Chicago,Medio,3,7.16,No,Sí,Carnes,No,Dato no cargado,lisa75@example.org,Efectivo,2256,65-80
6603749922,Donald,Bailey,27,Masculino,Chicago,Muy Alto,5,31.73,No,Sí,Carnes,Sí,2934974980,rickgonzales@example.com,App,13441,25-34
1368605032,Nicole,Wiley,73,Femenino,Chicago,Muy Alto,7,90.43,No,Sí,Carnes,Sí,625.607.6233x2750,Dato no cargado,Criptomoneda,12948,65-80
3034447658,Kristen,Gonzales,63,Femenino,Chicago,Bajo,1,9.88,No,No,Carnes,No,Dato no cargado,Dato no cargado,Tarjeta,877,55-64
1936506194,Samantha,Williams,30,Femenino,Chicago,Alto,5,10.77,Sí,Sí,Vegetariano,Sí,243-936-0620x37602,griffinterry@example.com,Tarjeta,8671,25-34
9585583837,Melissa,Ortiz,44,Femenino,Chicago,Medio,4,29.46,No,Sí,Carnes,No,959.865.0002x1979,Dato no cargado,Tarjeta,3138,35-44
9740017641,Christine,Horne,68,Femenino,Chicago,Alto,4,37.62,Sí,Sí,Carnes,Sí,(680)926-1422,Dato no cargado,Tarjeta,8732,65-80
4810009104,Jessica,Owens,29,Femenino,Chicago,Medio,4,16.72,No,Sí,Carnes,No,+1-805-588-8419x362,Dato no cargado,Tarjeta,2991,25-34
5067400473,Bobby,Cox,22,Masculino,Chicago,Bajo,1,9.19,Sí,Sí,Mariscos,No,Dato no cargado,Dato no cargado,Efectivo,948,18-24
5816527326,Dana,Erickson,80,Femenino,Chicago,Alto,5,41.92,No,No,Vegetariano,Sí,279-870-4998x8312,Dato no cargado,Tarjeta,5136,65-80
2924460897,Joanne,Whitaker,75,Femenino,Chicago,Alto,6,26.28,Sí,Sí,Vegano,Sí,345.212.9938x78843,Dato no cargado,Efectivo,7878,65-80
2274350418,Anna,Smith,27,Femenino,Chicago,Bajo,0,0.0,Sí,Sí,Mariscos,No,(894)868-9761,wilsonnathan@example.org,App,1560,25-34
4367382040,Jennifer,Lee,34,Femenino,Chicago,Medio,2,18.88,Sí,No,Vegetariano,No,538-965-1767,Dato no cargado,App,2054,25-34
9261957016,Tina,Lynch,44,Femenino,Chicago,Bajo,3,9.94,No,No,Vegano,No,Dato no cargado,zamorasarah@example.com,Tarjeta,962,35-44
4254589788,Zoe,Wilson,61,Femenino,Chicago,Bajo,2,5.47,Sí,Sí,Carnes,No,(787)831-1135x492,ahill@example.com,App,1522,55-64
5722918703,April,Holmes,28,Femenino,Chicago,Medio,5,11.29,Sí,Sí,Otro,No,Dato no cargado,Dato no cargado,Tarjeta,2188,25-34
9058972810,Amanda,Brown,62,Femenino,Chicago,Alto,4,53.81,No,Sí,Carnes,No,(277)911-5275,tanyacoleman@example.org,Tarjeta,5516,55-64
2315202804,Lisa,Powell,44,Femenino,Chicago,Medio,2,10.73,Sí,Sí,Carnes,No,+1-359-770-0732x12712,Dato no cargado,Tarjeta,1743,35-44
7091250529,Jennifer,Fisher,62,Femenino,Chicago,Alto,4,38.08,No,No,Pescado,Sí,Dato no cargado,qclay@example.net,Tarjeta,8472,55-64
6668354702,Joseph,Lang,18,Masculino,Chicago,Alto,6,50.5,No,Sí,Vegetariano,Sí,+1-644-247-1869x41390,Dato no cargado,Efectivo,4042,18-24
7234842696,Andrea,Jones,80,Femenino,Chicago,Medio,2,13.17,No,Sí,Otro,Sí,212-266-6206x8566,Dato no cargado,Tarjeta,2526,65-80
3249673376,Jason,Gordon,79,Masculino,Chicago,Muy Alto,6,17.13,No,No,Vegano,Sí,(446)541-3728x112,Dato no cargado,Tarjeta,12891,65-80
3324051554,Michael,Campbell,29,Masculino,Chicago,Alto,6,54.05,No,Sí,Otro,No,+1-755-948-5997x526,Dato no cargado,Tarjeta,4806,25-34
9934940008,Anthony,Moran,38,Masculino,Chicago,Alto,4,7.75,Sí,Sí,Otro,Sí,400-237-4921,gmcfarland@example.com,Efectivo,4318,35-44
2929513766,Juan,Peters,62,Masculino,Chicago,Bajo,3,7.58,Sí,Sí,Carnes,No,Dato no cargado,Dato no cargado,App,1369,55-64
4321766358,Vanessa,Smith,33,Femenino,Chicago,Bajo,1,5.9,No,Sí,Vegetariano,No,(474)715-4642,Dato no cargado,Tarjeta,1190,25-34
8981576848,Taylor,Hamilton,37,Masculino,Chicago,Medio,2,25.3,Sí,No,Carnes,No,611-748-6297x832,Dato no cargado,App,2175,35-44
5006254928,Travis,Barry,28,Masculino,Chicago,Muy Alto,9,99.88,No,Sí,Otro,Sí,+1-667-816-4843x5145,petermorris@example.org,Tarjeta,9774,25-34
2275419402,Jennifer,Rivera,21,Femenino,Chicago,Medio,5,13.76,No,Sí,Vegetariano,No,Dato no cargado,krista80@example.org,App,2935,18-24
4810352911,Jessica,Ward,79,Femenino,Chicago,Medio,4,7.37,Sí,Sí,Mariscos,No,+1-815-639-3622x3393,rberry@example.net,Efectivo,2352,65-80
6524621697,Jesse,Stafford,61,Masculino,Chicago,Medio,3,21.35,Sí,No,Carnes,No,Dato no cargado,Dato no cargado,Tarjeta,3323,55-64
1607078287,Kevin,Walker,26,Masculino,Chicago,Medio,4,20.4,No,No,Vegano,Sí,407-401-2008x40758,Dato no cargado,Efectivo,1776,25-34
4933355644,Jessica,Hall,60,Femenino,Chicago,Bajo,0,0.0,Sí,Sí,Vegetariano,No,001-906-910-2967x469,leeashley@example.org,Tarjeta,1002,55-64
9753722094,Thomas,Preston,77,Masculino,Chicago,Alto,5,36.52,Sí,Sí,Pescado,No,+1-985-273-4698x67589,Dato no cargado,Efectivo,4043,65-80
3486692500,Alicia,Yates,61,Femenino,Chicago,Bajo,2,9.13,No,No,Mariscos,No,(757)857-6811x200,Dato no cargado,App,1287,55-64
8398862537,Christopher,Hansen,35,Masculino,Chicago,Medio,4,17.4,No,No,Vegano,No,Dato no cargado,michaelvaldez@example.org,Criptomoneda,3219,35-44
2889192199,Gerald,Garcia,46,Masculino,Chicago,Alto,4,10.13,No,No,Carnes,Sí,Dato no cargado,Dato no cargado,Efectivo,6127,45-54
4033164905,Sonya,Taylor,19,Femenino,Chicago,Muy Alto,10,50.71,Sí,No,Carnes,Sí,858.675.2193x26944,coreymartinez@example.org,Tarjeta,17047,18-24
7540301973,Connie,Jackson,53,Femenino,Chicago,Medio,4,17.37,No,Sí,Vegetariano,No,Dato no cargado,Dato no cargado,Efectivo,2095,45-54
9922452002,Tyler,Aguirre,41,Masculino,Chicago,Medio,4,8.83,Sí,No,Otro,No,001-363-743-9768x25238,Dato no cargado,App,2357,35-44
5617569424,Charlene,Molina,40,Femenino,Chicago,Medio,2,17.9,Sí,Sí,Carnes,No,Dato no cargado,Dato no cargado,App,2236,35-44
7725506600,Daniel,Powell,45,Masculino,Chicago,Bajo,3,8.08,Sí,Sí,Vegetariano,No,Dato no cargado,Dato no cargado,Tarjeta,1244,45-54
9118141883,Adam,Ellis,33,Masculino,Chicago,Alto,6,53.09,Sí,Sí,Vegetariano,Sí,996.741.4412,Dato no cargado,Tarjeta,8239,25-34
1909948433,Danielle,Christian,77,Femenino,Chicago,Bajo,0,0.0,No,No,Pescado,No,Dato no cargado,Dato no cargado,Efectivo,1304,65-80
8934694323,Patricia,Andrews,26,Femenino,Chicago,Medio,3,22.89,Sí,Sí,Otro,No,(535)228-8280x82314,Dato no cargado,Efectivo,3026,25-34
8709849092,Teresa,Hunt,51,Femenino,Chicago,Medio,5,22.15,Sí,No,Otro,No,Dato no cargado,glassdavid@example.org,Efectivo,2241,45-54
1899700279,James,King,53,Masculino,Chicago,Bajo,0,0.0,Sí,Sí,Vegetariano,No,Dato no cargado,amydavis@example.com,Efectivo,1259,45-54
8910440683,Julie,Shepherd,47,Femenino,Chicago,Bajo,0,0.0,Sí,No,Pescado,No,Dato no cargado,Dato no cargado,Tarjeta,1258,45-54
8298372610,Katherine,Navarro,46,Femenino,Chicago,Alto,5,52.54,No,Sí,No informado,No,828-982-6310,nathanielcooley@example.org,Tarjeta,5958,45-54
4020889880,Charles,Gallegos,29,Masculino,Chicago,Muy Alto,6,100.06,Sí,Sí,Carnes,Sí,+1-445-368-8932,cmiller@example.net,App,16452,25-34
1137223267,Heather,Pierce,52,Femenino,Chicago,Bajo,1,9.94,No,No,Vegano,No,994-703-3497,Dato no cargado,Tarjeta,1040,45-54
7059591606,Michael,Moon,33,Masculino,Chicago,Medio,4,21.93,No,Sí,Carnes,No,Dato no cargado,Dato no cargado,Tarjeta,2688,25-34
2474442265,Barbara,Johnson,33,Femenino,Chicago,Alto,4,44.99,No,No,Carnes,Sí,(627)969-0474,Dato no cargado,Tarjeta,5728,25-34
2556411683,Jennifer,Marsh,22,Femenino,Chicago,Muy Alto,5,15.59,No,Sí,Vegetariano,Sí,+1-818-203-3613x63750,brian35@example.org,App,9281,18-24
9356854399,Noah,Mcneil,25,Masculino,Chicago,Alto,4,36.94,Sí,Sí,Vegetariano,No,738-874-4373x053,sherrygutierrez@example.org,App,3828,25-34
4310818259,Tammy,Scott,78,Femenino,Chicago,Alto,6,53.95,Sí,Sí,Carnes,No,614-431-4013x9887,Dato no cargado,App,4892,65-80
2087219393,Juan,Perez,73,Masculino,Chicago,Bajo,3,9.3,No,No,Mariscos,No,+1-288-442-3594,Dato no cargado,Tarjeta,1525,65-80
8820673474,Mary,Rosales,58,Femenino,Chicago,Muy Alto,7,103.04,No,Sí,Vegetariano,Sí,Dato no cargado,idouglas@example.org,Tarjeta,13225,55-64
7374584386,Deborah,Lyons,36,Femenino,Chicago,Bajo,2,6.95,No,No,Carnes,No,302.632.5869x98008,Dato no cargado,App,1216,35-44
1568185470,Sandra,Compton,78,Femenino,Chicago,Muy Alto,7,60.35,Sí,No,Otro,Sí,+1-499-520-5103x41594,Dato no cargado,Tarjeta,17864,65-80
9116448726,Stacey,Day,80,Femenino,Chicago,Medio,5,22.71,No,No,Carnes,No,Dato no cargado,douglas69@example.org,Tarjeta,2626,65-80
9680308246,Pamela,Perry,70,Femenino,Chicago,Muy Alto,5,90.13,Sí,Sí,Pescado,Sí,(725)261-5636x88646,katherine69@example.com,Tarjeta,16368,65-80
1736086849,Amanda,Rosales,64,Femenino,Chicago,Alto,6,5.61,Sí,Sí,Carnes,Sí,Dato no cargado,Dato no cargado,Tarjeta,7786,55-64
1780316263,Bruce,Reyes,50,Masculino,Chicago,Bajo,1,6.18,No,Sí,No informado,No,Dato no cargado,Dato no cargado,Tarjeta,871,45-54
7625866719,Eric,Rios,49,Masculino,Chicago,Alto,4,58.7,Sí,Sí,Otro,Sí,(794)619-0454x906,jfox@example.net,Tarjeta,3621,45-54
4042413312,Ruth,Kim,23,Femenino,Chicago,Alto,5,31.55,Sí,Sí,Carnes,Sí,Dato no cargado,Dato no cargado,Tarjeta,7929,18-24
2229872876,Michael,Spears,20,Masculino,Chicago,Bajo,3,5.16,No,Sí,Pescado,No,+1-351-713-9122x276,kimberly51@example.org,Efectivo,1348,18-24
8442697839,Tracey,Rose,71,Femenino,Chicago,Muy Alto,7,47.43,Sí,Sí,Vegano,Sí,Dato no cargado,Dato no cargado,Efectivo,17466,65-80
6770970113,Kenneth,Rojas,47,Masculino,Chicago,Medio,3,14.54,Sí,Sí,Vegetariano,No,+1-808-978-4178,christinashannon@example.com,Efectivo,2696,45-54
9620935604,John,Lara,77,Masculino,Chicago,Alto,4,32.73,No,No,Vegano,No,001-433-513-8634,heather24@example.net,App,6572,65-80
6405351998,Nicole,Sandoval,20,Femenino,Chicago,Medio,5,27.64,No,Sí,Carnes,No,817-662-8510x301,stevensonanthony@example.net,App,2064,18-24
7471466260,Eileen,Rodriguez,58,Femenino,Chicago,Medio,5,14.24,No,Sí,Vegetariano,No,Dato no cargado,daisynguyen@example.com,App,1776,55-64
7857947709,Jennifer,Wood,35,Femenino,Chicago,Bajo,2,6.15,No,Sí,Pescado,No,256-663-0906x6958,Dato no cargado,Tarjeta,1530,35-44
3293444559,Arthur,Green,67,Masculino,Chicago,Bajo,2,8.47,No,Sí,Carnes,No,+1-260-257-9481x57581,Dato no cargado,App,1261,65-80
8503368512,Briana,Howard,54,Femenino,Chicago,Alto,4,9.02,Sí,Sí,Pescado,No,Dato no cargado,mccoyjeffrey@example.org,Efectivo,7979,45-54
4281901324,Stacy,Jimenez,18,Femenino,Chicago,Medio,2,9.79,Sí,Sí,Mariscos,No,Dato no cargado,Dato no cargado,Efectivo,2135,18-24
7465834732,Frank,Parker,40,Masculino,Chicago,Alto,6,37.09,No,Sí,Otro,Sí,Dato no cargado,ssmith@example.net,Efectivo,7208,35-44
8871979518,Brittney,Kelly,44,Femenino,Chicago,Medio,3,9.93,No,Sí,Carnes,No,Dato no cargado,franklindavid@example.net,Tarjeta,2130,35-44
7444898579,Nathaniel,Garcia,48,Masculino,Chicago,Medio,4,5.39,Sí,No,Carnes,No,Dato no cargado,Dato no cargado,Efectivo,2480,45-54
1892445882,Michael,Walker,59,Masculino,Chicago,Bajo,2,6.23,No,No,Vegetariano,No,+1-850-669-6720,tparker@example.com,App,1406,55-64
3019049580,Bianca,Johnson,37,Femenino,Chicago,Alto,5,54.05,Sí,Sí,Vegetariano,Sí,Dato no cargado,Dato no cargado,Efectivo,7946,35-44
7982725037,Joshua,Herrera,79,Masculino,Chicago,Bajo,2,9.05,No,No,Pescado,No,618-850-7113x8351,michaelcuevas@example.com,Efectivo,958,65-80
9049737799,Brandon,Higgins,66,Masculino,Chicago,Medio,4,29.12,Sí,No,Carnes,No,Dato no cargado,Dato no cargado,Efectivo,3381,65-80
1981971938,Corey,Garcia,20,Masculino,Chicago,Medio,4,24.5,Sí,Sí,Otro,No,Dato no cargado,Dato no cargado,Tarjeta,2531,18-24
5649905416,Jenna,Green,43,Femenino,Chicago,Alto,5,33.71,Sí,Sí,Carnes,Sí,Dato no cargado,brownamy@example.com,App,6631,35-44
4163547418,Danielle,Paul,43,Femenino,Chicago,Bajo,2,5.33,Sí,No,Carnes,No,Dato no cargado,melissa10@example.com,Tarjeta,824,35-44
6183086934,Jeremy,Parrish,70,Masculino,Chicago,Medio,5,28.53,No,Sí,Carnes,No,Dato no cargado,brownpamela@example.org,Tarjeta,2582,65-80
9511322359,Antonio,Jones,26,Masculino,Chicago,Medio,5,22.52,No,Sí,Mariscos,No,+1-550-774-7621x98938,alexanderlong@example.com,Tarjeta,2247,25-34
8064882799,Ryan,Sullivan,55,Masculino,Chicago,Medio,4,16.13,No,Sí,Carnes,No,Dato no cargado,Dato no cargado,App,3414,55-64
4242296823,Lori,Mcgee,64,Femenino,Chicago,Bajo,3,6.49,Sí,Sí,Carnes,No,Dato no cargado,Dato no cargado,App,1077,55-64
9467959811,Scott,Washington,49,Masculino,Chicago,Alto,4,18.27,No,Sí,Carnes,No,Dato no cargado,Dato no cargado,App,5816,45-54
5632087724,Jeremy,Hampton,36,Masculino,Chicago,Bajo,0,0.0,Sí,Sí,Mariscos,No,499-470-7554x538,deborahnelson@example.net,Tarjeta,1513,35-44
2382129132,Paul,Miller,64,Masculino,Chicago,Medio,5,22.44,No,Sí,Pescado,No,+1-426-917-5154x1882,browncarlos@example.org,Efectivo,2928,55-64
6969135358,Susan,Jackson,77,Femenino,Chicago,Bajo,0,0.0,Sí,No,Carnes,Sí,Dato no cargado,andre48@example.org,Tarjeta,1080,65-80
8314922743,Karen,Blanchard,19,Femenino,Chicago,Alto,5,19.73,Sí,Sí,Otro,Sí,001-536-946-5761x05272,lance35@example.com,App,6109,18-24
3960592003,Victoria,Krause,35,Femenino,Chicago,Bajo,3,6.28,Sí,Sí,Vegano,No,Dato no cargado,hvasquez@example.net,Tarjeta,1074,35-44
4623960580,Jennifer,Jones,32,Femenino,Chicago,Bajo,1,7.46,Sí,Sí,Mariscos,No,+1-878-469-0361x843,Dato no cargado,Tarjeta,1521,25-34
8893852340,Cindy,Rasmussen,66,Femenino,Chicago,Muy Alto,8,103.28,Sí,Sí,Carnes,Sí,(566)329-0913x74128,zcooper@example.com,Tarjeta,17355,65-80
3994452858,Lori,Long,46,Femenino,Chicago,Muy Alto,5,13.86,No,Sí,Vegetariano,Sí,Dato no cargado,Dato no cargado,App,12505,45-54
3021644254,Jimmy,Figueroa,25,Masculino,Chicago,Bajo,1,7.64,No,Sí,Pescado,No,Dato no cargado,eduardorose@example.net,App,1196,25-34
3081076755,Andrew,Stanley,80,Masculino,Chicago,Bajo,1,5.07,No,Sí,Vegetariano,No,001-845-373-4854x13236,Dato no cargado,Efectivo,1373,65-80
4796865162,Alexis,Reese,57,Femenino,Chicago,Bajo,0,0.0,No,Sí,Vegano,No,(632)642-4660x4729,Dato no cargado,Efectivo,1441,55-64
7996528252,Angela,Kelly,38,Femenino,Chicago,Bajo,1,8.68,Sí,Sí,Carnes,No,Dato no cargado,jeffrey53@example.org,App,1099,35-44
4558594751,Allen,Craig,21,Masculino,Chicago,Alto,4,32.53,Sí,Sí,Pescado,No,Dato no cargado,Dato no cargado,App,7478,18-24
4259973452,Jacob,Pratt,33,Masculino,Chicago,Medio,5,21.78,No,Sí,Vegetariano,Sí,Dato no cargado,andrea30@example.com,Efectivo,2940,25-34
9923542410,Marie,Ayala,29,Femenino,Chicago,Medio,2,6.69,No,Sí,Carnes,No,9307657128,Dato no cargado,Efectivo,1807,25-34
2252055106,Sharon,Bennett,67,Femenino,Chicago,Alto,4,17.28,Sí,Sí,Otro,Sí,5907933186,Dato no cargado,Efectivo,3927,65-80
2702311064,Walter,Garrett,64,Masculino,Chicago,Alto,6,35.4,No,Sí,Carnes,No,Dato no cargado,Dato no cargado,Efectivo,3684,55-64
1395255255,Steve,Bartlett,64,Masculino,Chicago,Medio,3,11.36,No,Sí,Carnes,No,971.886.9868x3017,Dato no cargado,App,2475,55-64
9830946410,Lori,Oliver,50,Femenino,Chicago,Medio,2,10.79,Sí,Sí,Carnes,No,+1-398-420-5413x7282,smiller@example.org,Efectivo,1736,45-54
2300989802,James,Knapp,68,Masculino,Chicago,Bajo,1,7.97,No,Sí,Carnes,Sí,Dato no cargado,Dato no cargado,Efectivo,923,65-80
9603011340,Nancy,Jensen,23,Femenino,Chicago,Medio,4,6.13,No,Sí,Vegano,No,Dato no cargado,benjamin14@example.net,App,3236,18-24
1362218752,Wendy,Saunders,40,Femenino,Chicago,Muy Alto,10,46.1,No,Sí,Otro,Sí,2062921539,Dato no cargado,Tarjeta,16893,35-44
8180101072,Linda,Davis,50,Femenino,Chicago,Medio,5,29.6,No,Sí,Vegano,No,(752)656-7678x790,Dato no cargado,App,1727,45-54
9475155674,Sandra,Parrish,21,Femenino,Chicago,Bajo,2,7.64,Sí,Sí,Vegano,No,Dato no cargado,Dato no cargado,App,1266,18-24
8778927211,Marc,Lara,56,Masculino,Chicago,Alto,6,55.99,No,No,No informado,No,(572)541-9878,jasonhenderson@example.com,Efectivo,7646,55-64
2249540402,Judy,Jackson,23,Femenino,Chicago,Muy Alto,10,71.05,Sí,Sí,Vegetariano,Sí,592.211.8082,Dato no cargado,Efectivo,11408,18-24
2968158685,Rick,Mcdonald,49,Masculino,Chicago,Muy Alto,6,57.86,No,No,Carnes,Sí,921.565.1556,scottjones@example.com,Tarjeta,15736,45-54
2240467770,Elizabeth,Gordon,56,Femenino,Chicago,Muy Alto,5,23.34,No,No,Carnes,Sí,349-708-7699,wramirez@example.org,Tarjeta,10571,55-64
8453582359,Jennifer,Estrada,35,Femenino,Chicago,Medio,2,10.3,No,No,Carnes,No,Dato no cargado,sullivankimberly@example.net,Efectivo,2567,35-44
4890291521,Chelsey,Rollins,68,Femenino,Chicago,Bajo,0,0.0,Sí,No,Otro,No,001-441-518-7274,Dato no cargado,Tarjeta,821,65-80
9261825255,Angela,Stewart,29,Femenino,Chicago,Medio,5,25.55,Sí,Sí,Vegetariano,Sí,Dato no cargado,rhill@example.org,Efectivo,2806,25-34
4660052761,Noah,White,66,Masculino,Chicago,Alto,4,57.19,No,No,Carnes,Sí,Dato no cargado,Dato no cargado,App,4258,65-80
4364114312,Matthew,Gonzalez,47,Masculino,Chicago,Medio,2,21.6,Sí,Sí,Carnes,No,+1-426-890-5947x1373,Dato no cargado,Efectivo,2002,45-54
3886874711,Andrew,Gonzalez,52,Masculino,Chicago,Muy Alto,7,22.46,Sí,Sí,Vegetariano,Sí,Dato no cargado,Dato no cargado,App,16766,45-54
7003761377,Mary,Romero,39,Femenino,Chicago,Medio,4,16.94,No,Sí,Mariscos,Sí,271-999-6130x6957,Dato no cargado,App,3247,35-44
9562519605,Beth,Roy,33,Femenino,Chicago,Bajo,1,8.8,Sí,Sí,Mariscos,No,+1-522-628-2102x152,Dato no cargado,Efectivo,1549,25-34
9538582379,Steven,Wilson,39,Masculino,Chicago,Alto,5,21.23,No,No,Vegetariano,Sí,917.979.1850x641,davidrobinson@example.org,Efectivo,7562,35-44
4820301341,Amber,Johnson,62,Femenino,Chicago,Bajo,0,0.0,No,Sí,Vegano,No,519.629.9322,Dato no cargado,Criptomoneda,1577,55-64
7367666321,Charlene,Williams,67,Femenino,Chicago,Muy Alto,10,49.38,Sí,Sí,Mariscos,Sí,Dato no cargado,qrowe@example.net,Tarjeta,11710,65-80
2409591198,Lauren,Spencer,26,Femenino,Chicago,Muy Alto,9,62.34,No,Sí,Vegano,Sí,+1-628-775-0453x282,Dato no cargado,App,15142,25-34
5169972146,David,Torres,73,Masculino,Chicago,Bajo,0,0.0,No,No,Carnes,No,Dato no cargado,Dato no cargado,Tarjeta,1388,65-80
5577256608,Jared,Martinez,44,Masculino,Chicago,Medio,4,12.57,No,No,Vegetariano,No,001-828-798-9365x195,Dato no cargado,App,3474,35-44
5306977868,Christopher,Williams,49,Masculino,Chicago,Medio,4,6.56,Sí,No,Otro,Sí,Dato no cargado,Dato no cargado,Tarjeta,3485,45-54
3210629192,Jennifer,Ford,26,Femenino,Chicago,Alto,5,28.24,No,Sí,Vegano,Sí,(986)263-7021x698,Dato no cargado,Efectivo,3855,25-34
1647008550,Melanie,Ruiz,43,Femenino,Chicago,Medio,4,22.39,No,Sí,Pescado,No,Dato no cargado,westcourtney@example.net,Efectivo,3231,35-44
6115319619,Emily,Higgins,43,Femenino,Chicago,Alto,5,55.16,No,Sí,No informado,Sí,Dato no cargado,Dato no cargado,Tarjeta,5301,35-44
2606143397,Emma,Valencia,24,Femenino,Chicago,Bajo,0,0.0,Sí,No,Otro,No,001-229-928-5034x135,Dato no cargado,App,828,18-24
3291925657,Jeffrey,Boyd,35,Masculino,Chicago,Muy Alto,9,82.62,Sí,Sí,Carnes,Sí,Dato no cargado,jessicamartin@example.com,App,15586,35-44
2626793469,Richard,Travis,75,Masculino,Chicago,Medio,2,12.54,Sí,Sí,Carnes,No,(846)763-9073x875,Dato no cargado,Efectivo,2634,65-80
1034206213,Erin,Harrison,63,Femenino,Chicago,Alto,4,37.54,No,Sí,Otro,Sí,726.356.8372x004,Dato no cargado,Efectivo,4413,55-64
5304529841,Antonio,Morgan,64,Masculino,Chicago,Medio,4,15.35,No,Sí,Otro,No,502.453.0072,Dato no cargado,Criptomoneda,2703,55-64
6880469951,Michael,Wagner,46,Masculino,Chicago,Bajo,0,0.0,No,Sí,Carnes,No,Dato no cargado,brandy74@example.com,Efectivo,1389,45-54
5095053279,Amanda,Miller,27,Femenino,Chicago,Alto,6,53.68,Sí,Sí,No informado,No,(208)617-5970x1190,Dato no cargado,App,8338,25-34
8385427839,Maria,Savage,40,Femenino,Chicago,Medio,2,5.46,Sí,Sí,Vegetariano,No,931.632.8515x529,Dato no cargado,Tarjeta,1747,35-44
3973225507,Robert,Lopez,77,Masculino,Chicago,Medio,4,26.08,Sí,Sí,Carnes,No,(591)477-5086,zbryant@example.net,Tarjeta,1774,65-80
6926062765,Sean,Arnold,43,Masculino,Chicago,Medio,3,28.16,No,Sí,Mariscos,No,2787638124,Dato no cargado,Efectivo,3339,35-44
7245511471,Eduardo,Tyler,62,Masculino,Chicago,Alto,5,57.63,Sí,Sí,Pescado,Sí,Dato no cargado,Dato no cargado,Tarjeta,3956,55-64
6696832837,Michael,Fitzgerald,71,Masculino,Chicago,Bajo,0,0.0,No,Sí,Vegetariano,No,Dato no cargado,Dato no cargado,Tarjeta,1120,65-80
2412235258,Ryan,Peck,46,Masculino,Chicago,Medio,4,18.3,Sí,No,Pescado,No,(840)303-8160x6032,jonlee@example.com,Efectivo,3011,45-54
7872609079,Tony,Butler,74,Masculino,Chicago,Medio,5,18.82,No,Sí,Vegetariano,Sí,Dato no cargado,whitelinda@example.net,Efectivo,3045,65-80
9518221601,William,Strong,42,Masculino,Chicago,Alto,4,6.21,No,No,Carnes,No,835.516.1234x61192,Dato no cargado,App,8036,35-44
1674555072,George,Ruiz,20,Masculino,Chicago,Bajo,3,5.99,Sí,Sí,Carnes,No,001-488-999-2120x308,Dato no cargado,Tarjeta,1151,18-24
1208775906,Debra,Alvarado,34,Femenino,Chicago,Alto,4,6.33,No,Sí,Vegano,Sí,(921)684-3230,Dato no cargado,Tarjeta,7761,25-34
1993540220,Kayla,Davis,19,Femenino,Chicago,Medio,5,23.24,Sí,Sí,Carnes,No,568.647.6259x96723,Dato no cargado,Tarjeta,2413,18-24
4881814057,Joseph,Powell,49,Masculino,Chicago,Medio,3,26.83,Sí,Sí,Mariscos,No,610.920.3786x4118,thomas79@example.net,Efectivo,3390,45-54
3946512731,Sean,Walker,34,Masculino,Chicago,Medio,2,22.27,Sí,No,Vegano,No,Dato no cargado,Dato no cargado,Efectivo,1608,25-34
4598016224,Michael,Gregory,28,Masculino,Chicago,Bajo,2,6.87,No,Sí,Pescado,No,Dato no cargado,brittneystanton@example.net,Efectivo,1119,25-34
1778755680,Tiffany,Anderson,40,Femenino,Chicago,Alto,6,21.97,No,No,Carnes,No,+1-709-447-2155x632,michelle88@example.com,Efectivo,8847,35-44
2889751592,Amy,Barnes,71,Femenino,Chicago,Bajo,2,7.12,Sí,Sí,Carnes,No,(598)786-0000x046,jenniferdillon@example.org,App,1416,65-80
8804121811,David,Bailey,30,Masculino,Chicago,Medio,3,13.74,Sí,Sí,Vegetariano,Sí,Dato no cargado,Dato no cargado,Tarjeta,1825,25-34
9597820720,Susan,Underwood,73,Femenino,Chicago,Muy Alto,6,50.23,No,No,No informado,Sí,Dato no cargado,nichole31@example.net,Tarjeta,14921,65-80
8563454214,Timothy,King,76,Masculino,Chicago,Alto,5,36.05,Sí,No,Pescado,No,218.719.6247x665,Dato no cargado,Tarjeta,8260,65-80
6660968981,Thomas,Brown,24,Masculino,Chicago,Muy Alto,8,7.98,No,Sí,Carnes,Sí,901-286-4357x161,Dato no cargado,Criptomoneda,15697,18-24
6286710243,Samantha,Love,26,Femenino,Chicago,Alto,5,39.25,No,Sí,Otro,Sí,442.738.2389,qpeterson@example.com,Efectivo,4297,25-34
1205082311,Heather,Schneider,55,Femenino,Chicago,Medio,4,23.37,Sí,No,Otro,No,(464)399-2898,Dato no cargado,App,3021,55-64
8553175739,Regina,Baldwin,30,Femenino,Chicago,Medio,2,18.54,No,Sí,Vegetariano,No,Dato no cargado,mollysparks@example.org,Tarjeta,1990,25-34
5722062474,Steven,Allen,43,Masculino,Chicago,Alto,5,51.65,Sí,No,Carnes,Sí,Dato no cargado,parkerandrew@example.com,Efectivo,6045,35-44
5483308751,Stephen,Santos,33,Masculino,Chicago,Muy Alto,5,70.88,Sí,Sí,Carnes,Sí,Dato no cargado,linda35@example.com,Efectivo,11915,25-34
7984446909,Emma,Coleman,45,Femenino,Chicago,Alto,4,50.79,No,Sí,Otro,Sí,Dato no cargado,rcurtis@example.org,Tarjeta,3911,45-54
8623270417,Brittany,Gonzalez,78,Femenino,Chicago,Medio,4,17.15,Sí,Sí,Otro,No,Dato no cargado,katherinemurray@example.net,Efectivo,3173,65-80
8963737643,Heidi,Morgan,64,Femenino,Chicago,Bajo,1,6.53,Sí,Sí,Mariscos,No,001-233-780-6652x567,stephanie43@example.com,App,1052,55-64
6474033646,Miranda,Rowe,47,Femenino,Chicago,Medio,3,11.27,Sí,No,Carnes,No,+1-684-436-2017x111,Dato no cargado,Efectivo,3230,45-54
6863332693,Mallory,Ramirez,65,Femenino,Chicago,Alto,6,48.58,Sí,Sí,Vegetariano,Sí,842.543.5048x14853,Dato no cargado,Tarjeta,4974,65-80
6253032575,Kimberly,Atkinson,32,Femenino,Chicago,Medio,4,9.71,Sí,Sí,No informado,No,325.277.3063x8556,hughescrystal@example.org,Tarjeta,2514,25-34
2871241920,Mary,Berry,76,Femenino,Chicago,Bajo,3,8.26,No,No,Carnes,No,Dato no cargado,julie76@example.org,Tarjeta,1048,65-80
8521672629,John,Cross,34,Masculino,Chicago,Alto,5,23.62,Sí,Sí,Otro,Sí,+1-579-216-1710x276,Dato no cargado,Tarjeta,6732,25-34
2601143749,Betty,Wu,48,Femenino,Chicago,Muy Alto,5,80.73,No,No,No informado,Sí,Dato no cargado,Dato no cargado,Efectivo,13937,45-54
3864715453,Michael,Miller,42,Masculino,Chicago,Medio,4,19.69,Sí,Sí,Vegetariano,No,5982414548,amberbrown@example.com,App,1736,35-44
2321373053,Eric,Lee,52,Masculino,Chicago,Medio,4,12.6,No,Sí,Pescado,No,921-584-0766,Dato no cargado,Efectivo,1771,45-54
3274611172,Stacy,Benton,58,Femenino,Chicago,Alto,6,38.03,No,Sí,Carnes,Sí,Dato no cargado,Dato no cargado,Tarjeta,5273,55-64
9629869335,Dawn,Nichols,59,Femenino,Chicago,Alto,5,27.35,Sí,Sí,No informado,Sí,Dato no cargado,shelbybeck@example.com,Tarjeta,7542,55-64
5042815942,Ryan,Graham,20,Masculino,Chicago,Bajo,3,5.31,Sí,Sí,Vegetariano,No,2546316704,Dato no cargado,Tarjeta,1502,18-24
6374644126,Adam,Davis,67,Masculino,Chicago,Medio,2,24.56,No,Sí,Mariscos,No,001-509-786-3316x65937,davisrachel@example.net,Efectivo,3184,65-80
3439750224,Gregory,Davies,56,Masculino,Chicago,Muy Alto,5,29.29,Sí,Sí,Vegetariano,No,587-630-1924x41892,edwinkidd@example.com,Efectivo,12081,55-64
8157719876,Ray,Roth,73,Masculino,Chicago,Bajo,2,8.19,Sí,Sí,Carnes,No,Dato no cargado,Dato no cargado,Tarjeta,1216,65-80
8354773713,Sylvia,Schwartz,78,Femenino,Chicago,Alto,4,32.08,Sí,Sí,Carnes,Sí,706.290.8713x1972,lorrainesmith@example.org,App,7561,65-80
4891728297,Deanna,Anderson,79,Femenino,Chicago,Alto,4,7.9,Sí,No,Vegetariano,No,510-403-1699x621,Dato no cargado,Criptomoneda,5419,65-80
7896639483,James,Meyers,70,Masculino,Chicago,Alto,4,19.33,Sí,Sí,Vegetariano,Sí,770-946-5717x3771,Dato no cargado,Efectivo,7414,65-80
5465848219,Derek,Singh,50,Masculino,Chicago,Bajo,3,5.16,Sí,No,Carnes,No,Dato no cargado,Dato no cargado,Tarjeta,1338,45-54
4035117757,Jennifer,Williams,55,Femenino,Chicago,Bajo,3,5.85,No,Sí,Otro,No,Dato no cargado,jacquelinethompson@example.org,Efectivo,1498,55-64
4934197713,Richard,French,20,Masculino,Chicago,Medio,2,20.69,Sí,Sí,Vegano,No,+1-462-307-6694,qjohnson@example.org,Tarjeta,2559,18-24
9981364488,Tiffany,Goodwin,24,Femenino,Chicago,Medio,3,11.23,No,Sí,Vegetariano,No,(388)662-0437x8815,moyeramber@example.net,Efectivo,2781,18-24
3072949431,Ryan,Johns,27,Masculino,Chicago,Medio,4,15.68,No,Sí,Vegano,No,Dato no cargado,Dato no cargado,Tarjeta,2832,25-34
6593926267,Robert,Houston,41,Masculino,Chicago,Bajo,0,0.0,No,Sí,Carnes,No,Dato no cargado,xbuchanan@example.com,Efectivo,1426,35-44
2522704758,Janet,Wolfe,52,Femenino,Chicago,Bajo,0,0.0,Sí,No,Mariscos,No,+1-805-737-7998x519,Dato no cargado,Tarjeta,1443,45-54
6783560662,Brett,Richardson,72,Masculino,Chicago,Alto,4,40.21,No,No,Carnes,No,Dato no cargado,Dato no cargado,Efectivo,5267,65-80
1629246754,Danielle,Hodges,59,Femenino,Chicago,Alto,6,23.48,No,No,Mariscos,No,Dato no cargado,eatonangela@example.net,Efectivo,7694,55-64
6305189721,Matthew,Turner,76,Masculino,Chicago,Bajo,1,7.48,No,No,Vegetariano,No,Dato no cargado,Dato no cargado,Tarjeta,1064,65-80
6937061784,Diana,Martinez,72,Femenino,Chicago,Bajo,3,7.0,No,No,Carnes,No,Dato no cargado,rrivera@example.org,App,1259,65-80
2729321333,Jodi,Taylor,69,Femenino,Chicago,Medio,2,21.48,Sí,No,Carnes,No,991-611-2919,ronnienelson@example.org,Tarjeta,2858,65-80
8151068566,Jerry,Watkins,66,Masculino,Chicago,Bajo,2,7.53,No,Sí,Carnes,No,717.984.5875x862,Dato no cargado,Efectivo,1026,65-80
8542826729,Michelle,Hickman,24,Femenino,Chicago,Bajo,1,5.87,Sí,Sí,No informado,No,001-860-564-1668x1357,Dato no cargado,Efectivo,1476,18-24
9369987994,Cindy,Morgan,50,Femenino,Chicago,Alto,5,24.13,Sí,Sí,Carnes,Sí,Dato no cargado,Dato no cargado,Efectivo,7343,45-54
5495502901,Jill,Rodgers,27,Femenino,Chicago,Medio,3,28.28,No,Sí,Pescado,No,207-991-0877,matthew34@example.com,Tarjeta,1768,25-34
7638253076,Richard,Wade,53,Masculino,Chicago,Medio,5,10.46,No,No,Vegetariano,No,800.393.0633,Dato no cargado,Tarjeta,2076,45-54
2902502763,Nicholas,Blair,24,Masculino,Chicago,Alto,4,57.88,Sí,Sí,Carnes,Sí,Dato no cargado,cmcclain@example.com,Tarjeta,5024,18-24
3171722069,Margaret,Torres,53,Femenino,Chicago,Bajo,2,7.06,No,Sí,Vegano,No,Dato no cargado,Dato no cargado,App,962,45-54
2558287806,Joseph,Garcia,31,Masculino,Chicago,Medio,4,26.65,No,Sí,Otro,No,(526)839-6385x6905,Dato no cargado,Tarjeta,1719,25-34
1036212487,Kylie,Ruiz,40,Femenino,Chicago,Medio,3,16.4,Sí,Sí,Vegetariano,Sí,428-690-0567x418,Dato no cargado,App,3390,35-44
1807753719,Kristin,Floyd,40,Femenino,Chicago,Alto,5,44.76,Sí,No,Vegano,Sí,001-596-568-2927x307,Dato no cargado,App,5874,35-44
2464137110,Kristopher,Pham,80,Masculino,Chicago,Medio,3,10.1,No,No,Pescado,No,Dato no cargado,charlesfox@example.com,App,3311,65-80
3474349799,Patrick,Rodriguez,49,Masculino,Chicago,Alto,4,58.99,No,Sí,Vegetariano,No,Dato no cargado,Dato no cargado,Efectivo,5725,45-54
3906865197,Linda,Wheeler,26,Femenino,Chicago,Alto,6,39.47,No,Sí,Otro,Sí,Dato no cargado,Dato no cargado,Tarjeta,7042,25-34
8134243381,Mark,Andrews,68,Masculino,Chicago,Muy Alto,10,42.87,No,Sí,Mariscos,Sí,Dato no cargado,phillip77@example.net,Efectivo,9387,65-80
7073973467,Andrew,Snyder,80,Masculino,Chicago,Muy Alto,9,102.75,Sí,No,Carnes,Sí,Dato no cargado,Dato no cargado,Tarjeta,9552,65-80
6166847778,Brian,Tyler,27,Masculino,Chicago,Medio,2,7.2,Sí,Sí,Pescado,No,(272)249-2598x764,qberry@example.com,Tarjeta,2810,25-34
8766339535,Manuel,Tran,21,Masculino,Chicago,Medio,4,20.31,No,Sí,Vegetariano,No,804-778-2773x45734,Dato no cargado,Tarjeta,2584,18-24
5500116748,Robin,Baker,33,Femenino,Chicago,Muy Alto,8,66.81,Sí,No,Vegetariano,Sí,Dato no cargado,shenry@example.com,Efectivo,10512,25-34
7989810861,Jeffery,Payne,25,Masculino,Chicago,Muy Alto,9,99.88,Sí,Sí,Carnes,Sí,(639)266-0860x489,Dato no cargado,App,10657,25-34
5991616188,Margaret,Mcclain,30,Femenino,Chicago,Medio,2,21.22,Sí,Sí,No informado,No,(589)345-6189x1349,Dato no cargado,Efectivo,1999,25-34
4898440913,Dustin,Best,64,Masculino,Chicago,Alto,5,45.41,Sí,Sí,Carnes,No,268.925.4132x146,Dato no cargado,Efectivo,7464,55-64
3195484562,Matthew,Dawson,18,Masculino,Chicago,Bajo,0,0.0,No,Sí,Pescado,No,+1-627-981-5758,jennifer28@example.org,App,1264,18-24
3773570124,Casey,Hunter,31,Femenino,Chicago,Medio,5,20.73,No,Sí,Carnes,Sí,Dato no cargado,Dato no cargado,Efectivo,2645,25-34
5065017813,Aaron,Collins,40,Masculino,Chicago,Medio,2,19.64,Sí,No,Vegano,No,2383504486,Dato no cargado,App,2717,35-44
7076339937,James,Koch,46,Masculino,Chicago,Medio,5,22.3,Sí,Sí,Pescado,No,(838)347-3659x276,rangeljames@example.net,Tarjeta,1630,45-54
2256103929,Denise,Soto,71,Femenino,Chicago,Alto,5,32.44,No,Sí,Carnes,Sí,286-350-4870x87284,Dato no cargado,App,6683,65-80
6329388257,Miguel,Hubbard,61,Masculino,Chicago,Medio,3,13.98,No,Sí,Carnes,No,742-834-8983x76389,Dato no cargado,Efectivo,2340,55-64
3291300350,Nathaniel,Swanson,24,Masculino,Chicago,Alto,6,22.87,No,Sí,Vegetariano,Sí,660-202-5300x958,Dato no cargado,App,4596,18-24
5897158445,James,Dunn,22,Masculino,Chicago,Muy Alto,10,69.57,Sí,Sí,Carnes,Sí,Dato no cargado,Dato no cargado,Tarjeta,16146,18-24
8151557476,Maureen,Flores,67,Femenino,Chicago,Bajo,2,8.63,No,Sí,Otro,No,203.944.1844x043,michael40@example.com,Tarjeta,1240,65-80
3640949789,Nichole,Vega,33,Femenino,Chicago,Muy Alto,9,12.81,Sí,Sí,Mariscos,Sí,Dato no cargado,Dato no cargado,Tarjeta,16105,25-34
6095331206,Sheryl,Bradford,54,Femenino,Chicago,Alto,4,16.89,Sí,Sí,Carnes,No,381-385-0120x83892,rmckee@example.com,App,5198,45-54
9839935220,Christina,Garrison,32,Femenino,Chicago,Alto,5,24.59,No,No,Otro,Sí,Dato no cargado,rparker@example.net,App,8303,25-34
7367149900,Melissa,Joyce,18,Femenino,Chicago,Bajo,2,9.49,No,Sí,Vegetariano,No,Dato no cargado,Dato no cargado,Efectivo,1235,18-24
3721975060,Chris,Jenkins,78,Masculino,Chicago,Bajo,3,5.82,Sí,Sí,Vegetariano,No,(927)935-5879,sharonrobertson@example.net,Tarjeta,1222,65-80
8355554562,Andrea,Reeves,52,Femenino,Chicago,Muy Alto,10,95.35,No,Sí,Carnes,No,Dato no cargado,hgomez@example.net,Tarjeta,15118,45-54
8799522966,Susan,Rojas,55,Femenino,Chicago,Medio,2,20.43,No,No,Otro,No,Dato no cargado,Dato no cargado,Tarjeta,2985,55-64
2632531424,Spencer,Smith,61,Masculino,Chicago,Alto,4,41.71,Sí,Sí,Carnes,Sí,Dato no cargado,brett19@example.com,Efectivo,6016,55-64
5953676315,Jamie,Jordan,48,Femenino,Chicago,Alto,6,19.39,Sí,No,Vegano,Sí,Dato no cargado,lauren84@example.com,Efectivo,5100,45-54
4384375283,Kristi,Foley,28,Femenino,Chicago,Alto,6,48.35,No,Sí,Pescado,Sí,Dato no cargado,Dato no cargado,Tarjeta,5589,25-34
3620220878,Jennifer,Williams,26,Femenino,Chicago,Alto,6,42.44,Sí,Sí,Mariscos,Sí,Dato no cargado,mistyrobles@example.com,Efectivo,4768,25-34
3652998107,Nicholas,Robertson,80,Masculino,Chicago,Medio,3,24.53,Sí,Sí,Pescado,No,Dato no cargado,hayesdavid@example.org,Tarjeta,3470,65-80
9789256117,Stacey,Johnson,49,Femenino,Chicago,Medio,4,22.22,Sí,Sí,Mariscos,No,394-295-5682,ilynch@example.net,Efectivo,2650,45-54
2213140390,Faith,Roberts,52,Femenino,Chicago,Muy Alto,9,50.71,Sí,Sí,Mariscos,Sí,753.559.6623x5467,Dato no cargado,Efectivo,12398,45-54
1938121407,Donna,Thomas,66,Femenino,Chicago,Bajo,0,0.0,Sí,Sí,Otro,No,279-237-6028x85529,Dato no cargado,Tarjeta,1101,65-80
2051194393,Christopher,Schultz,49,Masculino,Chicago,Alto,5,38.52,No,No,Carnes,Sí,Dato no cargado,Dato no cargado,Tarjeta,5371,45-54
3619328497,Cody,Hickman,21,Masculino,Chicago,Muy Alto,10,86.12,Sí,Sí,Carnes,Sí,(848)339-9120,Dato no cargado,Efectivo,12886,18-24
6213476583,Erin,Owens,58,Femenino,Chicago,Medio,2,29.09,No,Sí,Mariscos,Sí,Dato no cargado,wrightmichael@example.net,Efectivo,3077,55-64
8177932148,Jacob,Farrell,67,Masculino,Chicago,Alto,4,7.19,Sí,No,Vegano,Sí,Dato no cargado,eugenecole@example.com,App,6008,65-80
8782799001,Richard,Johnson,27,Masculino,Chicago,Alto,6,30.89,Sí,Sí,No informado,No,+1-303-554-6128x05439,ericfuller@example.com,Efectivo,6769,25-34
2234929990,Aaron,Cross,69,Masculino,Chicago,Alto,5,7.3,Sí,No,Vegetariano,No,001-886-518-8918,katie12@example.com,App,7599,65-80
4463500791,Jared,Moran,50,Masculino,Chicago,Medio,5,24.65,No,Sí,Carnes,No,865-603-2077x2615,erikarodriguez@example.com,Tarjeta,2183,45-54
3332335039,Cory,Reyes,50,Masculino,Chicago,Medio,2,13.4,Sí,Sí,Vegetariano,No,9464572118,jamie59@example.com,App,1877,45-54
7809247958,Michael,Lopez,72,Masculino,Chicago,Muy Alto,10,87.69,No,Sí,Mariscos,Sí,Dato no cargado,richard38@example.net,App,14335,65-80
7792391252,Amanda,Moore,29,Femenino,Chicago,Alto,4,9.61,No,Sí,Carnes,Sí,Dato no cargado,Dato no cargado,App,7662,25-34
7913174714,Beth,Powell,46,Femenino,Chicago,Alto,4,58.18,No,Sí,Vegano,No,836-644-5923,ibarber@example.com,App,6079,45-54
7115094199,Sarah,Reyes,63,Femenino,Chicago,Alto,4,48.19,No,No,Carnes,No,(355)595-6923,mcclurekaitlyn@example.com,App,7382,55-64
9172188378,Susan,Krause,72,Femenino,Chicago,Bajo,1,7.84,Sí,No,Vegano,No,754.930.7141x7471,Dato no cargado,Efectivo,1211,65-80
9224718806,Paula,Spears,49,Femenino,Chicago,Bajo,1,7.53,No,No,Pescado,No,Dato no cargado,mortonlinda@example.com,Tarjeta,978,45-54
6605727343,Amanda,Ayala,66,Femenino,Chicago,Medio,4,23.41,Sí,Sí,Carnes,No,Dato no cargado,gwilliams@example.com,Efectivo,1948,65-80
6580815214,Sabrina,Castillo,79,Femenino,Chicago,Bajo,3,7.01,No,No,Vegano,No,914-707-3191,opaul@example.org,App,1318,65-80
9736235869,Dana,Taylor,53,Femenino,Chicago,Bajo,1,8.46,No,Sí,Carnes,No,Dato no cargado,Dato no cargado,App,1408,45-54
2064348736,Jamie,Luna,28,Femenino,Chicago,Bajo,1,9.57,Sí,Sí,Mariscos,No,Dato no cargado,qmurphy@example.com,Tarjeta,1333,25-34
8420277232,Joshua,Livingston,70,Masculino,Chicago,Muy Alto,6,55.81,Sí,Sí,Carnes,Sí,Dato no cargado,robertquinn@example.org,Tarjeta,12195,65-80
5279857565,Javier,Shannon,33,Masculino,Chicago,Alto,4,45.18,Sí,No,Carnes,Sí,Dato no cargado,Dato no cargado,Efectivo,8945,25-34
7085248253,Jennifer,Ramos,49,Femenino,Chicago,Muy Alto,5,93.58,Sí,No,Vegetariano,Sí,Dato no cargado,robert54@example.org,App,16851,45-54
6410007309,Todd,Lee,50,Masculino,Chicago,Alto,6,8.58,Sí,No,Vegano,Sí,677.578.7313x50357,Dato no cargado,App,8022,45-54
8547465921,John,Ortiz,55,Masculino,Chicago,Muy Alto,8,65.11,No,Sí,Pescado,Sí,888.863.0407x419,craiggriffith@example.org,App,10308,55-64
6448508300,Terry,Williams,30,Masculino,Chicago,Medio,5,29.97,No,Sí,Vegetariano,No,+1-734-730-6903,eadams@example.com,Efectivo,2219,25-34
9459422017,Cory,Pena,28,Masculino,Chicago,Alto,6,5.37,No,Sí,Pescado,No,+1-866-829-2319x122,wgomez@example.org,Efectivo,5198,25-34
3687000830,Keith,Edwards,65,Masculino,Chicago,Medio,5,26.16,No,No,Vegetariano,No,779-498-7346x89391,Dato no cargado,Tarjeta,1655,65-80
7750763475,Tabitha,Powell,35,Femenino,Chicago,Bajo,1,7.08,No,No,Carnes,No,Dato no cargado,Dato no cargado,App,1116,35-44
5621536018,Cheryl,Lloyd,76,Femenino,Chicago,Alto,5,50.76,No,Sí,Vegetariano,Sí,Dato no cargado,cherylsharp@example.org,Efectivo,4886,65-80
4590359283,Tina,Reyes,48,Femenino,Chicago,Medio,3,21.83,No,No,Pescado,Sí,Dato no cargado,zacharygarcia@example.net,Efectivo,3395,45-54
7969660467,Mary,Reyes,41,Femenino,Chicago,Alto,6,23.32,No,Sí,Pescado,Sí,Dato no cargado,marshalljerry@example.com,Efectivo,6448,35-44
9824406356,Rachel,Kennedy,56,Femenino,Chicago,Medio,5,29.14,Sí,Sí,Mariscos,No,001-794-635-6951x3947,josephhughes@example.com,Efectivo,3093,55-64
7237130742,Sean,Davis,79,Masculino,Chicago,Muy Alto,6,82.82,No,Sí,No informado,Sí,Dato no cargado,Dato no cargado,Tarjeta,9060,65-80
1041960043,Trevor,Morgan,46,Masculino,Chicago,Alto,5,14.81,No,No,Vegano,Sí,Dato no cargado,Dato no cargado,Efectivo,6798,45-54
1420696156,Angela,Palmer,55,Femenino,Chicago,Bajo,3,5.09,Sí,No,Vegano,No,Dato no cargado,natashahardin@example.com,Efectivo,1291,55-64
6526943085,Gregg,Ritter,51,Masculino,Chicago,Alto,4,38.83,Sí,Sí,Pescado,Sí,Dato no cargado,lynchdanielle@example.com,App,7913,45-54
7062514906,Stephanie,Thomas,50,Femenino,Chicago,Bajo,2,5.47,No,No,Mariscos,No,Dato no cargado,Dato no cargado,App,896,45-54
8190602705,Danielle,Davis,71,Femenino,Chicago,Alto,6,45.24,Sí,No,Otro,Sí,Dato no cargado,Dato no cargado,Tarjeta,5985,65-80
5913698582,Mary,Madden,30,Femenino,Chicago,Medio,5,17.43,Sí,Sí,Carnes,No,Dato no cargado,haleywilliams@example.com,Tarjeta,3346,25-34
7008902147,Alexandra,Le,78,Femenino,Chicago,Bajo,0,0.0,Sí,Sí,Carnes,No,373.900.1638,janderson@example.org,Tarjeta,975,65-80
7028389807,Ana,Thomas,59,Femenino,Chicago,Medio,2,19.72,Sí,No,Pescado,No,Dato no cargado,yatesanthony@example.org,App,2222,55-64
5044141808,Jessica,Jackson,37,Femenino,Chicago,Alto,6,55.69,Sí,No,Carnes,Sí,617.661.3798x867,samantha73@example.com,App,5908,35-44
1228615871,Oscar,Wright,34,Masculino,Chicago,Alto,5,13.96,Sí,Sí,Carnes,Sí,Dato no cargado,frederickkristin@example.net,Tarjeta,5688,25-34
4102693976,Danny,Gilbert,68,Masculino,Chicago,Alto,6,28.45,No,No,Pescado,Sí,Dato no cargado,Dato no cargado,Tarjeta,7726,65-80
9792623509,Austin,Johns,22,Masculino,Chicago,Muy Alto,7,22.91,No,Sí,Mariscos,No,(666)630-3172x1162,carlmoss@example.net,Tarjeta,14117,18-24
5440855649,James,Fritz,38,Masculino,Chicago,Bajo,1,8.99,Sí,No,Mariscos,No,001-224-276-9389x502,Dato no cargado,Efectivo,899,35-44
2945857110,Bryce,Ramirez,45,Masculino,Chicago,Medio,4,22.88,Sí,No,Vegetariano,No,(594)220-4763,Dato no cargado,App,1914,45-54
4792261745,Deborah,Huff,76,Femenino,Chicago,Bajo,2,7.15,Sí,No,Carnes,No,Dato no cargado,Dato no cargado,Efectivo,1029,65-80
6060784316,Amanda,Hurley,78,Femenino,Chicago,Medio,3,27.14,Sí,No,Vegetariano,No,Dato no cargado,sarah32@example.org,Efectivo,2248,65-80
8723540312,Mark,Fernandez,48,Masculino,Chicago,Bajo,0,0.0,Sí,No,Carnes,No,Dato no cargado,Dato no cargado,Efectivo,1470,45-54
6433453122,Anna,Spence,26,Femenino,Chicago,Bajo,2,8.62,No,Sí,Vegano,No,Dato no cargado,Dato no cargado,Efectivo,954,25-34
8532520509,Tiffany,Curry,53,Femenino,Chicago,Alto,5,17.57,No,Sí,Vegetariano,No,Dato no cargado,Dato no cargado,Efectivo,7136,45-54
8545986937,Charles,Brown,59,Masculino,Chicago,Medio,4,9.04,Sí,Sí,Pescado,No,7533767041,rossrebecca@example.net,Tarjeta,2808,55-64
9955017329,Sheila,Richardson,59,Femenino,Chicago,Alto,6,8.12,No,Sí,Carnes,Sí,Dato no cargado,Dato no cargado,Tarjeta,4856,55-64
8534964249,Corey,Sanchez,59,Masculino,Chicago,Medio,5,25.05,Sí,Sí,Carnes,No,001-226-912-6404,Dato no cargado,Efectivo,3291,55-64
1895694103,Lori,Brooks,47,Femenino,Chicago,Muy Alto,7,39.03,Sí,Sí,No informado,Sí,Dato no cargado,Dato no cargado,Efectivo,12736,45-54
5722154355,Robert,Henderson,74,Masculino,Chicago,Bajo,3,5.79,No,No,Vegano,No,Dato no cargado,rhurst@example.org,Tarjeta,1162,65-80
5532828602,Stephanie,Juarez,36,Femenino,Chicago,Bajo,3,8.53,No,Sí,Vegetariano,No,Dato no cargado,Dato no cargado,Criptomoneda,950,35-44
9321902955,Abigail,Davis,45,Femenino,Chicago,Medio,5,27.44,Sí,No,Vegetariano,Sí,(557)420-0712x0813,daniel25@example.com,Tarjeta,1668,45-54
6333283561,Cody,Franklin,74,Masculino,Chicago,Medio,5,18.77,Sí,No,Pescado,No,Dato no cargado,xwallace@example.net,Tarjeta,2488,65-80
1423296554,Kendra,Lutz,56,Femenino,Chicago,Medio,4,16.04,Sí,Sí,Carnes,Sí,Dato no cargado,Dato no cargado,App,1786,55-64
3333160319,Heather,Navarro,48,Femenino,Chicago,Medio,3,18.77,Sí,Sí,Carnes,Sí,Dato no cargado,gutierrezkimberly@example.com,App,2222,45-54
8571100146,Claudia,Mullins,73,Femenino,Chicago,Alto,5,52.81,Sí,Sí,Otro,Sí,(626)365-2826,donnamoore@example.org,Tarjeta,7538,65-80
6602298084,Samantha,Sullivan,60,Femenino,Chicago,Medio,3,10.7,Sí,Sí,No informado,No,Dato no cargado,mpearson@example.com,App,2987,55-64
8349469337,Jonathan,Joyce,38,Masculino,Chicago,Muy Alto,10,89.46,Sí,Sí,Vegetariano,Sí,912-627-4731,rossdale@example.org,Tarjeta,17760,35-44
8653024839,Valerie,Hogan,72,Femenino,Chicago,Bajo,1,6.7,Sí,Sí,Pescado,No,Dato no cargado,Dato no cargado,Efectivo,1134,65-80
6750965191,Kevin,Murray,38,Masculino,Chicago,Medio,2,13.49,Sí,No,Carnes,No,620-542-5634,Dato no cargado,Efectivo,2343,35-44
9128820465,Tyler,Morales,75,Masculino,Chicago,Alto,5,43.58,No,Sí,Mariscos,Sí,Dato no cargado,allendouglas@example.com,App,4519,65-80
6841611158,Bradley,Reynolds,57,Masculino,Chicago,Alto,4,32.54,No,No,Mariscos,No,Dato no cargado,Dato no cargado,App,3873,55-64
6351923934,Andrew,Lee,20,Masculino,Chicago,Medio,3,23.31,No,Sí,Carnes,No,874-536-9468x054,Dato no cargado,Tarjeta,2147,18-24
8934927891,Caitlin,Pacheco,34,Femenino,Chicago,Alto,6,30.28,No,Sí,Vegetariano,Sí,Dato no cargado,stephanie37@example.net,Tarjeta,4863,25-34
6016200419,Wendy,Grimes,41,Femenino,Chicago,Medio,3,14.59,No,No,Carnes,No,(756)562-8852,thompsonchristopher@example.com,App,2630,35-44
1352594753,James,Thomas,68,Masculino,Chicago,Alto,6,29.9,Sí,Sí,Vegetariano,Sí,816.999.4391x856,Dato no cargado,Tarjeta,6584,65-80
3115340169,Jon,Martinez,66,Masculino,Chicago,Bajo,3,7.03,No,No,No informado,No,287-454-0657,kellypeters@example.org,Tarjeta,1531,65-80
8333210351,Christina,Griffith,33,Femenino,Chicago,Muy Alto,6,36.69,No,Sí,Vegetariano,Sí,Dato no cargado,velezjames@example.org,Efectivo,17709,25-34
9867333036,James,Kline,22,Masculino,Chicago,Muy Alto,5,10.84,Sí,Sí,Otro,Sí,(503)837-7747x467,Dato no cargado,Tarjeta,10677,18-24
6340387387,Nicholas,Montoya,65,Masculino,Chicago,Alto,6,51.04,No,Sí,Mariscos,No,Dato no cargado,Dato no cargado,App,3687,65-80
7312212321,Mitchell,Jensen,49,Masculino,Chicago,Muy Alto,7,33.58,No,No,Mariscos,Sí,Dato no cargado,Dato no cargado,Tarjeta,13273,45-54
7872821360,Erik,Norton,54,Masculino,Chicago,Bajo,0,0.0,No,Sí,Carnes,No,Dato no cargado,salazaredward@example.net,Efectivo,831,45-54
7198190085,Julia,Campbell,20,Femenino,Chicago,Medio,4,24.47,No,Sí,Otro,No,826.767.1625x626,gdorsey@example.com,App,2607,18-24
4478719374,Wendy,Mccall,74,Femenino,Chicago,Medio,3,28.08,No,No,Mariscos,Sí,857-726-5213,Dato no cargado,Efectivo,2368,65-80
1523808688,Ashley,Martin,58,Femenino,Chicago,Medio,3,9.68,Sí,Sí,Vegetariano,No,(843)867-5800,Dato no cargado,Efectivo,1771,55-64
2967947250,Morgan,Morrison,22,Femenino,Chicago,Bajo,2,6.02,No,Sí,Carnes,No,538.341.7502x278,Dato no cargado,Tarjeta,960,18-24
3545406888,Kathleen,Vazquez,62,Femenino,Chicago,Medio,3,23.17,Sí,Sí,Vegano,No,8243263632,Dato no cargado,Efectivo,2112,55-64
2304253610,Jill,Cunningham,19,Femenino,Chicago,Medio,3,11.33,No,Sí,Vegetariano,No,Dato no cargado,wongashley@example.net,App,2859,18-24
6374703625,David,Martin,42,Masculino,Chicago,Alto,4,17.31,No,No,Carnes,Sí,+1-833-307-2731x25696,Dato no cargado,Tarjeta,6616,35-44
6786043791,Paul,Stout,23,Masculino,Chicago,Bajo,2,7.5,No,Sí,Vegano,No,Dato no cargado,Dato no cargado,Efectivo,1202,18-24
4890891246,Tracy,Mccarthy,21,Femenino,Chicago,Medio,2,23.49,Sí,Sí,Vegano,No,391-464-6312,dianawalker@example.net,App,2801,18-24
3147963295,Jodi,George,58,Femenino,Chicago,Medio,5,11.26,Sí,No,Mariscos,No,Dato no cargado,Dato no cargado,App,2522,55-64
7906964260,Sara,Russell,29,Femenino,Chicago,Bajo,0,0.0,Sí,Sí,Carnes,No,Dato no cargado,Dato no cargado,Tarjeta,844,25-34
5368645970,Lisa,Vaughan,26,Femenino,Chicago,Bajo,1,9.48,No,Sí,Vegetariano,No,(202)218-1299x57858,fisherann@example.com,Efectivo,1174,25-34
7065030776,Christopher,Scott,72,Masculino,Chicago,Medio,4,15.53,Sí,No,Vegetariano,Sí,4502731441,Dato no cargado,App,2998,65-80
7996030750,Susan,Baker,72,Femenino,Chicago,Medio,5,24.65,Sí,Sí,Vegetariano,No,Dato no cargado,cory33@example.org,App,2209,65-80
7917872081,Michelle,Gomez,35,Femenino,Chicago,Alto,5,36.19,No,Sí,Carnes,Sí,236-565-2041x0268,margaretreid@example.com,Efectivo,8064,35-44
7634421476,Francis,Herman,29,Masculino,Chicago,Bajo,1,8.76,No,Sí,No informado,No,Dato no cargado,travissmith@example.net,App,1049,25-34
1761627884,Katrina,Smith,72,Femenino,Chicago,Bajo,0,0.0,No,Sí,Carnes,No,Dato no cargado,donnarivera@example.net,Tarjeta,1597,65-80
6924716023,Dwayne,Adams,38,Masculino,Chicago,Medio,5,17.69,Sí,Sí,Carnes,Sí,Dato no cargado,ckirby@example.net,Efectivo,2130,35-44
1315686781,Jessica,Johnson,23,Femenino,Chicago,Alto,6,46.97,Sí,Sí,Vegetariano,Sí,Dato no cargado,kevinjohnson@example.org,Efectivo,6720,18-24
4859106140,Megan,Martin,31,Femenino,Chicago,Medio,2,9.58,Sí,No,Vegano,No,Dato no cargado,Dato no cargado,Tarjeta,3449,25-34
6363261350,Robert,Ryan,75,Masculino,Chicago,Medio,2,28.54,No,Sí,Carnes,No,312-656-3747x6266,adkinsvictor@example.net,Efectivo,1940,65-80
5713714758,Richard,Thomas,74,Masculino,Chicago,Muy Alto,10,66.59,Sí,Sí,Mariscos,Sí,Dato no cargado,Dato no cargado,Tarjeta,15088,65-80
9285531461,Nicholas,Gonzales,71,Masculino,Chicago,Bajo,3,7.64,No,No,Carnes,No,3989114900,Dato no cargado,Tarjeta,1162,65-80
5772615781,Jessica,Brown,24,Femenino,Chicago,Muy Alto,10,36.0,No,Sí,Pescado,Sí,525.533.9719x022,melissaramirez@example.com,Tarjeta,15774,18-24
4327751608,Jo,Harris,32,Femenino,Chicago,Alto,6,30.97,Sí,Sí,Mariscos,Sí,Dato no cargado,staceydouglas@example.org,App,3683,25-34
6968752224,Alisha,Perez,23,Femenino,Chicago,Bajo,0,0.0,No,Sí,Carnes,No,5759438709,ericray@example.net,Efectivo,1480,18-24
8646882118,John,Brown,27,Masculino,Chicago,Alto,6,20.61,No,Sí,Carnes,No,Dato no cargado,domingueztara@example.org,Tarjeta,7863,25-34
4721351171,Nancy,Mack,39,Femenino,Chicago,Bajo,2,9.07,No,No,Carnes,No,Dato no cargado,Dato no cargado,Efectivo,1146,35-44
2020679111,Sara,Dixon,61,Femenino,Chicago,Medio,2,6.63,Sí,No,Pescado,No,(266)563-7243x805,xgutierrez@example.net,App,2581,55-64
7845071320,Ryan,Larsen,61,Masculino,Chicago,Muy Alto,7,68.84,Sí,Sí,Vegetariano,No,Dato no cargado,Dato no cargado,Tarjeta,13219,55-64
1158929824,David,Pearson,63,Masculino,Chicago,Medio,2,29.5,Sí,Sí,Carnes,No,Dato no cargado,Dato no cargado,Tarjeta,2293,55-64
7504017397,Patricia,Harrington,74,Femenino,Chicago,Muy Alto,7,42.35,No,Sí,Carnes,Sí,Dato no cargado,preeves@example.net,Efectivo,15082,65-80
4201075995,Ian,Watson,48,Masculino,Chicago,Muy Alto,5,38.75,Sí,No,Carnes,Sí,Dato no cargado,Dato no cargado,Tarjeta,11652,45-54
4245846308,Michael,Freeman,61,Masculino,Chicago,Medio,4,25.2,Sí,Sí,Carnes,Sí,(219)271-7182x313,Dato no cargado,Efectivo,2575,55-64
6278832139,Katrina,Salazar,60,Femenino,Chicago,Muy Alto,7,40.8,Sí,No,Carnes,Sí,Dato no cargado,iruiz@example.org,Efectivo,11010,55-64
5106442139,Ronald,Payne,66,Masculino,Chicago,Bajo,2,7.89,No,Sí,Carnes,No,215.950.9023,veronica04@example.net,App,981,65-80
4586599377,Dana,Lopez,47,Femenino,Chicago,Medio,3,23.54,No,Sí,Carnes,No,001-236-235-4704,Dato no cargado,Efectivo,3008,45-54
4251813322,Tina,Sharp,54,Femenino,Chicago,Medio,4,12.21,No,No,Carnes,Sí,(887)472-9188x44376,Dato no cargado,Efectivo,1943,45-54
4556439070,Cameron,King,51,Masculino,Chicago,Bajo,0,0.0,No,No,Carnes,No,(510)932-2564x83684,Dato no cargado,App,1190,45-54
9614048844,Bryan,Evans,75,Masculino,Chicago,Bajo,2,7.96,No,No,Carnes,No,Dato no cargado,nhernandez@example.net,App,939,65-80
9264884678,Amanda,Whitney,69,Femenino,Chicago,Bajo,3,7.6,No,Sí,Carnes,No,Dato no cargado,arodriguez@example.net,Efectivo,1466,65-80
8151668116,Kaylee,Park,67,Femenino,Chicago,Medio,4,24.27,Sí,Sí,Vegetariano,Sí,001-696-371-4527x32619,Dato no cargado,App,2300,65-80
9673312714,Reginald,Odonnell,80,Masculino,Chicago,Alto,6,57.79,No,Sí,Carnes,Sí,552-570-6243x3653,nunezpatricia@example.org,Efectivo,3833,65-80
2994056084,Maria,Collins,35,Femenino,Chicago,Alto,6,32.955,Sí,No,Vegetariano,No,Dato no cargado,Dato no cargado,Tarjeta,4317,35-44
8855538725,Judy,Ruiz,67,Femenino,Chicago,Bajo,3,6.79,Sí,Sí,Carnes,No,Dato no cargado,charlesgonzalez@example.com,Criptomoneda,1366,65-80
9071271723,Jacob,Richardson,22,Masculino,Chicago,Muy Alto,5,41.89,No,No,Vegetariano,Sí,001-833-820-4287x039,jesusross@example.org,Efectivo,17626,18-24
1393667326,Billy,Henry,23,Masculino,Chicago,Alto,4,14.58,Sí,Sí,Carnes,No,Dato no cargado,Dato no cargado,Efectivo,5948,18-24
1651163226,Sierra,Watts,54,Femenino,Chicago,Medio,3,18.27,No,No,Pescado,Sí,Dato no cargado,rgriffin@example.net,Efectivo,2949,45-54
1092735983,Tracy,Golden,58,Femenino,Chicago,Muy Alto,5,5.83,No,No,Mariscos,Sí,+1-493-711-0264x31795,hectortate@example.net,Efectivo,17638,55-64
1914201261,Brian,Hanson,49,Masculino,Chicago,Alto,5,26.99,Sí,Sí,Vegetariano,Sí,001-797-238-8052,Dato no cargado,Efectivo,7462,45-54
6745597442,Angela,Bass,26,Femenino,Chicago,Alto,5,37.53,Sí,Sí,Carnes,Sí,001-247-823-2388x77693,carlhernandez@example.com,Tarjeta,4679,25-34
7397875236,Robert,Delgado,18,Masculino,Chicago,Medio,2,9.32,No,Sí,Mariscos,Sí,Dato no cargado,Dato no cargado,Tarjeta,3497,18-24
4525430750,Mackenzie,Bowman,65,Femenino,Chicago,Medio,2,6.94,Sí,Sí,Carnes,No,979.618.5846,Dato no cargado,App,2429,65-80
2945574776,Douglas,Gutierrez,80,Masculino,Chicago,Alto,5,31.92,Sí,Sí,Carnes,No,925.507.5320x81593,Dato no cargado,App,8448,65-80
2071701052,Jeremy,Morales,63,Masculino,Chicago,Bajo,1,5.26,No,Sí,Mariscos,No,(332)545-4541,krista54@example.org,Efectivo,880,55-64
6048096802,Jeffrey,Carr,72,Masculino,Chicago,Bajo,2,6.86,No,No,Otro,No,(757)293-7218x7735,Dato no cargado,Efectivo,1143,65-80
1588097152,Troy,Mendoza,75,Masculino,Chicago,Medio,3,28.76,Sí,No,Otro,No,238.936.1281x32748,juliasmith@example.com,Efectivo,1824,65-80
4742681842,Scott,Francis,47,Masculino,Chicago,Medio,4,16.53,Sí,No,Carnes,No,Dato no cargado,Dato no cargado,App,2861,45-54
3066356631,Kristin,Hughes,58,Femenino,Chicago,Medio,3,5.23,No,No,Pescado,No,+1-386-657-3179x985,Dato no cargado,App,2651,55-64
2058367805,Colleen,Fuentes,79,Femenino,Chicago,Bajo,1,6.85,Sí,No,Vegetariano,No,Dato no cargado,hilldavid@example.org,App,1354,65-80
8127735101,Jamie,Turner,24,Femenino,Chicago,Alto,4,42.94,No,Sí,Otro,No,Dato no cargado,debbie36@example.net,Tarjeta,4623,18-24
5869046804,Thomas,Brown,68,Masculino,Chicago,Bajo,1,9.64,Sí,Sí,Pescado,No,6654279612,Dato no cargado,App,1485,65-80
2213412237,Tammy,Hammond,60,Femenino,Chicago,Muy Alto,5,23.2,No,Sí,Pescado,Sí,Dato no cargado,Dato no cargado,Efectivo,10349,55-64
6197708712,Edward,Butler,31,Masculino,Chicago,Medio,4,16.3,Sí,Sí,Carnes,No,Dato no cargado,pauljohnson@example.com,Tarjeta,3090,25-34
2001141593,Sean,Rodriguez,29,Masculino,Chicago,Medio,2,7.25,No,Sí,Carnes,Sí,+1-805-627-0008x67643,Dato no cargado,Efectivo,3244,25-34
5268845844,Lisa,Ramsey,41,Femenino,Chicago,Bajo,0,0.0,Sí,No,Mariscos,No,458-470-9787,markbradley@example.com,Efectivo,1579,35-44
9095263528,William,Ford,55,Masculino,Chicago,Bajo,3,6.47,Sí,Sí,Vegano,No,+1-943-220-6894,melissa58@example.net,Efectivo,1163,55-64
2277950614,Todd,Watkins,59,Masculino,Chicago,Medio,5,21.39,No,No,Pescado,No,001-613-348-2767x699,earcher@example.org,Efectivo,3348,55-64
8833889083,Christopher,Cobb,46,Masculino,Chicago,Medio,4,12.9,No,Sí,Vegano,No,Dato no cargado,Dato no cargado,Tarjeta,3071,45-54
5927571882,Paul,Chambers,68,Masculino,Chicago,Bajo,1,8.4,Sí,No,Otro,No,280-881-1668,Dato no cargado,Tarjeta,1083,65-80
7796433898,Caleb,Marquez,42,Masculino,Chicago,Medio,3,29.12,No,Sí,Mariscos,No,Dato no cargado,morrispatrick@example.net,Efectivo,1748,35-44
2203423402,Nicole,Christian,21,Femenino,Chicago,Muy Alto,6,72.53,No,Sí,Vegetariano,Sí,Dato no cargado,hmitchell@example.org,Efectivo,9368,18-24
3607959128,Derek,Dixon,22,Masculino,Chicago,Bajo,3,7.71,No,Sí,Mariscos,No,(340)883-5630x145,Dato no cargado,Criptomoneda,1033,18-24
9006793532,Katherine,Johnson,47,Femenino,Chicago,Alto,4,6.74,Sí,Sí,Carnes,No,+1-399-606-2514x5930,jonathanjones@example.net,Efectivo,4196,45-54
4687903383,Phyllis,Thomas,47,Femenino,Chicago,Bajo,2,8.52,Sí,Sí,Pescado,No,Dato no cargado,Dato no cargado,Tarjeta,1394,45-54
4578950639,Jason,Davis,57,Masculino,Chicago,Bajo,0,0.0,Sí,No,Carnes,No,Dato no cargado,mmclaughlin@example.org,Efectivo,1109,55-64
3738996728,Jacob,Howard,39,Masculino,Chicago,Alto,6,35.05,Sí,No,Vegano,Sí,+1-681-966-5981,vasquezveronica@example.org,App,3748,35-44
4556736597,Rebecca,Burnett,40,Femenino,Chicago,Alto,6,26.01,Sí,Sí,Vegano,Sí,222.757.4236x758,nicole04@example.net,App,8255,35-44
1172684301,Kevin,Long,44,Masculino,Chicago,Bajo,3,9.86,No,No,Carnes,No,Dato no cargado,xhoward@example.net,App,974,35-44
2853165178,Michael,Cook,30,Masculino,Chicago,Muy Alto,7,88.99,Sí,Sí,Mariscos,Sí,Dato no cargado,moniquesingleton@example.org,App,14170,25-34
1070988942,Diane,Curtis,53,Femenino,Chicago,Medio,2,8.98,No,Sí,Otro,No,509-638-0126x6018,brian32@example.com,App,3426,45-54
5492818960,Bonnie,Cole,19,Femenino,Chicago,Medio,2,12.99,Sí,Sí,Otro,No,Dato no cargado,gbrown@example.com,Tarjeta,1677,18-24
9163812104,John,Mitchell,61,Masculino,Chicago,Muy Alto,8,35.59,Sí,Sí,Mariscos,Sí,Dato no cargado,Dato no cargado,App,9232,55-64
7648837045,Kellie,Lee,51,Femenino,Chicago,Alto,4,17.3,No,No,Carnes,Sí,Dato no cargado,edwardserin@example.net,Efectivo,8713,45-54
1006168190,Dustin,Yoder,49,Masculino,Chicago,Alto,6,57.26,Sí,No,Mariscos,Sí,318-680-5058x389,Dato no cargado,Efectivo,7577,45-54
3753821527,Mark,Roberts,36,Masculino,Chicago,Bajo,1,9.22,Sí,Sí,Vegano,No,413-261-6726x877,Dato no cargado,App,970,35-44
7748240117,John,Mercer,45,Masculino,Chicago,Alto,5,39.57,Sí,No,Otro,No,476.837.7306x03617,Dato no cargado,Efectivo,6390,45-54
6830144919,Leah,Jimenez,49,Femenino,Chicago,Alto,5,21.04,Sí,No,Mariscos,Sí,981.246.5897x3750,Dato no cargado,Tarjeta,6391,45-54
4411482830,Daniel,Erickson,40,Masculino,Chicago,Alto,5,33.08,No,No,Carnes,Sí,+1-788-713-5285x9076,Dato no cargado,Tarjeta,4161,35-44
8088031498,Chad,Brown,73,Masculino,Chicago,Bajo,2,9.39,No,No,Vegetariano,No,707-810-7264,Dato no cargado,App,808,65-80
4334155196,Kirk,Harrell,62,Masculino,Chicago,Alto,4,58.07,Sí,No,Otro,Sí,+1-923-963-0627,amyhart@example.org,Tarjeta,8920,55-64
4876833928,Jeffrey,Jensen,42,Masculino,Chicago,Alto,5,6.71,Sí,Sí,Carnes,No,001-546-894-8711x2567,Dato no cargado,Tarjeta,6253,35-44
8214323842,Timothy,Kelley,49,Masculino,Chicago,Bajo,1,7.43,No,No,Vegano,No,7522543263,Dato no cargado,Efectivo,1548,45-54
4842234134,Vincent,Harding,65,Masculino,Chicago,Medio,5,12.63,No,Sí,No informado,No,Dato no cargado,Dato no cargado,Efectivo,3234,65-80
5808289503,Kevin,Welch,30,Masculino,Chicago,Bajo,3,9.59,Sí,Sí,Carnes,No,(611)632-3042,Dato no cargado,Tarjeta,813,25-34
9328492778,James,Johnson,64,Masculino,Chicago,Medio,3,23.35,No,Sí,Pescado,No,232.748.2721,Dato no cargado,Tarjeta,2342,55-64
3594156388,Brandon,Figueroa,42,Masculino,Chicago,Bajo,2,8.64,Sí,No,Vegetariano,No,Dato no cargado,crystalcooper@example.net,Tarjeta,1191,35-44
2649479425,Ethan,Pruitt,43,Masculino,Chicago,Medio,5,9.35,No,Sí,Vegetariano,No,Dato no cargado,Dato no cargado,Criptomoneda,2508,35-44
6467052616,Elizabeth,Mills,49,Femenino,Chicago,Medio,5,28.1,Sí,Sí,Vegano,Sí,(502)527-1975x609,lwest@example.net,App,2602,45-54
7780959817,Jonathan,Preston,76,Masculino,Chicago,Medio,4,18.68,No,Sí,Pescado,No,(949)613-3161x4538,hhickman@example.com,Tarjeta,3160,65-80
4175917932,Tara,Lawson,79,Femenino,Chicago,Medio,4,27.94,No,No,Otro,No,001-314-850-6161x5072,mayrobert@example.org,App,3381,65-80
9135679214,Deborah,Hernandez,66,Femenino,Chicago,Medio,5,9.37,No,No,No informado,No,739.797.0351,vjensen@example.org,Tarjeta,2417,65-80
3715795548,Russell,Mason,60,Masculino,Chicago,Alto,6,15.51,Sí,No,Vegano,No,Dato no cargado,smithgina@example.com,Tarjeta,4190,55-64
6091273294,Christine,Moore,24,Femenino,Chicago,Bajo,2,9.26,Sí,Sí,Vegetariano,No,467-650-2209,awilliams@example.org,Efectivo,1445,18-24
1078230898,Ashley,Garcia,64,Femenino,Chicago,Medio,5,6.99,Sí,No,Carnes,No,Dato no cargado,carriebowers@example.net,Tarjeta,2515,55-64
3840412106,Martha,Cochran,26,Femenino,Chicago,Muy Alto,7,69.21,No,Sí,Carnes,Sí,Dato no cargado,Dato no cargado,Efectivo,16070,25-34
3306867876,Courtney,Peterson,27,Femenino,Chicago,Medio,3,6.08,Sí,Sí,Carnes,No,709.447.9342x05177,Dato no cargado,Tarjeta,3185,25-34
8540990094,Chad,Davis,75,Masculino,Chicago,Alto,6,36.86,No,Sí,Vegetariano,Sí,Dato no cargado,Dato no cargado,Efectivo,4535,65-80
2353725181,Patricia,Brown,56,Femenino,Chicago,Alto,4,57.95,Sí,Sí,Vegetariano,No,367.584.1231x561,joshuaferguson@example.com,Tarjeta,4076,55-64
4131867260,Karen,Browning,29,Femenino,Chicago,Medio,2,28.23,Sí,Sí,Vegetariano,No,933-909-1906,Dato no cargado,App,1999,25-34
2440977557,Seth,Johnson,30,Masculino,Chicago,Bajo,0,0.0,Sí,Sí,Vegano,No,Dato no cargado,Dato no cargado,App,1215,25-34
2983672651,Hannah,Alvarado,69,Femenino,Chicago,Alto,4,52.7,No,Sí,Carnes,Sí,Dato no cargado,Dato no cargado,App,4582,65-80
1662976399,Tina,Meza,37,Femenino,Chicago,Muy Alto,8,35.86,Sí,No,Carnes,Sí,Dato no cargado,hebertjoanna@example.net,Efectivo,15214,35-44
7475684019,Jesse,Stephens,47,Masculino,Chicago,Alto,6,9.03,Sí,No,Otro,Sí,(380)772-0090,Dato no cargado,Tarjeta,7238,45-54
6441633259,Kelly,Porter,29,Femenino,Chicago,Medio,4,14.68,Sí,Sí,Vegetariano,No,Dato no cargado,Dato no cargado,Efectivo,2294,25-34
6864443882,Joe,Davis,48,Masculino,Chicago,Medio,4,26.1,Sí,No,Vegetariano,Sí,9597085641,Dato no cargado,Efectivo,2170,45-54
8450973709,Andres,Burke,77,Masculino,Chicago,Alto,4,13.3,Sí,No,Carnes,No,8336271766,Dato no cargado,App,5577,65-80
6124341827,Michael,Martin,45,Masculino,Chicago,Medio,5,22.71,No,No,Vegetariano,No,Dato no cargado,Dato no cargado,Efectivo,2347,45-54
7816166316,Kimberly,Smith,62,Femenino,Chicago,Bajo,1,7.01,Sí,Sí,Mariscos,No,Dato no cargado,Dato no cargado,App,1506,55-64
9296492310,Matthew,Bradford,56,Masculino,Chicago,Medio,4,20.79,Sí,No,Carnes,No,941.597.1024x51991,Dato no cargado,Tarjeta,3413,55-64
4585541728,Steven,Adkins,36,Masculino,Chicago,Medio,4,15.64,Sí,Sí,Vegetariano,No,Dato no cargado,jessicaadkins@example.com,Tarjeta,2344,35-44
8645780953,Christopher,Greene,61,Masculino,Chicago,Bajo,0,0.0,No,Sí,Carnes,No,Dato no cargado,schultzcharles@example.net,Efectivo,827,55-64
9732473171,Andrea,Williams,51,Femenino,Chicago,Alto,5,32.61,Sí,Sí,Carnes,Sí,Dato no cargado,Dato no cargado,App,5113,45-54
8942331330,Angela,Liu,20,Femenino,Chicago,Medio,2,10.72,No,Sí,Carnes,No,+1-973-252-0006x333,colonbobby@example.com,App,1663,18-24
6662168858,Jacob,Ingram,49,Masculino,Chicago,Medio,4,7.33,No,No,Vegano,No,Dato no cargado,adougherty@example.net,Tarjeta,3295,45-54
3344758807,Vincent,Hernandez,50,Masculino,Chicago,Muy Alto,8,22.11,No,Sí,Vegano,Sí,245.599.6194,pfigueroa@example.org,App,17905,45-54
9294666194,Loretta,Smith,21,Femenino,Chicago,Alto,6,52.37,Sí,No,Mariscos,No,888.496.0852x232,josehayden@example.org,Tarjeta,6108,18-24
1316293885,Christina,Noble,56,Femenino,Chicago,Bajo,0,0.0,No,Sí,Pescado,No,(503)398-2002x844,juliewilliams@example.com,Efectivo,1415,55-64
3303090267,Sheryl,Cook,38,Femenino,Chicago,Medio,3,27.05,Sí,Sí,Carnes,No,001-678-421-4127,jasmine71@example.com,Efectivo,3267,35-44
3941085140,Tanya,Jackson,76,Femenino,Chicago,Alto,6,40.31,Sí,Sí,Mariscos,Sí,001-247-842-8810,bethmcintosh@example.net,Efectivo,4312,65-80
5359582487,Lauren,King,23,Femenino,Chicago,Muy Alto,9,90.22,No,Sí,Carnes,Sí,(547)841-2754,connie26@example.net,Efectivo,17830,18-24
4503187911,Michelle,Sanchez,64,Femenino,Chicago,Alto,4,42.31,Sí,Sí,Carnes,Sí,(842)323-4174x39711,Dato no cargado,Efectivo,5558,55-64
4566318669,Allen,Wolf,22,Masculino,Chicago,Bajo,2,9.79,Sí,Sí,Carnes,No,434-839-8388x534,Dato no cargado,App,1553,18-24
1697125957,Connie,Reynolds,39,Femenino,Chicago,Medio,4,22.26,No,Sí,Vegetariano,No,Dato no cargado,Dato no cargado,Efectivo,1890,35-44
3039713271,Mary,Foster,52,Femenino,Chicago,Medio,2,18.49,Sí,Sí,Pescado,Sí,839-563-3177,Dato no cargado,App,2851,45-54
7881778087,Brandon,Patel,51,Masculino,Chicago,Medio,2,6.93,Sí,Sí,Pescado,No,Dato no cargado,charles54@example.org,Tarjeta,2019,45-54
4833373615,Katherine,Becker,34,Femenino,Chicago,Muy Alto,7,29.38,Sí,Sí,Vegetariano,Sí,001-681-241-6764x50786,dvasquez@example.com,Tarjeta,11269,25-34
7505693643,Nathan,Wang,71,Masculino,Chicago,Bajo,0,0.0,No,Sí,Vegetariano,No,(494)967-5739x540,wisematthew@example.com,Tarjeta,860,65-80
3550908958,Oscar,Martinez,42,Masculino,Chicago,Alto,6,17.13,Sí,Sí,Vegetariano,Sí,Dato no cargado,Dato no cargado,Efectivo,4443,35-44
4187988846,Bradley,Walker,71,Masculino,Chicago,Muy Alto,9,98.81,Sí,No,Carnes,Sí,Dato no cargado,fostermelissa@example.org,Tarjeta,13510,65-80
9041759939,Tonya,Joseph,71,Femenino,Chicago,Bajo,3,7.82,No,No,Carnes,No,Dato no cargado,jsingh@example.net,Efectivo,1073,65-80
7273725488,Jacob,Case,54,Masculino,Chicago,Alto,6,38.88,No,No,Mariscos,Sí,Dato no cargado,Dato no cargado,Efectivo,4672,45-54
6089063141,Alexander,Hopkins,55,Masculino,Chicago,Bajo,1,8.77,No,No,Vegetariano,No,Dato no cargado,charleschan@example.net,App,948,55-64
6578666394,Brittany,Peterson,64,Femenino,Chicago,Muy Alto,9,33.64,No,Sí,Carnes,Sí,+1-400-573-5900x7401,yreyes@example.com,Tarjeta,12530,55-64
1294590834,Lisa,Cook,24,Femenino,Chicago,Medio,3,7.48,No,Sí,Vegetariano,No,+1-311-287-9619x20850,Dato no cargado,Tarjeta,3352,18-24
8941609261,Henry,Moore,32,Masculino,Chicago,Bajo,2,6.2,Sí,Sí,Carnes,No,Dato no cargado,Dato no cargado,Efectivo,1587,25-34
5313915933,Christopher,Anderson,47,Masculino,Chicago,Medio,4,21.92,No,Sí,Carnes,Sí,+1-516-911-0948,Dato no cargado,Efectivo,2728,45-54
2833184319,Aaron,Hamilton,49,Masculino,Chicago,Bajo,2,9.24,No,Sí,Carnes,No,+1-636-587-2878x8746,Dato no cargado,Tarjeta,1032,45-54
7218193207,Lori,Taylor,59,Femenino,Chicago,Alto,6,15.44,No,Sí,Vegetariano,Sí,841-207-5092x068,Dato no cargado,App,5032,55-64
7508349372,Kathleen,Thomas,21,Femenino,Chicago,Alto,6,39.52,No,Sí,Carnes,Sí,001-900-636-6802,Dato no cargado,Efectivo,6243,18-24
3035761595,Roberta,Valdez,77,Femenino,Chicago,Medio,4,22.94,Sí,No,Mariscos,No,Dato no cargado,Dato no cargado,Criptomoneda,3287,65-80
1725746234,Adrian,Deleon,43,Masculino,Chicago,Medio,3,11.59,No,No,Otro,No,Dato no cargado,woodnicole@example.org,Efectivo,3236,35-44
5375086298,Scott,Butler,53,Masculino,Chicago,Bajo,0,0.0,No,Sí,Vegano,No,(343)383-4542,aramirez@example.net,Efectivo,881,45-54
2761637648,Jose,Flowers,67,Masculino,Chicago,Medio,4,22.72,No,No,No informado,No,703.313.9816x7343,Dato no cargado,Tarjeta,1700,65-80
7967363739,Linda,Randolph,49,Femenino,Chicago,Muy Alto,5,21.31,No,No,Pescado,Sí,001-726-882-9337x24065,Dato no cargado,Efectivo,17713,45-54
4125758723,Andrea,Neal,66,Femenino,Chicago,Alto,5,5.36,Sí,Sí,Otro,No,Dato no cargado,Dato no cargado,Tarjeta,6875,65-80
8281641403,Jacob,Daniel,73,Masculino,Chicago,Medio,3,10.19,Sí,Sí,Carnes,No,Dato no cargado,marciagriffin@example.com,Efectivo,3264,65-80
8925856505,Ashley,Torres,44,Femenino,Chicago,Alto,6,32.955,Sí,Sí,Otro,Sí,Dato no cargado,Dato no cargado,Efectivo,7089,35-44
1306602396,April,Edwards,77,Femenino,Chicago,Muy Alto,6,30.53,No,Sí,No informado,Sí,2754624275,tiffany87@example.org,Tarjeta,15284,65-80
9625522564,Breanna,Harrison,40,Femenino,Chicago,Bajo,3,8.15,No,Sí,Otro,No,Dato no cargado,Dato no cargado,Tarjeta,1586,35-44
6087749922,Michael,Keith,45,Masculino,Chicago,Bajo,0,0.0,Sí,No,Carnes,No,Dato no cargado,Dato no cargado,App,902,45-54
4647797507,Anne,Peterson,70,Femenino,Chicago,Medio,2,15.34,No,Sí,Carnes,No,Dato no cargado,allisonhernandez@example.com,App,2997,65-80
7524368542,Samantha,Perez,19,Femenino,Chicago,Bajo,1,7.95,Sí,Sí,Vegetariano,No,Dato no cargado,Dato no cargado,Tarjeta,1358,18-24
3147487660,Todd,Martinez,39,Masculino,Chicago,Bajo,2,6.33,No,Sí,Pescado,No,Dato no cargado,michaelsutton@example.com,Efectivo,1478,35-44
2352018428,Elizabeth,Lopez,73,Femenino,Chicago,Medio,2,15.64,Sí,Sí,Pescado,No,Dato no cargado,jbryan@example.com,Efectivo,2250,65-80
9911329062,Leonard,Boyle,50,Masculino,Chicago,Medio,4,9.86,Sí,Sí,Otro,No,(528)506-4204,icalhoun@example.org,App,2878,45-54
7633803213,Sarah,Walker,50,Femenino,Chicago,Medio,5,28.9,No,Sí,Vegetariano,No,Dato no cargado,james14@example.org,Efectivo,2022,45-54
4521880435,Matthew,Mayer,79,Masculino,Chicago,Bajo,3,7.94,Sí,Sí,Carnes,No,506.882.5753,Dato no cargado,Tarjeta,1416,65-80
2076341629,Dustin,Lewis,27,Masculino,Chicago,Bajo,1,5.85,Sí,Sí,Carnes,No,Dato no cargado,Dato no cargado,Tarjeta,1337,25-34
5988052808,Edward,Johnston,26,Masculino,Chicago,Alto,5,20.44,No,Sí,Carnes,Sí,Dato no cargado,deannacline@example.org,Efectivo,6270,25-34
7752591527,Julie,Luna,52,Femenino,Chicago,Medio,2,17.41,Sí,No,Mariscos,No,Dato no cargado,medinajames@example.net,Efectivo,2982,45-54
2846977028,Rachel,Shaffer,65,Femenino,Chicago,Medio,4,13.37,No,Sí,Otro,No,(492)664-0614,Dato no cargado,Tarjeta,2627,65-80
7403065218,Karen,Wilson,28,Femenino,Chicago,Alto,6,47.78,No,No,Pescado,Sí,Dato no cargado,Dato no cargado,Tarjeta,8849,25-34
2622262713,Dustin,Smith,64,Masculino,Chicago,Medio,2,29.82,Sí,Sí,No informado,No,Dato no cargado,Dato no cargado,App,2212,55-64
2573108158,Danny,Lewis,44,Masculino,Chicago,Alto,5,33.65,No,Sí,Carnes,Sí,806.266.6320x66595,Dato no cargado,Tarjeta,5248,35-44
4666491795,Kimberly,Eaton,43,Femenino,Chicago,Alto,6,45.88,Sí,Sí,Carnes,No,Dato no cargado,ysmith@example.org,App,3567,35-44
3602494716,Melissa,Brown,75,Femenino,Chicago,Medio,4,22.96,Sí,Sí,Otro,Sí,+1-380-501-4476x2238,Dato no cargado,Tarjeta,2570,65-80
7666869046,Elizabeth,Byrd,50,Femenino,Chicago,Muy Alto,8,50.15,No,Sí,Vegetariano,Sí,2169487615,Dato no cargado,App,12561,45-54
2880070874,Brenda,Galloway,27,Femenino,Chicago,Medio,4,7.75,Sí,Sí,Vegetariano,No,Dato no cargado,Dato no cargado,Efectivo,2597,25-34
4724110138,Barbara,Morales,29,Femenino,Chicago,Bajo,1,7.56,Sí,Sí,Vegetariano,No,756-418-0215x83904,Dato no cargado,Efectivo,982,25-34
1826700966,Michael,Bennett,18,Masculino,Chicago,Muy Alto,7,67.26,Sí,Sí,Vegetariano,Sí,(844)987-4111,vkelly@example.com,Efectivo,9938,18-24
6051515351,Lindsay,Greene,39,Femenino,Chicago,Bajo,2,5.41,Sí,Sí,Carnes,No,922.865.7760,kim73@example.org,App,1499,35-44
7150363994,Gloria,Henry,63,Femenino,Chicago,Alto,6,29.67,No,Sí,Carnes,Sí,Dato no cargado,Dato no cargado,Tarjeta,5066,55-64
8534977387,Juan,Marks,55,Masculino,Chicago,Medio,2,20.03,Sí,No,Carnes,No,Dato no cargado,jimmy40@example.org,App,2092,55-64
7747423487,Christopher,Davis,23,Masculino,Chicago,Bajo,3,6.98,No,Sí,Vegetariano,No,Dato no cargado,gregory09@example.org,App,1521,18-24
2411844389,Luke,Goodman,24,Masculino,Chicago,Bajo,1,7.65,Sí,Sí,Carnes,No,Dato no cargado,Dato no cargado,App,1545,18-24
9084427417,Christopher,Valentine,51,Masculino,Chicago,Bajo,2,7.43,No,No,Vegano,No,332-660-0342x9286,bethbrewer@example.com,Tarjeta,1544,45-54
2017041448,Michael,Thompson,35,Masculino,Chicago,Bajo,3,6.23,Sí,No,Carnes,No,Dato no cargado,wjones@example.net,Efectivo,1171,35-44
4726992894,Ryan,Chandler,26,Masculino,Chicago,Medio,3,23.49,Sí,Sí,Vegetariano,No,001-927-630-2945,blakeriggs@example.com,App,2183,25-34
9260707155,Claudia,Medina,63,Femenino,Chicago,Alto,4,51.48,Sí,Sí,No informado,Sí,Dato no cargado,Dato no cargado,App,4494,55-64
1862274520,Susan,Clarke,53,Femenino,Chicago,Bajo,1,6.51,Sí,Sí,Carnes,No,Dato no cargado,msnyder@example.net,Tarjeta,1180,45-54
5951375416,Sean,Weaver,22,Masculino,Chicago,Alto,5,24.78,Sí,Sí,Vegano,Sí,Dato no cargado,nicholsonbreanna@example.com,Tarjeta,7663,18-24
5519607470,Linda,Swanson,66,Femenino,Chicago,Muy Alto,6,48.94,Sí,No,Otro,Sí,439-795-5265,Dato no cargado,App,15772,65-80
4034047118,Christopher,Moore,51,Masculino,Chicago,Bajo,2,6.04,No,Sí,Vegetariano,No,Dato no cargado,Dato no cargado,Tarjeta,1470,45-54
7688723108,Kimberly,Mayo,22,Femenino,Chicago,Bajo,3,6.17,Sí,Sí,Otro,No,435.549.2715,robertgarcia@example.org,App,1248,18-24
7914144480,Suzanne,Wright,31,Femenino,Chicago,Medio,4,25.73,No,No,Carnes,No,001-940-848-2261x550,mcdowellkaitlin@example.net,Efectivo,2799,25-34
4497217225,Matthew,Williams,70,Masculino,Chicago,Alto,5,6.86,Sí,Sí,Vegetariano,No,848-362-7012x680,jeremyphelps@example.net,Efectivo,8121,65-80
5309172294,Steven,Johnson,26,Masculino,Chicago,Alto,6,23.03,Sí,Sí,Carnes,No,405-991-2581x0706,Dato no cargado,App,7894,25-34
9394233625,Randy,Randolph,27,Masculino,Chicago,Medio,2,9.35,Sí,Sí,Vegano,No,Dato no cargado,dunnshelia@example.com,Efectivo,2577,25-34
5509824667,Timothy,Jones,78,Masculino,Chicago,Bajo,0,0.0,No,Sí,Carnes,No,+1-986-634-5812x691,smithjustin@example.org,App,835,65-80
1864541803,Brenda,Ruiz,67,Femenino,Chicago,Muy Alto,8,57.58,No,No,No informado,Sí,Dato no cargado,Dato no cargado,Tarjeta,11004,65-80
6458618273,Mark,Lang,23,Masculino,Chicago,Alto,5,6.36,Sí,No,Vegano,Sí,7214088148,Dato no cargado,App,5775,18-24
2711913377,Stephen,Weaver,27,Masculino,Chicago,Medio,4,28.79,Sí,Sí,Vegano,No,001-313-582-6715x3552,khubbard@example.com,App,2041,25-34
6649827836,Katherine,Fisher,79,Femenino,Chicago,Medio,4,5.9,No,No,Otro,No,968.862.1403x8091,jocelyngreer@example.com,App,1785,65-80
6933946911,Gerald,Miller,45,Masculino,Chicago,Bajo,0,0.0,Sí,Sí,Mariscos,No,920-673-6385x669,Dato no cargado,Tarjeta,1598,45-54
7805745017,Andrea,Brooks,53,Femenino,Chicago,Alto,6,29.79,No,Sí,Vegetariano,Sí,992.204.9314,douglas57@example.net,Efectivo,5861,45-54
2696818623,Charles,Russell,25,Masculino,Chicago,Alto,5,12.04,No,Sí,Vegetariano,Sí,Dato no cargado,Dato no cargado,App,4274,25-34
7830239139,Edwin,Davenport,18,Masculino,Chicago,Medio,4,18.7,Sí,Sí,Carnes,No,Dato no cargado,robert14@example.com,Efectivo,3173,18-24
7437253943,Adam,Herring,56,Masculino,Chicago,Medio,2,29.68,Sí,No,Carnes,No,Dato no cargado,varellano@example.com,App,2109,55-64
5753253590,Ronald,Cannon,66,Masculino,Chicago,Medio,2,15.11,No,Sí,Vegetariano,Sí,628.853.4244x55127,mclaughlinchristina@example.com,Efectivo,2904,65-80
8721678779,Eric,Ross,54,Masculino,Chicago,Bajo,0,0.0,Sí,Sí,Mariscos,No,973.956.6817x8039,Dato no cargado,Efectivo,1173,45-54
2381661997,Stephanie,Schmidt,76,Femenino,Chicago,Medio,2,29.91,Sí,No,No informado,No,Dato no cargado,yjohnson@example.org,Efectivo,2614,65-80
8563007469,Linda,Myers,30,Femenino,Chicago,Muy Alto,10,100.29,Sí,Sí,Otro,Sí,899-285-1912x1821,Dato no cargado,App,13128,25-34
1532820121,Travis,Park,45,Masculino,Chicago,Alto,5,45.61,Sí,Sí,Vegetariano,Sí,Dato no cargado,Dato no cargado,App,7299,45-54
8353126871,Heather,Wilson,80,Femenino,Chicago,Alto,6,14.26,Sí,Sí,Carnes,Sí,001-571-626-4301x503,danielrobinson@example.net,Efectivo,8565,65-80
7107060632,Scott,Simmons,58,Masculino,Chicago,Medio,4,29.08,No,Sí,Vegano,No,001-577-984-4464x691,vincentchandler@example.com,Tarjeta,1715,55-64
2570641687,Rodney,Gonzales,67,Masculino,Chicago,Medio,2,14.85,No,No,Mariscos,No,001-693-711-7665,Dato no cargado,Criptomoneda,2802,65-80
2280403099,Eric,Logan,35,Masculino,Chicago,Medio,3,13.38,Sí,Sí,Vegetariano,No,Dato no cargado,gabriellebruce@example.com,Tarjeta,3079,35-44
8987178288,David,Johnson,43,Masculino,Chicago,Medio,5,16.25,No,Sí,Vegano,No,Dato no cargado,kevinponce@example.org,Efectivo,3139,35-44
6302946647,Ashley,Mccoy,70,Femenino,Chicago,Bajo,0,0.0,Sí,No,Pescado,No,878.323.7801,Dato no cargado,Efectivo,907,65-80
7473919076,Bill,Kelly,40,Masculino,Chicago,Medio,4,15.19,Sí,Sí,Carnes,No,Dato no cargado,jrobinson@example.org,App,3170,35-44
2149984890,Nicholas,Carter,30,Masculino,Chicago,Bajo,1,5.63,Sí,Sí,Carnes,No,447-248-8796x140,Dato no cargado,App,1386,25-34
2175945569,Ryan,Edwards,51,Masculino,Chicago,Bajo,2,7.88,Sí,No,No informado,No,597-595-9405x1230,jill51@example.org,Tarjeta,1168,45-54
6005088174,Keith,Lane,37,Masculino,Chicago,Medio,3,7.63,Sí,Sí,Carnes,Sí,Dato no cargado,Dato no cargado,Tarjeta,1971,35-44
5322769469,Megan,Burnett,59,Femenino,Chicago,Medio,3,24.86,Sí,Sí,Vegano,No,Dato no cargado,Dato no cargado,Efectivo,1940,55-64
6880804196,Holly,Sawyer,73,Femenino,Chicago,Bajo,2,7.88,No,Sí,Carnes,No,663.508.5107x980,hillmichaela@example.net,Tarjeta,916,65-80
5801174046,Jeffery,Morales,41,Masculino,Chicago,Bajo,3,5.69,Sí,Sí,Vegetariano,No,Dato no cargado,gravesbradley@example.net,Tarjeta,1239,35-44
7177851367,Scott,Griffin,42,Masculino,Chicago,Muy Alto,5,58.8,No,No,Otro,No,+1-788-719-8088x451,Dato no cargado,Efectivo,16704,35-44
7996944190,Katherine,Zhang,31,Femenino,Chicago,Muy Alto,10,72.72,No,No,Carnes,Sí,5374221820,katherinecoffey@example.net,Efectivo,9967,25-34
7203864779,Lynn,Carter,42,Femenino,Chicago,Bajo,2,8.24,Sí,Sí,Vegetariano,No,Dato no cargado,zrogers@example.org,App,1165,35-44
6562434335,Peter,Torres,74,Masculino,Chicago,Medio,4,24.98,Sí,No,Carnes,No,978.999.5522x56180,Dato no cargado,Tarjeta,2151,65-80
8924068862,Shannon,Gonzalez,58,Femenino,Chicago,Bajo,2,6.54,No,No,Carnes,No,(862)388-7141x8626,unichols@example.com,Tarjeta,1413,55-64
1741070243,Jessica,Estes,25,Femenino,Chicago,Medio,3,25.77,Sí,Sí,No informado,Sí,001-478-396-5887,Dato no cargado,Tarjeta,2413,25-34
6505706239,Mark,Edwards,44,Masculino,Chicago,Medio,2,16.09,Sí,No,Carnes,No,Dato no cargado,Dato no cargado,Efectivo,3051,35-44
2838366072,Daniel,Doyle,52,Masculino,Chicago,Medio,5,6.75,No,No,Mariscos,No,775.276.9214x6604,Dato no cargado,Efectivo,2084,45-54
9942155842,David,Graham,22,Masculino,Chicago,Muy Alto,10,46.51,No,Sí,Mariscos,Sí,Dato no cargado,collinsjessica@example.net,App,13362,18-24
2940955281,Diana,Weiss,50,Femenino,Chicago,Bajo,0,0.0,Sí,Sí,Vegetariano,No,Dato no cargado,Dato no cargado,Efectivo,1013,45-54
9710461781,Gilbert,Smith,69,Masculino,Chicago,Bajo,3,8.02,Sí,No,No informado,No,(795)280-2139,Dato no cargado,Efectivo,1189,65-80
1137492262,Lisa,Oliver,30,Femenino,Chicago,Bajo,0,0.0,No,Sí,Vegetariano,No,Dato no cargado,Dato no cargado,Efectivo,923,25-34
6213356588,Jamie,Smith,69,Femenino,Chicago,Bajo,1,9.27,Sí,No,Carnes,No,366-646-6791x3801,kanesandra@example.net,Efectivo,1162,65-80
3442667754,Frank,Delgado,75,Masculino,Chicago,Medio,4,28.54,No,No,Mariscos,No,800.600.1807,markadkins@example.net,Efectivo,1903,65-80
5247754307,Steve,Willis,55,Masculino,Chicago,Medio,2,14.83,Sí,Sí,Carnes,No,Dato no cargado,Dato no cargado,Tarjeta,3158,55-64
4515617641,Alexandra,Harris,50,Femenino,Chicago,Medio,5,19.09,No,Sí,Carnes,No,Dato no cargado,zacharyhansen@example.org,App,2559,45-54
2371174693,Caleb,Doyle,34,Masculino,Chicago,Medio,3,21.55,Sí,Sí,Vegano,No,(824)753-2444x190,rbailey@example.org,Efectivo,2433,25-34
9818680148,Nicole,Jenkins,36,Femenino,Chicago,Bajo,2,5.93,Sí,No,Mariscos,No,Dato no cargado,Dato no cargado,Tarjeta,1291,35-44
9959316663,Daniel,Bender,34,Masculino,Chicago,Medio,3,28.63,Sí,No,Vegetariano,No,Dato no cargado,Dato no cargado,Efectivo,2629,25-34
6711086931,Jacob,Marks,45,Masculino,Chicago,Bajo,3,9.78,No,Sí,Carnes,No,704.507.9638,jacobclark@example.org,Tarjeta,1543,45-54
4137245394,Thomas,Lawson,31,Masculino,Chicago,Alto,6,32.61,No,Sí,Carnes,Sí,(271)640-1731x073,Dato no cargado,Efectivo,5671,25-34
1703362952,Matthew,Prince,44,Masculino,Chicago,Bajo,2,6.82,No,No,Otro,No,Dato no cargado,Dato no cargado,App,1563,35-44
7547648273,Kara,Mann,42,Femenino,Chicago,Bajo,2,7.2,Sí,Sí,Vegetariano,No,Dato no cargado,Dato no cargado,Efectivo,1353,35-44
5586862564,Anthony,Phillips,37,Masculino,Chicago,Bajo,3,9.05,No,Sí,Vegetariano,No,001-942-442-2588,samuelstewart@example.org,Tarjeta,1545,35-44
3268891859,Shawna,Hernandez,62,Femenino,Chicago,Alto,6,40.06,No,Sí,Carnes,Sí,7604943632,austinelizabeth@example.net,App,6276,55-64
2311597141,Allison,Smith,61,Femenino,Chicago,Alto,4,38.58,No,Sí,Mariscos,Sí,Dato no cargado,glandry@example.net,Efectivo,8996,55-64
7127584892,Lori,Caldwell,39,Femenino,Chicago,Alto,5,59.22,Sí,Sí,Vegetariano,No,9873978229,Dato no cargado,Efectivo,3936,35-44
6659676478,William,Turner,76,Masculino,Chicago,Muy Alto,5,31.67,No,Sí,Pescado,Sí,855-818-0295,Dato no cargado,Efectivo,15281,65-80
9063095518,Kathleen,Smith,19,Femenino,Chicago,Bajo,1,7.32,No,Sí,Carnes,No,869-906-8548,Dato no cargado,Tarjeta,1100,18-24
4852198387,Garrett,Nguyen,36,Masculino,Chicago,Alto,5,7.7,No,Sí,Otro,Sí,Dato no cargado,Dato no cargado,Tarjeta,6552,35-44
6679319196,Johnny,Mcconnell,57,Masculino,Chicago,Medio,4,19.34,No,Sí,Carnes,No,Dato no cargado,seancobb@example.net,App,3013,55-64
8325043570,Molly,Wolfe,29,Femenino,Chicago,Muy Alto,5,58.11,Sí,Sí,Mariscos,Sí,637-403-9202,martinezdaniel@example.com,App,15246,25-34
4345526911,Kelsey,Snyder,75,Femenino,Chicago,Medio,3,5.11,Sí,No,Carnes,No,001-376-253-4473x639,jason49@example.com,Efectivo,3423,65-80
6520997534,Andrew,Kaufman,29,Masculino,Chicago,Alto,6,47.29,No,Sí,Vegano,Sí,437.599.5089,Dato no cargado,App,8158,25-34
4050161122,Patrick,Conner,42,Masculino,Chicago,Muy Alto,6,57.6,Sí,No,No informado,Sí,997.736.5823,tracy07@example.com,Efectivo,13120,35-44
4915529276,Christine,Vazquez,74,Femenino,Chicago,Muy Alto,10,82.71,No,Sí,Carnes,Sí,Dato no cargado,Dato no cargado,App,14730,65-80
8554790282,Craig,Hayes,29,Masculino,Chicago,Alto,6,22.96,No,Sí,Pescado,Sí,Dato no cargado,Dato no cargado,App,7154,25-34
2900706092,Martin,Ochoa,63,Masculino,Chicago,Medio,2,12.65,No,No,No informado,No,Dato no cargado,hintonrichard@example.com,Efectivo,3328,55-64
7194467511,Glenda,Whitaker,45,Femenino,Chicago,Alto,5,50.32,Sí,No,Otro,Sí,Dato no cargado,Dato no cargado,App,7033,45-54
7599991412,Victor,Mayer,63,Masculino,Chicago,Medio,3,10.47,Sí,Sí,Otro,No,001-806-713-8363,Dato no cargado,Efectivo,3300,55-64
8854469576,Lisa,Gonzales,74,Femenino,Chicago,Alto,4,30.81,No,No,Vegetariano,No,507.521.1622x8788,stephenbenton@example.org,App,7927,65-80
4437690152,Philip,Jenkins,34,Masculino,Chicago,Alto,6,46.74,No,Sí,Carnes,No,001-216-733-5018x83605,Dato no cargado,App,8415,25-34
8968364599,Anna,Rivera,59,Femenino,Chicago,Medio,3,13.11,No,Sí,Vegetariano,No,Dato no cargado,fbradley@example.net,Tarjeta,2582,55-64
3953969835,Evelyn,Meyer,78,Femenino,Chicago,Medio,4,23.67,No,Sí,Mariscos,No,Dato no cargado,jhill@example.com,Efectivo,2027,65-80
2973888646,Debbie,Velez,25,Femenino,Chicago,Bajo,3,5.16,No,Sí,Carnes,No,615.639.7929,jameshall@example.net,Efectivo,1146,25-34
9826843917,Brian,Johnson,60,Masculino,Chicago,Medio,2,10.61,No,Sí,Carnes,No,(661)748-1637x113,Dato no cargado,Tarjeta,3293,55-64
4403845222,Alexandra,Martinez,51,Femenino,Chicago,Alto,5,16.03,Sí,Sí,Vegetariano,Sí,465.770.5356x325,jonesshawn@example.com,Efectivo,8610,45-54
6056680794,Christopher,Williams,70,Masculino,Chicago,Medio,4,27.32,Sí,Sí,Vegetariano,No,759-958-1297,Dato no cargado,App,3262,65-80
1141961397,Laurie,Montgomery,75,Femenino,Chicago,Medio,2,5.09,Sí,No,Mariscos,Sí,Dato no cargado,Dato no cargado,App,2630,65-80
4803492387,Molly,Barry,55,Femenino,Chicago,Alto,6,17.99,No,Sí,Otro,Sí,Dato no cargado,zmitchell@example.com,Efectivo,5278,55-64
9353296008,Jordan,Kelley,33,Femenino,Chicago,Bajo,1,9.48,Sí,Sí,Mariscos,No,001-612-904-8976x875,Dato no cargado,App,913,25-34
5622363754,Danielle,Hayes,26,Femenino,Chicago,Medio,4,19.56,Sí,Sí,No informado,No,+1-677-661-0026x04976,Dato no cargado,App,2673,25-34
8570481902,Christopher,Schwartz,22,Masculino,Chicago,Muy Alto,6,85.1,Sí,No,Vegetariano,Sí,Dato no cargado,rodriguezjames@example.net,App,10565,18-24
6953249679,Janice,Gutierrez,45,Femenino,Chicago,Alto,5,15.87,No,No,Carnes,No,Dato no cargado,abbottshane@example.net,App,8375,45-54
5956042044,Ryan,Brennan,44,Masculino,Chicago,Medio,2,28.92,No,No,No informado,No,Dato no cargado,Dato no cargado,Efectivo,3433,35-44
4215558262,Jason,Johnston,45,Masculino,Chicago,Bajo,1,6.58,No,Sí,Vegetariano,No,+1-999-417-0062x82197,Dato no cargado,Efectivo,1383,45-54
9804677062,Darrell,Zamora,18,Masculino,Chicago,Alto,6,42.69,No,Sí,Carnes,Sí,5607855340,bcrawford@example.com,Efectivo,8836,18-24
3636467652,Beth,Pittman,48,Femenino,Chicago,Alto,6,54.65,No,No,Vegano,Sí,Dato no cargado,Dato no cargado,Tarjeta,6531,45-54
2653814748,Taylor,Robertson,21,Femenino,Chicago,Muy Alto,7,63.15,No,Sí,Vegano,Sí,Dato no cargado,kelseyrobles@example.com,Tarjeta,13868,18-24
6711131533,Derek,Ferguson,51,Masculino,Chicago,Bajo,1,6.86,No,Sí,Pescado,No,Dato no cargado,annjohnson@example.com,Efectivo,1457,45-54
6794378741,Randy,Mitchell,69,Masculino,Chicago,Bajo,2,6.35,No,Sí,Vegano,No,Dato no cargado,Dato no cargado,Efectivo,902,65-80
9332541401,Tina,Davis,67,Femenino,Chicago,Medio,5,13.1,Sí,No,Vegetariano,Sí,309.412.8487x8775,Dato no cargado,Efectivo,2491,65-80
1741134891,John,Moore,40,Masculino,Chicago,Medio,2,11.92,Sí,Sí,Carnes,No,Dato no cargado,Dato no cargado,Tarjeta,3348,35-44
5651009809,Roberta,Lewis,71,Femenino,Chicago,Medio,4,22.11,Sí,No,No informado,No,Dato no cargado,Dato no cargado,Efectivo,2424,65-80
4173917498,Richard,Jones,50,Masculino,Chicago,Medio,4,6.86,No,No,Carnes,No,Dato no cargado,Dato no cargado,Tarjeta,2553,45-54
5522758283,Mary,Odom,52,Femenino,Chicago,Bajo,2,9.56,Sí,No,Vegetariano,No,Dato no cargado,Dato no cargado,Tarjeta,1278,45-54
9847828776,Cynthia,Williams,41,Femenino,Chicago,Alto,4,24.42,No,Sí,Vegano,Sí,Dato no cargado,jennifer12@example.com,Tarjeta,6658,35-44
1681203727,Kaitlyn,Griffin,69,Femenino,Chicago,Medio,4,13.98,Sí,Sí,Carnes,No,Dato no cargado,kenneth38@example.org,Tarjeta,2177,65-80
8865390946,Melody,Johnson,77,Femenino,Chicago,Alto,5,41.56,Sí,Sí,Carnes,No,Dato no cargado,Dato no cargado,Efectivo,8528,65-80
5752844974,William,Roberts,46,Masculino,Chicago,Bajo,2,8.85,No,Sí,Carnes,No,Dato no cargado,Dato no cargado,Efectivo,911,45-54
2951867520,Kyle,Henry,76,Masculino,Chicago,Medio,2,8.69,Sí,Sí,Mariscos,No,001-274-214-0621x1265,Dato no cargado,Tarjeta,3488,65-80
9816338601,Taylor,Walters,58,Masculino,Chicago,Muy Alto,10,92.09,No,Sí,Carnes,Sí,4796369524,Dato no cargado,Efectivo,13611,55-64
8174049147,Frank,Contreras,57,Masculino,Chicago,Medio,2,17.58,Sí,Sí,Otro,Sí,481-283-5267x800,Dato no cargado,Efectivo,2404,55-64
8666074487,Andrew,Leach,75,Masculino,Chicago,Medio,5,7.22,No,No,Pescado,No,Dato no cargado,jacobbailey@example.org,App,1718,65-80
9161875363,Stanley,Stevenson,46,Masculino,Chicago,Alto,5,58.65,No,Sí,Vegetariano,Sí,547-978-7710,erika69@example.net,Efectivo,4264,45-54
4956961965,Julie,Wade,43,Femenino,Chicago,Alto,4,32.33,Sí,No,Pescado,Sí,+1-842-452-1454x13948,joel10@example.com,Efectivo,4155,35-44
2593375387,Tara,Jones,48,Femenino,Chicago,Muy Alto,7,48.75,Sí,No,Vegano,Sí,893.727.3897x0235,samuelcooper@example.net,Tarjeta,12191,45-54
1097634221,Reginald,Shea,76,Masculino,Chicago,Muy Alto,6,22.37,No,Sí,Vegano,Sí,Dato no cargado,Dato no cargado,Efectivo,10396,65-80
5021369227,Kathy,Smith,64,Femenino,Chicago,Medio,2,20.15,Sí,No,Otro,No,Dato no cargado,ramseyjerry@example.net,Tarjeta,1861,55-64
3575311720,Micheal,Mayer,28,Masculino,Chicago,Bajo,1,9.55,No,Sí,Carnes,No,Dato no cargado,tamara33@example.org,App,1326,25-34
9128109021,James,Hill,32,Masculino,Chicago,Bajo,2,8.37,No,Sí,Mariscos,No,+1-906-586-2459x284,halljoshua@example.net,Efectivo,833,25-34
6799865208,William,Johnson,69,Masculino,Chicago,Bajo,2,6.21,Sí,Sí,Vegano,No,561-748-5586x69291,Dato no cargado,App,1081,65-80
2289118584,Sandra,Howard,78,Femenino,Chicago,Alto,4,28.74,Sí,No,Pescado,No,Dato no cargado,Dato no cargado,Tarjeta,5564,65-80
9821375891,Tanya,Colon,65,Femenino,Chicago,Medio,3,14.35,Sí,Sí,Carnes,No,Dato no cargado,toddstephen@example.net,Tarjeta,1823,65-80
9515971497,Joseph,Chambers,46,Masculino,Chicago,Alto,5,59.13,Sí,No,Pescado,Sí,(476)261-8056x35769,Dato no cargado,Tarjeta,5293,45-54
6229490913,Anthony,Arias,54,Masculino,Chicago,Medio,3,12.56,Sí,No,Mariscos,No,Dato no cargado,nguyendominic@example.net,Efectivo,2525,45-54
3102895903,Robin,Graham,74,Femenino,Chicago,Medio,5,19.06,No,Sí,Vegano,No,Dato no cargado,Dato no cargado,Efectivo,2195,65-80
4794276323,Shawn,Lopez,19,Masculino,Chicago,Bajo,3,8.46,Sí,Sí,Carnes,No,796-801-5935x76943,burgessanthony@example.org,App,840,18-24
5644563242,Lisa,Sherman,59,Femenino,Chicago,Bajo,3,7.16,Sí,Sí,Mariscos,No,+1-623-840-3332x4275,Dato no cargado,Efectivo,833,55-64
3107112281,Jacob,Wilkins,69,Masculino,Chicago,Muy Alto,5,66.11,No,Sí,Carnes,Sí,452.228.2586,Dato no cargado,Efectivo,16398,65-80
5697267144,Jacob,Alexander,79,Masculino,Chicago,Alto,4,38.48,No,Sí,Mariscos,Sí,(328)571-7029x9397,Dato no cargado,Efectivo,3573,65-80
5670983945,Zachary,Robinson,57,Masculino,Chicago,Medio,2,21.49,Sí,Sí,Pescado,Sí,Dato no cargado,barbara31@example.com,Tarjeta,2335,55-64
6867874047,Nicholas,Lopez,79,Masculino,Chicago,Medio,4,29.89,Sí,No,Carnes,No,Dato no cargado,swilson@example.net,Tarjeta,2984,65-80
9226616337,Vanessa,Cruz,20,Femenino,Chicago,Muy Alto,5,91.38,Sí,No,Vegano,No,Dato no cargado,peter31@example.net,App,11107,18-24
7122731002,Ronald,Dawson,74,Masculino,Chicago,Bajo,3,8.98,Sí,Sí,Vegano,Sí,Dato no cargado,Dato no cargado,Tarjeta,1244,65-80
9957813353,Matthew,Pittman,35,Masculino,Chicago,Alto,4,18.06,Sí,Sí,Otro,Sí,942.432.8815,Dato no cargado,Tarjeta,8518,35-44
9514444316,Paula,Hartman,75,Femenino,Chicago,Medio,3,17.7,No,No,Otro,No,778.748.6095x44497,Dato no cargado,Efectivo,2415,65-80
1872163903,Shannon,Fitzgerald,34,Femenino,Chicago,Alto,5,18.52,No,No,Otro,Sí,Dato no cargado,Dato no cargado,Tarjeta,6416,25-34
6991878065,David,Garcia,21,Masculino,Chicago,Alto,6,28.79,Sí,Sí,Vegetariano,Sí,(280)248-0510x6633,Dato no cargado,Efectivo,7950,18-24
9161013180,Devon,Ruiz,57,Masculino,Chicago,Alto,5,52.63,Sí,No,Vegetariano,Sí,Dato no cargado,Dato no cargado,Efectivo,6566,55-64
3316796568,Jacob,Kennedy,31,Masculino,Chicago,Muy Alto,10,51.75,No,No,Mariscos,Sí,Dato no cargado,Dato no cargado,Tarjeta,15268,25-34
7405626032,Elizabeth,Cooper,72,Femenino,Chicago,Bajo,0,0.0,No,Sí,Vegano,No,+1-812-400-0526x647,Dato no cargado,App,1252,65-80
1645908204,Melissa,Holder,26,Femenino,Chicago,Muy Alto,7,75.79,Sí,No,Carnes,Sí,Dato no cargado,Dato no cargado,App,14566,25-34
7032124964,Zoe,Martin,77,Femenino,Chicago,Medio,4,16.92,No,No,Mariscos,No,Dato no cargado,shawn44@example.net,Efectivo,2358,65-80
7251396934,Justin,Oconnor,69,Masculino,Chicago,Medio,2,23.72,No,No,Vegano,No,Dato no cargado,Dato no cargado,Efectivo,2811,65-80
5037798344,Joseph,Carter,18,Masculino,Chicago,Medio,3,17.4,Sí,Sí,Vegetariano,No,Dato no cargado,lori53@example.net,Efectivo,1935,18-24
3532855799,Phillip,Johnson,76,Masculino,Chicago,Medio,3,25.36,No,Sí,Vegetariano,No,001-695-791-8408x5270,Dato no cargado,Tarjeta,2361,65-80
4743266234,John,Kramer,37,Masculino,Chicago,Alto,4,19.66,Sí,No,Pescado,Sí,204.675.8389,ihenderson@example.com,Tarjeta,6890,35-44
9271015771,David,Simmons,48,Masculino,Chicago,Alto,4,32.21,No,No,Mariscos,Sí,Dato no cargado,Dato no cargado,App,6131,45-54
3118677094,Tracey,Young,45,Femenino,Chicago,Medio,4,18.07,No,No,Mariscos,No,8132583630,Dato no cargado,App,2650,45-54
8802891209,Brenda,Harris,66,Femenino,Chicago,Medio,4,18.19,No,Sí,Vegetariano,No,Dato no cargado,tlee@example.net,Efectivo,2152,65-80
3744890160,William,Wong,22,Masculino,Chicago,Medio,3,13.84,Sí,Sí,Otro,No,637-204-0842x6780,Dato no cargado,Efectivo,1614,18-24
6124042570,Louis,Mays,61,Masculino,Chicago,Alto,5,7.4,No,Sí,Vegetariano,Sí,681-349-1359x3456,Dato no cargado,Criptomoneda,3564,55-64
6112563096,Catherine,Lewis,26,Femenino,Chicago,Medio,2,25.05,No,Sí,Carnes,No,235.998.7643,Dato no cargado,App,3300,25-34
5963057354,Emma,Smith,64,Femenino,Chicago,Medio,5,23.93,Sí,Sí,Vegetariano,No,Dato no cargado,Dato no cargado,Efectivo,2518,55-64
2363635846,Edwin,Callahan,74,Masculino,Chicago,Medio,4,13.88,Sí,No,Carnes,Sí,Dato no cargado,michael93@example.net,App,2011,65-80
6220665395,David,King,61,Masculino,Chicago,Bajo,3,9.63,Sí,No,Vegano,No,Dato no cargado,Dato no cargado,Efectivo,1162,55-64
6461291541,Victoria,Mcdonald,68,Femenino,Chicago,Medio,5,27.54,No,Sí,Vegano,No,001-923-789-4287,smithdustin@example.org,Efectivo,3382,65-80
5221589520,Marvin,Harris,58,Masculino,Chicago,Alto,6,30.25,No,No,Pescado,Sí,671-585-4643,janice20@example.com,Efectivo,8137,55-64
2495966316,John,Clark,23,Masculino,Chicago,Bajo,2,9.08,Sí,Sí,Mariscos,No,773.844.8563,kimberlyrichardson@example.org,App,1275,18-24
3441044403,Carlos,Thornton,62,Masculino,Chicago,Alto,4,58.47,Sí,Sí,Vegetariano,Sí,Dato no cargado,Dato no cargado,App,6953,55-64
4217519234,Christopher,Bentley,46,Masculino,Chicago,Muy Alto,7,81.86,No,No,Vegetariano,Sí,Dato no cargado,Dato no cargado,Efectivo,15251,45-54
3454017128,Emily,Barnes,57,Femenino,Chicago,Bajo,2,9.32,Sí,Sí,Mariscos,No,Dato no cargado,donaldpearson@example.com,App,1195,55-64
2163127942,Deborah,Herrera,18,Femenino,Chicago,Bajo,0,0.0,Sí,Sí,Mariscos,No,001-274-895-2101,Dato no cargado,Efectivo,1433,18-24
6201230463,Haley,Evans,33,Femenino,Chicago,Alto,4,20.74,Sí,Sí,Carnes,No,Dato no cargado,Dato no cargado,Tarjeta,5048,25-34
4340584292,Amanda,Gonzalez,21,Femenino,Chicago,Bajo,2,7.91,No,Sí,Carnes,No,Dato no cargado,Dato no cargado,App,1533,18-24
6098907586,Jose,Welch,66,Masculino,Chicago,Alto,4,7.64,No,No,Carnes,Sí,Dato no cargado,lawrencetonya@example.org,Tarjeta,4406,65-80
3058982440,Austin,Andrews,46,Masculino,Chicago,Bajo,3,7.58,Sí,Sí,Otro,No,Dato no cargado,smithgregory@example.com,Tarjeta,1351,45-54
5803280863,Erica,Jones,37,Femenino,Chicago,Alto,5,24.31,Sí,Sí,Mariscos,Sí,Dato no cargado,Dato no cargado,Efectivo,7862,35-44
9292791081,Taylor,Thompson,72,Femenino,Chicago,Muy Alto,5,74.16,No,Sí,Carnes,Sí,558-236-2046,zcordova@example.org,Efectivo,10902,65-80
1759751348,Susan,Rojas,30,Femenino,Chicago,Medio,5,28.77,Sí,Sí,Mariscos,No,772-543-3491x10045,Dato no cargado,Tarjeta,2018,25-34
5370396525,Maria,Powell,25,Femenino,Chicago,Alto,5,39.1,No,Sí,Carnes,Sí,Dato no cargado,misty29@example.org,Tarjeta,7899,25-34
5902099884,Brian,Stephens,78,Masculino,Chicago,Bajo,0,0.0,No,No,Mariscos,No,(261)653-1303,gmendoza@example.org,Efectivo,1586,65-80
2699989899,Melissa,Riggs,70,Femenino,Chicago,Alto,4,23.24,Sí,Sí,Mariscos,Sí,Dato no cargado,Dato no cargado,Efectivo,5335,65-80
8958848294,Kristen,Schultz,42,Femenino,Chicago,Bajo,3,7.35,Sí,Sí,Vegetariano,No,+1-916-619-0173,janice82@example.org,Efectivo,1295,35-44
3269449477,Donald,Pope,26,Masculino,Chicago,Muy Alto,6,24.74,No,Sí,Otro,Sí,Dato no cargado,krystallong@example.org,Efectivo,17097,25-34
6845287382,Heather,Conley,37,Femenino,Chicago,Alto,6,14.93,No,Sí,Otro,Sí,544-696-2804x7170,carlahall@example.net,Tarjeta,4436,35-44
2294609093,Jared,Brady,52,Masculino,Chicago,Medio,4,21.79,No,Sí,Otro,No,Dato no cargado,Dato no cargado,Efectivo,2842,45-54
4064538638,Maria,Jackson,23,Femenino,Chicago,Bajo,1,8.06,Sí,Sí,Pescado,No,Dato no cargado,Dato no cargado,Tarjeta,1340,18-24
8894905381,Nicholas,Mcdaniel,76,Masculino,Chicago,Alto,4,57.04,Sí,Sí,Mariscos,Sí,687.623.3841x735,tricia72@example.org,Tarjeta,5783,65-80
9973421080,Michele,Reynolds,21,Femenino,Chicago,Medio,2,14.53,Sí,Sí,Mariscos,No,001-273-687-2237x4028,Dato no cargado,Tarjeta,2011,18-24
4575143282,Ruben,Hammond,41,Masculino,Chicago,Alto,5,24.85,No,No,Otro,Sí,Dato no cargado,Dato no cargado,Efectivo,8424,35-44
9662899915,Nathan,Kent,29,Masculino,Chicago,Alto,5,10.68,No,Sí,Pescado,Sí,Dato no cargado,patriciamoore@example.org,App,6075,25-34
9081088931,Victoria,Ball,29,Femenino,Chicago,Muy Alto,9,57.84,No,Sí,Vegetariano,Sí,Dato no cargado,Dato no cargado,Tarjeta,10637,25-34
9693129072,Kimberly,Anderson,30,Femenino,Chicago,Medio,4,26.31,Sí,Sí,Otro,Sí,Dato no cargado,cheryl06@example.com,Tarjeta,2199,25-34
3145404476,Sherri,Burgess,76,Femenino,Chicago,Medio,3,8.66,No,No,Pescado,No,+1-622-358-7768x58601,elizabeth02@example.net,App,3404,65-80
1371723252,April,Cuevas,54,Femenino,Chicago,Alto,5,21.9,No,No,Vegano,Sí,(533)789-9995x9538,Dato no cargado,Tarjeta,3657,45-54
4914026577,Melinda,Patrick,69,Femenino,Chicago,Bajo,1,7.58,No,Sí,Vegetariano,No,548.463.6724x035,gregoryblevins@example.org,App,1546,65-80
8224997846,Kimberly,Norman,70,Femenino,Chicago,Alto,4,41.81,Sí,Sí,Carnes,Sí,Dato no cargado,Dato no cargado,Tarjeta,6218,65-80
4400769113,Michael,Johnston,40,Masculino,Chicago,Medio,4,25.55,Sí,Sí,Vegano,Sí,441-300-7124,Dato no cargado,Tarjeta,2942,35-44
1719014205,Michael,Noble,18,Masculino,Chicago,Alto,6,40.4,Sí,Sí,Carnes,No,957-799-3807x071,Dato no cargado,Tarjeta,8413,18-24
6191190470,Jeff,Gutierrez,28,Masculino,Chicago,Alto,6,7.59,Sí,Sí,Carnes,Sí,(782)360-7169x2074,karenguerrero@example.com,Efectivo,4015,25-34
6728563635,Zachary,Hawkins,31,Masculino,Chicago,Medio,4,5.32,No,Sí,Carnes,Sí,001-345-894-0609,Dato no cargado,Tarjeta,3438,25-34
6229143145,Mary,Andrade,73,Femenino,Chicago,Alto,5,16.18,No,No,Vegetariano,Sí,Dato no cargado,garciajennifer@example.com,Tarjeta,8490,65-80
4203265035,Andrew,King,35,Masculino,Chicago,Muy Alto,5,92.3,No,No,Pescado,Sí,682.342.3523,rangelkimberly@example.net,Efectivo,16666,35-44
6693193950,Robert,Mason,50,Masculino,Chicago,Muy Alto,7,19.34,Sí,No,Vegetariano,Sí,001-727-501-0125,Dato no cargado,Efectivo,11556,45-54
5002091992,Jesus,Durham,24,Masculino,Chicago,Medio,2,8.74,No,Sí,Vegetariano,Sí,Dato no cargado,wilkinsmegan@example.org,Tarjeta,2775,18-24
4032256613,Kellie,Morgan,47,Femenino,Chicago,Bajo,1,8.79,Sí,Sí,Pescado,No,+1-321-480-2153x4725,Dato no cargado,Efectivo,1304,45-54
8803194596,Austin,Gomez,27,Masculino,Chicago,Muy Alto,6,38.25,No,Sí,Carnes,Sí,265.249.6327x9351,lmiles@example.com,Tarjeta,11313,25-34
5454573283,Gary,Newton,31,Masculino,Chicago,Bajo,0,0.0,No,No,Carnes,No,Dato no cargado,usutton@example.net,Efectivo,1108,25-34
1178326062,Robert,Zuniga,22,Masculino,Chicago,Muy Alto,6,62.71,No,Sí,Carnes,Sí,9463124481,ocosta@example.net,Efectivo,13657,18-24
9033177572,Cathy,Brock,21,Femenino,Chicago,Medio,5,8.23,No,Sí,Otro,No,936.365.5942x995,Dato no cargado,Tarjeta,2632,18-24
6263567754,Monica,Ray,52,Femenino,Chicago,Bajo,0,0.0,Sí,Sí,Otro,No,Dato no cargado,murphydaniel@example.org,Efectivo,1289,45-54
3078217768,Morgan,Taylor,46,Femenino,Chicago,Medio,4,21.53,Sí,Sí,No informado,No,Dato no cargado,Dato no cargado,App,2116,45-54
6062598979,Thomas,Chen,74,Masculino,Chicago,Bajo,3,8.17,Sí,Sí,Mariscos,No,Dato no cargado,Dato no cargado,Efectivo,1300,65-80
7756458719,Jason,Contreras,38,Masculino,Chicago,Muy Alto,7,30.8,Sí,Sí,Carnes,Sí,Dato no cargado,allenlorraine@example.org,App,14204,35-44
4881154133,Robert,Evans,21,Masculino,Chicago,Bajo,3,7.5,Sí,Sí,Carnes,No,Dato no cargado,bbell@example.org,Efectivo,1557,18-24
3460888434,Johnny,Shaw,38,Masculino,Chicago,Bajo,1,7.01,No,No,Carnes,No,Dato no cargado,Dato no cargado,Tarjeta,1099,35-44
7532284065,Ian,Decker,66,Masculino,Chicago,Medio,4,26.35,No,Sí,Carnes,No,588.735.4058x790,adamsbrian@example.com,Tarjeta,1668,65-80
8116368366,Lori,Wells,23,Femenino,Chicago,Medio,2,14.0,Sí,No,Otro,Sí,7705910938,tinamiller@example.com,App,3135,18-24
8833399096,Samantha,Hernandez,36,Femenino,Chicago,Medio,3,11.58,No,No,No informado,No,+1-874-983-9644x824,villegasbarbara@example.org,App,2882,35-44
3682175937,Kelsey,Chan,39,Femenino,Chicago,Medio,3,7.71,Sí,Sí,Vegetariano,No,Dato no cargado,Dato no cargado,App,3032,35-44
3056148393,Jessica,Gonzales,73,Femenino,Chicago,Medio,4,14.57,Sí,Sí,Carnes,No,Dato no cargado,april34@example.net,Criptomoneda,3491,65-80
7089646496,James,Wilson,27,Masculino,Chicago,Medio,5,13.7,Sí,Sí,Mariscos,No,+1-951-715-4439x448,Dato no cargado,Efectivo,3394,25-34
1306540283,Rachel,Butler,23,Femenino,Chicago,Medio,4,27.76,Sí,Sí,Carnes,Sí,Dato no cargado,Dato no cargado,Efectivo,2201,18-24
9598391762,Michael,Davis,22,Masculino,Chicago,Muy Alto,10,81.69,Sí,Sí,Otro,Sí,243-410-2303,Dato no cargado,App,16755,18-24
9251215764,Jenna,Atkins,48,Femenino,Chicago,Medio,5,23.9,Sí,Sí,Carnes,No,972.488.3227,Dato no cargado,App,2874,45-54
1946653887,Debbie,Wilson,60,Femenino,Chicago,Alto,6,48.02,No,Sí,Carnes,Sí,001-337-557-1603x12363,julie94@example.net,App,7293,55-64
5074085050,Michael,White,26,Masculino,Chicago,Muy Alto,7,92.9,No,Sí,Mariscos,Sí,3405853976,Dato no cargado,App,16684,25-34
7496691038,Amanda,Nelson,21,Femenino,Chicago,Alto,4,25.6,No,Sí,Carnes,Sí,394-214-8838,Dato no cargado,Efectivo,8187,18-24
2087433127,Casey,Mann,40,Masculino,Chicago,Alto,6,33.92,Sí,Sí,Mariscos,Sí,Dato no cargado,Dato no cargado,App,3536,35-44
7768918933,Kevin,Smith,54,Masculino,Chicago,Bajo,1,8.05,No,Sí,Mariscos,No,Dato no cargado,rodrigueztimothy@example.org,App,1136,45-54
2760127183,James,Ford,68,Masculino,Chicago,Alto,4,22.4,Sí,Sí,Vegetariano,Sí,(534)705-0957x61065,Dato no cargado,Efectivo,6949,65-80
7556046460,Kathleen,Vang,36,Femenino,Chicago,Bajo,1,8.66,No,Sí,Vegetariano,No,Dato no cargado,zlittle@example.net,App,1240,35-44
1210104660,Cheryl,Harrington,62,Femenino,Chicago,Alto,5,29.22,No,Sí,Otro,Sí,+1-883-775-5206x843,Dato no cargado,Efectivo,6065,55-64
4373674167,Jose,Robertson,47,Masculino,Chicago,Bajo,3,6.86,Sí,Sí,Carnes,No,(500)479-5008x4266,davidsmith@example.org,Tarjeta,1394,45-54
5438177295,Amanda,Jackson,32,Femenino,Chicago,Alto,4,58.28,Sí,Sí,Vegano,No,686.301.4742x3862,clarkanita@example.org,Efectivo,4704,25-34
7652478210,John,Williams,69,Masculino,Chicago,Bajo,2,7.53,Sí,Sí,Otro,No,Dato no cargado,Dato no cargado,Efectivo,1400,65-80
2338534633,Mary,Johnson,33,Femenino,Chicago,Medio,3,14.07,No,Sí,Pescado,No,214.999.7658x1213,Dato no cargado,Efectivo,3370,25-34
3850189047,Kathryn,Short,40,Femenino,Chicago,Muy Alto,10,56.85,Sí,No,Pescado,Sí,Dato no cargado,mdavies@example.com,Tarjeta,13031,35-44
9010806382,Michael,Shields,37,Masculino,Chicago,Alto,5,50.75,No,No,Vegetariano,Sí,Dato no cargado,trichardson@example.com,Tarjeta,5080,35-44
7912371493,Aaron,Schroeder,77,Masculino,Chicago,Alto,4,5.89,Sí,No,No informado,Sí,Dato no cargado,holmesernest@example.com,Efectivo,4556,65-80
6867146460,Cameron,Wright,54,Masculino,Chicago,Alto,5,28.84,Sí,No,Vegano,Sí,Dato no cargado,cramirez@example.net,App,8517,45-54
6293789829,Mark,Richards,29,Masculino,Chicago,Muy Alto,6,60.07,Sí,Sí,Carnes,Sí,+1-668-372-5355,carolynperez@example.com,Efectivo,16307,25-34
5262252525,Colton,Montoya,58,Masculino,Chicago,Bajo,3,7.68,Sí,Sí,Vegetariano,No,Dato no cargado,diane94@example.org,Efectivo,1376,55-64
4663167710,Christina,Ball,24,Femenino,Chicago,Alto,4,27.66,Sí,Sí,Carnes,Sí,Dato no cargado,kaylathomas@example.org,Efectivo,4165,18-24
9344351248,Travis,Lee,61,Masculino,Chicago,Medio,3,24.95,No,Sí,Mariscos,Sí,Dato no cargado,michaelevans@example.org,Efectivo,3086,55-64
7432735201,Rodney,Carter,61,Masculino,Chicago,Bajo,0,0.0,Sí,Sí,Carnes,No,Dato no cargado,Dato no cargado,Tarjeta,990,55-64
3231531200,Kaitlin,Lozano,45,Femenino,Chicago,Muy Alto,6,99.83,Sí,Sí,Carnes,Sí,(929)866-7384,Dato no cargado,Efectivo,14007,45-54
2278373421,Christopher,Hart,63,Masculino,Chicago,Bajo,0,0.0,Sí,Sí,Mariscos,No,(987)938-8888x32647,Dato no cargado,Efectivo,1466,55-64
7958672456,Chad,Spence,76,Masculino,Chicago,Bajo,2,5.61,No,Sí,Vegetariano,No,001-254-588-3970x2712,zwilliams@example.org,Tarjeta,1491,65-80
7041433982,Ashley,Dixon,24,Femenino,Chicago,Bajo,1,8.57,No,Sí,Carnes,No,+1-890-589-7682x4273,erikobrien@example.net,App,1136,18-24
1582709185,Isaac,Bond,57,Masculino,Chicago,Bajo,2,9.04,Sí,No,Vegano,No,001-220-911-8316x6169,Dato no cargado,Efectivo,1142,55-64
1509006662,Amanda,Maxwell,79,Femenino,Chicago,Medio,4,22.42,Sí,Sí,Carnes,No,Dato no cargado,vincent72@example.net,Efectivo,3288,65-80
5115068398,Brent,Winters,32,Masculino,Chicago,Bajo,1,6.92,No,No,Otro,No,Dato no cargado,ydunn@example.net,Criptomoneda,1200,25-34
2283917499,Jennifer,Howe,32,Femenino,Chicago,Muy Alto,10,14.27,Sí,No,Vegetariano,Sí,+1-336-612-2921x72354,christophermartin@example.org,Efectivo,10695,25-34
6473167257,Katherine,Melton,56,Femenino,Chicago,Bajo,0,0.0,No,Sí,Carnes,No,(334)694-8260,Dato no cargado,Efectivo,958,55-64
4547789215,Linda,Cross,40,Femenino,Chicago,Alto,6,53.56,No,No,Vegano,No,4928243300,Dato no cargado,Efectivo,8243,35-44
4883466415,Amanda,Conrad,70,Femenino,Chicago,Alto,5,37.7,No,Sí,Otro,No,4149069686,angel21@example.net,Efectivo,7206,65-80
2070025912,Gabriela,Hoover,22,Femenino,Chicago,Medio,3,7.19,No,Sí,Carnes,Sí,923-543-1837x0344,ewoods@example.com,App,1955,18-24
5537659145,Sandra,Oneal,68,Femenino,Chicago,Medio,4,22.29,No,Sí,Vegetariano,No,(384)576-6665x544,marshmolly@example.net,Tarjeta,2487,65-80
1293864877,Amy,Lee,56,Femenino,Chicago,Medio,3,12.41,No,No,Vegetariano,No,Dato no cargado,Dato no cargado,Tarjeta,2269,55-64
8026411428,Ruben,Gill,73,Masculino,Chicago,Medio,2,9.31,No,Sí,Pescado,Sí,Dato no cargado,stevenjones@example.net,Efectivo,1816,65-80
4848961403,Evelyn,Cohen,53,Femenino,Chicago,Alto,6,16.33,Sí,No,Otro,Sí,Dato no cargado,josephstanton@example.org,Efectivo,7189,45-54
9388140708,Anthony,Allen,53,Masculino,Chicago,Medio,5,28.63,Sí,Sí,Vegetariano,No,+1-391-916-4260x625,Dato no cargado,Efectivo,1776,45-54
7196288429,Jonathan,Robertson,52,Masculino,Chicago,Bajo,0,0.0,No,No,Carnes,No,Dato no cargado,austin64@example.net,Efectivo,862,45-54
1610693353,Derrick,Smith,41,Masculino,Chicago,Alto,4,22.97,No,No,Vegetariano,Sí,Dato no cargado,Dato no cargado,Tarjeta,4322,35-44
4343361778,Anthony,Miles,67,Masculino,Chicago,Medio,3,12.82,Sí,No,No informado,No,Dato no cargado,alisondiaz@example.com,Efectivo,2165,65-80
7135542712,Thomas,Pacheco,40,Masculino,Chicago,Bajo,2,9.69,No,No,Pescado,No,Dato no cargado,michaelpark@example.com,Tarjeta,1026,35-44
9528742737,Charles,Stephens,76,Masculino,Chicago,Alto,4,5.75,No,No,Pescado,Sí,Dato no cargado,Dato no cargado,App,7601,65-80
2131706557,Travis,Herrera,79,Masculino,Chicago,Medio,3,18.54,No,Sí,No informado,No,759-688-1196,patrick23@example.org,Tarjeta,1765,65-80
6161147047,Thomas,Duke,36,Masculino,Chicago,Alto,4,29.73,No,Sí,Mariscos,No,503.697.0693x051,anthonybuchanan@example.net,Efectivo,4117,35-44
7512311568,Jamie,Holmes,52,Femenino,Chicago,Muy Alto,8,96.94,No,No,Carnes,Sí,886.588.8141x0150,harperjonathan@example.net,Efectivo,14150,45-54
3817151728,Donna,Watson,77,Femenino,Chicago,Alto,5,35.9,No,Sí,Otro,Sí,+1-393-563-5223x5255,Dato no cargado,Efectivo,8355,65-80
4006956201,David,Smith,35,Masculino,Chicago,Medio,3,9.13,Sí,No,Carnes,No,Dato no cargado,andrewmeyers@example.com,Tarjeta,3016,35-44
5657724657,Monique,Johnson,43,Femenino,Chicago,Medio,2,26.21,Sí,No,Vegetariano,No,Dato no cargado,randall57@example.com,Tarjeta,3208,35-44
5340522065,Michael,Perry,35,Masculino,Chicago,Bajo,2,7.16,No,No,Otro,No,742-305-6706x246,roger38@example.net,Efectivo,972,35-44
2895713954,Robert,French,51,Masculino,Chicago,Bajo,3,8.74,No,Sí,Carnes,No,001-460-854-9722x2777,Dato no cargado,App,1315,45-54
3874327055,Erik,Perry,18,Masculino,Chicago,Bajo,0,0.0,No,Sí,No informado,No,Dato no cargado,pamelaholmes@example.com,Tarjeta,1477,18-24
7937993287,Steven,Gaines,73,Masculino,Chicago,Alto,5,11.93,Sí,Sí,Mariscos,No,+1-496-624-3517,Dato no cargado,Efectivo,5455,65-80
8490096480,Jason,Singleton,68,Masculino,Chicago,Muy Alto,5,38.59,Sí,No,Carnes,Sí,(921)237-8369x0745,Dato no cargado,Efectivo,12193,65-80
4204554350,Tanya,Smith,62,Femenino,Chicago,Medio,4,16.46,No,Sí,Pescado,No,463-541-5751x7769,Dato no cargado,Tarjeta,2054,55-64
8614563485,Ryan,Larson,40,Masculino,Chicago,Medio,4,18.65,No,Sí,Pescado,Sí,Dato no cargado,Dato no cargado,App,2831,35-44
2242507300,Scott,Anderson,59,Masculino,Chicago,Alto,6,29.53,Sí,Sí,Carnes,Sí,Dato no cargado,stuart85@example.org,Tarjeta,5593,55-64
3415175992,Steven,Floyd,40,Masculino,Chicago,Muy Alto,5,57.65,No,Sí,Carnes,Sí,+1-431-817-4700,kristin52@example.org,Efectivo,14335,35-44
1650896650,Bruce,Rivera,45,Masculino,Chicago,Medio,5,18.53,No,Sí,Carnes,No,Dato no cargado,thomasdonna@example.net,Efectivo,3375,45-54
2949597857,Patrick,Salas,18,Masculino,Chicago,Alto,6,7.62,Sí,Sí,Otro,Sí,001-428-789-8372x7573,johnbaker@example.net,Efectivo,8746,18-24
4296398330,Frank,Thomas,30,Masculino,Chicago,Medio,3,29.12,No,Sí,Carnes,No,(545)682-1878x6578,stephanie93@example.net,Efectivo,2423,25-34
8444621162,Melissa,Lawrence,18,Femenino,Chicago,Alto,5,48.07,Sí,Sí,Carnes,Sí,Dato no cargado,kayla88@example.net,Tarjeta,8902,18-24
3470569511,Brenda,Harper,27,Femenino,Chicago,Medio,2,19.19,No,Sí,Carnes,No,Dato no cargado,Dato no cargado,Efectivo,2494,25-34
4487053308,Brenda,Johnson,74,Femenino,Chicago,Alto,4,41.89,No,Sí,Pescado,Sí,001-400-201-4180x537,bethany71@example.net,App,8763,65-80
1011675672,Christopher,Lee,40,Masculino,Chicago,Medio,2,25.13,No,No,Vegetariano,No,Dato no cargado,tyronediaz@example.com,Efectivo,2077,35-44
6317152031,Anna,Grant,32,Femenino,Chicago,Bajo,0,0.0,No,No,Vegano,No,Dato no cargado,Dato no cargado,App,1384,25-34
9209984962,John,Jones,64,Masculino,Chicago,Medio,2,26.84,No,Sí,Otro,Sí,Dato no cargado,brownlance@example.org,Tarjeta,2976,55-64
7076189796,Mary,Rhodes,42,Femenino,Chicago,Alto,4,27.22,No,No,Vegetariano,Sí,304-548-3970,Dato no cargado,Tarjeta,4074,35-44
2363768949,Dawn,Mooney,32,Femenino,Chicago,Bajo,2,7.16,No,Sí,Vegano,No,Dato no cargado,Dato no cargado,Efectivo,810,25-34
4597372574,Meagan,Williams,41,Femenino,Chicago,Medio,5,14.63,No,Sí,Pescado,No,9694588799,kennethperez@example.org,Efectivo,3405,35-44
7546240535,Elizabeth,Hicks,32,Femenino,Chicago,Medio,4,7.89,Sí,No,Carnes,No,558.825.7610x58821,lauren41@example.org,Efectivo,3473,25-34
8309221034,Terri,Rivera,21,Femenino,Chicago,Bajo,0,0.0,Sí,Sí,Vegetariano,No,Dato no cargado,bergerjill@example.com,Efectivo,1538,18-24
9330271923,Douglas,Becker,66,Masculino,Chicago,Alto,4,14.89,No,Sí,Vegano,Sí,Dato no cargado,garrisonscott@example.com,Efectivo,6682,65-80
3744992252,Kathy,Taylor,80,Femenino,Chicago,Alto,4,44.6,No,No,Vegetariano,No,Dato no cargado,odavis@example.com,Efectivo,5739,65-80
5213224075,Jennifer,Green,66,Femenino,Chicago,Bajo,2,7.95,Sí,Sí,No informado,No,941-449-3258,vbutler@example.com,Efectivo,1360,65-80
4207084654,Vincent,Baker,52,Masculino,Chicago,Alto,5,25.92,No,Sí,Pescado,Sí,Dato no cargado,Dato no cargado,Tarjeta,4997,45-54
5919148165,Sara,Miller,19,Femenino,Chicago,Alto,6,52.55,No,Sí,Carnes,No,001-701-805-7732x7642,zknox@example.com,App,4086,18-24
2082465722,Lauren,Colon,77,Femenino,Chicago,Muy Alto,7,42.45,Sí,No,Vegano,Sí,Dato no cargado,Dato no cargado,App,10265,65-80
9125107953,Sheri,Hernandez,71,Femenino,Chicago,Muy Alto,6,33.8,No,No,Vegano,Sí,Dato no cargado,colemanmichael@example.org,Efectivo,14312,65-80
6411656874,Karen,Spencer,53,Femenino,Chicago,Alto,6,44.5,Sí,No,Vegetariano,Sí,Dato no cargado,Dato no cargado,Efectivo,6179,45-54
5255564152,Evan,Conner,69,Masculino,Chicago,Medio,2,11.85,No,Sí,Otro,No,Dato no cargado,hallbrianna@example.com,App,3057,65-80
2571688961,Curtis,Martinez,59,Masculino,Chicago,Alto,5,59.62,No,No,Carnes,No,+1-241-883-8143x8474,Dato no cargado,Efectivo,5547,55-64
3891318104,Mariah,Martinez,71,Femenino,Chicago,Bajo,0,0.0,Sí,No,Vegetariano,No,Dato no cargado,Dato no cargado,Tarjeta,838,65-80
1731842888,James,Williams,24,Masculino,Chicago,Bajo,0,0.0,Sí,No,Mariscos,No,Dato no cargado,racheledwards@example.org,Tarjeta,1118,18-24
5773749304,Henry,Washington,76,Masculino,Chicago,Alto,4,52.25,Sí,No,Carnes,Sí,596.718.9349x81845,johnblair@example.net,Efectivo,5263,65-80
1800960335,Jason,Hebert,42,Masculino,Chicago,Muy Alto,7,66.85,Sí,No,Carnes,Sí,Dato no cargado,Dato no cargado,App,13409,35-44
5453761971,Kimberly,Glover,34,Femenino,Chicago,Alto,5,52.12,Sí,No,Mariscos,Sí,301.925.6000,Dato no cargado,Criptomoneda,7425,25-34
4673946519,William,Cook,60,Masculino,Chicago,Medio,2,20.41,No,No,Otro,No,001-995-519-5988,Dato no cargado,Efectivo,2470,55-64
1554004364,Jason,Diaz,50,Masculino,Chicago,Alto,5,44.77,Sí,Sí,Vegetariano,No,001-285-390-8454x7785,Dato no cargado,Tarjeta,5663,45-54
6369828508,Anthony,Bond,79,Masculino,Chicago,Muy Alto,7,58.51,No,Sí,Vegetariano,Sí,Dato no cargado,gregoryallen@example.com,Tarjeta,13619,65-80
9417291377,Elizabeth,Lyons,27,Femenino,Chicago,Alto,6,5.77,Sí,Sí,Pescado,Sí,+1-428-382-2478x710,Dato no cargado,App,7109,25-34
4497202106,Joshua,Baker,61,Masculino,Chicago,Medio,3,11.47,Sí,Sí,Carnes,No,501-897-5587,Dato no cargado,App,3188,55-64
2501727423,Nicholas,Glenn,29,Masculino,Chicago,Medio,4,18.84,Sí,Sí,Vegetariano,No,Dato no cargado,zcollins@example.net,Efectivo,3076,25-34
5903093758,James,Gillespie,75,Masculino,Chicago,Bajo,0,0.0,Sí,No,Otro,No,478.516.0078x17301,dianawoods@example.org,App,1231,65-80
9614593325,Michael,James,22,Masculino,Chicago,Alto,6,9.9,No,Sí,Vegano,Sí,Dato no cargado,Dato no cargado,Tarjeta,6832,18-24
1520818836,Samantha,Kramer,33,Femenino,Chicago,Alto,6,50.57,No,Sí,Otro,Sí,375.269.3501x677,agray@example.org,Criptomoneda,7696,25-34
4058034404,Amanda,Sellers,31,Femenino,Chicago,Bajo,2,8.35,Sí,No,Otro,No,+1-447-773-9706,Dato no cargado,Tarjeta,1226,25-34
3301691543,Robert,Martinez,34,Masculino,Chicago,Alto,6,24.46,Sí,No,Vegetariano,No,Dato no cargado,margaret08@example.com,App,4209,25-34
4211999973,Amy,Burke,72,Femenino,Chicago,Muy Alto,7,61.3,No,No,Pescado,Sí,Dato no cargado,Dato no cargado,Tarjeta,11367,65-80
2904383663,Kathleen,Parker,76,Femenino,Chicago,Alto,5,42.42,No,No,Vegetariano,Sí,Dato no cargado,wilsonkathleen@example.com,Efectivo,7423,65-80
2838278841,Mark,Stark,52,Masculino,Chicago,Medio,3,17.33,Sí,Sí,Vegetariano,Sí,Dato no cargado,Dato no cargado,App,3268,45-54
6940229940,Michael,Gonzalez,51,Masculino,Chicago,Muy Alto,7,69.66,No,Sí,Vegetariano,Sí,Dato no cargado,Dato no cargado,Efectivo,16972,45-54
8618210761,Joseph,Campbell,44,Masculino,Chicago,Medio,4,15.71,Sí,No,No informado,Sí,001-201-514-0971x271,dunlapmelanie@example.com,App,2034,35-44
8743799782,Bill,Lopez,66,Masculino,Chicago,Alto,4,48.8,No,Sí,Mariscos,Sí,508-580-8627x7094,Dato no cargado,Efectivo,4041,65-80
3492744436,Timothy,Perez,76,Masculino,Chicago,Medio,3,22.57,No,No,Vegano,No,(782)969-9766x83455,Dato no cargado,Efectivo,2217,65-80
9512199444,Michelle,Bush,69,Femenino,Chicago,Alto,6,33.01,No,Sí,Vegetariano,Sí,Dato no cargado,Dato no cargado,Efectivo,4822,65-80
4988516887,Brandy,French,72,Femenino,Chicago,Alto,6,36.85,Sí,Sí,Carnes,Sí,783-662-3097x397,Dato no cargado,App,8297,65-80
9672229635,Christine,Roy,55,Femenino,Chicago,Alto,5,51.8,Sí,No,Carnes,Sí,760.991.5953x1277,Dato no cargado,Efectivo,4957,55-64
8934252467,Mary,Navarro,68,Femenino,Chicago,Alto,6,18.68,No,Sí,Carnes,No,878-495-6931x3203,martha37@example.net,Efectivo,5601,65-80
5549509559,Sabrina,Nelson,68,Femenino,Chicago,Bajo,0,0.0,No,Sí,Vegano,No,Dato no cargado,Dato no cargado,Tarjeta,997,65-80
2664260498,David,Kline,77,Masculino,Chicago,Alto,6,51.86,No,No,Carnes,Sí,Dato no cargado,Dato no cargado,Tarjeta,8210,65-80
4401334161,Elijah,Larson,38,Masculino,Chicago,Alto,5,31.61,No,No,Vegetariano,Sí,(964)296-3289x5982,marc86@example.org,App,8820,35-44
2994030019,Spencer,Chambers,27,Masculino,Chicago,Muy Alto,10,12.89,Sí,Sí,Vegano,Sí,Dato no cargado,Dato no cargado,Tarjeta,13530,25-34
1229795618,Travis,Martinez,67,Masculino,Chicago,Alto,5,36.14,Sí,Sí,Vegano,Sí,Dato no cargado,sherryfranklin@example.net,Efectivo,4608,65-80
9857430687,Jon,Parker,36,Masculino,Chicago,Medio,4,29.23,Sí,Sí,Vegetariano,No,001-439-598-7537,cantrellmary@example.org,Efectivo,1894,35-44
1206438636,Linda,Thomas,23,Femenino,Chicago,Medio,4,7.05,No,Sí,Carnes,No,Dato no cargado,michaelward@example.org,App,2277,18-24
6492964995,Alan,Martinez,72,Masculino,Chicago,Alto,5,33.82,Sí,No,Vegano,No,Dato no cargado,Dato no cargado,App,4765,65-80
1359522952,Isaac,Jordan,44,Masculino,Chicago,Alto,4,47.39,Sí,Sí,Carnes,Sí,Dato no cargado,Dato no cargado,App,8233,35-44
4711124419,David,Valdez,73,Masculino,Chicago,Alto,5,5.52,Sí,No,Carnes,Sí,Dato no cargado,Dato no cargado,Tarjeta,8662,65-80
7634733850,Janet,Petersen,20,Femenino,Chicago,Bajo,2,8.14,Sí,Sí,Vegano,No,Dato no cargado,Dato no cargado,Tarjeta,877,18-24
5509198437,Jennifer,Bond,44,Femenino,Chicago,Alto,6,45.12,Sí,No,Otro,Sí,Dato no cargado,johnsonjacqueline@example.net,Tarjeta,6693,35-44
9516253467,Megan,Colon,65,Femenino,Chicago,Alto,5,48.31,No,Sí,Carnes,No,Dato no cargado,Dato no cargado,Efectivo,3798,65-80
8936809129,Michele,Todd,68,Femenino,Chicago,Alto,6,42.35,Sí,Sí,Mariscos,No,001-879-580-9774x984,qnguyen@example.net,Tarjeta,8033,65-80
8358182817,Robert,Mcdaniel,24,Masculino,Chicago,Alto,4,28.88,Sí,No,Mariscos,Sí,Dato no cargado,Dato no cargado,Efectivo,3679,18-24
9376752160,Travis,Clarke,51,Masculino,Chicago,Medio,3,6.19,Sí,Sí,Carnes,No,670.956.5993x8095,scottjason@example.com,Efectivo,1931,45-54
7696758491,Rodney,Wright,65,Masculino,Chicago,Medio,2,14.9,No,No,Mariscos,No,+1-295-726-9322x803,Dato no cargado,App,2662,65-80
8632910891,Lori,Wilson,69,Femenino,Chicago,Medio,2,12.06,No,Sí,Vegetariano,No,001-430-337-6360x48368,brian36@example.com,App,2312,65-80
6884161090,Teresa,Cisneros,69,Femenino,Chicago,Alto,5,5.68,No,No,Vegetariano,Sí,Dato no cargado,frank54@example.net,App,3822,65-80
7568861677,Richard,Gay,78,Masculino,Chicago,Alto,6,27.16,Sí,No,Vegetariano,Sí,750.403.7348,Dato no cargado,Tarjeta,8297,65-80
6349250098,George,Scott,51,Masculino,Chicago,Bajo,2,6.54,No,Sí,Carnes,No,Dato no cargado,Dato no cargado,App,1150,45-54
5527712344,Rebecca,Hall,22,Femenino,Chicago,Medio,4,5.61,Sí,Sí,Vegano,No,Dato no cargado,shannon84@example.net,App,1671,18-24
8565577212,John,Grant,77,Masculino,Chicago,Alto,4,24.78,No,No,Vegetariano,No,379.399.4402,Dato no cargado,App,3505,65-80
8813093631,James,Lawrence,23,Masculino,Chicago,Muy Alto,5,95.77,Sí,Sí,Carnes,Sí,Dato no cargado,lestrada@example.com,App,17258,18-24
1603430796,Devin,Hernandez,46,Masculino,Chicago,Alto,5,20.66,Sí,Sí,Pescado,Sí,8337391798,Dato no cargado,App,5645,45-54
8178927766,Sandra,Klein,65,Femenino,Chicago,Bajo,2,9.91,Sí,No,Vegetariano,No,Dato no cargado,Dato no cargado,Tarjeta,1112,65-80
1425403685,Steve,Wells,33,Masculino,Chicago,Medio,2,23.25,No,No,Mariscos,No,Dato no cargado,Dato no cargado,App,2232,25-34
9620361356,Melissa,Walker,65,Femenino,Chicago,Bajo,3,5.16,No,Sí,Carnes,No,Dato no cargado,keithjohnson@example.com,Efectivo,941,65-80
9999392774,Monica,Sparks,60,Femenino,Chicago,Medio,4,9.14,No,Sí,Vegetariano,Sí,(968)563-4217x233,Dato no cargado,Efectivo,2692,55-64
2518896137,Joseph,Washington,22,Masculino,Chicago,Bajo,2,8.43,Sí,Sí,Vegano,No,001-299-414-0933x917,zsmith@example.net,Tarjeta,928,18-24
6898194953,Michael,Nelson,30,Masculino,Chicago,Medio,4,28.41,Sí,Sí,Otro,No,480.934.7465x93172,sarah58@example.net,Tarjeta,2822,25-34
4085157909,Terry,Sanders,76,Masculino,Chicago,Alto,4,33.91,Sí,No,Mariscos,Sí,001-512-838-9436x82604,keithmcgee@example.com,App,3568,65-80
2500067961,Tammy,Woods,74,Femenino,Chicago,Alto,6,58.41,Sí,Sí,Otro,Sí,+1-797-262-8944x123,Dato no cargado,Efectivo,5428,65-80
7936518351,Larry,Lawson,76,Masculino,Chicago,Bajo,2,7.14,No,No,Pescado,No,Dato no cargado,heathersalas@example.net,Efectivo,1334,65-80
6865083405,Jonathan,Richard,65,Masculino,Chicago,Alto,6,19.45,No,No,Vegano,Sí,Dato no cargado,Dato no cargado,Tarjeta,6470,65-80
2944466344,Danny,Hall,61,Masculino,Chicago,Alto,5,6.1,Sí,No,Vegetariano,Sí,Dato no cargado,Dato no cargado,App,7616,55-64
3269149771,James,Khan,36,Masculino,Chicago,Medio,4,9.26,Sí,No,Mariscos,No,Dato no cargado,Dato no cargado,Efectivo,1827,35-44
8385525619,Nichole,Sherman,46,Femenino,Chicago,Medio,4,22.31,No,Sí,No informado,No,(352)845-1609x69330,Dato no cargado,Efectivo,2471,45-54
7824150224,Mario,Colon,62,Masculino,Chicago,Medio,3,26.25,No,Sí,Otro,No,927-802-2826,Dato no cargado,Efectivo,2699,55-64
1621956500,Gary,Ray,75,Masculino,Chicago,Alto,4,48.05,No,No,Vegano,Sí,3009339240,Dato no cargado,App,7393,65-80
1407845552,Tiffany,Simpson,44,Femenino,Chicago,Muy Alto,5,31.19,Sí,Sí,Vegano,Sí,Dato no cargado,michael59@example.org,Efectivo,17996,35-44
6435386969,Tyrone,Fritz,25,Masculino,Chicago,Medio,2,6.2,Sí,Sí,No informado,No,Dato no cargado,Dato no cargado,Efectivo,3266,25-34
4498569163,Michele,Parker,71,Femenino,Chicago,Bajo,2,9.22,No,No,Otro,No,(800)379-5288,daniel26@example.net,Efectivo,948,65-80
8387800067,Alec,Daniels,74,Masculino,Chicago,Medio,2,10.83,Sí,Sí,Carnes,No,Dato no cargado,daisy93@example.com,Tarjeta,2025,65-80
6884723824,Nicole,Thompson,24,Femenino,Chicago,Medio,2,19.95,No,Sí,Carnes,No,001-339-934-5174x79398,zvasquez@example.org,App,2258,18-24
9682228114,Joseph,Nelson,49,Masculino,Chicago,Alto,5,51.85,Sí,Sí,Otro,No,+1-957-442-7550,qhernandez@example.com,Tarjeta,3891,45-54
5462755741,Connor,Cook,54,Masculino,Chicago,Muy Alto,10,49.55,No,No,Pescado,Sí,(697)482-9381x992,Dato no cargado,Efectivo,14803,45-54
5753416961,Barbara,Wood,32,Femenino,Chicago,Alto,6,23.23,Sí,No,Carnes,No,Dato no cargado,Dato no cargado,Tarjeta,8731,25-34
8853552985,Micheal,James,47,Masculino,Chicago,Bajo,2,9.19,Sí,No,Vegetariano,No,884.514.9005,Dato no cargado,Criptomoneda,1190,45-54
8359880081,Daniel,Ward,23,Masculino,Chicago,Alto,5,7.86,No,Sí,Mariscos,Sí,594.231.7151x404,lisafranklin@example.com,Efectivo,4499,18-24
4939455049,Bailey,White,61,Femenino,Chicago,Alto,4,18.35,Sí,No,Vegetariano,Sí,Dato no cargado,yhicks@example.com,Efectivo,6593,55-64
2335341910,Alyssa,Hart,76,Femenino,Chicago,Alto,6,51.2,No,Sí,Vegano,Sí,519.483.4047,umoreno@example.com,Tarjeta,5835,65-80
8535778901,Joseph,Ramirez,73,Masculino,Chicago,Medio,3,21.44,Sí,No,Carnes,No,571-395-3142x45519,shannoncox@example.net,Efectivo,2757,65-80
4562466214,Mary,Payne,74,Femenino,Chicago,Bajo,0,0.0,No,No,Otro,No,468.393.6629x748,tjacobs@example.com,Efectivo,1078,65-80
1094279735,Jennifer,Shaw,60,Femenino,Chicago,Medio,3,8.29,Sí,No,Carnes,No,Dato no cargado,Dato no cargado,Tarjeta,2186,55-64
7143189785,Eric,Smith,19,Masculino,Chicago,Alto,4,6.72,Sí,Sí,Vegetariano,Sí,+1-880-761-2998x85659,simmonsmichael@example.net,App,5962,18-24
4405620755,David,Cook,67,Masculino,Chicago,Alto,6,42.56,No,No,Carnes,No,(253)407-8807x3161,tsmith@example.com,App,4694,65-80
6634220266,Benjamin,Hall,68,Masculino,Chicago,Medio,4,23.29,Sí,No,Mariscos,No,Dato no cargado,Dato no cargado,Efectivo,1699,65-80
1766734367,John,Black,55,Masculino,Chicago,Bajo,0,0.0,No,No,Otro,No,Dato no cargado,Dato no cargado,Tarjeta,1531,55-64
5864080545,Morgan,Oliver,41,Femenino,Chicago,Muy Alto,10,74.07,Sí,No,Otro,Sí,Dato no cargado,johnsonfrank@example.org,App,14210,35-44
5641159106,Benjamin,Adkins,52,Masculino,Chicago,Bajo,3,9.91,No,Sí,Otro,No,3379975339,wilkersonrebecca@example.net,App,865,45-54
8291250562,Tara,Ward,27,Femenino,Chicago,Bajo,1,5.5,Sí,Sí,Vegetariano,No,(702)555-2661x1085,pattersonshaun@example.org,Tarjeta,1190,25-34
5110715721,Lauren,Padilla,44,Femenino,Chicago,Muy Alto,7,39.4,No,Sí,Otro,Sí,Dato no cargado,Dato no cargado,Efectivo,9324,35-44
1044818985,Alicia,Ellis,46,Femenino,Chicago,Alto,5,43.52,No,Sí,Otro,No,9607587348,cameron30@example.net,Tarjeta,6411,45-54
7100860032,Megan,Fischer,24,Femenino,Chicago,Alto,5,30.37,Sí,Sí,Vegano,Sí,+1-243-407-9679x5481,james12@example.org,Tarjeta,3784,18-24
9435403787,Miguel,Sutton,54,Masculino,Chicago,Muy Alto,6,28.5,Sí,No,Pescado,Sí,335.721.1117,pwhite@example.org,Efectivo,14431,45-54
5503145079,Timothy,Sanchez,30,Masculino,Chicago,Muy Alto,9,66.47,No,Sí,Vegetariano,Sí,Dato no cargado,zimmermanpatricia@example.com,Tarjeta,14459,25-34
8062761823,Eric,Khan,36,Masculino,Chicago,Bajo,2,7.84,Sí,No,Mariscos,No,Dato no cargado,Dato no cargado,Efectivo,970,35-44
6250416551,Matthew,Lopez,57,Masculino,Chicago,Medio,4,25.81,Sí,No,Vegetariano,No,Dato no cargado,matthew02@example.com,Efectivo,3393,55-64
9316530749,Austin,Shaffer,73,Masculino,Chicago,Medio,4,15.53,Sí,No,Vegano,No,958-578-1557x957,Dato no cargado,Efectivo,1636,65-80
6028276047,Vincent,Martinez,55,Masculino,Chicago,Muy Alto,5,30.65,Sí,No,Mariscos,Sí,Dato no cargado,melissa00@example.org,Tarjeta,17286,55-64
4641902461,Michelle,Thomas,38,Femenino,Chicago,Muy Alto,10,8.46,No,Sí,Pescado,Sí,Dato no cargado,Dato no cargado,Efectivo,9948,35-44
3700768869,Matthew,Waters,46,Masculino,Chicago,Medio,4,14.37,Sí,Sí,Carnes,No,Dato no cargado,Dato no cargado,Efectivo,2341,45-54
6536106121,Scott,Lynch,36,Masculino,Chicago,Alto,4,24.57,No,Sí,Vegetariano,Sí,Dato no cargado,Dato no cargado,Efectivo,4251,35-44
3801661893,Courtney,Thompson,44,Femenino,Chicago,Medio,4,8.66,No,No,No informado,No,001-463-825-1667x68280,douglas68@example.net,Efectivo,3032,35-44
6685698338,Jordan,Baldwin,56,Masculino,Chicago,Muy Alto,7,68.81,No,Sí,Vegano,Sí,669.593.3379x05678,Dato no cargado,Efectivo,13160,55-64
9716199001,Maria,Jackson,27,Femenino,Chicago,Medio,2,5.55,No,Sí,Otro,No,Dato no cargado,Dato no cargado,App,1917,25-34
6605950149,Michael,Brooks,80,Masculino,Chicago,Alto,5,39.46,Sí,No,Pescado,Sí,001-847-409-0043,brandondorsey@example.net,Tarjeta,4175,65-80
5892985710,Melissa,Glover,25,Femenino,Chicago,Alto,4,58.95,No,Sí,Carnes,Sí,Dato no cargado,wross@example.org,Efectivo,7287,25-34
6180349787,Thomas,Delgado,22,Masculino,Chicago,Alto,4,47.89,No,Sí,Carnes,No,Dato no cargado,jennifer79@example.com,Efectivo,5820,18-24
7709334952,Nicole,Manning,57,Femenino,Chicago,Muy Alto,6,77.85,Sí,Sí,No informado,No,Dato no cargado,daniel85@example.com,Efectivo,16324,55-64
7004705268,Steven,Edwards,51,Masculino,Chicago,Muy Alto,8,79.62,No,No,Vegetariano,Sí,(484)838-6650,manuel03@example.net,Efectivo,13239,45-54
3212777747,Garrett,Hogan,25,Masculino,Chicago,Bajo,1,5.98,No,Sí,No informado,No,207.731.9979x935,Dato no cargado,Tarjeta,832,25-34
6334395858,Jonathan,Vargas,47,Masculino,Chicago,Bajo,1,9.14,No,Sí,Otro,No,Dato no cargado,justinoconnor@example.net,Tarjeta,1561,45-54
2908610750,Tiffany,Ross,79,Femenino,Chicago,Medio,3,5.02,Sí,Sí,Carnes,No,(580)907-8064,Dato no cargado,App,1968,65-80
1436793686,Jamie,Smith,33,Masculino,Chicago,Alto,5,58.37,No,No,Vegano,Sí,Dato no cargado,jmiller@example.net,Efectivo,8311,25-34
1665709556,Amanda,Williamson,34,Femenino,Chicago,Muy Alto,10,57.37,No,No,Pescado,Sí,5317266674,Dato no cargado,App,15884,25-34
3231461031,Mason,Cox,51,Masculino,Chicago,Medio,4,11.67,Sí,No,No informado,No,Dato no cargado,marissajohnson@example.net,Efectivo,3453,45-54
6461832733,Eric,Harrison,28,Masculino,Chicago,Muy Alto,9,88.24,No,No,Carnes,Sí,953.205.1460x2127,Dato no cargado,Tarjeta,16284,25-34
3296407811,Veronica,Hughes,21,Femenino,Chicago,Medio,5,7.93,Sí,Sí,Carnes,Sí,Dato no cargado,tiffanyvaughn@example.com,Tarjeta,3370,18-24
9007131748,Lori,Reynolds,27,Femenino,Chicago,Bajo,3,5.4,No,No,Carnes,No,Dato no cargado,elizabeth74@example.net,Efectivo,1460,25-34
1051457286,Mariah,Davis,26,Femenino,Chicago,Muy Alto,10,68.48,Sí,No,Carnes,Sí,001-248-222-3081x53864,willie02@example.net,App,14365,25-34
4088047273,Matthew,Ayala,49,Masculino,Chicago,Muy Alto,7,42.59,Sí,No,Otro,Sí,Dato no cargado,charles28@example.net,Tarjeta,14833,45-54
8122175393,Ivan,Phillips,72,Masculino,Chicago,Medio,2,22.34,Sí,No,Vegano,No,+1-848-330-0403x7099,veronica18@example.com,App,3480,65-80
4501648602,Rebecca,Ray,72,Femenino,Chicago,Muy Alto,8,52.13,Sí,No,Mariscos,Sí,001-589-444-6103x03706,Dato no cargado,Tarjeta,16226,65-80
4361067828,Ryan,Wade,62,Masculino,Chicago,Medio,3,12.82,No,No,Mariscos,No,Dato no cargado,Dato no cargado,Efectivo,3220,55-64
1362895954,Melissa,Pineda,78,Femenino,Chicago,Medio,4,6.18,No,No,Pescado,No,Dato no cargado,douglaslisa@example.com,Efectivo,3355,65-80
8421742187,Martha,Cooper,29,Femenino,Chicago,Bajo,3,9.98,Sí,Sí,Carnes,No,Dato no cargado,Dato no cargado,Efectivo,1156,25-34
2515507460,Jessica,White,67,Femenino,Chicago,Muy Alto,5,15.36,No,Sí,Otro,Sí,001-979-837-6320x155,Dato no cargado,Tarjeta,17072,65-80
4314250445,Nancy,Bowman,55,Femenino,Chicago,Muy Alto,8,54.62,Sí,Sí,Carnes,Sí,Dato no cargado,Dato no cargado,App,14404,55-64
3953683132,Brett,Grimes,43,Masculino,Chicago,Alto,4,58.79,Sí,No,Vegetariano,Sí,(435)989-7733x77244,Dato no cargado,Efectivo,6637,35-44
7442885001,Lisa,Young,65,Femenino,Chicago,Muy Alto,9,20.07,Sí,No,Carnes,Sí,(786)729-9876x76250,andersoneric@example.net,Efectivo,10386,65-80
9528346689,Richard,Lopez,63,Masculino,Chicago,Medio,4,11.65,Sí,Sí,Vegetariano,No,+1-527-223-8411x12925,jeanetteperez@example.com,Efectivo,3224,55-64
7527316141,Marcus,Jones,57,Masculino,Chicago,Muy Alto,7,7.08,Sí,No,Vegano,Sí,969-888-2902x97775,Dato no cargado,Efectivo,16911,55-64
3749531458,Brian,Schwartz,64,Masculino,Chicago,Alto,4,50.59,Sí,Sí,Vegetariano,Sí,3773887961,mckinneywilliam@example.com,Efectivo,4131,55-64
1678361354,Tammy,Allen,69,Femenino,Chicago,Bajo,3,7.85,Sí,Sí,Mariscos,No,971.305.1193x33231,Dato no cargado,Efectivo,849,65-80
8343972092,Christine,Smith,31,Femenino,Chicago,Medio,2,28.51,No,Sí,Carnes,No,Dato no cargado,nlucas@example.net,App,1853,25-34
7614577136,Calvin,Hanson,77,Masculino,Chicago,Alto,5,8.75,Sí,No,Vegano,Sí,296-265-9472,Dato no cargado,Efectivo,6552,65-80
2095662785,Manuel,Nguyen,24,Masculino,Chicago,Alto,5,46.52,No,Sí,Vegetariano,Sí,Dato no cargado,kiddstephanie@example.org,Efectivo,8443,18-24
8594590645,Denise,Brown,69,Femenino,Chicago,Alto,5,20.91,Sí,Sí,Mariscos,No,Dato no cargado,tiffany81@example.org,Tarjeta,3876,65-80
9955231796,Willie,Ryan,30,Masculino,Chicago,Muy Alto,6,82.22,No,Sí,Vegetariano,Sí,Dato no cargado,gomezchristopher@example.net,Efectivo,14836,25-34
4474874362,Earl,Spencer,65,Masculino,Chicago,Alto,5,46.6,No,Sí,Otro,Sí,Dato no cargado,Dato no cargado,App,5991,65-80
2927916637,Tonya,Lin,36,Femenino,Chicago,Medio,4,7.51,No,Sí,Vegetariano,No,(472)761-9072x21382,catherine60@example.com,Efectivo,2504,35-44
6209402715,Paula,Myers,60,Femenino,Chicago,Medio,3,16.08,Sí,Sí,Pescado,No,Dato no cargado,jamesjordan@example.org,Tarjeta,1773,55-64
2921619376,Sean,Ingram,28,Masculino,Chicago,Muy Alto,10,38.94,No,Sí,Carnes,Sí,(995)381-8772x772,Dato no cargado,App,15397,25-34
8742419441,Dana,Griffin,38,Femenino,Chicago,Alto,6,15.68,Sí,Sí,No informado,Sí,555.912.6319x9938,elizabeth24@example.com,Tarjeta,8359,35-44
9549825267,Jason,Miller,43,Masculino,Chicago,Muy Alto,10,90.81,No,No,Carnes,Sí,Dato no cargado,sean00@example.org,Efectivo,12626,35-44
5978019326,Travis,Harris,33,Masculino,Chicago,Muy Alto,10,64.6,No,Sí,Otro,Sí,592.449.0997x502,Dato no cargado,App,10336,25-34
8381300140,Megan,Thomas,62,Femenino,Chicago,Medio,2,10.83,Sí,Sí,Mariscos,No,6404188159,Dato no cargado,Efectivo,3051,55-64
8223494545,Angela,Alvarado,73,Femenino,Chicago,Alto,4,55.94,Sí,No,Pescado,Sí,Dato no cargado,colemanpaul@example.com,App,5768,65-80
8308594858,Debra,Rodriguez,60,Femenino,Chicago,Alto,4,41.43,No,Sí,Carnes,Sí,Dato no cargado,swebb@example.org,Tarjeta,6222,55-64
3121795362,Jennifer,Clark,40,Femenino,Chicago,Alto,6,42.62,Sí,No,Vegetariano,No,001-285-962-8585x8507,amandahunter@example.net,Criptomoneda,6876,35-44
8770219539,Kimberly,Torres,43,Femenino,Chicago,Medio,3,21.59,Sí,Sí,Carnes,No,Dato no cargado,Dato no cargado,Efectivo,2121,35-44
9681547145,Megan,Simmons,69,Femenino,Chicago,Medio,4,10.31,No,Sí,Mariscos,No,Dato no cargado,benjaminboyle@example.org,App,2863,65-80
2141199796,Katherine,Santana,72,Femenino,Chicago,Medio,4,17.11,No,No,Vegetariano,No,+1-538-985-9998x41873,Dato no cargado,Efectivo,3327,65-80
9344227794,Dwayne,Reese,78,Masculino,Chicago,Bajo,1,9.18,Sí,No,No informado,No,Dato no cargado,Dato no cargado,Criptomoneda,1351,65-80
9596413132,Allison,Garrett,77,Femenino,Chicago,Medio,4,25.12,Sí,No,No informado,No,Dato no cargado,Dato no cargado,Efectivo,2179,65-80
9224342659,Stephanie,Diaz,69,Femenino,Chicago,Muy Alto,10,7.16,No,No,No informado,No,697-370-2387x913,busheric@example.com,Efectivo,17942,65-80
9484947955,Eric,Knox,75,Masculino,Chicago,Medio,4,12.97,Sí,Sí,Carnes,No,Dato no cargado,dkramer@example.com,Efectivo,1933,65-80
7170734485,Deborah,Butler,34,Femenino,Chicago,Muy Alto,10,89.73,No,No,Vegetariano,Sí,Dato no cargado,Dato no cargado,Efectivo,15162,25-34
4548783240,Jennifer,Heath,40,Femenino,Chicago,Muy Alto,10,85.65,Sí,Sí,Otro,Sí,+1-580-430-0996x367,Dato no cargado,Efectivo,16966,35-44
9956186344,Sara,Love,76,Femenino,Chicago,Medio,2,12.4,Sí,No,Vegano,No,803.728.4319x2083,Dato no cargado,Efectivo,1989,65-80
3469776005,James,Hayes,24,Masculino,Chicago,Medio,5,14.76,Sí,Sí,No informado,No,Dato no cargado,xdeleon@example.com,Efectivo,1796,18-24
1004201248,Amber,Miller,42,Femenino,Chicago,Medio,2,15.73,Sí,No,Vegetariano,No,Dato no cargado,ycisneros@example.com,Tarjeta,2555,35-44
1445869324,Taylor,Shaw,59,Femenino,Chicago,Medio,3,11.29,No,No,Carnes,No,Dato no cargado,Dato no cargado,Tarjeta,2575,55-64
7164716180,Robert,Sullivan,50,Masculino,Chicago,Bajo,0,0.0,Sí,No,Vegano,No,001-304-533-3468x0408,Dato no cargado,Tarjeta,1112,45-54
2842895475,Stephanie,Ward,34,Femenino,Chicago,Medio,3,13.1,Sí,No,Pescado,No,Dato no cargado,Dato no cargado,Efectivo,2890,25-34
9403497928,Kenneth,Olsen,24,Masculino,Chicago,Muy Alto,10,19.38,No,Sí,Pescado,Sí,(785)645-8350x0013,Dato no cargado,Efectivo,17350,18-24
6034711569,Chad,Dillon,22,Masculino,Chicago,Bajo,0,0.0,No,Sí,Vegetariano,No,Dato no cargado,Dato no cargado,Efectivo,842,18-24
5384019983,Shawn,Young,31,Masculino,Chicago,Alto,6,23.06,Sí,Sí,Carnes,Sí,Dato no cargado,xsmith@example.net,Efectivo,7398,25-34
3298437001,Julia,Miles,33,Femenino,Chicago,Medio,2,26.74,No,Sí,Carnes,No,9317399225,joshua79@example.net,App,3425,25-34
5432551150,Samantha,Cardenas,39,Femenino,Chicago,Alto,5,24.96,Sí,No,Vegetariano,Sí,559.726.2751x3373,davilajoshua@example.net,App,5661,35-44
5301219154,Katelyn,Hudson,45,Femenino,Chicago,Medio,2,6.87,Sí,No,Vegetariano,No,Dato no cargado,Dato no cargado,Tarjeta,3473,45-54
4104889292,Joe,Wright,46,Masculino,Chicago,Medio,4,11.38,Sí,Sí,Carnes,No,Dato no cargado,michael16@example.com,App,1702,45-54
4179591386,Luis,Shah,40,Masculino,Chicago,Muy Alto,6,86.46,No,No,Mariscos,Sí,(391)205-5299x799,solisjulie@example.org,Efectivo,14969,35-44
6457837137,Connor,Norman,51,Masculino,Chicago,Medio,2,20.39,No,Sí,Carnes,No,Dato no cargado,Dato no cargado,Tarjeta,1773,45-54
8078461848,Cynthia,Williams,48,Femenino,Chicago,Alto,4,35.31,No,Sí,Vegetariano,Sí,Dato no cargado,hicksandrea@example.org,Efectivo,3619,45-54
6795522649,Thomas,Ruiz,67,Masculino,Chicago,Medio,2,19.44,No,Sí,Vegano,No,Dato no cargado,Dato no cargado,App,1708,65-80
6740157764,Tracey,Bradshaw,64,Femenino,Chicago,Muy Alto,6,60.24,Sí,Sí,Vegetariano,Sí,Dato no cargado,Dato no cargado,App,12466,55-64
1653465584,Jason,Mercado,35,Masculino,Chicago,Alto,5,33.42,No,Sí,Carnes,Sí,Dato no cargado,rodriguezbrianna@example.org,Efectivo,3724,35-44
4794863712,Edwin,Savage,43,Masculino,Chicago,Muy Alto,6,80.45,No,Sí,No informado,Sí,Dato no cargado,Dato no cargado,App,11017,35-44
1520128458,John,Obrien,79,Masculino,Chicago,Bajo,2,6.92,No,No,Pescado,No,Dato no cargado,michelle66@example.net,Efectivo,1455,65-80
4199235874,Justin,Salazar,49,Masculino,Chicago,Bajo,2,7.38,No,No,Otro,No,653.506.8405x000,Dato no cargado,Efectivo,1070,45-54
7846526161,Donna,Adams,66,Femenino,Chicago,Alto,4,29.21,Sí,Sí,Carnes,Sí,Dato no cargado,Dato no cargado,Tarjeta,7726,65-80
9418286260,Jennifer,Sanchez,58,Femenino,Chicago,Bajo,1,7.89,Sí,Sí,Otro,No,741-963-0418x1867,ramirezjudy@example.com,Efectivo,1256,55-64
9241264772,Tracie,Levy,39,Femenino,Chicago,Medio,3,22.99,No,Sí,Otro,No,Dato no cargado,gwright@example.com,App,3106,35-44
9411532909,William,Gibson,34,Masculino,Chicago,Bajo,1,6.41,Sí,No,Carnes,No,(642)492-6027x177,Dato no cargado,Tarjeta,1027,25-34
8532305990,Rachel,Moody,46,Femenino,Chicago,Bajo,1,5.75,No,No,Pescado,No,437-607-0164x65141,Dato no cargado,Tarjeta,1070,45-54
1149977994,Mark,Meyers,78,Masculino,Chicago,Alto,4,5.53,No,No,Carnes,No,Dato no cargado,rhensley@example.net,App,3681,65-80
3897609939,Tyler,Wells,28,Masculino,Chicago,Alto,5,47.01,Sí,Sí,Mariscos,Sí,Dato no cargado,ryanjones@example.org,App,8925,25-34
5715536191,Roberto,Smith,48,Masculino,Chicago,Muy Alto,8,67.8,No,No,Vegetariano,Sí,553.839.9829x5820,Dato no cargado,Efectivo,15081,45-54
3306512614,Terry,Norman,50,Masculino,Chicago,Alto,5,50.23,Sí,Sí,Carnes,No,Dato no cargado,Dato no cargado,App,5037,45-54
5275153657,Susan,Nelson,35,Femenino,Chicago,Medio,2,18.98,No,Sí,Mariscos,No,Dato no cargado,smithmarcus@example.org,Efectivo,3284,35-44
1554432010,Joseph,Carson,46,Masculino,Chicago,Bajo,1,8.33,Sí,No,Carnes,No,822.307.5907x27755,gpineda@example.org,App,1347,45-54
9884974993,Sean,Riddle,76,Masculino,Chicago,Medio,4,7.28,Sí,Sí,Otro,No,518.647.7840x30634,Dato no cargado,App,2405,65-80
5015690897,Gabriela,Lee,40,Femenino,Chicago,Medio,5,16.8,No,No,Vegetariano,No,Dato no cargado,Dato no cargado,Tarjeta,2874,35-44
1964427223,Tanya,Martinez,61,Femenino,Chicago,Medio,4,28.1,No,Sí,Vegetariano,Sí,Dato no cargado,xsmall@example.net,Efectivo,2471,55-64
8198053217,John,Mitchell,21,Masculino,Chicago,Alto,6,25.3,No,Sí,Vegetariano,Sí,930.687.8091,Dato no cargado,Tarjeta,3578,18-24
2474317353,Jodi,Juarez,63,Femenino,Chicago,Medio,4,14.62,Sí,No,Mariscos,No,Dato no cargado,Dato no cargado,Efectivo,3094,55-64
3168410620,Nathaniel,Jones,58,Masculino,Chicago,Muy Alto,7,53.09,No,No,No informado,Sí,+1-919-806-9204x890,Dato no cargado,App,9048,55-64
2119221231,Kevin,York,30,Masculino,Chicago,Medio,4,27.58,No,Sí,Pescado,No,Dato no cargado,lalexander@example.net,Efectivo,2509,25-34
6635226028,Melissa,Durham,68,Femenino,Chicago,Medio,3,8.37,Sí,No,Otro,No,Dato no cargado,Dato no cargado,Tarjeta,1983,65-80
8546667091,Monica,Callahan,74,Femenino,Chicago,Muy Alto,7,92.59,No,No,Vegano,Sí,Dato no cargado,kathrynmiranda@example.net,Tarjeta,12035,65-80
5478854313,John,Vaughn,55,Masculino,Chicago,Muy Alto,7,68.14,No,Sí,Vegetariano,Sí,Dato no cargado,blevinsjoseph@example.net,Tarjeta,9929,55-64
7613875188,Melissa,Jones,72,Femenino,Chicago,Bajo,3,9.84,Sí,Sí,Mariscos,No,Dato no cargado,kevin67@example.com,App,1326,65-80
4807102666,Caleb,Hodges,71,Masculino,Chicago,Bajo,1,5.77,Sí,No,Mariscos,No,(868)449-9680x295,Dato no cargado,Tarjeta,1462,65-80
3059191922,Maxwell,Burgess,62,Masculino,Chicago,Bajo,3,7.25,Sí,No,Carnes,No,955.996.2809,lrussell@example.com,Tarjeta,1300,55-64
3674682809,Katherine,Martin,47,Femenino,Chicago,Bajo,3,8.1,No,No,No informado,No,Dato no cargado,Dato no cargado,Tarjeta,1347,45-54
5316097957,Jody,Hawkins,69,Femenino,Chicago,Medio,5,16.52,No,No,Carnes,No,Dato no cargado,gonzalezwalter@example.net,Efectivo,2704,65-80
5559260840,Kevin,Rogers,47,Masculino,Chicago,Alto,4,57.95,No,No,Vegetariano,No,001-596-766-2713x915,jwilliamson@example.com,Tarjeta,8243,45-54
5717062885,Julian,Riddle,37,Masculino,Chicago,Bajo,2,8.31,No,Sí,Vegano,No,Dato no cargado,Dato no cargado,Efectivo,1454,35-44
9930278372,Michael,Thomas,56,Masculino,Chicago,Medio,3,6.04,No,No,Carnes,No,Dato no cargado,Dato no cargado,App,2809,55-64
1213446058,Gregory,Baldwin,55,Masculino,Chicago,Bajo,2,9.92,No,No,Vegetariano,No,Dato no cargado,mataraymond@example.net,Efectivo,1034,55-64
1768434922,Shannon,Glass,48,Femenino,Chicago,Medio,5,24.52,No,Sí,Carnes,No,Dato no cargado,Dato no cargado,Efectivo,2958,45-54
2364919386,Alan,Shelton,60,Masculino,Chicago,Bajo,3,6.91,No,Sí,Pescado,No,001-741-345-9025,tina15@example.com,App,1063,55-64
7063639965,Julie,Adkins,29,Femenino,Chicago,Alto,4,27.28,Sí,Sí,Carnes,Sí,Dato no cargado,scott20@example.net,Criptomoneda,6058,25-34
8440807542,Tyler,Kelly,21,Masculino,Chicago,Medio,4,26.47,Sí,Sí,Carnes,No,Dato no cargado,Dato no cargado,Efectivo,1627,18-24
1888107487,Henry,Brooks,59,Masculino,Chicago,Alto,4,38.6,Sí,Sí,Pescado,Sí,001-520-856-7345,mtaylor@example.net,Tarjeta,7847,55-64
4508331976,Joseph,Williams,49,Masculino,Chicago,Medio,2,12.12,Sí,No,Otro,No,Dato no cargado,ksalazar@example.com,Efectivo,3302,45-54
9909257076,Elizabeth,Bush,65,Femenino,Chicago,Bajo,2,9.43,No,Sí,Carnes,No,+1-620-967-4097x8212,jason71@example.net,Tarjeta,891,65-80
6045729129,Jason,Mills,57,Masculino,Chicago,Medio,5,25.42,No,No,Vegano,No,605-590-2901x714,Dato no cargado,Efectivo,2549,55-64
1569113257,Ryan,Hunter,27,Masculino,Chicago,Medio,4,12.65,No,Sí,Carnes,No,Dato no cargado,Dato no cargado,Efectivo,2044,25-34
5534783423,Ann,Grant,39,Femenino,Chicago,Medio,5,10.53,No,No,Carnes,No,Dato no cargado,Dato no cargado,Tarjeta,2490,35-44
2295324021,Andrea,Galloway,78,Femenino,Chicago,Muy Alto,8,9.96,No,Sí,Vegano,Sí,Dato no cargado,Dato no cargado,Tarjeta,12622,65-80
7553503798,Kenneth,Todd,32,Masculino,Chicago,Bajo,2,8.66,No,No,Pescado,No,Dato no cargado,iacevedo@example.org,Tarjeta,1163,25-34
5372328262,Christopher,Shaw,74,Masculino,Chicago,Medio,3,25.92,No,No,Pescado,No,380.986.3158x4248,edward59@example.org,App,2329,65-80
7362821001,Adam,Martinez,76,Masculino,Chicago,Bajo,2,7.99,No,No,Otro,No,403.886.9086x10784,Dato no cargado,App,955,65-80
9222147573,Danny,Carey,49,Masculino,Chicago,Medio,5,6.77,No,No,Otro,No,Dato no cargado,emily87@example.net,App,2022,45-54
8170124233,Jeremy,Price,49,Masculino,Chicago,Medio,5,12.2,Sí,No,Vegano,No,001-717-848-5284x0171,ucastro@example.net,Efectivo,2693,45-54
7512465222,Lisa,Kaufman,70,Femenino,Chicago,Bajo,2,9.08,No,Sí,Vegetariano,No,Dato no cargado,Dato no cargado,Efectivo,1591,65-80
8033048877,Ernest,Thomas,29,Masculino,Chicago,Medio,3,10.45,Sí,Sí,Carnes,No,714.236.3547x8761,wramirez@example.com,Efectivo,1916,25-34
2420664143,Chelsea,Banks,44,Femenino,Chicago,Muy Alto,9,35.29,No,Sí,Carnes,Sí,001-687-636-9490,glarsen@example.com,App,9738,35-44
4349176289,Shane,Rodgers,30,Masculino,Chicago,Medio,3,16.09,No,Sí,Vegetariano,No,Dato no cargado,buchananamanda@example.org,Tarjeta,2791,25-34
1349323355,Madeline,Mccullough,75,Femenino,Chicago,Medio,4,24.9,Sí,Sí,No informado,No,Dato no cargado,Dato no cargado,Efectivo,3050,65-80
2854663638,Kristina,Stone,37,Femenino,Chicago,Alto,4,12.87,No,No,Carnes,No,230.256.1856x239,Dato no cargado,Efectivo,5568,35-44
1757134730,Jacob,Lee,42,Masculino,Chicago,Muy Alto,5,25.19,Sí,Sí,Vegetariano,Sí,3357654617,carlsonkaren@example.org,Efectivo,16154,35-44
2147313426,Russell,Cordova,78,Masculino,Chicago,Alto,5,28.6,No,No,Carnes,Sí,589.866.7645,Dato no cargado,App,7670,65-80
2010969067,Walter,Freeman,64,Masculino,Chicago,Bajo,2,5.93,No,Sí,Mariscos,No,(362)212-9101,Dato no cargado,Tarjeta,884,55-64
9462741141,Colin,Hoffman,61,Masculino,Chicago,Medio,3,13.97,No,No,Pescado,Sí,Dato no cargado,Dato no cargado,Tarjeta,1983,55-64
8724319107,Felicia,Freeman,19,Femenino,Chicago,Muy Alto,6,98.89,Sí,Sí,Carnes,Sí,Dato no cargado,qreeves@example.org,App,13851,18-24
7628842104,Randy,Byrd,49,Masculino,Chicago,Alto,6,41.15,No,Sí,Vegetariano,Sí,Dato no cargado,Dato no cargado,Criptomoneda,4687,45-54
5715903364,Becky,Larson,41,Femenino,Chicago,Alto,6,25.08,Sí,No,Carnes,Sí,(754)933-2554,scottclay@example.org,Tarjeta,7508,35-44
4427233450,Christopher,Gallegos,29,Masculino,Chicago,Medio,3,14.39,Sí,Sí,Carnes,No,Dato no cargado,Dato no cargado,Efectivo,3469,25-34
7825844140,Martin,Smith,75,Masculino,Chicago,Bajo,3,6.7,No,No,Carnes,No,Dato no cargado,wendytate@example.net,Efectivo,848,65-80
1921601189,William,Bell,46,Masculino,Chicago,Medio,4,22.92,No,No,Pescado,No,9608607977,sally10@example.net,Tarjeta,2779,45-54
2928130926,Sharon,Allen,30,Femenino,Chicago,Medio,4,24.99,Sí,Sí,Vegetariano,No,891.280.8674x5305,Dato no cargado,App,2716,25-34
4425654347,Kayla,Roman,53,Femenino,Chicago,Medio,3,18.42,No,No,Carnes,No,+1-892-402-3136x998,Dato no cargado,App,2013,45-54
1490869240,Mary,Odonnell,30,Femenino,Chicago,Alto,6,54.92,Sí,Sí,Carnes,Sí,Dato no cargado,ucarroll@example.org,App,3791,25-34
8775393156,Gregory,Moore,76,Masculino,Chicago,Medio,4,19.91,Sí,Sí,Mariscos,No,563-351-7963x1503,chloe26@example.com,Efectivo,2285,65-80
3826817688,Jared,Travis,34,Masculino,Chicago,Alto,4,41.39,No,No,Mariscos,No,312-977-8169,Dato no cargado,App,8887,25-34
9993908985,John,Crosby,32,Masculino,Chicago,Alto,6,29.43,Sí,Sí,Vegetariano,No,(717)280-3631x0781,lisa15@example.org,Tarjeta,5195,25-34
9728196336,Madison,Phelps,41,Femenino,Chicago,Bajo,1,5.67,Sí,No,Vegetariano,No,Dato no cargado,Dato no cargado,Tarjeta,871,35-44
4384808313,Melanie,Kelly,33,Femenino,Chicago,Muy Alto,9,45.77,No,No,Vegetariano,No,837.223.7802,Dato no cargado,Efectivo,9082,25-34
7254736171,Justin,King,39,Masculino,Chicago,Medio,5,19.51,No,Sí,Carnes,No,Dato no cargado,Dato no cargado,Efectivo,1704,35-44
6133191879,Kelly,Thompson,30,Femenino,Chicago,Alto,5,47.17,No,Sí,Pescado,No,759.681.1251,Dato no cargado,Efectivo,8335,25-34
7035793540,Alan,Jackson,64,Masculino,Chicago,Medio,5,7.81,Sí,Sí,Otro,No,263.349.7470x5332,davidtorres@example.org,Efectivo,3295,55-64
5755830635,Jennifer,Reynolds,47,Femenino,Chicago,Medio,4,8.93,No,No,Otro,Sí,2813507208,Dato no cargado,Efectivo,3112,45-54
9454831510,Brenda,Myers,20,Femenino,Chicago,Alto,4,17.03,No,Sí,Pescado,Sí,Dato no cargado,Dato no cargado,Tarjeta,6974,18-24
6631565147,Brian,Ward,19,Masculino,Chicago,Medio,3,16.81,Sí,Sí,Vegetariano,No,Dato no cargado,Dato no cargado,Efectivo,2130,18-24
1645334717,Cheyenne,Henry,49,Femenino,Chicago,Medio,3,12.41,Sí,No,Otro,No,368-921-2261x869,Dato no cargado,Efectivo,2461,45-54
5611808298,Julie,Sandoval,20,Femenino,Chicago,Alto,5,44.8,Sí,No,Otro,Sí,Dato no cargado,alison43@example.net,App,6560,18-24
5163340914,Kelly,Ramirez,58,Femenino,Chicago,Bajo,2,9.75,Sí,Sí,Carnes,No,Dato no cargado,Dato no cargado,Tarjeta,1437,55-64
5976159420,Tammy,Berg,51,Femenino,Chicago,Medio,5,6.14,No,Sí,Carnes,Sí,001-907-999-9624x31593,Dato no cargado,Efectivo,3414,45-54
9558139653,Eric,Wong,58,Masculino,Chicago,Muy Alto,10,9.4,Sí,Sí,Carnes,Sí,(236)358-0443,rfisher@example.com,Tarjeta,12398,55-64
2713607474,Lisa,Hutchinson,59,Femenino,Chicago,Medio,5,24.38,Sí,No,Vegetariano,Sí,Dato no cargado,johnsoncarl@example.com,Efectivo,2072,55-64
8318854626,Philip,Hunter,38,Masculino,Chicago,Alto,5,41.9,Sí,No,Otro,Sí,Dato no cargado,Dato no cargado,Tarjeta,6079,35-44
9178126050,Bruce,Harris,40,Masculino,Chicago,Medio,4,27.27,No,Sí,Carnes,No,001-682-250-2648x90356,Dato no cargado,Efectivo,2928,35-44
4889225847,Scott,Berry,61,Masculino,Chicago,Bajo,3,9.72,Sí,No,Otro,No,(302)665-9647x7795,lynchpatrick@example.net,Tarjeta,1199,55-64
7193435472,Jonathan,Davidson,33,Masculino,Chicago,Alto,6,21.83,No,Sí,Carnes,No,Dato no cargado,Dato no cargado,Efectivo,4246,25-34
4664535965,Tracy,Willis,28,Femenino,Chicago,Alto,5,27.25,No,Sí,Carnes,Sí,543.702.3639,gonzalezmiranda@example.org,Efectivo,8726,25-34
3030272262,Paula,Lin,18,Femenino,Chicago,Medio,4,7.83,Sí,No,Carnes,No,(783)899-3384,Dato no cargado,Efectivo,2655,18-24
2289506253,Shannon,Bean,40,Femenino,Chicago,Alto,6,35.65,Sí,No,Carnes,Sí,976.217.1982,fmccoy@example.org,App,8722,35-44
9316052666,Michael,Thomas,23,Masculino,Chicago,Medio,4,11.1,Sí,No,Mariscos,No,3598405042,wattswilliam@example.net,Tarjeta,2857,18-24
1129417508,Kimberly,Wright,21,Femenino,Chicago,Medio,2,21.28,Sí,Sí,Pescado,No,Dato no cargado,Dato no cargado,Tarjeta,2396,18-24
8434652044,Karen,Lewis,29,Femenino,Chicago,Medio,4,24.99,No,Sí,Vegano,No,Dato no cargado,Dato no cargado,App,2220,25-34
8155034104,Kara,Thomas,69,Femenino,Chicago,Alto,5,32.955,No,Sí,Carnes,No,+1-485-707-3953,jacksonsteven@example.org,Tarjeta,6609,65-80
3029732809,Hector,Perez,61,Masculino,Chicago,Medio,3,16.8,No,No,Vegetariano,No,348-228-2674,deborahvasquez@example.org,Tarjeta,3479,55-64
5348943115,Joe,Rollins,61,Masculino,Chicago,Medio,5,15.94,Sí,Sí,Vegetariano,No,Dato no cargado,alex18@example.org,Efectivo,3480,55-64
4150014571,Jasmine,Miller,62,Femenino,Chicago,Medio,3,28.83,Sí,No,Carnes,No,Dato no cargado,annapayne@example.com,Efectivo,1646,55-64
5763149233,David,Garcia,31,Masculino,Chicago,Muy Alto,8,55.58,No,No,Vegano,No,Dato no cargado,Dato no cargado,Efectivo,10523,25-34
6099808894,Michael,Moore,76,Masculino,Chicago,Alto,4,41.09,No,Sí,Pescado,Sí,Dato no cargado,Dato no cargado,Tarjeta,6677,65-80
3864842755,Charles,Lynch,43,Masculino,Chicago,Medio,3,14.09,No,No,Otro,No,764.485.7338x525,ubarnes@example.com,Tarjeta,2531,35-44
9895547907,Alejandra,Sullivan,37,Femenino,Chicago,Medio,5,6.79,No,No,Vegetariano,No,403.437.1999x5521,saraponce@example.com,Efectivo,2357,35-44
1230028463,James,Reilly,72,Masculino,Chicago,Medio,3,24.1,Sí,Sí,Otro,No,001-577-688-6658,gbowman@example.net,Tarjeta,2227,65-80
9639052986,Karen,Hood,24,Femenino,Chicago,Bajo,1,7.29,No,Sí,Carnes,No,Dato no cargado,patriciamorrow@example.com,Efectivo,1255,18-24
8160659653,Pamela,Robinson,79,Femenino,Chicago,Medio,3,26.03,Sí,Sí,Vegetariano,No,Dato no cargado,torresjoseph@example.net,App,1797,65-80
4153621667,Eric,Murphy,57,Masculino,Chicago,Bajo,1,8.1,Sí,Sí,Otro,No,Dato no cargado,kperez@example.org,Tarjeta,1236,55-64
8547814381,Debra,Lopez,21,Femenino,Chicago,Medio,4,29.34,No,Sí,Vegano,No,281-641-1909x08844,evansbrandy@example.net,Tarjeta,3380,18-24
6958002434,Daniel,Taylor,48,Masculino,Chicago,Alto,4,8.19,Sí,Sí,Carnes,Sí,527-687-7850x4680,wcross@example.net,App,5226,45-54
4406345733,Seth,White,46,Masculino,Chicago,Alto,6,56.19,No,Sí,No informado,Sí,Dato no cargado,nicholas36@example.net,Tarjeta,4788,45-54
8581299821,Robert,Smith,58,Masculino,Chicago,Alto,4,57.89,No,Sí,Vegetariano,No,271.220.5271x141,Dato no cargado,Efectivo,5526,55-64
5331629733,Kaitlin,Davila,67,Femenino,Chicago,Bajo,1,8.59,No,Sí,Pescado,No,Dato no cargado,pho@example.org,Efectivo,889,65-80
5794255332,Alyssa,Evans,55,Femenino,Chicago,Medio,2,27.29,No,Sí,Vegetariano,Sí,534-520-5348x5373,utaylor@example.com,Tarjeta,3076,55-64
7933367504,Darryl,Mahoney,51,Masculino,Chicago,Medio,4,10.0,Sí,No,Mariscos,No,001-405-766-1696x7626,audreyspencer@example.org,App,2555,45-54
4278087956,James,Black,26,Masculino,Chicago,Medio,5,9.74,No,No,Pescado,Sí,775-533-6148,Dato no cargado,Efectivo,3370,25-34
7848867041,Kelsey,Doyle,27,Femenino,Chicago,Muy Alto,10,94.83,Sí,Sí,Carnes,Sí,4775252187,jnewman@example.com,Tarjeta,14002,25-34
3584119955,Roger,Lee,19,Masculino,Chicago,Bajo,3,7.95,No,Sí,Carnes,No,Dato no cargado,michael17@example.net,Tarjeta,1151,18-24
7488222699,Kimberly,Nguyen,53,Femenino,Chicago,Bajo,2,8.08,No,No,Vegetariano,No,+1-339-279-7106x633,williamcasey@example.net,Efectivo,1305,45-54
9755172847,Adrian,Miller,37,Masculino,Chicago,Bajo,3,9.02,Sí,Sí,Otro,No,+1-871-771-0520x72330,kenneth25@example.net,Tarjeta,1396,35-44
9498647935,Robert,Harrington,59,Masculino,Chicago,Bajo,2,7.18,No,Sí,Carnes,No,Dato no cargado,Dato no cargado,Efectivo,1295,55-64
6678404185,Carmen,Smith,39,Femenino,Chicago,Medio,3,13.94,No,No,Vegano,No,+1-741-424-2803x301,jacob17@example.org,Efectivo,1663,35-44
3659157927,Kristina,Martin,64,Femenino,Chicago,Alto,5,53.63,Sí,Sí,Carnes,Sí,001-481-721-2532x22519,jerry57@example.org,Tarjeta,4447,55-64
2105718202,Anita,Norman,39,Femenino,Chicago,Alto,6,32.955,Sí,No,Vegano,Sí,Dato no cargado,mjimenez@example.net,Tarjeta,7646,35-44
5952894290,Anthony,Young,60,Masculino,Chicago,Bajo,0,0.0,No,Sí,Carnes,No,8863776166,elee@example.org,Efectivo,881,55-64
1056031147,William,Roberts,26,Masculino,Chicago,Alto,4,46.81,Sí,Sí,Carnes,Sí,958-757-0225,holmesedward@example.org,Efectivo,8458,25-34
9518504093,Michael,Johnson,76,Masculino,Chicago,Muy Alto,6,80.58,Sí,Sí,Pescado,Sí,Dato no cargado,Dato no cargado,Efectivo,15586,65-80
7344181536,Sharon,Mora,64,Femenino,Chicago,Alto,6,6.85,No,No,Pescado,Sí,808-764-3058x7388,anthonylewis@example.net,App,7155,55-64
5412340714,Michelle,Caldwell,51,Femenino,Chicago,Medio,3,6.23,Sí,Sí,Mariscos,No,660.992.9548x269,briankrause@example.com,App,3348,45-54
1776063298,Bryan,Rose,73,Masculino,Chicago,Alto,5,33.34,No,No,Carnes,Sí,Dato no cargado,alexandrasalas@example.org,App,7922,65-80
5240626367,Samantha,Herrera,57,Femenino,Chicago,Alto,6,54.14,No,Sí,Vegetariano,Sí,Dato no cargado,ikim@example.net,Tarjeta,5668,55-64
3355504998,Olivia,Obrien,37,Femenino,Chicago,Bajo,0,0.0,Sí,No,Vegetariano,No,701-366-3888x8781,tranbrandon@example.org,App,850,35-44
1406186139,Travis,Matthews,23,Masculino,Chicago,Medio,5,19.44,No,Sí,Vegetariano,No,Dato no cargado,tiffanybell@example.com,Efectivo,2810,18-24
7516299763,Angela,Stewart,52,Femenino,Chicago,Medio,3,19.64,Sí,Sí,Otro,No,Dato no cargado,jacobgreen@example.net,App,2709,45-54
7859670746,Karen,Robinson,77,Femenino,Chicago,Bajo,2,8.32,No,No,Otro,No,8065572221,Dato no cargado,App,1148,65-80
5113495206,Laura,Spencer,77,Femenino,Chicago,Alto,5,30.51,No,No,Vegano,Sí,Dato no cargado,clynch@example.org,App,8283,65-80
4730625955,Scott,Yang,53,Masculino,Chicago,Muy Alto,5,17.34,No,No,Vegetariano,Sí,001-869-925-7669,Dato no cargado,App,9492,45-54
8001112710,Johnathan,Patel,29,Masculino,Chicago,Bajo,1,9.18,No,Sí,No informado,No,+1-666-470-6002x025,bdaniels@example.org,Efectivo,993,25-34
8744363576,Madison,Berry,59,Femenino,Chicago,Medio,4,25.77,Sí,Sí,Pescado,No,(348)585-0031,hernandezchristina@example.org,Tarjeta,3126,55-64
1770075995,Teresa,Garrett,59,Femenino,Chicago,Medio,3,6.41,No,Sí,Mariscos,No,5442094586,kharding@example.org,Efectivo,2578,55-64
5783867008,Mark,Huff,62,Masculino,Chicago,Alto,6,33.76,No,Sí,Carnes,Sí,+1-629-759-8687x835,Dato no cargado,App,3608,55-64
9982507130,Wendy,Reyes,44,Femenino,Chicago,Alto,5,31.04,No,Sí,Carnes,Sí,Dato no cargado,Dato no cargado,Tarjeta,8142,35-44
9972387275,Benjamin,Hansen,78,Masculino,Chicago,Muy Alto,9,77.26,Sí,Sí,Pescado,Sí,9172979821,Dato no cargado,Efectivo,10371,65-80
2574122906,Robert,Dennis,48,Masculino,Chicago,Bajo,1,5.83,Sí,Sí,Mariscos,No,Dato no cargado,Dato no cargado,Efectivo,1351,45-54
8561653275,Timothy,Hernandez,75,Masculino,Chicago,Bajo,3,9.94,Sí,Sí,Otro,No,+1-375-897-2440x4530,robert73@example.org,Tarjeta,903,65-80
4104309491,Patrick,Bennett,43,Masculino,Chicago,Alto,6,40.0,Sí,No,Vegetariano,Sí,8412652222,Dato no cargado,Tarjeta,8220,35-44
1266191931,Elizabeth,Hoffman,19,Femenino,Chicago,Medio,5,11.82,Sí,Sí,Vegetariano,No,(384)529-5079,Dato no cargado,Tarjeta,1875,18-24
3101463976,Nicholas,Butler,37,Masculino,Chicago,Alto,6,28.6,No,No,Otro,Sí,Dato no cargado,mcdowellchelsea@example.org,App,5675,35-44
4225481850,John,Bowman,61,Masculino,Chicago,Bajo,3,9.84,No,No,Vegano,No,Dato no cargado,Dato no cargado,Efectivo,949,55-64
3456222412,Matthew,Morgan,30,Masculino,Chicago,Alto,5,49.26,No,Sí,Vegano,No,Dato no cargado,fjackson@example.net,Tarjeta,6887,25-34
6779444252,Hannah,Hines,20,Femenino,Chicago,Medio,5,21.12,No,Sí,Vegetariano,No,001-286-896-8689x138,tpittman@example.org,Efectivo,2195,18-24
5453594082,Christine,Martinez,28,Femenino,Chicago,Muy Alto,8,19.29,No,Sí,Otro,Sí,Dato no cargado,Dato no cargado,Tarjeta,15302,25-34
8123644392,Louis,Perez,60,Masculino,Chicago,Medio,4,8.66,Sí,No,Vegetariano,No,+1-398-896-3298x065,virginia50@example.com,App,1866,55-64
1036608063,Taylor,Gonzales,80,Femenino,Chicago,Bajo,3,7.55,No,Sí,Mariscos,No,Dato no cargado,kinggloria@example.com,Efectivo,1120,65-80
7880008420,Louis,Chandler,78,Masculino,Chicago,Alto,4,12.92,No,No,Carnes,Sí,601.919.0453,taramyers@example.org,Efectivo,7438,65-80
1907403002,Elizabeth,Stevens,77,Femenino,Chicago,Medio,2,18.77,Sí,No,Vegetariano,No,+1-996-622-0091x01214,jennagarcia@example.org,Tarjeta,2258,65-80
8501043530,Danielle,Tanner,30,Femenino,Chicago,Alto,5,21.95,No,Sí,Otro,Sí,2272462650,gmaldonado@example.net,Tarjeta,8891,25-34
8001468162,Aaron,Sanchez,46,Masculino,Chicago,Alto,5,47.56,No,No,Vegano,No,Dato no cargado,xwells@example.com,Tarjeta,8719,45-54
6771780593,John,Morales,46,Masculino,Chicago,Muy Alto,8,70.71,Sí,No,Vegano,Sí,001-269-782-8864x8978,Dato no cargado,Tarjeta,16957,45-54
7568788980,Tara,Guzman,44,Femenino,Chicago,Alto,6,41.46,No,No,Carnes,No,Dato no cargado,Dato no cargado,App,8587,35-44
8049913202,Lauren,Pope,58,Femenino,Chicago,Medio,4,26.18,No,Sí,Vegetariano,No,+1-937-301-6507x216,Dato no cargado,Tarjeta,2064,55-64
7730823799,Sabrina,Bonilla,29,Femenino,Chicago,Muy Alto,5,40.61,No,Sí,Otro,Sí,Dato no cargado,Dato no cargado,Tarjeta,16721,25-34
9814505869,Laura,Williams,39,Femenino,Chicago,Bajo,0,0.0,Sí,No,Otro,No,7607385401,dgardner@example.net,Tarjeta,900,35-44
8275338348,Brandon,Hess,30,Masculino,Chicago,Alto,6,23.95,No,Sí,Otro,Sí,Dato no cargado,Dato no cargado,Tarjeta,6324,25-34
9774158209,Robert,Lester,47,Masculino,Chicago,Muy Alto,7,54.78,No,No,Vegetariano,Sí,(840)273-3428x481,Dato no cargado,Efectivo,16787,45-54
4793830046,Jeremiah,Everett,75,Masculino,Chicago,Medio,4,7.29,No,Sí,Vegano,Sí,Dato no cargado,Dato no cargado,Efectivo,2533,65-80
3035963541,Justin,Morgan,61,Masculino,Chicago,Muy Alto,6,73.09,Sí,Sí,Carnes,Sí,(565)629-1030x662,Dato no cargado,Tarjeta,9258,55-64
3046169433,Maria,Graves,60,Femenino,Chicago,Medio,2,18.45,Sí,Sí,Carnes,No,Dato no cargado,Dato no cargado,App,2136,55-64
8010755785,Lisa,Guerra,33,Femenino,Chicago,Medio,3,9.39,No,No,Carnes,No,Dato no cargado,Dato no cargado,Tarjeta,2408,25-34
5919418601,Todd,Wong,54,Masculino,Chicago,Alto,6,44.76,No,No,No informado,Sí,Dato no cargado,rowlandamanda@example.com,Tarjeta,7979,45-54
6831310262,Kevin,Rivera,25,Masculino,Chicago,Alto,5,50.13,Sí,Sí,Vegetariano,No,Dato no cargado,Dato no cargado,Tarjeta,4697,25-34
9084863137,April,Woods,19,Femenino,Chicago,Bajo,0,0.0,Sí,Sí,Vegetariano,No,Dato no cargado,brittany57@example.com,Tarjeta,935,18-24
1243981785,Timothy,Lindsey,56,Masculino,Chicago,Bajo,3,6.34,Sí,No,Vegetariano,No,(254)845-8173,turnerkevin@example.com,Tarjeta,1466,55-64
8486280818,Jimmy,Garcia,44,Masculino,Chicago,Bajo,0,0.0,Sí,Sí,Otro,No,(358)523-1658,shawn71@example.com,Efectivo,1189,35-44
3555377116,Jasmine,Best,47,Femenino,Chicago,Muy Alto,7,6.12,No,No,No informado,Sí,001-401-545-4189x220,stacey61@example.org,Tarjeta,14695,45-54
9460641311,George,Walker,41,Masculino,Chicago,Medio,3,10.11,Sí,Sí,Vegetariano,No,733-951-9236x80691,bwhite@example.com,Efectivo,2086,35-44
5432619159,Melissa,Wilson,53,Femenino,Chicago,Medio,5,22.04,No,No,Carnes,No,Dato no cargado,Dato no cargado,Tarjeta,3342,45-54
1810155200,Gregory,Kim,75,Masculino,Chicago,Alto,6,12.07,Sí,Sí,Carnes,Sí,Dato no cargado,Dato no cargado,Tarjeta,4610,65-80
1363534919,Sarah,Johnson,44,Femenino,Chicago,Medio,3,18.5,Sí,Sí,Vegetariano,No,001-504-392-5897,Dato no cargado,Tarjeta,3246,35-44
1651365532,Madeline,Sanchez,64,Femenino,Chicago,Alto,5,17.95,No,No,Vegetariano,No,Dato no cargado,jasonbrown@example.com,Efectivo,8267,55-64
3962326900,Monica,Douglas,58,Femenino,Chicago,Bajo,3,9.92,No,Sí,Vegano,No,Dato no cargado,Dato no cargado,Efectivo,936,55-64
7139290141,Tammy,Fernandez,47,Femenino,Chicago,Muy Alto,7,65.75,Sí,Sí,Vegetariano,Sí,Dato no cargado,jlee@example.net,Tarjeta,11151,45-54
9915126724,Jennifer,Carter,67,Femenino,Chicago,Medio,2,18.25,No,Sí,Carnes,No,+1-704-776-6294,justinpeters@example.com,Tarjeta,3069,65-80
5436564595,Susan,Lewis,55,Femenino,Chicago,Alto,4,52.35,No,No,Carnes,Sí,Dato no cargado,Dato no cargado,App,8073,55-64
2158638062,Laura,Johnson,80,Femenino,Chicago,Medio,5,9.84,Sí,Sí,Pescado,No,+1-449-200-0317x849,Dato no cargado,Tarjeta,2041,65-80
2748557237,Tammie,Garza,64,Femenino,Chicago,Muy Alto,5,45.23,Sí,Sí,Vegetariano,Sí,Dato no cargado,Dato no cargado,Efectivo,12009,55-64
7455906622,Katie,Jones,70,Femenino,Chicago,Bajo,3,6.26,Sí,Sí,Mariscos,No,Dato no cargado,Dato no cargado,Efectivo,1327,65-80
6287819589,Victoria,Solis,50,Femenino,Chicago,Bajo,1,8.93,No,No,Carnes,No,560-367-7909x68785,Dato no cargado,Efectivo,1258,45-54
3601954488,Karen,Oliver,80,Femenino,Chicago,Alto,4,40.84,No,Sí,Carnes,Sí,467-731-8449x944,stacy22@example.net,Tarjeta,5789,65-80
6204862411,Eric,Hanson,35,Masculino,Chicago,Bajo,2,9.28,No,Sí,Otro,No,Dato no cargado,Dato no cargado,Tarjeta,878,35-44
7350873780,Sabrina,Collins,39,Femenino,Chicago,Muy Alto,10,55.63,No,No,Vegano,Sí,Dato no cargado,Dato no cargado,Tarjeta,15510,35-44
5994792212,Keith,Young,38,Masculino,Chicago,Bajo,3,5.18,No,No,Otro,No,(811)343-4575x975,Dato no cargado,Efectivo,1129,35-44
6442888627,Meredith,Snow,78,Femenino,Chicago,Alto,5,8.42,No,Sí,Otro,No,001-479-943-0583x8680,Dato no cargado,Efectivo,4421,65-80
4240148226,Cynthia,Allen,24,Femenino,Chicago,Bajo,1,9.74,Sí,Sí,Vegetariano,No,+1-538-766-2148,lnolan@example.org,Efectivo,1321,18-24
6822269001,Jerry,Ramos,36,Masculino,Chicago,Medio,4,15.77,Sí,Sí,Mariscos,No,629-227-8427x66359,Dato no cargado,Tarjeta,2196,35-44
8394040015,Shane,Rivera,65,Masculino,Chicago,Medio,5,19.81,No,Sí,Vegetariano,No,Dato no cargado,Dato no cargado,App,2290,65-80
9472060093,Victor,Gomez,44,Masculino,Chicago,Medio,5,15.52,No,No,Pescado,No,Dato no cargado,Dato no cargado,Efectivo,1899,35-44
2156067809,Robert,Nguyen,78,Masculino,Chicago,Bajo,0,0.0,Sí,No,Carnes,No,Dato no cargado,Dato no cargado,App,994,65-80
2921716408,Christine,Gray,45,Femenino,Chicago,Medio,4,14.02,No,No,Vegetariano,No,774-594-8147,Dato no cargado,Efectivo,1723,45-54
4897826540,Jenna,Franklin,43,Femenino,Chicago,Medio,3,19.2,Sí,No,Carnes,No,Dato no cargado,ujohnson@example.net,App,1714,35-44
9366352575,Jeffrey,Fisher,51,Masculino,Chicago,Muy Alto,9,102.55,Sí,No,Pescado,Sí,775.233.4384x73647,Dato no cargado,Efectivo,11452,45-54
9563508610,Laura,Gibson,43,Femenino,Chicago,Medio,3,20.05,No,No,Mariscos,No,Dato no cargado,austintina@example.net,App,2411,35-44
1817804383,James,Carr,37,Masculino,Chicago,Bajo,0,0.0,Sí,No,Carnes,No,Dato no cargado,Dato no cargado,Efectivo,1481,35-44
9173145946,Kyle,Hayden,56,Masculino,Chicago,Alto,6,31.39,No,No,Pescado,No,Dato no cargado,michael22@example.org,Tarjeta,4945,55-64
5577485214,Nancy,Contreras,55,Femenino,Chicago,Medio,4,20.13,Sí,Sí,Carnes,No,Dato no cargado,lopezamanda@example.net,Tarjeta,2108,55-64
2590408851,Rachel,Morales,49,Femenino,Chicago,Muy Alto,7,82.7,Sí,Sí,Carnes,Sí,Dato no cargado,Dato no cargado,Tarjeta,15253,45-54
2601297604,Brett,Anderson,56,Masculino,Chicago,Alto,5,34.91,No,Sí,Carnes,Sí,6686387820,stephaniedavis@example.net,Tarjeta,4042,55-64
5814645976,Gregory,Hicks,25,Masculino,Chicago,Muy Alto,6,39.18,Sí,Sí,Pescado,Sí,6226792803,Dato no cargado,Tarjeta,16818,25-34
6192036449,Jacob,Mejia,20,Masculino,Chicago,Bajo,2,9.25,No,Sí,Carnes,No,347.273.2720x207,Dato no cargado,Efectivo,898,18-24
3519243506,Justin,Murray,22,Masculino,Chicago,Bajo,3,9.79,No,Sí,Carnes,No,948-767-0246x61385,Dato no cargado,Tarjeta,1424,18-24
4250698831,Erin,Mcclain,76,Femenino,Chicago,Alto,4,44.39,Sí,No,Mariscos,No,+1-507-924-0126x9266,huntjack@example.com,Tarjeta,7448,65-80
9042971865,Victoria,Thompson,28,Femenino,Chicago,Medio,3,9.82,No,Sí,Otro,No,Dato no cargado,kenneth17@example.net,Efectivo,2941,25-34
6807760811,Martin,Benitez,43,Masculino,Chicago,Alto,4,38.43,No,No,Mariscos,Sí,+1-970-819-8398x08776,brittneyrivera@example.org,App,7299,35-44
2878427679,Omar,Andrade,21,Masculino,Chicago,Alto,5,34.31,Sí,Sí,Vegetariano,Sí,667.281.4802x988,Dato no cargado,App,5913,18-24
2884035554,Susan,Nguyen,54,Femenino,Chicago,Alto,5,5.11,No,No,Carnes,No,Dato no cargado,pmartinez@example.com,Efectivo,3938,45-54
6151688714,Brittany,Dean,44,Femenino,Chicago,Medio,2,11.7,Sí,No,Vegetariano,No,+1-242-580-3947x435,Dato no cargado,Tarjeta,3359,35-44
5949948022,Christian,Martin,62,Masculino,Chicago,Alto,4,12.74,No,Sí,Vegetariano,Sí,+1-624-861-6123,Dato no cargado,App,3505,55-64
7432599794,Mariah,Cooper,26,Femenino,Chicago,Medio,5,7.73,No,Sí,Carnes,No,Dato no cargado,yoderjasmine@example.com,App,3441,25-34
7248205931,Paula,Stone,77,Femenino,Chicago,Medio,5,17.74,Sí,Sí,Vegetariano,No,Dato no cargado,Dato no cargado,Efectivo,1933,65-80
4059249271,Evelyn,Paul,70,Femenino,Chicago,Alto,6,52.51,No,Sí,Vegetariano,Sí,Dato no cargado,Dato no cargado,Tarjeta,5630,65-80
8557322555,Jeffery,Ali,34,Masculino,Chicago,Medio,3,27.11,Sí,Sí,Otro,No,Dato no cargado,asmith@example.org,Efectivo,2041,25-34
4491096011,Rebekah,Stein,61,Femenino,Chicago,Medio,5,23.44,No,Sí,Vegetariano,No,2864161725,larry58@example.net,Tarjeta,2553,55-64
9552066631,Nathan,Grant,80,Masculino,Chicago,Bajo,0,0.0,Sí,No,Pescado,No,Dato no cargado,mariatran@example.org,Tarjeta,1402,65-80
9714938728,Rebecca,Newton,65,Femenino,Chicago,Muy Alto,5,26.18,No,No,Carnes,Sí,901-891-8770,steven13@example.org,Tarjeta,11414,65-80
8962275549,Daisy,David,44,Femenino,Chicago,Bajo,1,5.61,Sí,Sí,Vegetariano,No,703-419-6715,Dato no cargado,Efectivo,1020,35-44
8200221515,Lawrence,Rogers,76,Masculino,Chicago,Alto,4,48.42,No,No,Carnes,Sí,2492551317,Dato no cargado,Tarjeta,4536,65-80
1754368373,Edward,Love,19,Masculino,Chicago,Alto,4,20.96,Sí,Sí,No informado,Sí,Dato no cargado,tamarapope@example.com,Tarjeta,7883,18-24
8763140509,Karla,Camacho,80,Femenino,Chicago,Alto,4,40.39,Sí,No,Carnes,Sí,Dato no cargado,george46@example.org,App,6314,65-80
4500620658,William,Pollard,65,Masculino,Chicago,Alto,6,46.88,No,Sí,Mariscos,Sí,Dato no cargado,Dato no cargado,Tarjeta,6118,65-80
3028976016,Joshua,Cross,51,Masculino,Chicago,Muy Alto,8,94.0,No,Sí,Carnes,Sí,379-547-4743x6717,Dato no cargado,Efectivo,17691,45-54
7371036644,Teresa,White,33,Femenino,Chicago,Muy Alto,9,37.11,Sí,No,Vegano,Sí,+1-210-951-3298,Dato no cargado,App,9075,25-34
1426194630,Deborah,Molina,79,Femenino,Chicago,Bajo,1,7.57,No,Sí,Carnes,No,Dato no cargado,colebrendan@example.net,Tarjeta,853,65-80
2982082161,Eileen,Thomas,19,Femenino,Chicago,Alto,4,5.61,Sí,Sí,Pescado,Sí,Dato no cargado,schneiderleah@example.com,Efectivo,7658,18-24
8944237914,Karen,Nguyen,30,Femenino,Chicago,Alto,4,47.15,No,Sí,Mariscos,Sí,001-952-709-7974,qfranco@example.com,Tarjeta,6380,25-34
3090995743,Donna,Davis,64,Femenino,Chicago,Muy Alto,5,64.55,Sí,Sí,Vegano,Sí,+1-767-526-3468x6635,Dato no cargado,App,12642,55-64
4615129784,Ashley,Rodriguez,56,Femenino,Chicago,Medio,2,16.79,Sí,Sí,Carnes,No,6506442188,harrisnancy@example.net,App,2037,55-64
9627481869,Rachel,Becker,54,Femenino,Chicago,Medio,4,5.86,No,No,Carnes,No,Dato no cargado,daniellebrown@example.org,App,2418,45-54
7674424501,Eric,Chapman,48,Masculino,Chicago,Medio,3,27.63,Sí,Sí,Carnes,No,Dato no cargado,Dato no cargado,Efectivo,3133,45-54
4293474442,Miguel,Robinson,60,Masculino,Chicago,Alto,4,36.81,No,No,Mariscos,Sí,Dato no cargado,Dato no cargado,Tarjeta,7323,55-64
8445108027,Justin,English,19,Masculino,Chicago,Bajo,3,7.55,No,Sí,Carnes,No,001-434-372-5462x703,Dato no cargado,App,1145,18-24
4170874367,John,Cooke,69,Masculino,Chicago,Medio,4,22.94,Sí,Sí,Carnes,No,(821)312-8054,Dato no cargado,App,2081,65-80
8804262046,William,Ramos,60,Masculino,Chicago,Medio,2,6.66,Sí,Sí,Vegano,No,Dato no cargado,Dato no cargado,App,2032,55-64
4080785875,Justin,Alvarez,62,Masculino,Chicago,Alto,4,39.18,No,Sí,Carnes,Sí,Dato no cargado,kevinhernandez@example.com,Efectivo,3635,55-64
8468373279,Michael,Reyes,67,Masculino,Chicago,Bajo,2,8.27,No,Sí,Carnes,No,517-808-0741x416,Dato no cargado,Tarjeta,1586,65-80
6723965714,Robert,Morgan,36,Masculino,Chicago,Bajo,2,5.01,No,No,Carnes,No,001-545-562-4931x4435,bryantalexandria@example.org,Efectivo,1159,35-44
9368508491,Debra,Brooks,33,Femenino,Chicago,Alto,5,20.13,Sí,Sí,Vegano,Sí,+1-794-923-6108x259,Dato no cargado,Criptomoneda,5055,25-34
3671352868,Victor,Jensen,34,Masculino,Chicago,Medio,2,15.85,Sí,No,Pescado,No,Dato no cargado,jpierce@example.org,Efectivo,2350,25-34
4264490376,Tina,Larsen,36,Femenino,Chicago,Bajo,2,5.14,Sí,Sí,Mariscos,No,Dato no cargado,sydney02@example.net,App,1429,35-44
3287663925,Alan,Reyes,20,Masculino,Chicago,Medio,3,11.17,Sí,Sí,Vegano,No,Dato no cargado,medinachristie@example.net,Efectivo,2194,18-24
3367385291,Randy,Clark,41,Masculino,Chicago,Alto,6,24.53,Sí,No,Otro,No,Dato no cargado,Dato no cargado,Efectivo,8924,35-44
7770939851,Ashley,Bauer,53,Femenino,Chicago,Alto,5,58.26,No,No,Carnes,Sí,(505)579-4738x9943,Dato no cargado,Efectivo,7295,45-54
2119932866,Donna,Tucker,48,Femenino,Chicago,Muy Alto,7,46.11,Sí,Sí,Carnes,Sí,Dato no cargado,laura40@example.org,Efectivo,17848,45-54
5068253267,Gabriela,Grimes,28,Femenino,Chicago,Medio,3,25.26,Sí,Sí,Pescado,No,Dato no cargado,Dato no cargado,Tarjeta,2475,25-34
6329888646,Kyle,Guerrero,23,Masculino,Chicago,Medio,4,18.61,Sí,Sí,Vegano,No,Dato no cargado,aaron08@example.org,App,2788,18-24
3644147638,Phillip,Santos,42,Masculino,Chicago,Medio,5,27.59,Sí,No,Otro,No,Dato no cargado,mhale@example.com,App,2721,35-44
5151602251,Andrew,Thomas,20,Masculino,Chicago,Bajo,1,6.26,No,Sí,Vegetariano,No,Dato no cargado,andrew38@example.com,Efectivo,1470,18-24
6075963527,David,Turner,22,Masculino,Chicago,Muy Alto,10,33.53,No,Sí,Mariscos,Sí,Dato no cargado,joan86@example.net,Efectivo,11144,18-24
9646319363,Angela,Snyder,27,Femenino,Chicago,Alto,4,45.82,Sí,Sí,Vegano,Sí,745.830.6950x4862,Dato no cargado,Tarjeta,5536,25-34
5438606305,Allison,Franco,78,Femenino,Chicago,Medio,5,21.17,Sí,Sí,Vegetariano,No,Dato no cargado,Dato no cargado,Efectivo,3367,65-80
4476281093,Jacob,Haley,25,Masculino,Chicago,Medio,4,25.49,No,Sí,Otro,No,Dato no cargado,Dato no cargado,App,3263,25-34
3177379883,James,Silva,60,Masculino,Chicago,Alto,5,51.36,No,Sí,Carnes,No,001-456-619-0215x9364,Dato no cargado,App,5720,55-64
5902255727,Jamie,Miranda,47,Femenino,Chicago,Muy Alto,9,48.22,No,No,Mariscos,Sí,Dato no cargado,leonardjennifer@example.org,Efectivo,9519,45-54
5932432769,David,Rios,67,Masculino,Chicago,Muy Alto,5,73.45,Sí,Sí,Carnes,Sí,Dato no cargado,maciasmisty@example.org,Efectivo,9034,65-80
9655130898,Shawna,Kirk,28,Femenino,Chicago,Medio,2,18.37,No,Sí,Vegetariano,No,Dato no cargado,Dato no cargado,Efectivo,2467,25-34
5528285106,Rose,Kidd,41,Femenino,Chicago,Muy Alto,5,93.84,Sí,Sí,Carnes,Sí,(689)624-7933x0501,howeaaron@example.net,App,13898,35-44
6513039012,Ralph,Johnson,56,Masculino,Chicago,Medio,2,17.575,Sí,No,Vegetariano,No,Dato no cargado,Dato no cargado,App,2821,55-64
7429139034,Christine,Ford,75,Femenino,Chicago,Medio,5,9.05,Sí,No,Vegano,No,Dato no cargado,melissa05@example.com,Tarjeta,3018,65-80
9316431723,Jason,Gonzalez,37,Masculino,Chicago,Medio,2,9.98,Sí,Sí,Vegetariano,Sí,(214)283-5537x7122,Dato no cargado,App,3145,35-44
5842561021,Kenneth,Jackson,27,Masculino,Chicago,Muy Alto,10,63.92,No,Sí,Carnes,Sí,Dato no cargado,Dato no cargado,Efectivo,9537,25-34
2793276442,Brian,James,35,Masculino,Chicago,Muy Alto,9,67.7,Sí,No,Carnes,Sí,001-647-495-7441,linda20@example.com,App,9901,35-44
4576350158,Charles,Wilson,58,Masculino,Chicago,Alto,5,35.89,Sí,Sí,Otro,Sí,(630)380-4216x9657,Dato no cargado,Efectivo,8763,55-64
8501277126,Kelly,Lindsey,32,Femenino,Chicago,Muy Alto,5,77.24,Sí,Sí,Vegetariano,Sí,Dato no cargado,perezbrittney@example.org,App,10476,25-34
2419629493,Steven,Webster,40,Masculino,Chicago,Alto,5,39.48,No,Sí,Vegano,Sí,Dato no cargado,emily44@example.org,Efectivo,4965,35-44
5768911145,Elizabeth,Williams,30,Femenino,Chicago,Muy Alto,5,75.75,No,Sí,Vegetariano,Sí,Dato no cargado,Dato no cargado,App,14181,25-34
6698393081,Mary,Strickland,72,Femenino,Chicago,Alto,5,32.36,No,Sí,Otro,No,405.885.5398x0196,Dato no cargado,Efectivo,4025,65-80
6501575683,Brian,Curtis,60,Masculino,Chicago,Bajo,2,9.1,No,No,Mariscos,No,Dato no cargado,donaldpark@example.net,Efectivo,1420,55-64
8114987657,Laurie,Sandoval,79,Femenino,Chicago,Medio,3,25.82,Sí,No,Vegano,Sí,254.658.8592x0717,Dato no cargado,App,1848,65-80
9418700024,Robert,Lewis,39,Masculino,Chicago,Alto,5,43.08,Sí,Sí,Vegetariano,Sí,Dato no cargado,Dato no cargado,Efectivo,7306,35-44
7973925109,Tracy,Newton,27,Femenino,Chicago,Bajo,2,6.62,No,Sí,Carnes,No,767.382.0069x95551,Dato no cargado,App,868,25-34
4622440617,Richard,Underwood,77,Masculino,Chicago,Muy Alto,10,58.3,No,No,Carnes,Sí,+1-970-975-9186x035,Dato no cargado,Tarjeta,17292,65-80
9624806504,Matthew,Guzman,62,Masculino,Chicago,Medio,4,11.58,Sí,Sí,Carnes,No,(806)578-1393,sophia73@example.net,Tarjeta,3031,55-64
4792135573,Alexander,Weber,24,Masculino,Chicago,Medio,3,14.67,No,Sí,Mariscos,No,001-626-391-8604x0963,william01@example.net,Tarjeta,2868,18-24
3052364900,Nicholas,Bates,60,Masculino,Chicago,Alto,5,30.36,No,No,Mariscos,Sí,659-853-1955,ecalhoun@example.org,Tarjeta,8556,55-64
2099184899,Scott,Meza,33,Masculino,Chicago,Medio,5,16.46,No,Sí,Vegetariano,No,Dato no cargado,lcarter@example.org,Criptomoneda,1736,25-34
3459034771,Emily,Duncan,29,Femenino,Chicago,Alto,4,23.14,Sí,Sí,Vegano,No,+1-242-860-2148x7132,stephenschad@example.com,App,4370,25-34
1637848447,Matthew,Terry,24,Masculino,Chicago,Medio,3,10.54,No,Sí,Vegano,No,(689)736-9059,Dato no cargado,Tarjeta,2047,18-24
8266647006,Samantha,James,80,Femenino,Chicago,Medio,2,8.05,Sí,No,Vegano,No,Dato no cargado,brian89@example.com,Efectivo,2591,65-80
6642422190,Bradley,Smith,39,Masculino,Chicago,Muy Alto,10,61.11,Sí,No,Carnes,Sí,558-946-8903,stewartjohn@example.com,Efectivo,13065,35-44
4100395865,Teresa,Johnson,29,Femenino,Chicago,Bajo,2,7.23,No,Sí,Vegano,No,Dato no cargado,mullinsraymond@example.org,Criptomoneda,817,25-34
3459037713,Betty,Dixon,74,Femenino,Chicago,Muy Alto,7,45.99,No,Sí,Vegano,Sí,Dato no cargado,Dato no cargado,Efectivo,16778,65-80
1766285595,Suzanne,Perez,19,Femenino,Chicago,Bajo,3,7.84,Sí,Sí,Carnes,No,3399599377,Dato no cargado,Tarjeta,856,18-24
5912460173,Angela,Clements,27,Femenino,Chicago,Medio,2,11.81,No,Sí,Carnes,No,+1-875-917-0058x8291,hendersonstephen@example.org,App,2715,25-34
9397526641,Marc,Lopez,50,Masculino,Chicago,Medio,3,26.49,Sí,No,Vegetariano,No,Dato no cargado,Dato no cargado,App,1698,45-54
5100105168,Lisa,Sherman,79,Femenino,Chicago,Bajo,0,0.0,Sí,Sí,Vegetariano,No,Dato no cargado,Dato no cargado,Tarjeta,839,65-80
5272511859,Lawrence,Walsh,78,Masculino,Chicago,Muy Alto,5,22.45,Sí,Sí,Carnes,Sí,(710)973-6656x129,craig28@example.com,App,10782,65-80
8545210932,Robert,Pugh,19,Masculino,Chicago,Bajo,1,7.93,No,Sí,Carnes,No,Dato no cargado,megan29@example.org,App,1059,18-24
3799657614,Denise,Camacho,70,Femenino,Chicago,Bajo,1,6.94,No,Sí,Vegetariano,No,Dato no cargado,isabellakidd@example.com,Tarjeta,1394,65-80
2556681746,Jeffrey,Hill,66,Masculino,Chicago,Bajo,1,7.85,Sí,Sí,Carnes,No,Dato no cargado,singhjessica@example.org,Efectivo,942,65-80
1868928053,Christine,Hall,67,Femenino,Chicago,Alto,6,21.69,Sí,Sí,Carnes,No,+1-394-465-3700x3310,Dato no cargado,Tarjeta,7671,65-80
5954843702,Elizabeth,Ibarra,71,Femenino,Chicago,Medio,4,27.62,No,Sí,Otro,Sí,+1-467-433-7548x2565,treynolds@example.com,Tarjeta,2647,65-80
2348932586,Katie,Rosario,18,Femenino,Chicago,Alto,6,8.42,Sí,Sí,Vegetariano,No,Dato no cargado,Dato no cargado,Efectivo,5971,18-24
2666980658,Stephanie,Wilson,24,Femenino,Chicago,Bajo,3,8.29,Sí,Sí,Vegano,No,+1-464-379-7504,Dato no cargado,Efectivo,815,18-24
8988896196,Jaime,Davis,67,Femenino,Chicago,Bajo,2,8.93,Sí,No,Vegano,No,001-367-874-9971x258,omclaughlin@example.com,Tarjeta,836,65-80
7937813214,Manuel,Ramirez,75,Masculino,Chicago,Muy Alto,5,11.26,Sí,No,Pescado,Sí,398.864.0157x8306,robertowen@example.net,Tarjeta,17890,65-80
8902576545,Jonathan,Jackson,38,Masculino,Chicago,Muy Alto,8,85.46,No,Sí,Pescado,Sí,Dato no cargado,lwalker@example.org,Tarjeta,16266,35-44
3191999057,Mark,Parker,22,Masculino,Chicago,Alto,4,31.89,No,Sí,Carnes,No,4075328024,Dato no cargado,Tarjeta,6463,18-24
3796412934,James,Miller,37,Masculino,Chicago,Muy Alto,6,101.38,No,No,Carnes,Sí,Dato no cargado,paulbennett@example.org,App,9927,35-44
1141461348,Victoria,Kennedy,45,Femenino,Chicago,Alto,6,30.16,No,Sí,Carnes,No,Dato no cargado,klevy@example.com,Tarjeta,3811,45-54
2453107692,Timothy,Gonzalez,38,Masculino,Chicago,Alto,5,53.75,No,Sí,Vegetariano,Sí,001-338-827-4431x027,Dato no cargado,App,3704,35-44
3751770347,Travis,Walker,73,Masculino,Chicago,Medio,4,18.85,Sí,No,Otro,No,638-843-8399x508,Dato no cargado,Efectivo,3393,65-80
6359242586,Caroline,Walker,80,Femenino,Chicago,Alto,6,50.49,Sí,No,Pescado,No,Dato no cargado,ibray@example.net,App,7559,65-80
8643636805,Alison,Griffith,52,Femenino,Chicago,Medio,3,15.42,No,No,No informado,No,Dato no cargado,stephenschristian@example.org,Tarjeta,1856,45-54
6459909058,Angel,Warren,65,Femenino,Chicago,Bajo,1,8.44,No,Sí,Vegano,No,Dato no cargado,mwilkins@example.com,Tarjeta,1521,65-80
7139225080,Jessica,Moore,40,Femenino,Chicago,Muy Alto,10,75.76,No,No,Carnes,Sí,Dato no cargado,Dato no cargado,Tarjeta,10639,35-44
4715477780,Anthony,Peterson,50,Masculino,Chicago,Alto,4,55.48,Sí,Sí,Vegetariano,Sí,(725)266-9724x186,Dato no cargado,Efectivo,4352,45-54
5317105328,Andrew,Wall,76,Masculino,Chicago,Bajo,3,5.28,Sí,No,Carnes,No,793.404.3700,brandon41@example.net,Efectivo,1449,65-80
5823128922,Christina,White,55,Femenino,Chicago,Medio,4,18.36,No,Sí,Vegano,No,Dato no cargado,Dato no cargado,Efectivo,2113,55-64
2293611091,Jared,Howell,18,Masculino,Chicago,Alto,6,27.06,No,Sí,Vegetariano,Sí,Dato no cargado,Dato no cargado,Efectivo,5666,18-24
4289675520,William,Kelley,30,Masculino,Chicago,Medio,3,6.5,Sí,Sí,Vegetariano,No,Dato no cargado,roy20@example.net,App,2349,25-34
8239941612,Judith,Warren,43,Femenino,Chicago,Alto,4,39.91,No,Sí,Vegetariano,Sí,001-766-951-4154x854,Dato no cargado,Efectivo,6841,35-44
4113031079,Andrea,May,45,Femenino,Chicago,Medio,3,17.87,No,No,Vegano,No,Dato no cargado,Dato no cargado,Efectivo,2651,45-54
5900600308,Jose,Garza,50,Masculino,Chicago,Medio,4,27.34,Sí,Sí,Mariscos,No,Dato no cargado,bhernandez@example.org,Tarjeta,2161,45-54
9621386065,Joshua,Patton,24,Masculino,Chicago,Alto,5,54.88,Sí,Sí,Otro,Sí,Dato no cargado,rivasfrank@example.net,Tarjeta,7678,18-24
9030426612,Danielle,Gordon,39,Femenino,Chicago,Bajo,2,6.39,Sí,No,Mariscos,No,645.371.8253x95700,Dato no cargado,Tarjeta,824,35-44
9049868334,Laura,Hayes,56,Femenino,Chicago,Medio,5,18.27,No,Sí,Mariscos,No,335-474-6572,Dato no cargado,Tarjeta,1687,55-64
3981318284,Eric,Powers,20,Masculino,Chicago,Medio,5,16.08,Sí,Sí,Carnes,No,+1-445-980-1180x6193,michaelreed@example.org,App,2967,18-24
6986643410,Jessica,Jones,62,Femenino,Chicago,Medio,5,23.42,Sí,Sí,Vegetariano,No,216-826-0907,jeanettewolfe@example.com,App,3355,55-64
8900454771,Paul,Hill,57,Masculino,Chicago,Muy Alto,8,103.82,No,Sí,Pescado,Sí,Dato no cargado,Dato no cargado,Tarjeta,11780,55-64
5635275367,Sonya,Martinez,53,Femenino,Chicago,Alto,4,35.31,Sí,Sí,Mariscos,Sí,597-200-6234,Dato no cargado,Efectivo,8111,45-54
9517292154,Andrea,Perez,53,Femenino,Chicago,Medio,4,11.45,Sí,Sí,Carnes,Sí,Dato no cargado,Dato no cargado,Criptomoneda,3423,45-54
2602591943,Jose,Wood,25,Masculino,Chicago,Medio,2,28.56,Sí,Sí,No informado,No,Dato no cargado,Dato no cargado,App,2500,25-34
6050640730,Michael,Torres,22,Masculino,Chicago,Bajo,0,0.0,Sí,Sí,Carnes,No,Dato no cargado,edwardsbryan@example.org,Tarjeta,1406,18-24
4898351305,Ricardo,Hogan,48,Masculino,Chicago,Medio,2,29.26,No,Sí,Carnes,No,Dato no cargado,Dato no cargado,App,1918,45-54
2717905297,Thomas,Johnson,44,Masculino,Chicago,Muy Alto,6,57.26,No,Sí,Carnes,Sí,Dato no cargado,larryperkins@example.com,Tarjeta,12692,35-44
4863155534,Mitchell,Rodriguez,68,Masculino,Chicago,Alto,4,30.17,Sí,No,Carnes,No,Dato no cargado,Dato no cargado,Efectivo,6206,65-80
9557432005,Elizabeth,Hayes,68,Femenino,Chicago,Alto,6,41.37,Sí,No,Vegetariano,Sí,Dato no cargado,Dato no cargado,Tarjeta,3507,65-80
9018151306,Heather,Benson,74,Femenino,Chicago,Medio,4,20.34,No,No,Vegetariano,No,Dato no cargado,Dato no cargado,Tarjeta,3448,65-80
6572069519,Brian,Morton,31,Masculino,Chicago,Bajo,1,5.3,Sí,Sí,Vegano,No,Dato no cargado,Dato no cargado,Tarjeta,864,25-34
5840960618,Eugene,Peterson,30,Masculino,Chicago,Alto,5,18.03,No,Sí,Mariscos,Sí,Dato no cargado,barbara30@example.com,Tarjeta,4450,25-34
9171679518,Brenda,Duarte,46,Femenino,Chicago,Muy Alto,9,90.98,Sí,Sí,Vegetariano,Sí,Dato no cargado,jflynn@example.org,Efectivo,15616,45-54
2455579672,Scott,Oliver,62,Masculino,Chicago,Bajo,1,7.51,Sí,Sí,Pescado,No,(733)336-3775,Dato no cargado,Tarjeta,1337,55-64
9989062562,Elizabeth,Murillo,42,Femenino,Chicago,Alto,5,24.67,Sí,Sí,Pescado,No,424.684.9444,Dato no cargado,Tarjeta,4552,35-44
8641810409,Manuel,Johnson,28,Masculino,Chicago,Muy Alto,10,96.33,Sí,Sí,Mariscos,Sí,+1-478-858-4176x914,Dato no cargado,App,15347,25-34
5395736405,Edwin,Morrison,29,Masculino,Chicago,Medio,5,14.82,Sí,Sí,Carnes,No,787.606.0602x9335,Dato no cargado,Tarjeta,3372,25-34
3323413997,Morgan,Palmer,32,Femenino,Chicago,Alto,4,41.42,Sí,Sí,Pescado,No,Dato no cargado,christinamcgee@example.net,Tarjeta,4480,25-34
1640486894,Kelly,Klein,66,Femenino,Chicago,Bajo,2,8.16,Sí,Sí,No informado,No,(924)500-4052x401,Dato no cargado,Efectivo,1362,65-80
6751579077,Timothy,Garcia,42,Masculino,Chicago,Alto,4,35.67,Sí,Sí,Otro,No,Dato no cargado,Dato no cargado,Tarjeta,4703,35-44
7700772345,Cody,Frazier,35,Masculino,Chicago,Alto,6,52.79,No,Sí,Carnes,Sí,Dato no cargado,Dato no cargado,App,7361,35-44
8115989260,Gary,Moore,54,Masculino,Chicago,Alto,5,54.78,Sí,Sí,No informado,Sí,785.432.6195x516,Dato no cargado,Efectivo,4161,45-54
8511143137,Shawna,West,24,Femenino,Chicago,Medio,2,6.46,No,Sí,Otro,No,550-365-5881,ypierce@example.net,App,3322,18-24
8152259379,James,Barajas,43,Masculino,Chicago,Medio,2,10.71,No,Sí,Carnes,No,9744908708,Dato no cargado,Tarjeta,1886,35-44
8351288845,Daniel,Wells,29,Masculino,Chicago,Alto,4,6.93,Sí,Sí,Carnes,Sí,946-795-5842x773,Dato no cargado,Tarjeta,5627,25-34
5669349652,Brent,Contreras,31,Masculino,Chicago,Alto,6,16.01,Sí,No,Vegetariano,No,+1-619-792-4702x053,davidgarcia@example.org,Efectivo,7126,25-34
6124453431,Matthew,Cooper,27,Masculino,Chicago,Medio,3,20.89,Sí,Sí,Pescado,No,Dato no cargado,jack76@example.com,App,3043,25-34
9860949331,Jessica,Jordan,66,Femenino,Chicago,Bajo,1,5.44,Sí,Sí,Vegano,No,781-779-0382,Dato no cargado,Tarjeta,1206,65-80
6882085133,Richard,Stevenson,25,Masculino,Chicago,Medio,5,5.96,No,Sí,Vegetariano,No,Dato no cargado,Dato no cargado,App,3481,25-34
4998328441,Jaime,Costa,38,Femenino,Chicago,Alto,4,50.61,Sí,Sí,Mariscos,Sí,545-800-6087x9528,uhenry@example.org,Criptomoneda,8207,35-44
7284927359,Jeffrey,Lee,24,Masculino,Chicago,Medio,2,22.88,No,Sí,Pescado,No,+1-556-263-3516x76190,Dato no cargado,App,3479,18-24
9112819263,Angel,Campbell,40,Femenino,Chicago,Alto,5,20.72,Sí,Sí,Vegano,Sí,(750)439-4244,samuel22@example.com,App,6870,35-44
5853407612,Jennifer,Wood,68,Femenino,Chicago,Alto,4,9.46,No,Sí,Carnes,Sí,929.548.1931x125,jennifer36@example.net,Efectivo,8134,65-80
8540250413,Matthew,Jones,33,Masculino,Chicago,Alto,6,21.13,No,Sí,Mariscos,Sí,485.742.6320x997,Dato no cargado,Tarjeta,5341,25-34
6122110529,Brian,Harmon,60,Masculino,Chicago,Medio,3,10.52,No,Sí,Mariscos,No,815.462.1953x46532,Dato no cargado,App,3451,55-64
8448666187,Linda,Nelson,54,Femenino,Chicago,Alto,5,15.88,No,No,Carnes,Sí,532-634-9646x87826,patricia35@example.org,App,7962,45-54
8523427457,Travis,Smith,21,Masculino,Chicago,Medio,3,13.9,Sí,Sí,Carnes,No,(424)489-6608,Dato no cargado,Tarjeta,2769,18-24
7626150744,Robert,Sellers,24,Masculino,Chicago,Medio,3,14.33,No,Sí,Vegetariano,No,Dato no cargado,Dato no cargado,Efectivo,2716,18-24
3932727039,Ronald,Khan,75,Masculino,Chicago,Medio,4,5.57,Sí,No,Carnes,No,241.278.0727,Dato no cargado,Efectivo,3454,65-80
1570268148,Susan,Hall,70,Femenino,Chicago,Alto,6,28.64,Sí,No,Carnes,No,3424609322,Dato no cargado,Tarjeta,8740,65-80
6265756641,Joshua,Sims,51,Masculino,Chicago,Muy Alto,10,70.45,Sí,Sí,Carnes,Sí,(482)474-8756x49075,Dato no cargado,Tarjeta,9270,45-54
9942921105,Brenda,Huff,69,Femenino,Chicago,Bajo,2,9.31,Sí,Sí,No informado,No,Dato no cargado,gking@example.net,Efectivo,883,65-80
6114500313,Lisa,Brown,26,Femenino,Chicago,Medio,3,13.07,Sí,Sí,Mariscos,No,Dato no cargado,kimberly00@example.org,Tarjeta,2300,25-34
4824397863,Barry,Stevens,67,Masculino,Chicago,Bajo,3,6.49,Sí,No,Otro,No,Dato no cargado,morasamantha@example.com,App,971,65-80
9264143912,Brian,Brown,24,Masculino,Chicago,Alto,4,32.33,Sí,Sí,Vegetariano,Sí,9363217334,Dato no cargado,Tarjeta,4816,18-24
5727735496,Timothy,Evans,59,Masculino,Chicago,Medio,5,23.19,Sí,Sí,Vegetariano,No,443.976.0730x30984,Dato no cargado,Efectivo,2781,55-64
8433519273,John,Shea,50,Masculino,Chicago,Alto,5,14.93,Sí,Sí,Mariscos,Sí,Dato no cargado,cindymanning@example.com,Tarjeta,4294,45-54
7776700317,Nancy,Fischer,70,Femenino,Chicago,Medio,2,20.05,No,No,No informado,No,001-780-287-9225x8984,eric96@example.org,Tarjeta,3475,65-80
9048799793,Kevin,Hunter,71,Masculino,Chicago,Alto,6,56.66,Sí,No,Mariscos,Sí,Dato no cargado,kristina84@example.net,Criptomoneda,5507,65-80
4090363801,Elizabeth,Kelley,62,Femenino,Chicago,Bajo,0,0.0,No,Sí,Vegetariano,No,Dato no cargado,Dato no cargado,App,1124,55-64
5367318131,Candice,May,77,Femenino,Chicago,Medio,5,29.77,No,Sí,Vegetariano,No,(762)598-2423x2313,Dato no cargado,Efectivo,3267,65-80
8048669615,Joshua,Smith,20,Masculino,Chicago,Medio,3,18.21,No,Sí,Otro,No,001-758-855-8179x77969,corey24@example.com,Tarjeta,2153,18-24
6877052039,William,Harper,21,Masculino,Chicago,Alto,5,56.04,Sí,Sí,Vegano,Sí,Dato no cargado,wjefferson@example.org,Tarjeta,5790,18-24
5027953302,Barbara,Ritter,78,Femenino,Chicago,Medio,3,21.58,No,No,Otro,No,Dato no cargado,ronald22@example.com,Tarjeta,3492,65-80
2260363816,Tammy,Johnson,73,Femenino,Chicago,Alto,4,6.07,No,Sí,Pescado,No,Dato no cargado,Dato no cargado,Tarjeta,6339,65-80
6009983733,Joshua,Thompson,67,Masculino,Chicago,Alto,4,5.58,Sí,Sí,Mariscos,Sí,558.258.7370x4747,Dato no cargado,App,8247,65-80
5631660384,Douglas,Wong,31,Masculino,Chicago,Alto,6,18.13,No,No,Otro,Sí,001-902-649-6190x765,emilyyoung@example.com,Efectivo,7363,25-34
1675534486,Daniel,Shepard,54,Masculino,Chicago,Medio,5,5.71,Sí,No,Carnes,No,Dato no cargado,Dato no cargado,App,2377,45-54
3190162350,Laurie,Jones,51,Femenino,Chicago,Alto,4,48.21,Sí,Sí,Carnes,Sí,Dato no cargado,justinbrown@example.net,Efectivo,4378,45-54
6734947456,Douglas,Miller,52,Masculino,Chicago,Medio,5,7.33,Sí,No,Carnes,No,(878)236-7465x9888,mark31@example.net,Tarjeta,2573,45-54
1459774564,Paul,Caldwell,80,Masculino,Chicago,Alto,6,32.19,No,No,Vegetariano,No,Dato no cargado,shelbygregory@example.org,App,5100,65-80
5326000497,Emily,Moon,29,Femenino,Chicago,Medio,3,24.16,Sí,Sí,Carnes,No,Dato no cargado,Dato no cargado,Efectivo,2792,25-34
8612441673,Charles,Morris,24,Masculino,Chicago,Medio,4,9.02,Sí,Sí,Carnes,No,Dato no cargado,Dato no cargado,App,2222,18-24
1329869970,Ronald,Ward,42,Masculino,Chicago,Medio,3,25.23,No,No,Carnes,No,727.833.3020,Dato no cargado,Efectivo,2804,35-44
4221741859,Derek,Yang,37,Masculino,Chicago,Medio,3,26.94,No,Sí,Mariscos,Sí,(956)864-2940x265,Dato no cargado,Tarjeta,2484,35-44
3881503651,Haley,Villegas,18,Femenino,Chicago,Muy Alto,6,26.05,Sí,Sí,Otro,Sí,(428)364-2386x1078,Dato no cargado,Tarjeta,13882,18-24
6083811608,Gail,Medina,37,Femenino,Chicago,Muy Alto,9,44.9,Sí,Sí,Otro,Sí,(979)983-3896,duncancarlos@example.org,Efectivo,10961,35-44
4033540260,Aaron,Lowery,78,Masculino,Chicago,Alto,5,32.99,Sí,Sí,Carnes,Sí,Dato no cargado,pattersonjenny@example.net,App,6564,65-80
9215678070,Amber,Melton,23,Femenino,Chicago,Alto,4,18.16,No,Sí,Carnes,Sí,+1-470-932-0783x293,mbrady@example.org,Tarjeta,8210,18-24
1506395539,Jose,Morris,74,Masculino,Chicago,Bajo,0,0.0,No,No,Pescado,No,+1-939-738-2777,kyle86@example.org,App,805,65-80
7046757417,Amanda,Davis,49,Femenino,Chicago,Muy Alto,9,21.42,Sí,Sí,Otro,Sí,510-623-6541,eric31@example.net,Criptomoneda,10644,45-54
4597117220,Wendy,Clark,41,Femenino,Chicago,Bajo,3,9.62,Sí,No,No informado,No,Dato no cargado,Dato no cargado,App,1471,35-44
4174051339,Jason,Lopez,75,Masculino,Chicago,Bajo,1,7.2,Sí,No,Vegano,No,351.440.8400x507,schaeferkatherine@example.com,Tarjeta,1217,65-80
7998565225,Jennifer,Henderson,29,Femenino,Chicago,Muy Alto,9,47.24,Sí,No,Mariscos,Sí,001-864-880-2784,amberhernandez@example.net,Tarjeta,12514,25-34
6113994946,Katie,Rodriguez,31,Femenino,Chicago,Bajo,1,9.1,Sí,No,Pescado,No,747.415.1056x1299,johnsonjoshua@example.org,App,1326,25-34
9357636067,Vanessa,Cameron,53,Femenino,Chicago,Alto,4,13.2,No,Sí,Carnes,Sí,Dato no cargado,tanyafoster@example.com,Efectivo,6444,45-54
1230339523,Christopher,Dyer,57,Masculino,Chicago,Alto,6,41.88,Sí,Sí,Pescado,Sí,Dato no cargado,christinahernandez@example.org,Efectivo,4860,55-64
3929827295,Cynthia,Anderson,64,Femenino,Chicago,Medio,3,23.19,Sí,Sí,Carnes,No,Dato no cargado,Dato no cargado,Tarjeta,3402,55-64
7911193831,Sheila,Montoya,58,Femenino,Chicago,Medio,3,26.79,No,Sí,Vegetariano,No,+1-442-769-2769,phanson@example.net,Efectivo,2242,55-64
3027671630,Emily,Smith,57,Femenino,Chicago,Alto,4,48.97,Sí,No,No informado,Sí,(803)274-7678,greermaria@example.net,Efectivo,5049,55-64
4579265601,John,Johnson,44,Masculino,Chicago,Alto,4,12.49,No,Sí,Mariscos,Sí,Dato no cargado,chart@example.net,Efectivo,3621,35-44
8521463304,Kathryn,Scott,34,Femenino,Chicago,Bajo,2,7.56,No,No,Vegetariano,No,Dato no cargado,Dato no cargado,Efectivo,1114,25-34
9916752775,John,Rivera,42,Masculino,Chicago,Medio,5,23.89,Sí,No,Mariscos,No,Dato no cargado,kimberly79@example.org,Tarjeta,2772,35-44
9288057824,Michael,Crawford,80,Masculino,Chicago,Alto,6,7.82,No,Sí,Pescado,Sí,(249)398-7545x81990,lori67@example.com,Tarjeta,6824,65-80
4673629009,Jeffery,Brown,25,Masculino,Chicago,Alto,5,46.33,Sí,No,Otro,Sí,Dato no cargado,Dato no cargado,Efectivo,8449,25-34
8288680975,Carolyn,Cooper,24,Femenino,Chicago,Medio,4,14.46,No,No,Carnes,No,296.651.7124,tkhan@example.org,App,1918,18-24
2670582105,Ralph,Cantrell,50,Masculino,Chicago,Muy Alto,9,59.34,Sí,No,Vegetariano,Sí,Dato no cargado,Dato no cargado,Tarjeta,14900,45-54
1918814085,Rachel,Heath,44,Femenino,Chicago,Muy Alto,8,92.73,Sí,No,Carnes,Sí,791.751.4732x957,nicholsmark@example.org,Tarjeta,14311,35-44
8515059507,Sandra,Brown,39,Femenino,Chicago,Medio,5,17.35,Sí,Sí,Vegetariano,Sí,Dato no cargado,Dato no cargado,Efectivo,1761,35-44
8844221158,Jennifer,Ellis,43,Femenino,Chicago,Alto,5,7.11,Sí,Sí,Vegano,Sí,Dato no cargado,jaimecollins@example.com,Criptomoneda,3774,35-44
9251333342,Michael,Church,48,Masculino,Chicago,Medio,4,17.575,Sí,No,Otro,No,Dato no cargado,Dato no cargado,Tarjeta,2946,45-54
3454890016,Kathleen,Griffith,67,Femenino,Chicago,Medio,3,27.97,Sí,Sí,Vegetariano,No,429-393-2699,Dato no cargado,App,2516,65-80
1531125769,Robert,Crawford,66,Masculino,Chicago,Medio,3,11.24,Sí,Sí,Mariscos,No,681.205.2024,Dato no cargado,Tarjeta,3200,65-80
6044419595,Marvin,Smith,77,Masculino,Chicago,Bajo,1,7.23,Sí,Sí,Vegetariano,No,453-983-2078,shall@example.com,Efectivo,1058,65-80
5435473617,Scott,Bird,75,Masculino,Chicago,Bajo,1,5.01,No,No,Pescado,No,Dato no cargado,laceypowell@example.com,App,951,65-80
2837573743,Michael,Thompson,47,Masculino,Chicago,Muy Alto,6,100.46,No,No,Vegano,Sí,Dato no cargado,Dato no cargado,App,13266,45-54
3961029969,Regina,Robertson,80,Femenino,Chicago,Muy Alto,10,90.81,No,Sí,Vegano,Sí,Dato no cargado,Dato no cargado,Tarjeta,15365,65-80
8123833948,Katherine,Harrison,58,Femenino,Chicago,Medio,5,5.8,Sí,Sí,Vegetariano,No,+1-693-448-6663x66739,catherine85@example.org,App,2216,55-64
7098746030,Richard,Freeman,75,Masculino,Chicago,Medio,5,5.95,Sí,Sí,Vegetariano,No,(941)265-8418,Dato no cargado,Tarjeta,3280,65-80
3088037226,Lauren,Gutierrez,74,Femenino,Chicago,Muy Alto,10,67.17,Sí,Sí,Vegetariano,Sí,604-472-6774,ashley97@example.com,App,9550,65-80
2969324878,Donna,Cantu,44,Femenino,Chicago,Medio,4,29.36,Sí,Sí,Vegano,No,+1-911-538-3589x76749,heidibrown@example.net,Tarjeta,2651,35-44
5270048042,Tracey,Garcia,79,Femenino,Chicago,Muy Alto,7,50.31,Sí,No,Carnes,Sí,7312095373,Dato no cargado,App,9804,65-80
6258160573,Jennifer,Jones,19,Femenino,Chicago,Medio,3,25.12,Sí,Sí,Otro,No,Dato no cargado,petersoneric@example.net,Tarjeta,2418,18-24
5845578408,Kathleen,Warren,66,Femenino,Chicago,Medio,3,17.89,Sí,No,Vegetariano,Sí,Dato no cargado,Dato no cargado,Efectivo,2772,65-80
5311497955,Julie,Case,48,Femenino,Chicago,Bajo,0,0.0,Sí,Sí,Pescado,No,Dato no cargado,laura07@example.org,Tarjeta,1382,45-54
6973554506,Hannah,Kennedy,52,Femenino,Chicago,Medio,5,20.92,Sí,No,Carnes,No,Dato no cargado,carl40@example.net,Efectivo,3284,45-54
5421552602,Kyle,Chapman,44,Masculino,Chicago,Medio,2,24.87,Sí,Sí,Otro,No,001-372-665-4014x478,Dato no cargado,Tarjeta,2395,35-44
7425901764,Jacqueline,Evans,51,Femenino,Chicago,Medio,3,6.46,No,No,Carnes,No,373.728.6794x521,rchandler@example.org,Tarjeta,3488,45-54
8552936080,Walter,Hudson,24,Masculino,Chicago,Bajo,2,9.56,No,Sí,Carnes,No,Dato no cargado,bryan52@example.org,App,989,18-24
4646774177,William,Haley,50,Masculino,Chicago,Bajo,1,7.29,Sí,Sí,Otro,No,001-292-919-1735x25274,Dato no cargado,App,1066,45-54
5654007427,Jo,Lopez,39,Femenino,Chicago,Bajo,2,6.67,No,Sí,Mariscos,No,(630)561-2369,Dato no cargado,Tarjeta,1114,35-44
1174964107,Diane,Mendoza,73,Femenino,Chicago,Muy Alto,9,29.5,No,No,Carnes,Sí,Dato no cargado,royedwards@example.com,Criptomoneda,12678,65-80
9362767608,Charles,Turner,31,Masculino,Chicago,Alto,6,51.66,Sí,No,Vegetariano,Sí,(881)201-7285x6064,Dato no cargado,Efectivo,5416,25-34
7523681065,Meghan,Yates,61,Femenino,Chicago,Muy Alto,7,77.49,Sí,Sí,Pescado,Sí,+1-751-379-1133x10149,lorijohnson@example.net,App,15669,55-64
8854432785,David,Forbes,51,Masculino,Chicago,Alto,4,37.58,No,Sí,Mariscos,Sí,Dato no cargado,Dato no cargado,App,5651,45-54
3190152054,Lori,Stone,29,Femenino,Chicago,Alto,4,56.09,Sí,Sí,Otro,Sí,Dato no cargado,Dato no cargado,Tarjeta,5110,25-34
3897499859,Angela,Anderson,43,Femenino,Chicago,Medio,3,22.29,Sí,Sí,Otro,No,Dato no cargado,eescobar@example.org,Efectivo,2954,35-44
1121891009,Travis,Brown,21,Masculino,Chicago,Alto,6,41.77,Sí,Sí,Pescado,Sí,389.215.7222,Dato no cargado,Efectivo,3727,18-24
1557097204,Angela,Avila,44,Femenino,Chicago,Alto,6,49.16,No,No,No informado,No,Dato no cargado,andrew04@example.com,Tarjeta,6911,35-44
5982624410,Chelsey,Ramirez,63,Femenino,Chicago,Muy Alto,5,32.48,No,Sí,Mariscos,Sí,478.917.9668x82057,carterbrian@example.com,Tarjeta,10286,55-64
2389158546,Joseph,White,50,Masculino,Chicago,Medio,2,28.9,No,Sí,Vegano,No,Dato no cargado,jenniferhutchinson@example.org,Efectivo,1831,45-54
2546533116,Donna,Ochoa,40,Femenino,Chicago,Alto,4,15.32,No,Sí,Carnes,Sí,Dato no cargado,lloydchristine@example.net,Efectivo,8913,35-44
3143135648,Jorge,Harrison,61,Masculino,Chicago,Alto,4,7.64,No,Sí,Vegetariano,Sí,947-699-8933x9967,Dato no cargado,App,8017,55-64
4051103445,James,Smith,70,Masculino,Chicago,Bajo,1,8.47,No,Sí,Otro,No,690-269-5763x565,lhickman@example.net,Tarjeta,1033,65-80
9983362849,Jessica,Harris,69,Femenino,Chicago,Alto,5,32.955,No,Sí,Vegetariano,Sí,Dato no cargado,vangheather@example.com,App,3600,65-80
8256220336,Daniel,Bush,51,Masculino,Chicago,Medio,4,6.55,No,No,Mariscos,No,Dato no cargado,Dato no cargado,App,2059,45-54
7745467498,Tammie,Cooke,61,Femenino,Chicago,Muy Alto,8,14.4,No,Sí,Carnes,Sí,752-932-4623,christopherbass@example.net,Efectivo,16012,55-64
4313408723,John,Johnson,52,Masculino,Chicago,Alto,5,12.14,No,No,Vegetariano,No,941-614-4256x5386,Dato no cargado,App,6180,45-54
9550129822,Gary,Mills,55,Masculino,Chicago,Bajo,2,9.84,No,No,Mariscos,No,(862)664-6650x76906,kristyclark@example.net,App,1387,55-64
3915147015,John,Gibson,21,Masculino,Chicago,Alto,5,37.48,No,Sí,Vegetariano,Sí,464-674-7275,jeffery39@example.net,Efectivo,6613,18-24
3644389706,Travis,Figueroa,48,Masculino,Chicago,Muy Alto,9,14.43,Sí,No,Vegetariano,Sí,Dato no cargado,Dato no cargado,Efectivo,11114,45-54
5230667674,Anna,Hines,29,Femenino,Chicago,Bajo,0,0.0,No,Sí,Carnes,No,Dato no cargado,akelly@example.com,App,1187,25-34
7331491752,Julie,Martinez,25,Femenino,Chicago,Muy Alto,8,70.16,No,Sí,Pescado,Sí,(771)494-7265,Dato no cargado,Efectivo,13565,25-34
7777194242,Douglas,Brown,69,Masculino,Chicago,Medio,3,9.16,No,Sí,Carnes,No,+1-753-399-1705x792,jenkinssandra@example.com,App,1636,65-80
4914616473,Micheal,Nash,59,Masculino,Chicago,Medio,5,9.21,Sí,No,Pescado,No,001-623-664-9041,fergusonjose@example.net,Efectivo,3278,55-64
4884431164,Raymond,Brandt,24,Masculino,Chicago,Muy Alto,7,69.75,Sí,Sí,Mariscos,Sí,Dato no cargado,Dato no cargado,Efectivo,14027,18-24
9927236627,Justin,Castro,34,Masculino,Chicago,Medio,3,14.06,No,No,Mariscos,No,758.242.4443x916,Dato no cargado,Tarjeta,3465,25-34
8157277882,Raymond,Coleman,66,Masculino,Chicago,Medio,5,12.5,No,No,Carnes,No,972.501.4568x1406,amandaharper@example.net,Efectivo,3427,65-80
7800680768,Trevor,Medina,20,Masculino,Chicago,Bajo,3,9.15,No,Sí,No informado,No,Dato no cargado,rhodescarolyn@example.net,Efectivo,1163,18-24
2074249850,Nicole,Wright,41,Femenino,Chicago,Medio,5,16.65,Sí,Sí,Vegetariano,No,Dato no cargado,kristin16@example.com,Tarjeta,1990,35-44
5029650268,Cody,Suarez,49,Masculino,Chicago,Muy Alto,9,44.53,Sí,Sí,Vegetariano,Sí,(341)334-8228x372,Dato no cargado,Efectivo,11359,45-54
4249197072,Eric,Cooper,61,Masculino,Chicago,Alto,6,56.85,No,Sí,Carnes,No,Dato no cargado,fcontreras@example.net,Efectivo,3786,55-64
4436406092,Shelby,Duran,27,Femenino,Chicago,Alto,6,29.45,Sí,Sí,Otro,Sí,001-980-324-0618x802,Dato no cargado,App,5236,25-34
9469503331,Jeffrey,Anderson,43,Masculino,Chicago,Alto,6,29.85,Sí,Sí,Vegetariano,Sí,332-790-4561x0281,Dato no cargado,Efectivo,7596,35-44
5314986270,Darin,White,71,Masculino,Chicago,Alto,4,39.62,No,Sí,Pescado,Sí,Dato no cargado,Dato no cargado,App,6847,65-80
1220530480,Jessica,Dodson,22,Femenino,Chicago,Alto,5,49.3,No,Sí,Vegano,Sí,605-303-5421x771,denisewilson@example.net,App,6443,18-24
8468071953,Albert,Stewart,72,Masculino,Chicago,Alto,5,43.44,No,No,Vegano,Sí,Dato no cargado,kevinreyes@example.com,Efectivo,7638,65-80
3784739035,Jacqueline,Branch,30,Femenino,Chicago,Bajo,2,7.03,Sí,Sí,Vegetariano,No,Dato no cargado,Dato no cargado,App,842,25-34
8699244299,Kara,Hall,29,Femenino,Chicago,Bajo,0,0.0,No,Sí,Otro,No,Dato no cargado,Dato no cargado,App,1289,25-34
9561687482,Ashley,Macdonald,44,Femenino,Chicago,Alto,5,57.27,Sí,No,Vegano,Sí,(865)666-4286x094,johnsonheidi@example.com,App,4110,35-44
4554178984,Haley,Armstrong,73,Femenino,Chicago,Alto,5,44.87,Sí,No,Otro,Sí,Dato no cargado,Dato no cargado,Efectivo,6894,65-80
6759652176,Stephanie,Burke,22,Femenino,Chicago,Muy Alto,8,41.25,No,No,Carnes,Sí,(445)209-7091x414,linda10@example.org,Tarjeta,9285,18-24
8783522147,Taylor,Young,60,Femenino,Chicago,Medio,5,8.62,No,Sí,Carnes,No,Dato no cargado,Dato no cargado,App,1671,55-64
6732546435,Tammy,Hansen,32,Femenino,Chicago,Muy Alto,9,29.57,Sí,No,Mariscos,Sí,001-650-632-1341x333,Dato no cargado,App,11847,25-34
8032683189,Jennifer,Terry,45,Femenino,Chicago,Alto,6,19.29,Sí,No,Carnes,No,Dato no cargado,ivanfinley@example.com,App,4141,45-54
5748184249,Charles,Dominguez,22,Masculino,Chicago,Medio,2,10.49,No,Sí,Pescado,Sí,Dato no cargado,qross@example.org,App,2924,18-24
3385415624,Joseph,Romero,60,Masculino,Chicago,Medio,5,11.02,No,Sí,Carnes,No,001-219-963-2833x477,Dato no cargado,Efectivo,2830,55-64
3207160929,Virginia,Mathews,20,Femenino,Chicago,Alto,4,9.29,Sí,Sí,Vegetariano,No,Dato no cargado,cobbmichael@example.com,Tarjeta,3511,18-24
8751443073,Amy,Rodriguez,38,Femenino,Chicago,Bajo,1,5.56,No,Sí,Vegano,No,001-615-818-1293x46594,flowerschristopher@example.org,Tarjeta,998,35-44
2108994930,Danny,Lowe,68,Masculino,Chicago,Alto,4,21.27,No,Sí,Carnes,Sí,908.947.9030x791,Dato no cargado,Efectivo,5241,65-80
8247729205,Maureen,Lewis,41,Femenino,Chicago,Bajo,1,9.44,No,No,Pescado,No,Dato no cargado,kirbydiana@example.com,App,1273,35-44
5760130713,Julie,Miranda,31,Femenino,Chicago,Muy Alto,7,78.78,Sí,Sí,Otro,No,701.657.3070,anewman@example.com,App,15972,25-34
2024700318,Bethany,Brooks,71,Femenino,Chicago,Bajo,1,7.53,No,Sí,Carnes,No,768.872.3239x124,stevenalexander@example.net,App,1419,65-80
3477355508,Troy,Johnson,74,Masculino,Chicago,Muy Alto,6,69.45,No,No,Pescado,Sí,Dato no cargado,mbenjamin@example.com,Tarjeta,13973,65-80
1822502849,Maria,Marshall,33,Femenino,Chicago,Medio,5,6.0,No,No,Carnes,No,(308)576-7047,paulcain@example.org,Efectivo,1732,25-34
5086141034,James,Ramos,78,Masculino,Chicago,Bajo,3,6.77,No,Sí,Carnes,No,+1-621-496-4174x75707,guzmancarla@example.com,Tarjeta,1006,65-80
3962364793,Toni,Ingram,68,Femenino,Chicago,Alto,4,27.03,No,No,Otro,Sí,Dato no cargado,Dato no cargado,App,7337,65-80
3045403105,Jennifer,Klein,74,Femenino,Chicago,Alto,6,53.63,No,Sí,Vegetariano,Sí,Dato no cargado,bryan84@example.com,Tarjeta,8631,65-80
4638161940,Daniel,Guerrero,24,Masculino,Chicago,Alto,5,14.58,No,Sí,Pescado,Sí,001-274-722-4194x147,johnsonwilliam@example.org,App,6797,18-24
2945461842,Kelly,Daniels,76,Femenino,Chicago,Bajo,0,0.0,Sí,No,Otro,No,Dato no cargado,Dato no cargado,App,1430,65-80
7039240309,Amy,Mendoza,68,Femenino,Chicago,Medio,2,7.55,No,Sí,Mariscos,No,Dato no cargado,Dato no cargado,Efectivo,1612,65-80
6274215497,Christopher,Baldwin,37,Masculino,Chicago,Medio,4,8.7,No,Sí,Pescado,No,Dato no cargado,floresdanny@example.org,Tarjeta,1901,35-44
9567991025,Mark,Mcdonald,50,Masculino,Chicago,Medio,2,10.67,No,No,Mariscos,Sí,Dato no cargado,Dato no cargado,App,3337,45-54
3227620323,Stacey,Martinez,27,Femenino,Chicago,Muy Alto,5,103.85,Sí,Sí,Carnes,Sí,489.441.5016x365,Dato no cargado,Tarjeta,12191,25-34
2167065430,Emily,Barnes,50,Femenino,Chicago,Medio,4,27.44,No,Sí,Pescado,Sí,Dato no cargado,Dato no cargado,Tarjeta,3088,45-54
6360027517,Jessica,Coleman,56,Femenino,Chicago,Alto,6,18.18,No,No,Otro,Sí,Dato no cargado,Dato no cargado,Tarjeta,7937,55-64
8648927867,Elizabeth,Brown,69,Femenino,Chicago,Bajo,2,6.21,Sí,Sí,Carnes,No,612.459.9872x14640,williamali@example.com,Efectivo,1099,65-80
2660440280,Tiffany,Price,37,Femenino,Chicago,Medio,3,23.73,No,Sí,Otro,No,Dato no cargado,Dato no cargado,App,2522,35-44
3174690195,Cody,Scott,66,Masculino,Chicago,Medio,3,6.22,No,No,Pescado,No,851.436.1862x1717,Dato no cargado,App,3490,65-80
9759434206,Melissa,Parsons,31,Femenino,Chicago,Medio,5,29.49,No,No,Vegetariano,No,001-729-776-7286x219,Dato no cargado,App,2310,25-34
6254931219,Dustin,Garcia,41,Masculino,Chicago,Medio,3,25.31,No,Sí,Mariscos,No,001-592-833-1889x3638,alan27@example.org,App,3139,35-44
1519446557,Jeremy,Davis,38,Masculino,Chicago,Bajo,3,8.77,Sí,No,Carnes,Sí,Dato no cargado,Dato no cargado,Efectivo,1352,35-44
2247605637,Lisa,Jensen,62,Femenino,Chicago,Alto,6,24.74,Sí,Sí,Vegano,Sí,Dato no cargado,Dato no cargado,Efectivo,6450,55-64
6316569745,Alicia,Spencer,70,Femenino,Chicago,Muy Alto,5,21.92,Sí,Sí,Carnes,Sí,Dato no cargado,clarkteresa@example.com,App,12872,65-80
6111920251,David,Wright,57,Masculino,Chicago,Bajo,2,5.67,No,Sí,Mariscos,No,436-913-7853x552,olsenkristen@example.org,Efectivo,1344,55-64
5182110973,Mitchell,Ross,53,Masculino,Chicago,Alto,6,57.39,Sí,No,No informado,Sí,Dato no cargado,Dato no cargado,Efectivo,6131,45-54
4044608073,Frank,Jenkins,45,Masculino,Chicago,Medio,2,11.65,Sí,Sí,Mariscos,No,Dato no cargado,nsanchez@example.com,Criptomoneda,1863,45-54
6016176766,Ronald,Baker,75,Masculino,Chicago,Bajo,1,8.44,No,No,Carnes,No,915.545.0784x710,Dato no cargado,Efectivo,1508,65-80
4697917006,Jonathon,Williams,42,Masculino,Chicago,Bajo,3,7.54,No,Sí,Carnes,No,685-503-7435,Dato no cargado,App,1040,35-44
3860809922,Charlene,Simmons,39,Femenino,Chicago,Medio,3,26.13,Sí,Sí,Carnes,No,660.299.3695x16804,Dato no cargado,App,2646,35-44
6926127337,Shelly,James,25,Femenino,Chicago,Muy Alto,10,32.84,Sí,Sí,Vegetariano,Sí,Dato no cargado,ashleyskinner@example.net,Efectivo,17449,25-34
9953906342,Wesley,Faulkner,54,Masculino,Chicago,Bajo,1,5.98,Sí,Sí,Carnes,No,Dato no cargado,nathaniel87@example.org,App,1113,45-54
7285100154,Seth,Moore,34,Masculino,Chicago,Muy Alto,8,13.62,No,No,Mariscos,Sí,Dato no cargado,Dato no cargado,Tarjeta,13485,25-34
1640959649,Sarah,Wagner,65,Femenino,Chicago,Medio,2,10.19,Sí,Sí,No informado,Sí,Dato no cargado,Dato no cargado,Efectivo,2540,65-80
5741231012,Carlos,Green,77,Masculino,Chicago,Bajo,1,6.01,Sí,Sí,Otro,No,Dato no cargado,tannerjohn@example.net,Efectivo,1367,65-80
1540148130,Patty,Smith,73,Femenino,Chicago,Medio,3,8.92,No,Sí,Mariscos,No,Dato no cargado,megan03@example.net,Efectivo,2297,65-80
4559294890,Donna,Montgomery,30,Femenino,Chicago,Bajo,2,5.83,Sí,Sí,Pescado,No,960.301.4275x863,Dato no cargado,Efectivo,921,25-34
5633713065,Penny,Anderson,32,Femenino,Chicago,Medio,4,26.47,Sí,No,Pescado,No,001-801-922-6074x51588,brandonrussell@example.org,Efectivo,2394,25-34
6464739316,Bruce,Harmon,76,Masculino,Chicago,Medio,4,22.65,No,Sí,Pescado,No,3815117611,Dato no cargado,App,1891,65-80
8120738425,Jeffrey,Davis,24,Masculino,Chicago,Medio,4,14.1,No,Sí,Vegetariano,Sí,Dato no cargado,Dato no cargado,App,2801,18-24
2079501936,Derek,Baker,33,Masculino,Chicago,Alto,6,9.48,No,No,Carnes,No,Dato no cargado,Dato no cargado,App,4502,25-34
4690917194,Sean,Potts,73,Masculino,Chicago,Bajo,1,9.01,Sí,No,Vegetariano,No,+1-875-840-3198x167,Dato no cargado,App,1044,65-80
8933817352,Christina,Acosta,65,Femenino,Chicago,Medio,3,14.29,Sí,Sí,Carnes,No,+1-668-785-9148x63400,Dato no cargado,Efectivo,2713,65-80
9597569343,John,Lynch,55,Masculino,Chicago,Alto,6,56.63,No,Sí,Carnes,Sí,+1-330-580-3563,cbrennan@example.net,Tarjeta,4976,55-64
3867426874,Theresa,Fletcher,27,Femenino,Chicago,Medio,4,11.2,No,Sí,Mariscos,No,Dato no cargado,laurenbrady@example.com,Efectivo,1712,25-34
7160394051,Kimberly,Fernandez,59,Femenino,Chicago,Muy Alto,7,104.92,No,Sí,Vegetariano,Sí,+1-902-814-0626x7266,Dato no cargado,Tarjeta,11484,55-64
8619862050,Larry,Carter,55,Masculino,Chicago,Alto,6,5.73,No,No,Vegano,Sí,(807)753-7707x137,zachary11@example.com,Efectivo,7572,55-64
4774425913,Daniel,Johnson,65,Masculino,Chicago,Muy Alto,7,93.42,Sí,Sí,Carnes,Sí,Dato no cargado,lindsey16@example.net,Tarjeta,17934,65-80
5866136982,Sheri,Cochran,75,Femenino,Chicago,Bajo,3,8.33,Sí,No,Mariscos,No,291.947.5759x0176,nataliekennedy@example.net,Criptomoneda,1367,65-80
2642768997,Brandon,Reed,52,Masculino,Chicago,Bajo,3,8.29,Sí,Sí,Vegetariano,No,Dato no cargado,Dato no cargado,Efectivo,955,45-54
7914730523,Derek,Stephens,77,Masculino,Chicago,Bajo,2,6.33,No,Sí,Vegano,No,+1-815-489-2064,Dato no cargado,Efectivo,1292,65-80
8003341697,Kimberly,Thomas,75,Femenino,Chicago,Bajo,1,6.35,Sí,Sí,Vegetariano,No,Dato no cargado,Dato no cargado,App,1146,65-80
1063161101,Natalie,Taylor,73,Femenino,Chicago,Muy Alto,6,89.4,Sí,No,Mariscos,Sí,625.674.8660,donnavargas@example.net,Efectivo,12984,65-80
6409861789,Mckenzie,Haney,46,Femenino,Chicago,Muy Alto,6,91.65,No,Sí,Mariscos,Sí,Dato no cargado,moorejoy@example.org,Tarjeta,12341,45-54
6125954569,Andrew,Tran,46,Masculino,Chicago,Medio,3,9.13,Sí,No,Carnes,No,2909570370,sjenkins@example.com,Efectivo,1669,45-54
7019050057,Michael,Chandler,55,Masculino,Chicago,Alto,4,31.45,No,Sí,No informado,Sí,Dato no cargado,Dato no cargado,Efectivo,6174,55-64
7499741213,Christopher,Adams,75,Masculino,Chicago,Muy Alto,6,64.79,Sí,No,Pescado,Sí,(503)739-6715,Dato no cargado,Tarjeta,13635,65-80
6058686519,Matthew,Khan,21,Masculino,Chicago,Medio,4,23.34,No,Sí,Carnes,No,(835)780-2917x184,Dato no cargado,Efectivo,1728,18-24
8991977937,Howard,Johnson,50,Masculino,Chicago,Medio,4,5.83,Sí,No,Vegano,No,Dato no cargado,Dato no cargado,App,3406,45-54
3321364988,Wendy,Beltran,62,Femenino,Chicago,Muy Alto,7,88.43,No,Sí,Pescado,Sí,Dato no cargado,breanna60@example.net,Efectivo,13227,55-64
3523981175,Betty,Martin,60,Femenino,Chicago,Alto,5,7.15,No,No,Pescado,Sí,3624420453,Dato no cargado,Efectivo,5451,55-64
1442421654,Katelyn,Lara,43,Femenino,Chicago,Alto,4,34.42,No,Sí,Vegetariano,No,Dato no cargado,Dato no cargado,Criptomoneda,3983,35-44
4711527821,Kenneth,Wilson,58,Masculino,Chicago,Medio,3,5.75,Sí,No,Carnes,No,750.740.4615x68471,Dato no cargado,App,2092,55-64
3539201723,James,Lowe,39,Masculino,Chicago,Bajo,3,9.13,Sí,Sí,Vegetariano,No,469.819.6839,Dato no cargado,Tarjeta,1119,35-44
3531370274,John,Roberts,46,Masculino,Chicago,Alto,6,18.0,Sí,No,Mariscos,Sí,Dato no cargado,Dato no cargado,Efectivo,7588,45-54
8434006782,Lisa,Cox,48,Femenino,Chicago,Muy Alto,6,82.62,Sí,No,Carnes,Sí,(641)560-6363,walkerrobert@example.org,Tarjeta,14217,45-54
9844353153,Melissa,Wilson,60,Femenino,Chicago,Medio,5,5.12,Sí,No,Carnes,No,001-502-764-2562x83994,Dato no cargado,Criptomoneda,1883,55-64
8620574752,Wendy,Mahoney,48,Femenino,Chicago,Alto,4,17.63,No,No,Vegano,No,(656)614-6618x66088,Dato no cargado,Tarjeta,6080,45-54
6582684973,Christian,Pugh,56,Masculino,Chicago,Bajo,3,7.09,No,Sí,Carnes,No,001-928-720-0313x22867,Dato no cargado,Efectivo,1091,55-64
4024584533,Tina,Scott,74,Femenino,Chicago,Muy Alto,9,16.82,No,No,Vegetariano,Sí,(474)321-2894x457,Dato no cargado,Efectivo,12567,65-80
7110305796,Christopher,Young,31,Masculino,Chicago,Medio,3,21.27,No,Sí,Carnes,No,Dato no cargado,Dato no cargado,Efectivo,2070,25-34
1216737723,John,Cobb,45,Masculino,Chicago,Muy Alto,6,60.41,Sí,Sí,Otro,Sí,Dato no cargado,suzanne85@example.net,Tarjeta,17056,45-54
5688498350,Sandra,Banks,48,Femenino,Chicago,Medio,3,29.7,Sí,No,Pescado,No,3599326784,Dato no cargado,App,3201,45-54
2870719066,Thomas,Welch,71,Masculino,Chicago,Medio,4,17.8,No,No,Vegetariano,No,+1-998-807-1138x34806,lisa05@example.org,Efectivo,2063,65-80
9847606796,Amber,Miller,64,Femenino,Chicago,Medio,5,27.11,Sí,Sí,Carnes,No,Dato no cargado,teresa01@example.com,Efectivo,2613,55-64
8392402277,Lawrence,Flowers,29,Masculino,Chicago,Medio,5,9.94,Sí,Sí,Pescado,No,Dato no cargado,Dato no cargado,Tarjeta,3439,25-34
5626388820,Joshua,Reed,70,Masculino,Chicago,Medio,5,11.88,No,Sí,Vegetariano,No,(347)385-8310x12461,chantodd@example.net,Efectivo,2442,65-80
6556177919,Michele,Harrison,56,Femenino,Chicago,Alto,5,26.04,No,No,Vegano,Sí,Dato no cargado,georgebeverly@example.net,Tarjeta,7142,55-64
6697567020,Teresa,Duncan,27,Femenino,Chicago,Muy Alto,10,82.77,No,Sí,Vegetariano,Sí,Dato no cargado,Dato no cargado,Efectivo,15683,25-34
8198213454,James,Pope,53,Masculino,Chicago,Alto,4,59.95,Sí,Sí,Vegetariano,Sí,912-492-2927x6547,Dato no cargado,Tarjeta,8918,45-54
2652655288,Adam,Cole,77,Masculino,Chicago,Alto,5,52.5,No,Sí,Mariscos,Sí,(758)276-2833,randy11@example.org,Efectivo,4124,65-80
1072676769,Pamela,Carney,24,Femenino,Chicago,Bajo,2,5.31,Sí,No,Vegano,No,Dato no cargado,cindywilliams@example.org,Tarjeta,1594,18-24
3433447929,Nancy,King,35,Femenino,Chicago,Bajo,3,5.5,Sí,Sí,Carnes,No,Dato no cargado,Dato no cargado,Tarjeta,1544,35-44
2179018659,Dustin,Hill,44,Masculino,Chicago,Medio,5,15.31,No,No,Vegano,Sí,Dato no cargado,Dato no cargado,App,1643,35-44
2027636960,Linda,Mcneil,75,Femenino,Chicago,Medio,5,5.9,No,No,Otro,Sí,Dato no cargado,Dato no cargado,Tarjeta,2330,65-80
5659161352,Kevin,Pruitt,31,Masculino,Chicago,Medio,5,19.4,Sí,No,Carnes,No,447.688.0248x1298,dawnfisher@example.org,App,1790,25-34
2117944144,Pedro,Gallagher,34,Masculino,Chicago,Muy Alto,9,29.7,No,No,No informado,Sí,637.379.2368,Dato no cargado,App,10928,25-34
1776130576,Steven,Ramirez,77,Masculino,Chicago,Alto,5,10.71,Sí,No,Pescado,Sí,Dato no cargado,Dato no cargado,Efectivo,8390,65-80
7360334651,Matthew,Ramirez,49,Masculino,Chicago,Bajo,2,7.29,No,Sí,Mariscos,No,Dato no cargado,zbailey@example.com,App,848,45-54
9653250499,Dean,Weber,75,Masculino,Chicago,Muy Alto,5,61.12,No,Sí,Vegetariano,Sí,Dato no cargado,Dato no cargado,Efectivo,11532,65-80
9422419305,Amy,Paul,69,Femenino,Chicago,Medio,2,5.89,Sí,Sí,Vegetariano,No,Dato no cargado,catherine14@example.net,App,3437,65-80
2073108894,Mark,Coleman,38,Masculino,Chicago,Alto,5,42.1,Sí,No,Vegetariano,Sí,Dato no cargado,meganhughes@example.com,Tarjeta,8875,35-44
5103462257,Michelle,Wilkinson,54,Femenino,Chicago,Alto,4,47.27,No,Sí,Carnes,Sí,330.748.4701,sanchezjohn@example.org,Efectivo,5998,45-54
3988572729,Greg,Boyd,37,Masculino,Chicago,Muy Alto,10,98.0,No,No,Pescado,Sí,Dato no cargado,johnsontanner@example.org,Efectivo,11851,35-44
6100717104,Ricky,Wang,60,Masculino,Chicago,Medio,2,16.76,Sí,No,Vegetariano,No,Dato no cargado,sweaver@example.org,App,1606,55-64
8734449371,Brenda,Estrada,76,Femenino,Chicago,Alto,6,58.95,No,No,Vegetariano,Sí,Dato no cargado,Dato no cargado,Tarjeta,6931,65-80
9561219277,Helen,Manning,26,Femenino,Chicago,Medio,4,14.22,No,Sí,Otro,No,Dato no cargado,kmay@example.net,Efectivo,3270,25-34
7895548776,Stephanie,Ramirez,56,Femenino,Chicago,Medio,3,16.37,No,No,Vegano,No,736-962-3514x54680,Dato no cargado,Tarjeta,3259,55-64
3974006584,Steven,Brown,31,Masculino,Chicago,Muy Alto,8,34.63,No,Sí,Vegetariano,Sí,(350)847-6799x58548,pphillips@example.org,Tarjeta,15131,25-34
8569440102,Kimberly,Martin,33,Femenino,Chicago,Medio,4,14.61,Sí,Sí,No informado,No,725-480-0017x70131,Dato no cargado,Efectivo,2798,25-34
6986375440,Amy,Taylor,41,Femenino,Chicago,Muy Alto,5,39.73,Sí,No,No informado,Sí,Dato no cargado,reneeward@example.com,App,14564,35-44
3063480704,Brittany,Bowman,43,Femenino,Chicago,Bajo,2,7.07,Sí,No,Carnes,No,001-512-495-4358x017,acampbell@example.com,Tarjeta,1089,35-44
5238555624,Charles,Carlson,32,Masculino,Chicago,Alto,4,33.96,No,Sí,Pescado,Sí,001-749-524-1349x688,barmstrong@example.net,Efectivo,7642,25-34
2476811694,Joe,Fox,70,Masculino,Chicago,Medio,3,26.7,Sí,Sí,Vegetariano,No,Dato no cargado,Dato no cargado,Criptomoneda,2694,65-80
7347455952,Gregory,Parsons,26,Masculino,Chicago,Medio,4,19.08,Sí,Sí,Mariscos,Sí,Dato no cargado,jlewis@example.org,Tarjeta,2314,25-34
6308420797,Joy,Trevino,32,Femenino,Chicago,Bajo,2,8.56,Sí,No,Carnes,No,614.505.8259,Dato no cargado,App,1520,25-34
8318583193,Timothy,Rodriguez,74,Masculino,Chicago,Muy Alto,9,19.5,No,No,Otro,Sí,Dato no cargado,michelleevans@example.org,Efectivo,17452,65-80
2385666316,Timothy,Washington,68,Masculino,Chicago,Alto,5,42.25,No,Sí,Otro,Sí,Dato no cargado,mary12@example.com,Tarjeta,6714,65-80
1806937108,Alex,Carter,28,Masculino,Chicago,Bajo,3,8.2,No,Sí,Pescado,No,Dato no cargado,Dato no cargado,Efectivo,1089,25-34
3372845154,Ashley,Ponce,76,Femenino,Chicago,Muy Alto,5,80.83,No,No,Carnes,Sí,(350)289-0608x5719,theresa52@example.com,Tarjeta,15587,65-80
4180599722,Barbara,Gaines,57,Femenino,Chicago,Muy Alto,7,85.9,No,Sí,Otro,Sí,Dato no cargado,jessica10@example.org,Tarjeta,13553,55-64
1185303518,Destiny,Compton,78,Femenino,Chicago,Medio,3,18.59,No,Sí,Vegetariano,No,7673074902,patriciageorge@example.net,App,3399,65-80
4359141052,Jennifer,Jordan,32,Femenino,Chicago,Medio,2,24.35,No,Sí,Mariscos,No,Dato no cargado,Dato no cargado,App,2475,25-34
5551636322,Norma,Smith,37,Femenino,Chicago,Medio,2,21.48,No,Sí,Carnes,No,(596)776-0115,antonio59@example.org,Tarjeta,3401,35-44
5408120679,Jimmy,King,43,Masculino,Chicago,Medio,5,13.66,No,Sí,Carnes,Sí,893.771.1341x20231,williamcruz@example.org,Efectivo,3490,35-44
8817415821,Trevor,Downs,66,Masculino,Chicago,Medio,5,20.58,Sí,Sí,Vegetariano,No,670.760.9881x980,Dato no cargado,App,2694,65-80
6407956109,Samantha,Burke,71,Femenino,Chicago,Alto,6,40.25,No,No,Pescado,Sí,206.639.1237x1659,Dato no cargado,Efectivo,6161,65-80
8984839904,Tammy,Liu,66,Femenino,Chicago,Medio,2,19.54,Sí,No,Carnes,No,001-583-419-8470,Dato no cargado,Efectivo,2097,65-80
8537896365,Tony,Anderson,76,Masculino,Chicago,Alto,5,37.97,No,Sí,Mariscos,No,Dato no cargado,Dato no cargado,Tarjeta,6156,65-80
3815389788,Jonathan,Sanchez,62,Masculino,Chicago,Bajo,3,8.38,No,Sí,No informado,No,Dato no cargado,Dato no cargado,Tarjeta,951,55-64
8114823321,Hayley,Barber,63,Femenino,Chicago,Alto,5,6.05,No,Sí,Pescado,No,478.718.5989x78672,Dato no cargado,Tarjeta,3746,55-64
3824691843,Marc,Horne,32,Masculino,Chicago,Medio,4,5.75,No,No,Mariscos,No,Dato no cargado,zjefferson@example.org,Tarjeta,3124,25-34
6991993596,Gary,Perry,29,Masculino,Chicago,Medio,5,7.33,Sí,Sí,Otro,No,Dato no cargado,Dato no cargado,Efectivo,2074,25-34
8902114913,James,Vasquez,52,Masculino,Chicago,Alto,5,6.69,No,No,Carnes,Sí,Dato no cargado,Dato no cargado,Tarjeta,5353,45-54
8172685395,Nicholas,Lowe,51,Masculino,Chicago,Bajo,2,5.8,Sí,No,Vegano,No,+1-863-255-4722x7135,Dato no cargado,Tarjeta,1461,45-54
9485141169,Luis,Wagner,56,Masculino,Chicago,Medio,4,12.04,No,Sí,Vegetariano,No,(380)859-2803x26492,Dato no cargado,Efectivo,2995,55-64
5163138785,Dorothy,Doyle,29,Femenino,Chicago,Bajo,2,8.46,No,Sí,Pescado,No,+1-621-210-5863x03853,Dato no cargado,Efectivo,1431,25-34
7290717997,Lee,Lopez,73,Masculino,Chicago,Medio,5,11.19,Sí,No,Carnes,No,Dato no cargado,xmelton@example.org,App,2475,65-80
8789659355,Katie,Barrera,31,Femenino,Chicago,Muy Alto,8,53.52,Sí,Sí,Otro,Sí,Dato no cargado,lindareeves@example.net,Efectivo,11858,25-34
9112422063,Cody,Norman,36,Masculino,Chicago,Bajo,0,0.0,Sí,No,Carnes,No,001-579-784-1571x007,michaelgriffin@example.com,App,1544,35-44
3749112850,Vanessa,Wilson,77,Femenino,Chicago,Bajo,1,7.82,Sí,No,No informado,No,+1-863-263-5906x766,ginadixon@example.org,App,1435,65-80
1675523330,Hailey,Carter,39,Femenino,Chicago,Muy Alto,6,89.03,No,Sí,Vegano,Sí,Dato no cargado,dominic02@example.net,Tarjeta,13331,35-44
5428284461,Stephanie,Jarvis,44,Femenino,Chicago,Bajo,2,6.71,No,No,Otro,No,Dato no cargado,lesterkenneth@example.net,Tarjeta,1006,35-44
4975575744,Melissa,Cannon,43,Femenino,Chicago,Muy Alto,8,103.42,Sí,No,Vegetariano,Sí,Dato no cargado,lisakline@example.com,Criptomoneda,14894,35-44
7946687032,Adam,Kidd,55,Masculino,Chicago,Alto,4,37.54,Sí,Sí,Vegetariano,Sí,Dato no cargado,tmarks@example.com,Tarjeta,6366,55-64
8486260971,Tara,Wright,38,Femenino,Chicago,Bajo,3,8.03,No,Sí,Vegetariano,No,837.790.3540x9222,ymurphy@example.com,Efectivo,1054,35-44
4622764995,Christine,Payne,33,Femenino,Chicago,Alto,5,8.56,No,No,Carnes,Sí,(468)359-6888x45440,Dato no cargado,App,6619,25-34
2171819925,Logan,Johnson,77,Masculino,Chicago,Bajo,1,9.48,No,No,Carnes,No,001-562-988-7834x58463,Dato no cargado,Tarjeta,1571,65-80
7803990970,Noah,Morales,19,Masculino,Chicago,Alto,5,44.22,Sí,No,Vegano,Sí,Dato no cargado,starkcharlotte@example.org,Efectivo,7818,18-24
6258396060,Jessica,Martin,79,Femenino,Chicago,Muy Alto,9,10.46,Sí,No,Mariscos,Sí,Dato no cargado,Dato no cargado,Efectivo,17525,65-80
6118341434,Terry,Robles,29,Femenino,Chicago,Muy Alto,10,28.51,No,Sí,Mariscos,Sí,+1-343-578-8282x8876,Dato no cargado,App,15577,25-34
6538759198,Kenneth,Johnson,26,Masculino,Chicago,Medio,4,22.06,Sí,Sí,Pescado,No,Dato no cargado,Dato no cargado,Tarjeta,2474,25-34
6289141018,Nancy,Olson,63,Femenino,Chicago,Alto,5,39.93,No,Sí,Carnes,Sí,536.256.4813,Dato no cargado,Tarjeta,8388,55-64
2782504080,Harold,Perez,41,Masculino,Chicago,Medio,2,9.88,Sí,No,Otro,No,Dato no cargado,ujones@example.com,App,2748,35-44
3268774369,Sharon,Kent,59,Femenino,Chicago,Medio,5,23.55,Sí,Sí,Otro,No,Dato no cargado,Dato no cargado,Efectivo,1630,55-64
5902780755,Tracy,Gentry,49,Femenino,Chicago,Muy Alto,7,30.58,No,Sí,No informado,Sí,Dato no cargado,lwright@example.org,App,9508,45-54
1103082975,Angela,Mahoney,58,Femenino,Chicago,Alto,4,41.46,Sí,Sí,Mariscos,No,3398821909,brownronald@example.net,Tarjeta,7120,55-64
9699462439,Erin,Tran,53,Femenino,Chicago,Alto,4,33.11,No,No,Vegano,Sí,+1-883-963-0567,Dato no cargado,Efectivo,3874,45-54
7936458375,Kelsey,Thomas,80,Femenino,Chicago,Muy Alto,10,92.77,Sí,No,Carnes,Sí,Dato no cargado,christopher54@example.org,App,9510,65-80
8407773828,Vincent,Gonzales,58,Masculino,Chicago,Muy Alto,10,24.54,Sí,Sí,Mariscos,Sí,(215)476-1937x284,jason29@example.com,App,15215,55-64
5793250991,Sean,Phillips,35,Masculino,Chicago,Medio,3,26.5,Sí,No,Carnes,Sí,+1-511-458-4499,Dato no cargado,Tarjeta,1642,35-44
2599927545,Nathan,Baker,37,Masculino,Chicago,Alto,4,17.49,Sí,Sí,Otro,Sí,Dato no cargado,Dato no cargado,Efectivo,4321,35-44
8910616248,Tonya,Morton,20,Femenino,Chicago,Muy Alto,8,14.71,No,Sí,Vegetariano,Sí,Dato no cargado,reginamiller@example.com,Efectivo,14704,18-24
6389048873,Susan,Oliver,59,Femenino,Chicago,Muy Alto,8,34.65,No,Sí,Carnes,Sí,Dato no cargado,Dato no cargado,Efectivo,10753,55-64
4719041291,James,Contreras,25,Masculino,Chicago,Medio,5,26.58,Sí,Sí,Otro,No,(450)418-8295x74275,Dato no cargado,Efectivo,3484,25-34
1682536038,Richard,Cook,73,Masculino,Chicago,Medio,3,19.09,Sí,No,Carnes,No,(843)480-8759x9579,carolpetersen@example.org,Efectivo,3161,65-80
9803853753,Robin,Hunt,66,Femenino,Chicago,Muy Alto,7,31.65,Sí,Sí,No informado,Sí,001-903-369-4527x86628,craigporter@example.net,App,14269,65-80
4019762806,Pamela,Lopez,75,Femenino,Chicago,Medio,5,12.03,Sí,No,Pescado,No,+1-359-515-7028x143,Dato no cargado,Tarjeta,2305,65-80
7084334248,Melissa,Alvarado,20,Femenino,Chicago,Medio,4,25.33,Sí,Sí,Otro,No,Dato no cargado,catherine98@example.net,Tarjeta,1614,18-24
2268523764,Sara,Jones,59,Femenino,Chicago,Bajo,2,9.39,No,No,Carnes,No,(423)608-7366,grace41@example.org,Tarjeta,978,55-64
8255658983,Kevin,Miller,45,Masculino,Chicago,Bajo,2,9.7,Sí,Sí,Pescado,No,Dato no cargado,Dato no cargado,App,1423,45-54
5034158042,Shirley,Pittman,66,Femenino,Chicago,Alto,6,15.48,Sí,Sí,No informado,No,Dato no cargado,Dato no cargado,Tarjeta,7865,65-80
5691069540,Derrick,Barnes,33,Masculino,Chicago,Bajo,2,6.14,No,Sí,Otro,No,Dato no cargado,Dato no cargado,Tarjeta,1322,25-34
7608810774,Robert,Nelson,47,Masculino,Chicago,Bajo,1,7.1,No,No,Carnes,No,Dato no cargado,Dato no cargado,Tarjeta,1591,45-54
2313042822,Robert,Dean,45,Masculino,Chicago,Medio,3,12.47,Sí,Sí,Carnes,No,727.925.0863,Dato no cargado,Tarjeta,3031,45-54
3622980061,Cynthia,Smith,31,Femenino,Chicago,Alto,6,25.41,Sí,No,Carnes,Sí,Dato no cargado,rebeccasmith@example.com,Tarjeta,7684,25-34
5070095024,Jason,Jones,50,Masculino,Chicago,Muy Alto,6,86.0,Sí,Sí,Carnes,Sí,Dato no cargado,scott60@example.com,App,10070,45-54
1124500087,Christina,Shepard,54,Femenino,Chicago,Medio,5,26.28,No,No,Vegetariano,Sí,577.359.9045x46178,ldorsey@example.net,Efectivo,2624,45-54
9863938316,Jessica,Day,19,Femenino,Chicago,Medio,2,13.81,No,Sí,Otro,No,+1-269-635-1485,Dato no cargado,Efectivo,3218,18-24
2247560494,Leah,Chung,43,Femenino,Chicago,Alto,4,51.54,Sí,Sí,Vegetariano,No,984.805.7997x15216,Dato no cargado,App,7527,35-44
6646732159,Matthew,Barton,73,Masculino,Chicago,Medio,2,19.72,No,No,No informado,No,Dato no cargado,lisamartin@example.net,App,2142,65-80
5116298055,Desiree,Hayes,38,Femenino,Chicago,Medio,2,10.17,No,Sí,Carnes,No,882.295.3779x878,Dato no cargado,Efectivo,1805,35-44
2261664000,Kevin,Thompson,26,Masculino,Chicago,Alto,5,52.38,Sí,Sí,Otro,Sí,727-966-5268x159,gabrielle08@example.com,Efectivo,5147,25-34
3848598007,Angela,Carter,62,Femenino,Chicago,Muy Alto,9,67.57,Sí,Sí,Otro,Sí,225-582-4601x289,joshua49@example.org,App,15556,55-64
3725152347,Michael,Watts,32,Masculino,Chicago,Medio,2,13.79,No,No,Vegetariano,No,001-484-629-5302,corey64@example.org,Tarjeta,1726,25-34
6469864421,Kyle,Terrell,69,Masculino,Chicago,Medio,3,9.52,No,Sí,Carnes,No,962.954.4030x7915,Dato no cargado,Efectivo,2673,65-80
9277288208,Michael,Rogers,49,Masculino,Chicago,Bajo,1,9.67,No,No,Carnes,No,Dato no cargado,Dato no cargado,Efectivo,1532,45-54
6146712641,Thomas,Dodson,57,Masculino,Chicago,Medio,5,13.94,Sí,Sí,Carnes,No,Dato no cargado,joshuamckinney@example.net,Tarjeta,1817,55-64
7984434647,Rachel,Olsen,79,Femenino,Chicago,Bajo,0,0.0,Sí,Sí,Mariscos,No,(280)399-5837x320,Dato no cargado,Tarjeta,994,65-80
6229270758,Cole,Jennings,36,Masculino,Chicago,Alto,6,49.9,No,No,Mariscos,Sí,937-263-1371x368,nicole66@example.com,Efectivo,5926,35-44
2463049293,Jessica,Goodman,76,Femenino,Chicago,Alto,4,34.22,Sí,Sí,No informado,Sí,Dato no cargado,weaversusan@example.org,Efectivo,6020,65-80
7123651519,Regina,Perez,42,Femenino,Chicago,Alto,6,12.84,No,Sí,Vegano,Sí,Dato no cargado,chaneyjohn@example.com,Tarjeta,4905,35-44
1099218439,Erica,Silva,20,Femenino,Chicago,Alto,4,43.54,No,Sí,Mariscos,Sí,(711)413-1901,Dato no cargado,App,6130,18-24
8423814481,Jenny,Jones,57,Femenino,Chicago,Muy Alto,10,48.27,Sí,Sí,Carnes,Sí,Dato no cargado,Dato no cargado,Criptomoneda,10066,55-64
1452859128,Patricia,Rivera,47,Femenino,Chicago,Muy Alto,10,55.54,Sí,Sí,Carnes,Sí,367-693-9590x759,obowen@example.org,Efectivo,12596,45-54
7420082849,Daniel,Winters,52,Masculino,Chicago,Medio,2,7.17,No,Sí,Vegetariano,No,689.914.9190x3022,sandraortega@example.net,Efectivo,2732,45-54
4287872460,Beth,Turner,64,Femenino,Chicago,Muy Alto,9,41.0,No,Sí,Vegetariano,Sí,(209)252-8856x18157,mcgrathallen@example.org,App,15495,55-64
3934194696,Terry,Jones,79,Masculino,Chicago,Bajo,2,9.58,Sí,No,Mariscos,No,Dato no cargado,Dato no cargado,Efectivo,1336,65-80
6349866419,Luis,Johnson,50,Masculino,Chicago,Muy Alto,10,48.82,No,Sí,Vegetariano,Sí,Dato no cargado,Dato no cargado,Tarjeta,14035,45-54
5277242896,Lisa,Jones,33,Femenino,Chicago,Alto,5,50.14,No,Sí,Mariscos,Sí,(529)593-5195,natalie12@example.org,Efectivo,7861,25-34
6054421752,Anna,Meza,58,Femenino,Chicago,Medio,5,14.24,Sí,Sí,Carnes,No,+1-683-202-3391x186,Dato no cargado,App,3091,55-64
8913474386,Breanna,Vasquez,61,Femenino,Chicago,Medio,2,19.14,Sí,Sí,Vegetariano,No,Dato no cargado,gsandoval@example.com,App,2612,55-64
6609802660,Joshua,James,40,Masculino,Chicago,Alto,6,46.55,No,Sí,Mariscos,Sí,Dato no cargado,Dato no cargado,Efectivo,4866,35-44
7467073633,Stephanie,Mcmahon,33,Femenino,Chicago,Medio,5,6.43,No,Sí,Mariscos,No,(493)518-9235x83678,Dato no cargado,Tarjeta,2381,25-34
8630672771,Robert,Glenn,78,Masculino,Chicago,Muy Alto,9,15.89,Sí,No,Pescado,Sí,Dato no cargado,nguyenshannon@example.org,Tarjeta,12135,65-80
5955805055,Elizabeth,Guerrero,52,Femenino,Chicago,Alto,4,6.62,Sí,Sí,Pescado,No,Dato no cargado,Dato no cargado,Efectivo,5455,45-54
4048999384,Dustin,Dawson,77,Masculino,Chicago,Medio,3,23.62,No,No,Pescado,Sí,Dato no cargado,Dato no cargado,Efectivo,2559,65-80
8751324864,David,Hickman,25,Masculino,Chicago,Medio,4,9.94,Sí,No,Vegetariano,No,Dato no cargado,eric42@example.com,App,2268,25-34
7991492039,Leon,Porter,77,Masculino,Chicago,Bajo,3,7.06,Sí,No,No informado,No,Dato no cargado,danielharrison@example.net,App,1088,65-80
8641095956,Ryan,Larson,29,Masculino,Chicago,Alto,6,55.99,No,Sí,No informado,No,Dato no cargado,Dato no cargado,Tarjeta,5667,25-34
7717262223,Holly,Pollard,46,Femenino,Chicago,Bajo,1,7.34,No,No,Vegetariano,No,652.503.1380x611,washingtonjohn@example.org,App,1090,45-54
1469718772,Joshua,Bishop,30,Masculino,Chicago,Alto,6,14.42,Sí,Sí,Pescado,Sí,Dato no cargado,rodriguezlaura@example.com,App,7159,25-34
8843302374,Curtis,Petty,68,Masculino,Chicago,Medio,5,5.55,Sí,No,Carnes,No,858.776.7824x7198,Dato no cargado,Efectivo,3122,65-80
7411136735,Robin,Randolph,31,Femenino,Chicago,Medio,5,6.9,Sí,No,Mariscos,No,Dato no cargado,Dato no cargado,App,3071,25-34
7750131975,Zachary,Buchanan,59,Masculino,Chicago,Muy Alto,10,44.86,Sí,No,Vegetariano,Sí,Dato no cargado,xwilliams@example.net,Tarjeta,12189,55-64
1893862915,Raven,Davidson,32,Femenino,Chicago,Alto,5,32.955,Sí,Sí,Mariscos,Sí,Dato no cargado,rothbrianna@example.com,Tarjeta,6897,25-34
6671154600,Jason,Smith,49,Masculino,Chicago,Medio,4,6.49,No,No,Vegetariano,No,481.767.7505,Dato no cargado,App,3384,45-54
2052025838,Kathleen,Jones,67,Femenino,Chicago,Alto,5,18.43,No,Sí,Mariscos,Sí,7572317806,Dato no cargado,App,5146,65-80
6126810947,David,Henderson,42,Masculino,Chicago,Medio,3,6.36,No,No,Vegano,No,Dato no cargado,kowens@example.net,App,2821,35-44
2971444821,Rebecca,Smith,49,Femenino,Chicago,Muy Alto,6,19.15,No,No,Carnes,Sí,(864)566-9358x82733,michele28@example.org,Efectivo,14244,45-54
1245604745,James,Bell,46,Masculino,Chicago,Medio,2,10.44,No,Sí,Vegetariano,No,844.612.7519,michaelallen@example.net,Efectivo,1820,45-54
7751356568,Jordan,Richardson,38,Femenino,Chicago,Medio,4,17.45,Sí,Sí,Pescado,No,+1-987-638-3206x6845,jennifer41@example.org,App,1631,35-44
2142243978,Michael,Morales,53,Masculino,Chicago,Alto,5,24.26,No,Sí,No informado,Sí,Dato no cargado,jennifer24@example.com,Efectivo,6864,45-54
9392935857,Roger,Meza,78,Masculino,Chicago,Muy Alto,5,51.22,Sí,Sí,Vegetariano,Sí,Dato no cargado,jesserivera@example.net,App,14192,65-80
7959376045,Sandra,Morris,57,Femenino,Chicago,Medio,4,9.68,No,Sí,Otro,No,Dato no cargado,susan82@example.com,App,2230,55-64
7673807624,Jenna,Watson,44,Femenino,Chicago,Alto,6,33.68,Sí,No,Mariscos,Sí,Dato no cargado,Dato no cargado,Tarjeta,5182,35-44
4601033851,Kristi,Mathews,23,Femenino,Chicago,Muy Alto,9,102.38,Sí,Sí,Carnes,No,Dato no cargado,Dato no cargado,Tarjeta,14250,18-24
7421594188,Alexandra,Williams,37,Femenino,Chicago,Medio,5,9.04,Sí,No,Vegano,No,Dato no cargado,justinmartinez@example.com,Efectivo,2764,35-44
3253479590,Claudia,Jenkins,51,Femenino,Chicago,Alto,5,30.24,No,Sí,Carnes,Sí,763-474-2081,Dato no cargado,Efectivo,6864,45-54
9341108678,Jenna,Smith,80,Femenino,Chicago,Medio,4,9.26,Sí,No,Otro,No,(747)305-5485,savagefrederick@example.com,App,2800,65-80
2290281457,Joshua,Gross,31,Masculino,Chicago,Alto,5,52.02,Sí,No,Pescado,No,Dato no cargado,goodmanrobert@example.org,App,5093,25-34
4462604723,Leslie,Mcfarland,69,Femenino,Chicago,Bajo,0,0.0,No,No,Vegano,No,(798)647-8250x8554,lauren66@example.net,App,1123,65-80
7365598878,Amanda,Black,68,Femenino,Chicago,Bajo,1,8.08,Sí,Sí,Vegetariano,No,+1-935-979-0408,Dato no cargado,Criptomoneda,1312,65-80
8877466409,Ronald,Garrett,19,Masculino,Chicago,Medio,2,8.36,Sí,Sí,Otro,No,(565)736-1615x80983,Dato no cargado,Tarjeta,2563,18-24
1481457154,Christopher,Wright,28,Masculino,Chicago,Medio,3,21.96,Sí,Sí,Otro,No,001-644-985-9939x55166,Dato no cargado,App,3207,25-34
5586999381,Daniel,Herring,39,Masculino,Chicago,Alto,4,13.47,Sí,No,Otro,Sí,001-432-931-8380x2668,jessica81@example.org,Efectivo,4990,35-44
3170988862,Kim,Sharp,19,Femenino,Chicago,Medio,4,16.41,Sí,Sí,Vegetariano,No,Dato no cargado,Dato no cargado,Tarjeta,2757,18-24
3450365225,Arthur,Ray,35,Masculino,Chicago,Alto,5,37.11,Sí,No,Vegetariano,Sí,770.377.7796x7816,Dato no cargado,Efectivo,6586,35-44
6623360831,Cassandra,Collins,45,Femenino,Chicago,Medio,5,22.73,Sí,Sí,Mariscos,Sí,Dato no cargado,josephpreston@example.net,Tarjeta,2884,45-54
1913875994,Jason,Holmes,22,Masculino,Chicago,Medio,5,5.19,No,No,No informado,No,Dato no cargado,Dato no cargado,App,1634,18-24
6938875612,Michael,Stevens,22,Masculino,Chicago,Alto,4,51.65,No,Sí,Carnes,Sí,Dato no cargado,wprice@example.com,App,3703,18-24
2336223093,William,Knight,75,Masculino,Chicago,Alto,6,20.38,Sí,Sí,Vegetariano,Sí,(810)247-2495,Dato no cargado,Tarjeta,3703,65-80
1650881893,Dwayne,Trujillo,32,Masculino,Chicago,Bajo,2,7.97,No,Sí,Pescado,No,Dato no cargado,vwade@example.net,Efectivo,1042,25-34
1617311011,Felicia,Miller,40,Femenino,Chicago,Bajo,1,7.71,No,Sí,Mariscos,No,001-717-683-9382x6668,zpowell@example.com,Efectivo,897,35-44
2523105932,Yolanda,Wheeler,70,Femenino,Chicago,Muy Alto,7,29.57,Sí,Sí,Vegetariano,Sí,(315)466-7170,henrylee@example.net,App,17435,65-80
2306915575,Cassandra,Rowland,35,Femenino,Chicago,Medio,5,14.59,Sí,Sí,No informado,No,Dato no cargado,Dato no cargado,Efectivo,1870,35-44
2633876728,Laura,Dominguez,58,Femenino,Chicago,Bajo,0,0.0,Sí,No,Otro,No,001-383-558-8384x02092,paul77@example.net,Tarjeta,1586,55-64
6515369278,Adriana,Richard,62,Femenino,Chicago,Medio,5,12.48,No,Sí,Carnes,No,269-449-2842x93121,Dato no cargado,Tarjeta,1923,55-64
8060995458,Scott,Howell,33,Masculino,Chicago,Medio,2,19.75,No,No,Vegetariano,No,Dato no cargado,margaretmurray@example.net,Tarjeta,2569,25-34
2696994888,Jesse,Moore,55,Masculino,Chicago,Alto,5,58.53,No,No,Pescado,Sí,7572811762,smithrobert@example.com,Efectivo,5734,55-64
2234753324,Hannah,Green,19,Femenino,Chicago,Alto,6,37.72,Sí,Sí,Carnes,Sí,001-740-268-9433,Dato no cargado,Tarjeta,7029,18-24
5473926346,Jacqueline,Hill,59,Femenino,Chicago,Bajo,3,7.09,No,No,Carnes,No,Dato no cargado,rodneycastillo@example.net,Tarjeta,1351,55-64
8257522759,James,Robinson,20,Masculino,Chicago,Muy Alto,7,53.11,No,Sí,Vegetariano,Sí,(598)265-8659,Dato no cargado,Efectivo,10931,18-24
4544432520,Richard,Hunt,53,Masculino,Chicago,Alto,5,46.38,No,No,Carnes,Sí,609-956-4018x5278,Dato no cargado,Efectivo,7115,45-54
6164826959,Kyle,Rodriguez,55,Masculino,Chicago,Alto,5,57.93,No,Sí,Carnes,Sí,Dato no cargado,Dato no cargado,Efectivo,6011,55-64
7203494026,William,Anderson,45,Masculino,Chicago,Alto,6,48.99,No,No,Mariscos,No,318-349-0395x7514,wgilmore@example.org,Tarjeta,7378,45-54
5057220218,Mary,Harmon,42,Femenino,Chicago,Muy Alto,5,57.89,No,Sí,Otro,Sí,7253541215,diane59@example.org,Efectivo,9876,35-44
9558906999,Jeremy,Roy,40,Masculino,Chicago,Medio,2,26.9,Sí,No,Mariscos,No,001-905-313-0924x2109,carly34@example.org,Efectivo,1616,35-44
3906611156,Katherine,Rios,37,Femenino,Chicago,Medio,3,9.98,Sí,Sí,Otro,No,Dato no cargado,Dato no cargado,Tarjeta,2138,35-44
8442057019,Amber,Wood,78,Femenino,Chicago,Muy Alto,6,29.75,Sí,No,Vegetariano,Sí,606.614.6158x652,stephenanderson@example.com,Efectivo,12992,65-80
3739951076,Kent,Lyons,59,Masculino,Chicago,Medio,2,12.18,No,Sí,Carnes,No,579-654-0641x473,kcollins@example.com,Tarjeta,3160,55-64
8805168905,Holly,Bennett,68,Femenino,Chicago,Alto,6,11.05,Sí,Sí,Otro,Sí,+1-914-266-5061,gday@example.org,Efectivo,5781,65-80
2815003262,Brandon,Moore,62,Masculino,Chicago,Muy Alto,6,93.88,Sí,Sí,Mariscos,Sí,001-232-357-4302x2068,Dato no cargado,App,9803,55-64
3166485677,Samuel,Melendez,71,Masculino,Chicago,Medio,2,15.4,No,Sí,Otro,No,590.538.2762,Dato no cargado,App,2733,65-80
1965704898,Melissa,Hill,60,Femenino,Chicago,Bajo,1,7.32,No,No,Vegetariano,No,642.461.6889x584,wanderson@example.net,Tarjeta,1184,55-64
6883339101,Omar,Martin,23,Masculino,Chicago,Medio,4,6.27,Sí,Sí,Vegetariano,No,Dato no cargado,dalewheeler@example.com,Criptomoneda,1645,18-24
6596110125,Lynn,Johnson,79,Femenino,Chicago,Muy Alto,10,14.32,Sí,No,Vegetariano,Sí,(448)915-1303,joshua36@example.org,Efectivo,12025,65-80
9762945083,William,Garza,59,Masculino,Chicago,Muy Alto,7,65.18,No,Sí,Mariscos,Sí,Dato no cargado,herrerajonathan@example.org,Efectivo,10854,55-64
7455461147,Jennifer,Oneal,48,Femenino,Chicago,Bajo,3,8.98,No,Sí,Vegetariano,No,Dato no cargado,gilltiffany@example.com,App,1499,45-54
4920956041,Melissa,Oconnell,24,Femenino,Chicago,Muy Alto,9,54.68,No,Sí,Mariscos,Sí,752.257.7646x497,ismith@example.com,Efectivo,10828,18-24
9203754814,James,Johnson,56,Masculino,Chicago,Bajo,0,0.0,Sí,No,Carnes,No,Dato no cargado,amber15@example.org,App,1024,55-64
3819403925,Bryan,Lopez,61,Masculino,Chicago,Alto,6,29.99,Sí,Sí,Carnes,Sí,704-861-1534x356,Dato no cargado,Efectivo,4802,55-64
1027271239,Kayla,Morse,18,Femenino,Chicago,Medio,5,9.62,Sí,Sí,Carnes,No,898-771-2540x939,jmartinez@example.net,Efectivo,3434,18-24
2926010665,Connor,Davis,46,Masculino,Chicago,Alto,4,14.18,No,Sí,Carnes,Sí,001-530-401-6096x627,Dato no cargado,Tarjeta,7922,45-54
1039887139,Katherine,Robinson,72,Femenino,Chicago,Muy Alto,9,91.42,Sí,Sí,Carnes,Sí,Dato no cargado,Dato no cargado,Tarjeta,15493,65-80
3345758537,Jacqueline,Thomas,26,Femenino,Chicago,Bajo,1,7.09,Sí,Sí,Carnes,No,(773)458-3237,owatts@example.com,Efectivo,1214,25-34
6683887891,Sarah,Deleon,63,Femenino,Chicago,Medio,5,6.75,No,No,Vegano,No,Dato no cargado,danielwells@example.net,App,3227,55-64
4182329951,Alex,Thornton,62,Masculino,Chicago,Medio,4,23.49,No,No,Carnes,Sí,Dato no cargado,fernandodavis@example.net,App,1638,55-64
8717110306,Ashley,Murphy,39,Femenino,Chicago,Bajo,3,7.24,No,Sí,Vegetariano,No,6458373643,Dato no cargado,Efectivo,883,35-44
7795188281,Spencer,Bowers,36,Masculino,Chicago,Medio,2,21.46,Sí,Sí,Carnes,No,Dato no cargado,Dato no cargado,Efectivo,2766,35-44
3602356806,Susan,Moore,24,Femenino,Chicago,Alto,5,35.74,Sí,Sí,Carnes,Sí,(485)966-5688,codyevans@example.net,Efectivo,8631,18-24
9750886272,Debra,Jennings,59,Femenino,Chicago,Muy Alto,9,86.4,Sí,Sí,Vegetariano,Sí,001-344-592-0368x9557,rossthompson@example.org,Efectivo,16410,55-64
1477459038,Sara,Perez,27,Femenino,Chicago,Medio,3,13.47,Sí,Sí,Vegetariano,No,478.289.6839,Dato no cargado,Efectivo,2845,25-34
3123961937,Thomas,Reynolds,38,Masculino,Chicago,Alto,5,41.37,Sí,No,Carnes,Sí,Dato no cargado,Dato no cargado,Tarjeta,7539,35-44
6576395496,Danielle,Evans,68,Femenino,Chicago,Bajo,0,0.0,Sí,Sí,Carnes,No,+1-844-869-9369x808,Dato no cargado,App,1136,65-80
9031063171,Catherine,Morgan,45,Femenino,Chicago,Muy Alto,9,18.44,Sí,Sí,Carnes,Sí,+1-484-893-4646x156,loriholland@example.com,App,15403,45-54
2746762765,David,Reyes,25,Masculino,Chicago,Alto,6,59.98,No,Sí,Vegetariano,No,+1-789-259-8089,Dato no cargado,App,6386,25-34
7968536176,Debra,Chase,21,Femenino,Chicago,Bajo,0,0.0,No,Sí,Vegano,No,(980)918-1598,lhayes@example.net,Efectivo,1117,18-24
4266742938,Nicolas,Marshall,25,Masculino,Chicago,Medio,3,18.7,No,No,Vegetariano,No,(332)967-2199x926,kaisermegan@example.com,Efectivo,2650,25-34
9591045702,Michael,Randolph,34,Masculino,Chicago,Medio,4,13.77,Sí,No,Vegano,No,(668)612-4350,manuelhuynh@example.net,Tarjeta,2461,25-34
8143482843,Mary,Ballard,31,Femenino,Chicago,Medio,5,28.88,No,Sí,No informado,No,(660)599-1635x91599,Dato no cargado,App,2014,25-34
2636187511,Karen,Butler,53,Femenino,Chicago,Alto,6,49.56,Sí,No,Pescado,No,Dato no cargado,nathansimpson@example.org,App,7698,45-54
1679182051,Robin,Garcia,61,Femenino,Chicago,Medio,5,26.25,No,Sí,Carnes,No,001-968-571-8481x701,ashlee87@example.org,Efectivo,3405,55-64
9621233639,Mark,Armstrong,24,Masculino,Chicago,Medio,3,5.34,No,No,Vegetariano,No,Dato no cargado,esalinas@example.org,Efectivo,2236,18-24
1905193382,Joel,Brown,62,Masculino,Chicago,Medio,2,14.11,Sí,No,Vegetariano,No,Dato no cargado,eparrish@example.org,App,2798,55-64
5683391352,Donald,Mills,65,Masculino,Chicago,Alto,5,39.22,No,Sí,Pescado,No,522.233.4805,Dato no cargado,Efectivo,5040,65-80
3059154236,David,Nunez,44,Masculino,Chicago,Alto,5,32.8,Sí,No,Carnes,Sí,Dato no cargado,toddsamantha@example.com,Efectivo,7211,35-44
5227974252,Antonio,Huynh,18,Masculino,Chicago,Alto,5,34.73,Sí,Sí,Carnes,No,(825)684-3302,Dato no cargado,Efectivo,5635,18-24
6578549798,Jonathan,Smith,19,Masculino,Chicago,Medio,2,25.82,Sí,No,Otro,No,Dato no cargado,Dato no cargado,Tarjeta,2481,18-24
2857228002,Robin,Thomas,70,Femenino,Chicago,Alto,6,30.41,Sí,No,Vegetariano,Sí,276-523-5468x857,Dato no cargado,Tarjeta,8308,65-80
8531400860,Lauren,Estrada,68,Femenino,Chicago,Medio,4,29.01,Sí,No,No informado,Sí,Dato no cargado,burtonmargaret@example.net,Efectivo,3147,65-80
1322889502,Clifford,Young,60,Masculino,Chicago,Medio,5,14.61,Sí,Sí,Carnes,No,(897)387-5388x77966,uweber@example.net,Efectivo,2594,55-64
7875317351,Kelly,Hogan,19,Femenino,Chicago,Bajo,2,5.97,No,Sí,Carnes,No,001-776-679-2984x646,mosleystephen@example.com,Tarjeta,1460,18-24
8508995749,Adam,Pineda,72,Masculino,Chicago,Medio,5,13.54,Sí,No,Vegetariano,No,849.253.2318,kellerchristine@example.com,App,1981,65-80
2491605487,Thomas,Olson,38,Masculino,Chicago,Muy Alto,8,95.26,Sí,No,Vegetariano,Sí,7237373739,robertarnold@example.net,Efectivo,17932,35-44
2399279979,Julia,Thompson,76,Femenino,Chicago,Bajo,0,0.0,Sí,No,Pescado,No,Dato no cargado,sara64@example.net,Tarjeta,923,65-80
8243716828,John,Mcmillan,18,Masculino,Chicago,Muy Alto,8,14.14,Sí,No,Carnes,Sí,Dato no cargado,Dato no cargado,App,17516,18-24
8596269637,Anthony,Boyd,55,Masculino,Chicago,Bajo,2,5.04,No,Sí,Vegetariano,No,Dato no cargado,Dato no cargado,Tarjeta,1126,55-64
4928116989,Jasmine,Barber,71,Femenino,Chicago,Muy Alto,6,12.21,Sí,No,Otro,Sí,506-897-5938,emoore@example.com,Tarjeta,17124,65-80
7977267911,Rebecca,Arias,63,Femenino,Chicago,Medio,5,14.77,Sí,No,Pescado,No,998.215.3514x3615,Dato no cargado,Efectivo,3171,55-64
3028519189,Jessica,Crawford,38,Femenino,Chicago,Alto,5,30.59,Sí,Sí,Carnes,Sí,Dato no cargado,karenbrown@example.net,Tarjeta,8180,35-44
1062440902,Cory,Duncan,60,Masculino,Chicago,Muy Alto,10,50.99,Sí,Sí,Mariscos,Sí,414.280.6251x91375,sanchezbenjamin@example.org,Efectivo,13463,55-64
3604574077,Amanda,Wright,55,Femenino,Chicago,Medio,2,18.91,Sí,Sí,Vegano,No,Dato no cargado,dustinhughes@example.net,Tarjeta,3178,55-64
6798862126,Carla,Andrade,42,Femenino,Chicago,Medio,3,20.09,Sí,Sí,Pescado,No,Dato no cargado,fadams@example.org,Efectivo,2694,35-44
8294551620,Rebecca,Little,23,Femenino,Chicago,Medio,5,11.63,No,Sí,Vegano,No,660-203-2125x2915,xsmith@example.org,Tarjeta,2686,18-24
5387238367,Joseph,Phillips,27,Masculino,Chicago,Muy Alto,7,56.83,No,Sí,Vegetariano,Sí,001-433-215-3301x740,Dato no cargado,Efectivo,9766,25-34
1519546158,Jonathan,Wagner,34,Masculino,Chicago,Bajo,2,7.18,Sí,No,Mariscos,No,Dato no cargado,Dato no cargado,Tarjeta,971,25-34
5835392115,Valerie,Jackson,55,Femenino,Chicago,Medio,3,17.0,No,No,Vegano,No,+1-787-675-6912x4694,Dato no cargado,Efectivo,2510,55-64
3614663568,Ann,Ramirez,34,Femenino,Chicago,Alto,5,9.09,Sí,Sí,Carnes,Sí,Dato no cargado,Dato no cargado,App,5996,25-34
6188049277,Jennifer,Willis,46,Femenino,Chicago,Alto,5,31.86,No,Sí,Mariscos,Sí,Dato no cargado,jennifer88@example.com,Efectivo,4935,45-54
9844857553,Isabella,Smith,34,Femenino,Chicago,Alto,6,11.16,Sí,Sí,Otro,Sí,Dato no cargado,Dato no cargado,Tarjeta,6052,25-34
3887823121,Danny,Aguilar,52,Masculino,Chicago,Muy Alto,6,30.0,Sí,No,Pescado,Sí,6785710604,Dato no cargado,Tarjeta,17550,45-54
8188100401,John,Weber,38,Masculino,Chicago,Alto,4,53.58,Sí,Sí,Pescado,Sí,Dato no cargado,Dato no cargado,Efectivo,8482,35-44
3802365104,Jason,Walsh,80,Masculino,Chicago,Alto,5,17.01,No,No,Carnes,Sí,Dato no cargado,jacksonkelly@example.org,App,5395,65-80
2199745899,Steven,Forbes,27,Masculino,Chicago,Medio,3,12.82,Sí,Sí,Carnes,No,405.710.0725,chapmananthony@example.org,Efectivo,2105,25-34
4827896162,Donald,Smith,78,Masculino,Chicago,Bajo,1,9.5,Sí,No,Vegetariano,No,Dato no cargado,Dato no cargado,Efectivo,1313,65-80
7280889243,Angela,Parrish,69,Femenino,Chicago,Muy Alto,6,38.03,No,Sí,Carnes,Sí,Dato no cargado,sharon08@example.com,Efectivo,11323,65-80
3617897214,Jeffrey,Hays,77,Masculino,Chicago,Medio,5,6.66,Sí,Sí,Otro,No,Dato no cargado,xsimmons@example.com,Tarjeta,3180,65-80
6611356986,Michelle,Morris,73,Femenino,Chicago,Muy Alto,6,10.65,No,No,Vegano,Sí,Dato no cargado,brownkathy@example.com,Tarjeta,11786,65-80
1576717254,Lauren,Thompson,58,Femenino,Chicago,Medio,3,14.23,Sí,Sí,Pescado,No,238-460-9372x4630,lisajennings@example.net,Efectivo,1842,55-64
9006535478,Andrea,Hall,24,Femenino,Chicago,Bajo,1,9.54,Sí,Sí,Vegetariano,No,Dato no cargado,xhorton@example.net,App,1568,18-24
9964017816,Kathleen,Moore,28,Femenino,Chicago,Medio,3,12.44,Sí,No,Carnes,No,+1-825-642-4585x6987,hammondjoseph@example.net,Tarjeta,1660,25-34
2904319901,Yolanda,Whitehead,60,Femenino,Chicago,Bajo,1,9.11,No,Sí,Mariscos,No,Dato no cargado,david58@example.com,App,1421,55-64
7068917109,Eric,Best,67,Masculino,Chicago,Muy Alto,10,98.69,Sí,No,Vegetariano,Sí,+1-751-679-3404x6782,charles39@example.org,Criptomoneda,9361,65-80
3341857514,Brooke,Ortiz,23,Femenino,Chicago,Bajo,0,0.0,Sí,Sí,Carnes,No,+1-887-810-5727x36653,mariagomez@example.com,Efectivo,1589,18-24
5192846042,Carrie,Adams,27,Femenino,Chicago,Medio,3,8.75,No,Sí,Mariscos,No,Dato no cargado,dwilson@example.com,App,2540,25-34
4175852493,Jason,Hall,56,Masculino,Chicago,Alto,6,7.64,No,Sí,Vegano,Sí,+1-721-547-1161x12325,Dato no cargado,Tarjeta,8287,55-64
2289225548,Angela,Allen,29,Femenino,Chicago,Medio,5,15.19,No,Sí,Carnes,No,5705773572,hugheserica@example.com,Tarjeta,1869,25-34
2671929013,Andrew,Garcia,56,Masculino,Chicago,Alto,5,24.81,No,Sí,Otro,No,001-615-843-9838x6055,johnsonrachel@example.org,Efectivo,4902,55-64
2350315405,Alexander,Thomas,47,Masculino,Chicago,Medio,4,28.32,Sí,Sí,Mariscos,No,001-875-487-5998,granthess@example.com,Tarjeta,2376,45-54
1719780744,Mary,Garcia,59,Femenino,Chicago,Medio,4,24.96,No,Sí,Otro,No,929-830-7571x2533,gbryant@example.com,App,1841,55-64
3926514082,Nicole,Bentley,78,Femenino,Chicago,Alto,4,16.41,Sí,No,Carnes,Sí,Dato no cargado,fweaver@example.org,Tarjeta,3661,65-80
1400319024,John,Williams,60,Masculino,Chicago,Alto,6,56.66,No,Sí,Vegano,Sí,Dato no cargado,karnold@example.com,Efectivo,8150,55-64
9151018395,Ashley,Jackson,70,Femenino,Chicago,Medio,5,28.48,Sí,Sí,Carnes,Sí,+1-610-794-1588x820,ellisontara@example.org,Tarjeta,2263,65-80
3349561281,Cristina,Jones,67,Femenino,Chicago,Medio,2,13.27,No,Sí,Vegetariano,No,770-638-1441x44489,ophillips@example.com,Tarjeta,2144,65-80
5991402847,Richard,Moore,50,Masculino,Chicago,Bajo,0,0.0,Sí,No,Carnes,No,383-874-9292x865,Dato no cargado,Tarjeta,1180,45-54
2768843874,Yesenia,Sparks,31,Femenino,Chicago,Alto,6,16.15,No,Sí,Carnes,Sí,341-696-2553,gharris@example.com,Efectivo,6038,25-34
4449566278,Alex,Salas,52,Masculino,Chicago,Alto,4,45.14,Sí,No,Otro,No,+1-725-412-7565x56165,Dato no cargado,Tarjeta,5281,45-54
1541964762,Regina,Alexander,43,Femenino,Chicago,Medio,4,20.07,Sí,No,Mariscos,Sí,+1-523-505-5339x7464,Dato no cargado,Tarjeta,1986,35-44
3969311003,Heather,Moyer,63,Femenino,Chicago,Medio,4,21.17,Sí,Sí,Vegano,No,Dato no cargado,Dato no cargado,Efectivo,2098,55-64
1187862051,Nicholas,Hill,21,Masculino,Chicago,Medio,5,12.39,Sí,Sí,Mariscos,No,Dato no cargado,ybentley@example.org,Efectivo,2858,18-24
1639508863,Tracy,Stevenson,76,Femenino,Chicago,Bajo,3,5.76,Sí,No,Carnes,No,(395)634-3156x0294,Dato no cargado,App,1552,65-80
7212083743,Lisa,Williams,72,Femenino,Chicago,Alto,6,26.12,Sí,No,Mariscos,Sí,Dato no cargado,Dato no cargado,App,5112,65-80
7086182821,Jennifer,Hughes,72,Femenino,Chicago,Medio,2,8.18,No,Sí,Vegetariano,Sí,Dato no cargado,ecollins@example.com,Efectivo,1779,65-80
9951195763,Judith,Barnes,35,Femenino,Chicago,Medio,5,9.04,No,No,Vegano,No,Dato no cargado,Dato no cargado,Efectivo,3316,35-44
3581063480,Beth,Garcia,65,Femenino,Chicago,Alto,5,41.73,Sí,No,Pescado,Sí,Dato no cargado,piercejessica@example.org,Efectivo,6311,65-80
5434873419,Angela,Morris,37,Femenino,Chicago,Alto,6,53.3,No,Sí,Vegetariano,Sí,Dato no cargado,lindavelez@example.net,App,7576,35-44
9441018790,Wanda,Rice,44,Femenino,Chicago,Muy Alto,7,32.0,Sí,No,Vegetariano,No,Dato no cargado,ashleysmith@example.com,Tarjeta,16652,35-44
2889045932,Lisa,Hawkins,24,Femenino,Chicago,Alto,4,34.58,No,Sí,Otro,Sí,Dato no cargado,perezphillip@example.org,App,7034,18-24
3930090943,Kyle,Gonzalez,55,Masculino,Chicago,Medio,5,19.48,No,No,Vegetariano,No,Dato no cargado,Dato no cargado,Efectivo,2891,55-64
2013424800,James,Montes,36,Masculino,Chicago,Medio,3,5.08,No,No,Vegetariano,No,9327574250,richard93@example.com,Tarjeta,3117,35-44
2324918063,Melissa,Valencia,54,Femenino,Chicago,Alto,5,48.02,No,Sí,Vegano,Sí,001-445-335-1743x799,Dato no cargado,Efectivo,6142,45-54
6485741440,Haley,Dalton,80,Femenino,Chicago,Medio,3,13.95,Sí,No,Mariscos,No,Dato no cargado,uthomas@example.com,Efectivo,1719,65-80
7650193311,Craig,Fields,32,Masculino,Chicago,Medio,5,19.29,Sí,Sí,Carnes,No,Dato no cargado,raymond44@example.net,Efectivo,2791,25-34
8081184851,Laura,Thomas,76,Femenino,Chicago,Bajo,3,9.9,Sí,Sí,Pescado,No,Dato no cargado,xsoto@example.org,Efectivo,1306,65-80
5066388518,Kimberly,Weber,45,Femenino,Chicago,Medio,2,7.6,No,Sí,Vegano,No,456.293.7802,Dato no cargado,Tarjeta,2685,45-54
2391874847,Sabrina,Ortiz,23,Femenino,Chicago,Medio,2,20.79,No,Sí,Vegetariano,No,(616)430-8658x93821,morganjennifer@example.com,Tarjeta,3249,18-24
6295669542,Raymond,Hill,33,Masculino,Chicago,Alto,4,20.03,No,No,Pescado,Sí,8176657622,Dato no cargado,Tarjeta,6705,25-34
2032383330,Amanda,Banks,67,Femenino,Chicago,Alto,4,19.81,No,Sí,Vegano,No,Dato no cargado,Dato no cargado,Efectivo,5388,65-80
4080507337,Brian,Mayer,32,Masculino,Chicago,Medio,2,20.41,Sí,Sí,Vegetariano,No,Dato no cargado,wbailey@example.org,App,3084,25-34
4090456905,Alexander,Lynch,73,Masculino,Chicago,Muy Alto,10,75.78,Sí,No,Otro,Sí,896.722.6299x13909,christianhood@example.net,Efectivo,9834,65-80
9246333533,James,Yang,29,Masculino,Chicago,Bajo,0,0.0,No,Sí,Vegetariano,No,+1-446-369-6650x286,keith54@example.net,Efectivo,1429,25-34
1313186891,Amy,Mccarthy,38,Femenino,Chicago,Muy Alto,7,16.08,Sí,Sí,Pescado,Sí,(310)602-8822x21141,meagan28@example.com,App,17754,35-44
8985935017,Angela,Young,18,Femenino,Chicago,Alto,6,25.33,No,Sí,Otro,Sí,001-718-917-8739x2826,patricknguyen@example.net,Tarjeta,4297,18-24
7940184579,Jennifer,Fisher,56,Femenino,Chicago,Medio,3,6.01,Sí,Sí,Carnes,No,Dato no cargado,Dato no cargado,Tarjeta,3203,55-64
3158007539,Katherine,Peterson,29,Femenino,Chicago,Alto,5,51.44,No,Sí,Vegano,Sí,(782)928-5309x288,vflowers@example.com,Efectivo,7253,25-34
2741486648,Zachary,Davis,43,Masculino,Chicago,Bajo,1,6.23,Sí,No,Carnes,No,Dato no cargado,Dato no cargado,Efectivo,1002,35-44
5633983723,Elizabeth,Carson,41,Femenino,Chicago,Alto,6,46.23,Sí,Sí,Carnes,Sí,(901)299-4281x7326,slewis@example.com,App,8196,35-44
7116788109,Laurie,Kim,60,Femenino,Chicago,Alto,5,29.26,Sí,No,Carnes,No,Dato no cargado,Dato no cargado,Tarjeta,5200,55-64
6836869063,Scott,Wolf,32,Masculino,Chicago,Bajo,2,9.81,Sí,Sí,Pescado,No,Dato no cargado,garzasavannah@example.com,Efectivo,962,25-34
3733193885,Anna,Hill,28,Femenino,Chicago,Bajo,1,5.97,Sí,No,Otro,No,(708)808-1916,tiffany81@example.com,Tarjeta,1246,25-34
8486896984,Samantha,Ramirez,79,Femenino,Chicago,Muy Alto,7,12.08,Sí,Sí,Carnes,Sí,(380)880-4479x9771,Dato no cargado,Efectivo,9010,65-80
5612645121,Kimberly,Reyes,70,Femenino,Chicago,Bajo,2,8.67,No,Sí,Carnes,No,001-412-513-3275,Dato no cargado,Efectivo,1498,65-80
4617952074,Susan,Lewis,64,Femenino,Chicago,Medio,4,5.26,No,Sí,Carnes,No,(837)688-2580,Dato no cargado,Efectivo,2336,55-64
5000675383,Veronica,Acosta,70,Femenino,Chicago,Medio,3,25.88,Sí,No,Mariscos,No,001-554-821-1479x57111,jasminlarsen@example.org,Criptomoneda,2162,65-80
4536696963,Joe,Thompson,21,Masculino,Chicago,Medio,3,8.48,No,Sí,Carnes,No,737-498-6745,Dato no cargado,Efectivo,2938,18-24
4255049089,Darren,Durham,77,Masculino,Chicago,Bajo,0,0.0,No,No,Otro,No,(562)305-3994x17428,veronicakline@example.com,Efectivo,1196,65-80
9325146841,Christopher,Austin,58,Masculino,Chicago,Alto,6,57.68,Sí,Sí,Carnes,Sí,001-297-565-7367,Dato no cargado,Efectivo,3512,55-64
1146154915,Kayla,Pittman,67,Femenino,Chicago,Alto,6,58.23,No,No,Vegetariano,No,8468531250,diazchad@example.com,Efectivo,8907,65-80
2616509145,Michael,Knapp,75,Masculino,Chicago,Medio,4,13.89,Sí,No,Pescado,No,Dato no cargado,gregory19@example.org,Efectivo,2754,65-80
4789389791,Hector,Griffin,43,Masculino,Chicago,Alto,6,23.56,Sí,No,Vegetariano,No,Dato no cargado,Dato no cargado,App,3597,35-44
9546760220,Tonya,Brown,73,Femenino,Chicago,Muy Alto,7,23.95,Sí,Sí,Otro,Sí,551.652.9038,Dato no cargado,Efectivo,13563,65-80
3622572913,Ryan,Novak,56,Masculino,Chicago,Alto,4,54.37,Sí,Sí,Vegano,Sí,(858)657-2639,Dato no cargado,App,5777,55-64
2693949971,Lance,Christensen,23,Masculino,Chicago,Muy Alto,7,18.85,No,Sí,Pescado,Sí,Dato no cargado,Dato no cargado,Efectivo,16958,18-24
5888695763,Christopher,Taylor,39,Masculino,Chicago,Medio,5,22.79,No,Sí,Vegetariano,No,(654)542-7071,kmorris@example.net,Tarjeta,3145,35-44
8923111040,Andrea,Barnes,18,Femenino,Chicago,Medio,3,7.09,No,Sí,Pescado,Sí,(459)394-5955,Dato no cargado,Efectivo,1657,18-24
1632530290,Daniel,Espinoza,33,Masculino,Chicago,Alto,5,7.82,Sí,No,Carnes,Sí,Dato no cargado,Dato no cargado,App,6539,25-34
8057994126,Melissa,Bauer,75,Femenino,Chicago,Alto,6,11.31,Sí,No,Vegano,Sí,+1-471-682-5627x414,amy02@example.org,App,6021,65-80
4278323723,Michelle,Curry,73,Femenino,Chicago,Medio,4,29.07,Sí,Sí,Mariscos,No,Dato no cargado,marshallheather@example.com,Efectivo,2879,65-80
7144607121,Robert,Gomez,59,Masculino,Chicago,Alto,6,17.77,No,No,Carnes,Sí,946-766-0271x8651,Dato no cargado,Efectivo,5892,55-64
8061243669,Jill,Richards,18,Femenino,Chicago,Bajo,1,5.44,No,Sí,Carnes,No,Dato no cargado,peggy52@example.org,Tarjeta,940,18-24
6233864644,Valerie,Trevino,46,Femenino,Chicago,Medio,5,11.36,Sí,Sí,Carnes,No,Dato no cargado,ethanjennings@example.net,Efectivo,2052,45-54
2028769788,Teresa,Ramirez,56,Femenino,Chicago,Medio,2,9.06,Sí,Sí,Carnes,No,921.240.2703x3509,Dato no cargado,Efectivo,2772,55-64
5922186966,Ryan,Silva,31,Masculino,Chicago,Muy Alto,8,6.7,No,No,Vegetariano,Sí,(512)447-0164x863,Dato no cargado,Efectivo,9969,25-34
1725036551,Jocelyn,Morales,66,Femenino,Chicago,Alto,5,48.71,No,No,Mariscos,Sí,+1-901-218-5501x3530,hendersongeorge@example.net,Efectivo,5875,65-80
1400730771,Danielle,Nash,45,Femenino,Chicago,Bajo,0,0.0,Sí,No,Carnes,No,+1-629-404-4237x558,Dato no cargado,Tarjeta,1322,45-54
8688228635,Laura,Cardenas,25,Femenino,Chicago,Muy Alto,9,65.1,No,No,Vegano,Sí,Dato no cargado,Dato no cargado,Criptomoneda,11438,25-34
2029691143,William,Powell,51,Masculino,Chicago,Bajo,3,8.26,No,Sí,Vegano,No,Dato no cargado,Dato no cargado,Tarjeta,1465,45-54
7948607856,Susan,Farmer,42,Femenino,Chicago,Muy Alto,8,61.55,No,No,Vegetariano,Sí,Dato no cargado,Dato no cargado,Efectivo,16544,35-44
3849924259,Sherry,Martin,20,Femenino,Chicago,Alto,5,52.32,No,Sí,Vegano,Sí,Dato no cargado,Dato no cargado,Efectivo,8830,18-24
8888680076,Katrina,Sweeney,32,Femenino,Chicago,Alto,5,6.12,Sí,Sí,No informado,Sí,+1-907-241-8115x711,matthew83@example.com,Efectivo,5638,25-34
8065996278,Lisa,Terry,43,Femenino,Chicago,Alto,6,55.92,No,No,Carnes,No,Dato no cargado,Dato no cargado,Tarjeta,8615,35-44
6943495190,Jennifer,Hines,67,Femenino,Chicago,Alto,5,47.26,No,No,Carnes,Sí,+1-686-760-7930x1692,Dato no cargado,Tarjeta,7666,65-80
4130767223,Emily,Chambers,61,Femenino,Chicago,Medio,3,6.47,No,Sí,Mariscos,No,Dato no cargado,henry22@example.net,Tarjeta,3246,55-64
7490420245,Ethan,Wilson,35,Masculino,Chicago,Medio,5,5.26,No,No,No informado,No,001-949-919-5164,Dato no cargado,Efectivo,2951,35-44
5089069686,John,Mcdowell,25,Masculino,Chicago,Alto,5,24.26,Sí,Sí,Vegetariano,No,Dato no cargado,angela81@example.net,App,3803,25-34
5808060977,Jonathan,Thompson,26,Masculino,Chicago,Medio,3,13.65,No,Sí,Mariscos,No,Dato no cargado,michaelmoore@example.com,Tarjeta,2892,25-34
8357677623,Alison,Lopez,29,Femenino,Chicago,Alto,5,28.85,Sí,Sí,Carnes,Sí,(656)484-7386x260,ambersilva@example.org,Efectivo,3764,25-34
2456001569,Blake,Williams,39,Masculino,Chicago,Medio,2,16.82,No,No,Vegetariano,No,+1-880-365-2049x0161,houstoncharles@example.org,Tarjeta,2281,35-44
9917876228,Ashley,Ruiz,60,Femenino,Chicago,Muy Alto,10,30.75,No,Sí,Mariscos,Sí,Dato no cargado,pattersonmonica@example.com,Efectivo,13405,55-64
2423995953,Adrienne,Morales,75,Femenino,Chicago,Alto,5,36.63,No,No,Vegetariano,Sí,Dato no cargado,Dato no cargado,Tarjeta,4364,65-80
2724622525,Kathleen,Walker,55,Femenino,Chicago,Alto,5,37.85,No,Sí,Carnes,Sí,001-595-876-6688x322,Dato no cargado,Efectivo,8029,55-64
6216396239,Mark,Guzman,54,Masculino,Chicago,Bajo,3,9.42,No,Sí,Carnes,No,Dato no cargado,keith20@example.net,Efectivo,1364,45-54
9161281422,Jacqueline,Reed,79,Femenino,Chicago,Muy Alto,7,102.89,Sí,Sí,Carnes,Sí,755-518-5144x10405,Dato no cargado,App,16698,65-80
6110943464,Brenda,Kennedy,22,Femenino,Chicago,Medio,4,28.44,Sí,No,Vegano,No,(903)834-4848,michaelmcclain@example.com,App,1991,18-24
4220213945,Cheryl,Cervantes,72,Femenino,Chicago,Alto,6,18.07,Sí,No,Pescado,Sí,608-508-6855x56783,Dato no cargado,Efectivo,5856,65-80
1950074184,Emily,Ford,34,Femenino,Chicago,Medio,5,20.3,No,Sí,Vegano,No,Dato no cargado,mike56@example.net,App,2204,25-34
5562593349,Robert,Reyes,63,Masculino,Chicago,Alto,5,17.05,Sí,No,Otro,Sí,836-873-3572x249,Dato no cargado,Efectivo,5163,55-64
1740538233,Jeffrey,Hood,48,Masculino,Chicago,Muy Alto,8,55.25,Sí,No,Pescado,Sí,001-896-673-1440x1592,Dato no cargado,Tarjeta,9180,45-54
6121801720,Dana,Thompson,78,Femenino,Chicago,Alto,4,30.96,Sí,Sí,Carnes,Sí,(936)340-0206x65753,brendaanthony@example.net,App,8536,65-80
5185986383,John,Miller,76,Masculino,Chicago,Muy Alto,10,77.83,No,Sí,Vegetariano,Sí,(924)448-3808,sandragreene@example.org,Tarjeta,13474,65-80
8654155479,Lauren,Johnson,71,Femenino,Chicago,Bajo,1,8.68,Sí,No,Carnes,No,Dato no cargado,joseph77@example.org,Tarjeta,850,65-80
3877617284,Emma,Alvarez,40,Femenino,Chicago,Muy Alto,10,71.53,No,Sí,Mariscos,Sí,Dato no cargado,nathan03@example.net,Efectivo,15088,35-44
6527394765,Gregory,Barnes,56,Masculino,Chicago,Alto,6,29.14,Sí,Sí,Carnes,No,+1-677-418-0645x75057,Dato no cargado,Tarjeta,8029,55-64
8523092435,Timothy,Allen,75,Masculino,Chicago,Alto,4,45.82,Sí,No,Carnes,No,Dato no cargado,Dato no cargado,App,6132,65-80
3557273028,Julie,Cummings,68,Femenino,Chicago,Muy Alto,7,47.23,Sí,No,Mariscos,No,001-230-658-2498x142,Dato no cargado,App,15721,65-80
4564751926,Elizabeth,Moon,28,Femenino,Chicago,Medio,2,20.25,Sí,Sí,Carnes,No,Dato no cargado,haroldlyons@example.com,Tarjeta,2105,25-34
4100996604,Christopher,Morgan,22,Masculino,Chicago,Alto,4,20.31,Sí,Sí,Carnes,Sí,9035308369,Dato no cargado,Efectivo,5483,18-24
2655760183,Amanda,Flores,41,Femenino,Chicago,Bajo,2,7.5,Sí,Sí,Vegano,No,409-205-8137x38996,geraldpena@example.com,App,1430,35-44
1006202935,Heather,Washington,49,Femenino,Chicago,Medio,5,11.17,Sí,Sí,Carnes,No,001-828-313-1300x2682,jacob17@example.net,Efectivo,3337,45-54
1373690685,Anthony,Gutierrez,19,Masculino,Chicago,Muy Alto,9,61.74,No,Sí,Vegetariano,Sí,+1-892-438-6190,wsmith@example.net,Tarjeta,9695,18-24
6761494575,Kevin,Sanchez,79,Masculino,Chicago,Medio,4,13.94,No,No,Vegetariano,No,001-912-615-2280x557,Dato no cargado,Efectivo,2037,65-80
9006868283,Devin,Parker,47,Masculino,Chicago,Alto,5,17.43,Sí,Sí,Carnes,No,Dato no cargado,Dato no cargado,Tarjeta,6578,45-54
7316470791,Martha,Molina,23,Femenino,Chicago,Bajo,1,6.07,Sí,Sí,Vegetariano,No,Dato no cargado,Dato no cargado,Criptomoneda,947,18-24
3791714419,Bill,Marks,61,Masculino,Chicago,Bajo,3,8.39,No,Sí,Mariscos,No,Dato no cargado,Dato no cargado,Efectivo,902,55-64
2900641393,Elizabeth,White,76,Femenino,Chicago,Alto,5,42.44,No,Sí,Carnes,Sí,465.279.8097,Dato no cargado,Tarjeta,5218,65-80
5728765136,Richard,Francis,43,Masculino,Chicago,Medio,3,26.17,Sí,No,Vegetariano,No,Dato no cargado,smithcarrie@example.org,App,1686,35-44
6466597005,David,Douglas,62,Masculino,Chicago,Alto,4,33.71,Sí,No,Otro,Sí,Dato no cargado,morgansharon@example.net,Tarjeta,8544,55-64
7865183702,Nicole,Murphy,68,Femenino,Chicago,Medio,2,16.74,No,Sí,Vegetariano,No,+1-616-692-7252x03796,Dato no cargado,Efectivo,1952,65-80
7107533494,Cory,Jones,41,Masculino,Chicago,Bajo,2,8.68,No,No,Mariscos,No,001-245-977-8419x887,barbara45@example.com,Efectivo,1071,35-44
5168353226,Michael,Peterson,29,Masculino,Chicago,Bajo,0,0.0,No,Sí,Pescado,No,(535)526-3798,Dato no cargado,App,1063,25-34
5244473159,Luis,Murray,74,Masculino,Chicago,Medio,2,26.03,No,No,Otro,No,Dato no cargado,Dato no cargado,App,3276,65-80
3611667974,Paula,Duncan,42,Femenino,Chicago,Medio,3,5.94,Sí,Sí,Vegetariano,No,Dato no cargado,Dato no cargado,Efectivo,3223,35-44
7213257327,Patrick,Brown,76,Masculino,Chicago,Medio,4,27.52,No,No,Carnes,No,(497)398-5146,Dato no cargado,Efectivo,3065,65-80
3113322013,Julie,Fry,66,Femenino,Chicago,Medio,5,10.74,No,Sí,Otro,No,576-439-1496,corygarrison@example.org,Criptomoneda,2957,65-80
6329589780,Johnny,Welch,37,Masculino,Chicago,Medio,3,27.62,Sí,Sí,Carnes,Sí,2669501845,Dato no cargado,App,2152,35-44
4898907158,Victoria,Torres,24,Femenino,Chicago,Bajo,0,0.0,No,Sí,Vegetariano,No,Dato no cargado,jasonramirez@example.com,App,1245,18-24
8376116786,Julia,Massey,36,Femenino,Chicago,Bajo,3,7.1,No,No,Mariscos,No,Dato no cargado,Dato no cargado,Efectivo,1311,35-44
9688833791,Todd,Griffin,21,Masculino,Chicago,Medio,5,7.09,No,Sí,Vegetariano,No,304.701.5129x18402,Dato no cargado,Tarjeta,1901,18-24
3613130146,Olivia,Curtis,47,Femenino,Chicago,Bajo,1,6.24,Sí,No,Mariscos,No,Dato no cargado,mckeeroger@example.org,App,1123,45-54
7573691558,Kimberly,Mathis,56,Femenino,Chicago,Muy Alto,10,78.45,Sí,Sí,Vegetariano,Sí,759-325-1449x24448,kellylopez@example.net,App,13302,55-64
3471601626,David,Holmes,45,Masculino,Chicago,Bajo,2,7.26,Sí,No,Pescado,No,Dato no cargado,Dato no cargado,App,1414,45-54
2414208068,Crystal,Andersen,80,Femenino,Chicago,Bajo,2,6.25,No,No,Carnes,No,(928)790-4314x78210,Dato no cargado,Tarjeta,990,65-80
9605798260,Pamela,Murphy,42,Femenino,Chicago,Medio,5,19.11,No,No,Otro,No,Dato no cargado,tbrowning@example.net,App,2963,35-44
4654033874,Pamela,Stewart,44,Femenino,Chicago,Medio,4,16.28,Sí,No,Carnes,No,480-590-6238x780,Dato no cargado,App,1971,35-44
5135595227,Emily,Pearson,24,Femenino,Chicago,Medio,2,23.82,Sí,Sí,Carnes,No,Dato no cargado,qandrews@example.net,App,2107,18-24
4300794369,Anthony,Nielsen,76,Masculino,Chicago,Bajo,3,8.07,No,No,Otro,No,Dato no cargado,lalvarez@example.net,Efectivo,1281,65-80
1639859220,Kaylee,Webster,56,Femenino,Chicago,Bajo,2,9.91,No,No,Mariscos,No,863.787.7497,graycharles@example.net,App,951,55-64
7543376659,Brittany,Williams,30,Femenino,Chicago,Medio,5,24.39,Sí,Sí,Mariscos,No,Dato no cargado,lynnryan@example.com,Tarjeta,2247,25-34
7555256315,Cathy,Barnes,41,Femenino,Chicago,Medio,5,5.69,No,No,Mariscos,No,7473066216,rebeccaphelps@example.net,Tarjeta,1955,35-44
3955578324,Teresa,Fox,46,Femenino,Chicago,Medio,3,16.06,No,Sí,Vegetariano,Sí,Dato no cargado,susan62@example.net,Efectivo,3314,45-54
4601723703,Amanda,Pitts,35,Femenino,Chicago,Medio,3,24.15,Sí,No,Vegano,No,Dato no cargado,Dato no cargado,Tarjeta,2653,35-44
2705016899,Leah,Brown,63,Femenino,Chicago,Medio,4,29.2,No,Sí,Otro,No,Dato no cargado,hollandbrian@example.com,Efectivo,2053,55-64
6321392799,James,Garza,19,Masculino,Chicago,Bajo,0,0.0,Sí,Sí,Pescado,No,884-418-3149x12553,Dato no cargado,App,1452,18-24
1487730383,Charles,Stafford,21,Masculino,Chicago,Muy Alto,9,25.91,Sí,Sí,Carnes,Sí,+1-855-994-7535x160,lorettawarren@example.com,Efectivo,12927,18-24
6324118242,Amanda,Jones,40,Femenino,Chicago,Medio,3,18.08,No,Sí,Mariscos,Sí,Dato no cargado,camposjessica@example.org,Efectivo,2288,35-44
5091875722,Mary,Adams,79,Femenino,Chicago,Medio,2,26.1,Sí,No,Carnes,No,777.873.8693x04180,Dato no cargado,App,1865,65-80
3867914693,Lori,Jackson,31,Femenino,Chicago,Alto,5,32.955,No,No,Vegano,No,001-210-490-4875x8407,Dato no cargado,Efectivo,5403,25-34
9623446290,Kevin,Copeland,42,Masculino,Chicago,Alto,4,32.955,Sí,No,Vegano,Sí,448.533.6826x155,ivincent@example.net,Tarjeta,6115,35-44
3051229531,William,Thompson,69,Masculino,Chicago,Muy Alto,10,56.5,No,No,Vegetariano,Sí,Dato no cargado,william90@example.com,Tarjeta,17378,65-80
9898781512,Mark,Lucero,39,Masculino,Chicago,Alto,4,18.06,Sí,No,Carnes,Sí,Dato no cargado,Dato no cargado,Tarjeta,7462,35-44
5126304863,Christopher,Schroeder,67,Masculino,Chicago,Bajo,0,0.0,No,Sí,Carnes,No,Dato no cargado,Dato no cargado,Tarjeta,1591,65-80
1452737164,Sara,Stewart,42,Femenino,Chicago,Bajo,0,0.0,Sí,No,Carnes,No,001-852-980-5767x0454,laurairwin@example.com,Tarjeta,1559,35-44
1786630878,Kelly,Clark,72,Femenino,Chicago,Alto,6,32.09,Sí,No,Carnes,Sí,422-816-3409,Dato no cargado,Tarjeta,5041,65-80
6712402493,Tracy,Harmon,50,Femenino,Chicago,Medio,3,13.52,No,Sí,Vegetariano,No,Dato no cargado,williamsamy@example.com,Tarjeta,3312,45-54
2634803757,David,Jones,21,Masculino,Chicago,Alto,5,29.67,Sí,Sí,Carnes,No,706.962.0159x3667,meredithwaller@example.com,Tarjeta,7772,18-24
5239348773,Edward,Rush,69,Masculino,Chicago,Alto,4,32.24,Sí,No,Mariscos,Sí,Dato no cargado,matthew05@example.org,Tarjeta,3790,65-80
1550343227,Amanda,Wilson,73,Femenino,Chicago,Muy Alto,9,92.2,No,No,No informado,Sí,+1-867-823-3948x4365,Dato no cargado,App,16367,65-80
3333886923,Rodney,Brown,21,Masculino,Chicago,Medio,4,14.52,No,Sí,Carnes,No,(656)547-1388,samanthamorales@example.org,Efectivo,1712,18-24
5706925695,Danielle,Stewart,48,Femenino,Chicago,Alto,4,50.87,Sí,Sí,Carnes,No,Dato no cargado,Dato no cargado,Efectivo,6896,45-54
7643177611,Jonathan,Smith,41,Masculino,Chicago,Bajo,2,5.95,Sí,Sí,Carnes,No,Dato no cargado,jason28@example.net,Efectivo,1505,35-44
8840503950,Lauren,Logan,72,Femenino,Chicago,Medio,5,24.51,Sí,No,Vegetariano,No,Dato no cargado,Dato no cargado,Tarjeta,3034,65-80
8543106319,John,King,39,Masculino,Chicago,Alto,4,51.04,Sí,No,Otro,No,Dato no cargado,Dato no cargado,Efectivo,6120,35-44
5039707796,Jacqueline,Williams,80,Femenino,Chicago,Bajo,2,6.18,Sí,No,Carnes,No,811-983-4645x876,Dato no cargado,App,1222,65-80
3071888568,Cheryl,Suarez,37,Femenino,Chicago,Medio,2,7.35,No,No,Pescado,No,9475535979,elizabeth16@example.com,Efectivo,2338,35-44
2282343274,Jade,Reese,75,Femenino,Chicago,Alto,6,28.99,Sí,Sí,No informado,Sí,Dato no cargado,jordan16@example.net,Efectivo,8963,65-80
3280137701,Kari,Le,46,Femenino,Chicago,Alto,4,33.83,Sí,No,Mariscos,Sí,Dato no cargado,Dato no cargado,Efectivo,8111,45-54
4463521320,Robin,Santos,28,Femenino,Chicago,Alto,4,39.77,Sí,Sí,Vegano,Sí,Dato no cargado,aaron60@example.com,Efectivo,7525,25-34
6637611254,Jessica,Hudson,45,Femenino,Chicago,Bajo,0,0.0,No,No,Otro,No,Dato no cargado,Dato no cargado,App,1070,45-54
9886169511,Zachary,Thornton,35,Masculino,Chicago,Bajo,1,9.34,Sí,No,Otro,No,+1-786-636-3707x792,Dato no cargado,Tarjeta,1488,35-44
3164240104,Travis,Hernandez,47,Masculino,Chicago,Medio,3,27.71,Sí,No,Vegano,No,856.878.6958x8730,Dato no cargado,Efectivo,1988,45-54
5542371107,Jorge,Nicholson,67,Masculino,Chicago,Medio,5,27.29,No,No,Carnes,No,Dato no cargado,douglasschneider@example.net,Efectivo,3475,65-80
5294535887,Angel,Grimes,78,Femenino,Chicago,Alto,4,39.49,No,Sí,Mariscos,Sí,001-325-428-1429x4384,ronald01@example.net,Efectivo,5531,65-80
8292722149,Kathy,Campbell,41,Femenino,Chicago,Medio,2,13.16,Sí,No,Carnes,Sí,(709)518-4790x084,Dato no cargado,App,3031,35-44
4979644466,Joshua,Mcconnell,24,Masculino,Chicago,Muy Alto,7,52.62,Sí,Sí,Mariscos,Sí,+1-280-314-0119,Dato no cargado,Tarjeta,17574,18-24
9060359831,Taylor,Brown,29,Femenino,Chicago,Medio,4,15.22,Sí,Sí,Mariscos,No,Dato no cargado,cartermadeline@example.net,Efectivo,2799,25-34
8011943488,Dalton,Miranda,61,Masculino,Chicago,Alto,5,31.83,No,Sí,Mariscos,Sí,Dato no cargado,Dato no cargado,Tarjeta,5475,55-64
9476123135,Jason,Phillips,64,Masculino,Chicago,Bajo,3,9.81,Sí,Sí,Mariscos,No,Dato no cargado,amygonzales@example.org,Efectivo,1511,55-64
5749304490,Rachel,Le,68,Femenino,Chicago,Alto,6,29.21,No,No,Carnes,Sí,+1-328-516-7694x3872,michael99@example.net,Efectivo,6305,65-80
6208260061,Kristi,Rodriguez,53,Femenino,Chicago,Alto,6,32.955,No,Sí,No informado,Sí,738.580.1558,Dato no cargado,Tarjeta,6712,45-54
5241013099,Robert,Barr,42,Masculino,Chicago,Muy Alto,6,30.45,Sí,No,Pescado,Sí,Dato no cargado,elizabethtaylor@example.org,Efectivo,13193,35-44
7537228950,Charles,Moore,19,Masculino,Chicago,Alto,6,52.71,Sí,No,Mariscos,Sí,+1-865-509-4134x828,petersondaniel@example.org,Efectivo,6529,18-24
7880903123,Daniel,Mckee,51,Masculino,Chicago,Bajo,1,6.62,Sí,Sí,Vegetariano,No,Dato no cargado,Dato no cargado,App,1367,45-54
4384950465,Jessica,James,40,Femenino,Chicago,Alto,5,29.86,No,Sí,Vegano,No,Dato no cargado,Dato no cargado,App,8079,35-44
2349641982,Daniel,Palmer,27,Masculino,Chicago,Muy Alto,7,34.07,Sí,Sí,Carnes,Sí,Dato no cargado,edwardspamela@example.net,App,12754,25-34
6994611702,Mackenzie,Moore,23,Femenino,Chicago,Medio,3,13.17,No,Sí,Vegetariano,No,Dato no cargado,Dato no cargado,Tarjeta,1777,18-24
6144541225,Sophia,Anderson,66,Femenino,Chicago,Medio,2,24.46,No,Sí,Carnes,No,+1-341-266-4900x12991,Dato no cargado,Efectivo,3380,65-80
3562236196,Ricky,Delacruz,71,Masculino,Chicago,Alto,4,24.0,Sí,No,Carnes,Sí,Dato no cargado,Dato no cargado,App,5054,65-80
7550503261,Paula,Mills,75,Femenino,Chicago,Muy Alto,6,103.62,No,No,Vegano,Sí,+1-901-783-2565x17908,icampbell@example.com,Efectivo,16091,65-80
8227134108,Elizabeth,Arnold,36,Femenino,Chicago,Alto,5,57.39,No,Sí,Pescado,Sí,917.908.7993x4351,Dato no cargado,Tarjeta,6379,35-44
4662016740,Brian,Mcfarland,51,Masculino,Chicago,Alto,5,7.0,Sí,No,Mariscos,Sí,Dato no cargado,heidi16@example.org,Efectivo,7104,45-54
7993576122,Shelby,Hammond,62,Femenino,Chicago,Alto,5,7.55,Sí,Sí,Mariscos,Sí,Dato no cargado,joshua17@example.com,Efectivo,6043,55-64
3638670490,Lisa,Clark,51,Femenino,Chicago,Medio,3,10.81,Sí,Sí,Vegano,No,Dato no cargado,Dato no cargado,Efectivo,2439,45-54
3798873593,Sandra,Mooney,28,Femenino,Chicago,Bajo,0,0.0,No,Sí,Pescado,No,857.377.7738x6409,kfisher@example.com,App,1052,25-34
4847485935,Alyssa,Wolfe,25,Femenino,Chicago,Medio,3,27.64,No,No,Carnes,No,255.424.9975x2949,Dato no cargado,Efectivo,3046,25-34
8505081222,David,Horne,71,Masculino,Chicago,Bajo,0,0.0,Sí,Sí,Carnes,No,507.559.0799x655,christine17@example.org,Tarjeta,921,65-80
8822525355,Peter,James,68,Masculino,Chicago,Bajo,1,7.48,No,Sí,Carnes,No,Dato no cargado,Dato no cargado,App,1452,65-80
5005670148,Andrew,Padilla,60,Masculino,Chicago,Muy Alto,5,11.82,No,No,Pescado,No,538-887-7452x259,Dato no cargado,Tarjeta,17113,55-64
3478044003,Benjamin,Davis,47,Masculino,Chicago,Alto,4,24.39,No,Sí,Pescado,Sí,397.674.2629,Dato no cargado,Efectivo,7789,45-54
4112867135,Benjamin,Cox,23,Masculino,Chicago,Medio,5,9.29,No,Sí,Mariscos,No,+1-934-598-8963x67005,Dato no cargado,App,2784,18-24
6613888489,Jerry,Garcia,20,Masculino,Chicago,Muy Alto,9,89.26,No,No,Mariscos,Sí,+1-770-678-3596x57704,josephcox@example.org,App,13952,18-24
8089025836,Darlene,Owens,41,Femenino,Chicago,Medio,2,28.78,Sí,No,Carnes,No,001-742-294-0530,stephaniethompson@example.net,App,3120,35-44
2040298142,Diana,Powers,31,Femenino,Chicago,Alto,6,16.7,Sí,No,Vegano,Sí,Dato no cargado,johnsonbrandy@example.org,Tarjeta,8958,25-34
1438543129,James,Santiago,18,Masculino,Chicago,Medio,3,18.7,No,Sí,Pescado,No,Dato no cargado,donna99@example.org,Efectivo,1736,18-24
6913007233,Manuel,Haynes,28,Masculino,Chicago,Medio,4,12.78,No,No,Carnes,No,Dato no cargado,Dato no cargado,App,2837,25-34
2960488639,Richard,Caldwell,60,Masculino,Chicago,Muy Alto,8,96.39,No,Sí,Vegano,Sí,(705)833-7599x035,christian44@example.com,Tarjeta,9333,55-64
2543015709,John,Simmons,63,Masculino,Chicago,Medio,5,6.94,No,Sí,Pescado,No,Dato no cargado,Dato no cargado,Tarjeta,2804,55-64
2490549501,Kenneth,Jimenez,34,Masculino,Chicago,Medio,3,23.7,Sí,No,Vegetariano,Sí,(550)835-2041,stevengreen@example.net,Efectivo,3189,25-34
7285695527,Christopher,Cunningham,80,Masculino,Chicago,Alto,5,59.84,Sí,No,Otro,Sí,(663)569-4321,Dato no cargado,Tarjeta,6386,65-80
2126975893,Brittany,Richmond,31,Femenino,Chicago,Alto,5,45.37,No,No,Vegetariano,Sí,9336191482,Dato no cargado,Efectivo,6882,25-34
5808575323,Whitney,Bradley,58,Femenino,Chicago,Medio,4,20.29,No,Sí,Mariscos,No,Dato no cargado,Dato no cargado,Tarjeta,3289,55-64
5529870909,Jamie,Mack,35,Masculino,Chicago,Medio,5,26.03,No,No,Otro,No,Dato no cargado,Dato no cargado,Efectivo,2484,35-44
2536500998,Stacey,Ochoa,67,Femenino,Chicago,Alto,4,56.5,Sí,Sí,Vegano,Sí,Dato no cargado,Dato no cargado,Tarjeta,8844,65-80
2372969823,Eric,Washington,26,Masculino,Chicago,Medio,5,23.4,Sí,Sí,Vegetariano,Sí,(560)422-4962x37524,Dato no cargado,App,2174,25-34
9546021691,Taylor,Short,64,Femenino,Chicago,Bajo,0,0.0,No,Sí,Vegano,No,(834)490-9232,john80@example.com,Tarjeta,1353,55-64
8600431394,Jason,Phillips,60,Masculino,Chicago,Bajo,3,6.56,No,Sí,No informado,No,Dato no cargado,Dato no cargado,Efectivo,1193,55-64
3925995469,William,Gibson,34,Masculino,Chicago,Alto,5,53.55,Sí,Sí,Pescado,No,Dato no cargado,Dato no cargado,App,6567,25-34
2627677155,Dennis,Eaton,36,Masculino,Chicago,Medio,4,17.31,No,Sí,Vegano,No,Dato no cargado,salinasjose@example.com,Efectivo,3206,35-44
1937736487,Jeffery,Williams,18,Masculino,Chicago,Medio,4,16.67,No,Sí,Vegetariano,No,Dato no cargado,Dato no cargado,Efectivo,2187,18-24
3918101563,Brian,Robinson,28,Masculino,Chicago,Alto,4,26.58,No,Sí,Mariscos,Sí,(797)546-8736x699,nanderson@example.com,Tarjeta,4140,25-34
3959863754,John,Townsend,55,Masculino,Chicago,Medio,4,21.83,Sí,Sí,Vegetariano,No,Dato no cargado,Dato no cargado,App,1908,55-64
2638858985,Donald,Collins,61,Masculino,Chicago,Medio,2,16.03,Sí,Sí,Carnes,No,Dato no cargado,ashleystokes@example.org,App,1769,55-64
7810716109,Jon,White,67,Masculino,Chicago,Medio,3,16.39,Sí,Sí,Vegetariano,Sí,498.439.1781x370,Dato no cargado,App,2432,65-80
8490860098,Robert,Jones,58,Masculino,Chicago,Alto,5,56.7,No,No,No informado,Sí,Dato no cargado,woodmatthew@example.net,Efectivo,6793,55-64
4304924750,Brittany,Dixon,18,Femenino,Chicago,Medio,2,15.07,No,Sí,Otro,No,Dato no cargado,Dato no cargado,Tarjeta,3139,18-24
7226622354,Sean,Lopez,41,Masculino,Chicago,Bajo,2,8.34,No,No,Pescado,No,Dato no cargado,pricekim@example.org,Efectivo,1384,35-44
5777488574,John,White,50,Masculino,Chicago,Muy Alto,9,67.4,Sí,Sí,Mariscos,Sí,Dato no cargado,carolynolson@example.org,Efectivo,15484,45-54
8768773991,Bradley,Fletcher,35,Masculino,Chicago,Bajo,0,0.0,No,No,Vegetariano,No,Dato no cargado,tiffany54@example.net,Tarjeta,1226,35-44
8477042141,Robert,Sawyer,61,Masculino,Chicago,Muy Alto,8,77.37,Sí,Sí,Mariscos,Sí,Dato no cargado,Dato no cargado,Efectivo,16330,55-64
8108182561,Amanda,Anderson,45,Femenino,Chicago,Bajo,2,8.05,Sí,Sí,Carnes,No,8825227015,Dato no cargado,Efectivo,1262,45-54
8337300002,Whitney,Wilson,40,Femenino,Chicago,Alto,5,15.84,Sí,Sí,Vegetariano,Sí,983-437-1041x2461,thomasconnie@example.net,App,5310,35-44
5965308273,Joseph,Humphrey,35,Masculino,Chicago,Medio,3,17.11,Sí,No,Mariscos,No,Dato no cargado,Dato no cargado,App,1627,35-44
7501816569,Zachary,Ware,30,Masculino,Chicago,Bajo,2,9.66,Sí,Sí,Carnes,No,Dato no cargado,whitneycarter@example.org,Tarjeta,1256,25-34
8137083361,Linda,Greene,29,Femenino,Chicago,Alto,4,28.84,No,Sí,Pescado,Sí,402-910-7151,Dato no cargado,App,6936,25-34
9357958386,Lauren,Perez,32,Femenino,Chicago,Bajo,3,8.71,Sí,No,Vegano,No,(366)262-1575x96832,Dato no cargado,App,1038,25-34
4988068944,Raymond,Taylor,47,Masculino,Chicago,Alto,5,23.64,No,Sí,Carnes,Sí,Dato no cargado,Dato no cargado,Tarjeta,6754,45-54
9988146076,Brian,Cooper,40,Masculino,Chicago,Bajo,0,0.0,Sí,Sí,Vegetariano,No,Dato no cargado,Dato no cargado,Efectivo,820,35-44
7554921233,Diamond,Oneal,70,Femenino,Chicago,Muy Alto,5,80.88,No,No,Carnes,Sí,Dato no cargado,Dato no cargado,Efectivo,13623,65-80
6303233497,William,French,54,Masculino,Chicago,Medio,5,25.49,No,No,Mariscos,No,Dato no cargado,Dato no cargado,Efectivo,2856,45-54
7845813576,Lisa,Perez,68,Femenino,Chicago,Medio,3,17.34,Sí,Sí,Carnes,No,361.541.8399x16434,Dato no cargado,Tarjeta,2887,65-80
6756213770,Marisa,Kennedy,67,Femenino,Chicago,Bajo,0,0.0,No,No,Vegano,No,001-923-200-4842,victoriamurray@example.net,Tarjeta,1490,65-80
3802974096,Ashley,Hunter,60,Femenino,Chicago,Medio,4,15.68,No,Sí,Mariscos,No,Dato no cargado,mark11@example.org,Efectivo,2381,55-64
6352599207,Anne,Williams,69,Femenino,Chicago,Alto,5,7.92,Sí,No,Vegano,Sí,Dato no cargado,Dato no cargado,Criptomoneda,8430,65-80
5120584320,Tony,Shepherd,28,Masculino,Chicago,Medio,4,14.08,Sí,Sí,No informado,No,Dato no cargado,Dato no cargado,Criptomoneda,2184,25-34
6015011118,Ronald,Francis,18,Masculino,Chicago,Medio,3,15.78,Sí,Sí,Carnes,No,001-617-340-4027,Dato no cargado,Tarjeta,2985,18-24
2879196938,Linda,Juarez,61,Femenino,Chicago,Medio,5,28.39,No,Sí,Carnes,No,502.971.8607x239,Dato no cargado,App,2819,55-64
5320534569,Heather,Case,45,Femenino,Chicago,Muy Alto,10,28.71,Sí,Sí,No informado,Sí,Dato no cargado,Dato no cargado,Efectivo,16737,45-54
7897570670,Paul,Lopez,69,Masculino,Chicago,Medio,2,22.28,No,Sí,Carnes,No,2443441441,Dato no cargado,Efectivo,3187,65-80
7640122370,Alexandra,Reid,49,Femenino,Chicago,Bajo,2,6.08,Sí,No,Pescado,No,Dato no cargado,Dato no cargado,Efectivo,1190,45-54
4355785660,Mark,Kline,29,Masculino,Chicago,Medio,4,12.84,Sí,No,Mariscos,No,+1-601-608-7148x29333,garytucker@example.com,Efectivo,2147,25-34
6918771637,John,Lopez,43,Masculino,Chicago,Alto,4,58.81,No,Sí,Mariscos,Sí,001-920-735-0295x19362,Dato no cargado,Tarjeta,4936,35-44
5750814737,Ronald,Lee,18,Masculino,Chicago,Alto,6,35.84,Sí,No,Mariscos,Sí,(724)543-4112x075,thomasdesiree@example.net,App,8842,18-24
2496521991,Joshua,Cline,22,Masculino,Chicago,Muy Alto,7,93.67,Sí,Sí,Carnes,No,001-595-220-8837x135,pollardthomas@example.net,Efectivo,10274,18-24
2005296686,Cynthia,Stark,49,Femenino,Chicago,Bajo,3,9.44,Sí,No,Pescado,No,Dato no cargado,Dato no cargado,Tarjeta,1214,45-54
1652180311,Jose,Simpson,19,Masculino,Chicago,Muy Alto,10,35.46,Sí,Sí,Vegano,Sí,(911)770-5500,Dato no cargado,Efectivo,9051,18-24
6784307829,Patricia,Bartlett,80,Femenino,Chicago,Alto,4,26.67,Sí,Sí,Mariscos,No,Dato no cargado,Dato no cargado,Efectivo,8846,65-80
1230504525,Alexander,Perez,79,Masculino,Chicago,Bajo,3,8.13,Sí,No,Carnes,No,708-708-1498x141,sonyagordon@example.com,App,1215,65-80
4731102823,Randy,Hawkins,63,Masculino,Chicago,Medio,5,28.24,No,Sí,Pescado,No,Dato no cargado,Dato no cargado,Tarjeta,2737,55-64
3484505591,Catherine,Young,80,Femenino,Chicago,Alto,6,24.36,Sí,Sí,Otro,Sí,+1-470-643-9179x006,Dato no cargado,App,4278,65-80
1130060495,Michael,Odonnell,19,Masculino,Chicago,Alto,4,29.54,No,Sí,Carnes,Sí,315-289-2642,Dato no cargado,Tarjeta,7983,18-24
4967909438,Daniel,Kidd,54,Masculino,Chicago,Alto,5,17.66,Sí,Sí,Otro,Sí,755-872-5408x988,Dato no cargado,Tarjeta,6098,45-54
1625387656,Jonathan,Smith,70,Masculino,Chicago,Medio,2,15.85,No,Sí,Carnes,No,530-931-9456x035,Dato no cargado,Tarjeta,3214,65-80
4067853612,Faith,Charles,74,Femenino,Chicago,Alto,5,42.63,No,Sí,Pescado,Sí,305.559.8454x6544,Dato no cargado,Efectivo,7992,65-80
7854506045,Michael,Rosales,35,Masculino,Chicago,Alto,4,14.33,No,No,Carnes,Sí,Dato no cargado,ryan67@example.net,Efectivo,6781,35-44
9900834623,James,Taylor,39,Masculino,Chicago,Muy Alto,5,84.83,No,No,Vegetariano,Sí,Dato no cargado,michaelmcdaniel@example.com,Efectivo,14976,35-44
3809101628,Dale,Rodriguez,72,Masculino,Chicago,Alto,5,21.47,Sí,Sí,Mariscos,No,Dato no cargado,Dato no cargado,Tarjeta,7834,65-80
2374567624,George,Morris,60,Masculino,Chicago,Bajo,3,5.89,Sí,Sí,Carnes,No,Dato no cargado,larsonsteven@example.org,Tarjeta,1383,55-64
3084649514,Daniel,Henson,57,Masculino,Chicago,Medio,2,7.68,No,No,Mariscos,Sí,(502)382-5179x01807,Dato no cargado,Tarjeta,2511,55-64
1473165474,Jacqueline,Davis,69,Femenino,Chicago,Muy Alto,10,73.2,Sí,No,Vegetariano,Sí,Dato no cargado,Dato no cargado,Tarjeta,9605,65-80
3369496447,Matthew,Fox,79,Masculino,Chicago,Bajo,0,0.0,No,No,Carnes,No,Dato no cargado,ppayne@example.net,Tarjeta,813,65-80
7555489638,Natalie,Watson,50,Femenino,Chicago,Alto,6,49.81,Sí,No,Carnes,No,(410)940-9348x514,ubrennan@example.net,Efectivo,5144,45-54
6504968210,Gary,Thompson,31,Masculino,Chicago,Alto,5,48.51,Sí,Sí,Carnes,Sí,Dato no cargado,andersonryan@example.org,Efectivo,5568,25-34
3106166906,Joseph,Huerta,32,Masculino,Chicago,Medio,5,22.93,Sí,Sí,Mariscos,No,(619)449-7849x232,Dato no cargado,Tarjeta,1672,25-34
8502417867,Barbara,Ford,36,Femenino,Chicago,Medio,3,23.81,Sí,Sí,Mariscos,No,Dato no cargado,lauracross@example.com,Tarjeta,1672,35-44
2432221894,Mariah,Martinez,48,Femenino,Chicago,Medio,3,13.73,No,Sí,Mariscos,No,001-853-585-7436x8109,Dato no cargado,Tarjeta,2604,45-54
6698484994,Michael,Garcia,64,Masculino,Chicago,Alto,4,49.01,Sí,No,Vegetariano,No,+1-524-336-5141x1053,probinson@example.net,Tarjeta,7288,55-64
8862504698,Tammy,Black,71,Femenino,Chicago,Medio,5,28.58,No,Sí,Carnes,No,001-334-275-1906x98343,anthony74@example.net,Efectivo,3136,65-80
2497435811,Bonnie,Mckenzie,47,Femenino,Chicago,Muy Alto,5,72.59,No,No,Pescado,Sí,Dato no cargado,christopherlee@example.com,Tarjeta,17252,45-54
2182134112,Carolyn,Patel,55,Femenino,Chicago,Bajo,1,9.71,No,Sí,Vegetariano,No,(798)265-1687,cortezkimberly@example.org,Tarjeta,1408,55-64
7495114421,Olivia,Gonzalez,48,Femenino,Chicago,Medio,5,23.14,No,No,Pescado,No,734-250-1805,gonzalezbrian@example.com,Tarjeta,1842,45-54
3577385098,Amber,Hamilton,18,Femenino,Chicago,Bajo,0,0.0,Sí,Sí,Mariscos,No,Dato no cargado,acostaandrew@example.net,Efectivo,1333,18-24
9218525137,Ricky,Jordan,51,Masculino,Chicago,Alto,5,19.87,No,No,Carnes,Sí,Dato no cargado,Dato no cargado,Tarjeta,6999,45-54
2467549493,Lindsey,Kelly,69,Femenino,Chicago,Muy Alto,9,5.85,No,Sí,Pescado,Sí,Dato no cargado,davismark@example.com,Tarjeta,17446,65-80
2835762276,Stephanie,Gutierrez,80,Femenino,Chicago,Muy Alto,6,28.98,No,Sí,Pescado,Sí,Dato no cargado,isaiah07@example.com,Efectivo,16231,65-80
9430468809,Jeffrey,Fitzpatrick,64,Masculino,Chicago,Medio,5,18.22,No,Sí,No informado,No,203.608.3866x677,Dato no cargado,App,2822,55-64
9109638107,Charles,Smith,52,Masculino,Chicago,Alto,5,44.0,No,No,Otro,Sí,337.765.5575x7906,Dato no cargado,App,5773,45-54
9669835245,Debbie,Mckay,58,Femenino,Chicago,Medio,4,20.81,Sí,Sí,Pescado,No,Dato no cargado,Dato no cargado,Tarjeta,1745,55-64
6957280598,Erin,Thompson,68,Femenino,Chicago,Bajo,1,6.76,No,Sí,Carnes,No,Dato no cargado,Dato no cargado,Efectivo,926,65-80
8650577678,Devin,Hunt,50,Masculino,Chicago,Bajo,0,0.0,No,No,Otro,No,Dato no cargado,Dato no cargado,App,872,45-54
5940711655,Wanda,Brown,76,Femenino,Chicago,Alto,4,27.27,No,No,Carnes,Sí,Dato no cargado,Dato no cargado,Efectivo,4077,65-80
4764763617,Danielle,Thompson,24,Femenino,Chicago,Bajo,3,7.35,No,Sí,Carnes,No,(979)200-1100,vegakaitlyn@example.com,Tarjeta,1127,18-24
4492695244,Victor,Johnson,70,Masculino,Chicago,Muy Alto,10,11.83,No,Sí,Carnes,Sí,Dato no cargado,torreseric@example.org,Tarjeta,13684,65-80
8288721755,Casey,Anderson,78,Femenino,Chicago,Bajo,2,8.79,Sí,Sí,Vegetariano,No,(745)320-1961x5658,samuelreyes@example.org,App,1419,65-80
2266828055,Jonathan,Reed,18,Masculino,Chicago,Muy Alto,9,39.17,Sí,Sí,Carnes,Sí,8643052084,Dato no cargado,Efectivo,16579,18-24
1662210977,Andrew,Richardson,72,Masculino,Chicago,Bajo,2,5.3,Sí,Sí,Carnes,No,001-918-801-7062x8544,Dato no cargado,Efectivo,1448,65-80
7715313992,Robert,Miller,18,Masculino,Chicago,Bajo,2,5.52,No,Sí,Carnes,No,Dato no cargado,Dato no cargado,App,810,18-24
6170668914,Anthony,Lee,73,Masculino,Chicago,Medio,3,25.45,Sí,Sí,Vegetariano,No,Dato no cargado,Dato no cargado,Tarjeta,2159,65-80
1542965681,Sean,Nguyen,42,Masculino,Chicago,Muy Alto,7,71.12,Sí,Sí,Carnes,Sí,939-331-8528x78516,kylebradley@example.com,Efectivo,10017,35-44
7508223624,Carol,Smith,33,Femenino,Chicago,Muy Alto,9,58.07,No,No,Mariscos,Sí,Dato no cargado,vcraig@example.org,Efectivo,15088,25-34
7817406921,Hunter,Gilmore,58,Masculino,Chicago,Medio,5,19.34,Sí,Sí,Vegano,No,897-207-8983x634,prattroger@example.org,Tarjeta,3258,55-64
8201624910,Jerome,Jones,35,Masculino,Chicago,Alto,5,27.81,No,No,Carnes,Sí,Dato no cargado,Dato no cargado,Efectivo,6816,35-44
9205484268,Benjamin,Rogers,80,Masculino,Chicago,Medio,4,9.87,No,No,Vegetariano,No,Dato no cargado,juliemcneil@example.org,Efectivo,2689,65-80
8528638280,Jesus,Hernandez,48,Masculino,Chicago,Muy Alto,6,94.19,No,No,Otro,Sí,623.586.1315,Dato no cargado,App,16785,45-54
4854990179,Danielle,Bowman,45,Femenino,Chicago,Medio,4,9.77,Sí,Sí,Pescado,No,001-449-254-9595,salinaslori@example.org,Tarjeta,2243,45-54
4956696850,Christopher,Myers,35,Masculino,Chicago,Bajo,1,5.92,No,Sí,Carnes,No,Dato no cargado,Dato no cargado,Tarjeta,1216,35-44
6906686859,Jennifer,Hicks,75,Femenino,Chicago,Bajo,3,8.17,No,Sí,Pescado,No,Dato no cargado,Dato no cargado,Efectivo,1558,65-80
6570239455,Ryan,Moore,44,Masculino,Chicago,Alto,4,39.97,Sí,No,Otro,No,(455)552-8635,Dato no cargado,Tarjeta,8565,35-44
7275745423,Matthew,Bartlett,58,Masculino,Chicago,Alto,4,56.74,Sí,Sí,Vegetariano,Sí,Dato no cargado,Dato no cargado,Efectivo,4882,55-64
4203606856,Marcus,Snow,35,Masculino,Chicago,Medio,4,20.33,Sí,Sí,Carnes,No,Dato no cargado,Dato no cargado,Efectivo,1988,35-44
1629990079,Paula,Warren,21,Femenino,Chicago,Medio,4,19.58,Sí,Sí,No informado,Sí,Dato no cargado,Dato no cargado,Efectivo,1795,18-24
5639729419,Andrea,Martinez,30,Femenino,Chicago,Bajo,2,7.22,No,Sí,Pescado,No,Dato no cargado,Dato no cargado,Efectivo,1166,25-34
3932605274,Richard,Price,49,Masculino,Chicago,Medio,3,7.78,Sí,Sí,Carnes,No,(490)317-8696x09123,Dato no cargado,App,1629,45-54
1833736583,Jerry,Schmitt,39,Masculino,Chicago,Medio,4,7.37,Sí,No,Otro,No,(500)847-0548,brittany09@example.net,Efectivo,3202,35-44
4248149900,Wendy,Skinner,70,Femenino,Chicago,Muy Alto,9,44.65,No,Sí,Otro,Sí,719-552-5877x800,Dato no cargado,Efectivo,15888,65-80
8409800073,Anna,Smith,60,Femenino,Chicago,Alto,5,53.85,Sí,Sí,Vegetariano,No,+1-780-522-2140x5958,Dato no cargado,Tarjeta,8843,55-64
6245361301,Sharon,Stanley,62,Femenino,Chicago,Muy Alto,9,69.19,Sí,Sí,Otro,Sí,Dato no cargado,nwalker@example.com,Tarjeta,9184,55-64
8797858241,Brandon,Coleman,63,Masculino,Chicago,Bajo,3,7.42,No,Sí,Carnes,No,+1-828-522-7237,afrank@example.org,Tarjeta,1238,55-64
9368441828,Alicia,Thompson,47,Femenino,Chicago,Medio,5,27.4,Sí,Sí,Carnes,Sí,Dato no cargado,pennymontgomery@example.net,Efectivo,2143,45-54
8854694485,Shannon,Harrison,23,Femenino,Chicago,Bajo,1,7.42,No,Sí,Vegano,No,Dato no cargado,Dato no cargado,Efectivo,844,18-24
3632200990,Angela,Gray,64,Femenino,Chicago,Bajo,2,7.47,No,Sí,Vegetariano,No,Dato no cargado,rmurphy@example.com,Tarjeta,1267,55-64
3180143731,Daniel,Galvan,54,Masculino,Chicago,Alto,5,8.68,Sí,Sí,Vegetariano,Sí,285.235.1386x087,yhawkins@example.org,Efectivo,3627,45-54
8017536640,Jose,Garrett,69,Masculino,Chicago,Bajo,1,6.88,No,No,Vegetariano,No,353-472-3607x054,Dato no cargado,Efectivo,1055,65-80
5938892361,Marc,Allen,43,Masculino,Chicago,Medio,5,22.67,No,Sí,No informado,No,Dato no cargado,wilsoncarla@example.net,Tarjeta,2343,35-44
1578276003,Barbara,Flores,64,Femenino,Chicago,Muy Alto,7,47.24,No,Sí,Carnes,Sí,001-492-969-2667,matthewyoung@example.net,App,9642,55-64
8751240060,James,Vasquez,77,Masculino,Chicago,Alto,4,5.92,Sí,Sí,Carnes,Sí,781-219-3267x3526,kaitlyn59@example.com,Tarjeta,7034,65-80
1859624501,Angela,Cunningham,28,Femenino,Chicago,Medio,3,22.12,Sí,No,Vegetariano,No,Dato no cargado,Dato no cargado,Efectivo,3376,25-34
3321206093,Gregory,Smith,23,Masculino,Chicago,Bajo,0,0.0,Sí,Sí,Vegetariano,No,001-726-239-3562,Dato no cargado,Efectivo,1051,18-24
7417801208,Philip,Baker,70,Masculino,Chicago,Alto,5,21.41,Sí,Sí,Carnes,No,Dato no cargado,hgray@example.net,Tarjeta,7963,65-80
7220543303,Maria,Green,56,Femenino,Chicago,Medio,4,22.47,Sí,Sí,Carnes,No,Dato no cargado,woodardkenneth@example.org,Tarjeta,1728,55-64
6256172838,Danielle,Miller,74,Femenino,Chicago,Alto,6,20.8,No,Sí,Otro,No,Dato no cargado,natalie16@example.org,App,8224,65-80
1169126385,Christopher,Davis,74,Masculino,Chicago,Alto,6,19.43,Sí,Sí,Vegano,Sí,(374)700-2023x49448,sjohnson@example.net,App,7743,65-80
7992508294,Stephen,Mcpherson,63,Masculino,Chicago,Muy Alto,7,64.47,No,No,No informado,Sí,Dato no cargado,Dato no cargado,Tarjeta,14188,55-64
9573092728,Connie,Rose,58,Femenino,Chicago,Alto,5,10.84,Sí,Sí,Otro,No,628-216-1865x014,Dato no cargado,Tarjeta,6510,55-64
5909845099,Amy,Brown,72,Femenino,Chicago,Medio,3,24.33,No,No,Vegano,No,Dato no cargado,Dato no cargado,Tarjeta,2445,65-80
1608660728,Hannah,Navarro,43,Femenino,Chicago,Medio,3,6.51,No,No,Carnes,No,Dato no cargado,Dato no cargado,Efectivo,2188,35-44
4496307098,Sophia,Bonilla,46,Femenino,Chicago,Muy Alto,8,50.88,No,No,Pescado,Sí,Dato no cargado,corey62@example.com,Tarjeta,12621,45-54
5252346522,Alyssa,Zuniga,53,Femenino,Chicago,Bajo,2,7.95,Sí,Sí,Pescado,No,Dato no cargado,Dato no cargado,App,1283,45-54
3292900762,Michael,Williams,72,Masculino,Chicago,Alto,6,14.15,No,No,Vegano,No,Dato no cargado,katherineyoung@example.com,Efectivo,4510,65-80
7018498442,Peter,Davis,72,Masculino,Chicago,Alto,4,54.14,Sí,No,Mariscos,Sí,+1-405-275-5160,smithcathy@example.org,App,3651,65-80
7468023195,Yvonne,Benson,44,Femenino,Chicago,Medio,5,18.73,Sí,Sí,Carnes,No,Dato no cargado,tinaallen@example.org,App,1707,35-44
2607425063,Ryan,Mahoney,44,Masculino,Chicago,Medio,2,7.68,Sí,Sí,Carnes,No,+1-537-910-8123x9016,allengregory@example.net,Tarjeta,1921,35-44
2966554388,James,Raymond,41,Masculino,Chicago,Muy Alto,8,86.52,No,Sí,Otro,Sí,001-508-681-0603x313,martinjoseph@example.org,App,16745,35-44
5855605194,Kevin,Miller,69,Masculino,Chicago,Bajo,2,7.64,No,Sí,Otro,No,Dato no cargado,davisandrew@example.com,Efectivo,1413,65-80
9107661797,Alexander,Herrera,37,Masculino,Chicago,Bajo,2,6.73,Sí,Sí,Otro,No,Dato no cargado,amyjimenez@example.com,Efectivo,1565,35-44
4180066307,Christopher,Rodriguez,25,Masculino,Chicago,Muy Alto,8,104.22,No,Sí,Mariscos,Sí,3269122472,rodriguezterry@example.net,Tarjeta,16930,25-34
4720851289,Earl,Ellison,33,Masculino,Chicago,Muy Alto,9,92.81,Sí,Sí,Mariscos,Sí,Dato no cargado,Dato no cargado,App,16557,25-34
9643415727,Jamie,Berger,19,Masculino,Chicago,Bajo,2,8.08,Sí,Sí,Pescado,No,Dato no cargado,Dato no cargado,Tarjeta,1110,18-24
9516763729,Stephanie,Thompson,34,Femenino,Chicago,Medio,2,19.38,No,No,Vegetariano,No,Dato no cargado,Dato no cargado,App,2112,25-34
1549781341,Jenna,Miles,18,Femenino,Chicago,Muy Alto,8,6.15,No,Sí,Vegetariano,Sí,Dato no cargado,jordanedward@example.org,Tarjeta,17070,18-24
9759481762,Amy,Davis,48,Femenino,Chicago,Bajo,0,0.0,No,No,Carnes,No,+1-962-603-5039,Dato no cargado,Efectivo,1449,45-54
9697633406,Amber,Chambers,55,Femenino,Chicago,Bajo,0,0.0,No,No,Otro,No,(617)909-7542,Dato no cargado,Efectivo,1091,55-64
1786734434,Susan,Todd,68,Femenino,Chicago,Bajo,3,9.17,No,Sí,Vegetariano,No,+1-814-905-0877x3747,seanmason@example.com,Efectivo,1350,65-80
8585848599,Emily,Stewart,35,Femenino,Chicago,Bajo,0,0.0,Sí,Sí,Otro,No,7188661787,Dato no cargado,App,1425,35-44
3104853839,Michael,Taylor,67,Masculino,Chicago,Medio,4,28.24,No,Sí,Otro,Sí,(272)507-4250,westtina@example.org,Efectivo,2954,65-80
1857316576,Jesus,Ruiz,26,Masculino,Chicago,Muy Alto,8,21.01,No,Sí,Otro,Sí,+1-999-830-9522,Dato no cargado,Efectivo,16280,25-34
5986013420,Glen,Robbins,29,Masculino,Chicago,Alto,5,18.14,No,No,Carnes,Sí,Dato no cargado,baileymackenzie@example.com,Tarjeta,3659,25-34
8565406848,Dawn,Bell,79,Femenino,Chicago,Medio,3,13.64,Sí,No,Carnes,No,Dato no cargado,gsantos@example.net,Tarjeta,3480,65-80
4443376154,Cameron,Pierce,33,Masculino,Chicago,Alto,6,11.82,No,No,Carnes,Sí,4476271131,Dato no cargado,Efectivo,5751,25-34
6410634827,Madeline,Simmons,29,Femenino,Chicago,Medio,4,23.11,Sí,Sí,Pescado,No,583.748.7495x0563,Dato no cargado,Efectivo,1876,25-34
5114483788,Scott,Webster,71,Masculino,Chicago,Medio,2,21.1,No,No,Vegano,No,Dato no cargado,harmonwhitney@example.org,Efectivo,3004,65-80
9616880989,Erika,Sanders,36,Femenino,Chicago,Bajo,3,9.83,Sí,Sí,Vegetariano,No,Dato no cargado,Dato no cargado,App,999,35-44
1908277410,Brandon,Cervantes,60,Masculino,Chicago,Alto,6,49.3,Sí,Sí,Otro,Sí,Dato no cargado,allenmatthew@example.org,App,5384,55-64
5768489573,Tanya,Nichols,71,Femenino,Chicago,Medio,5,17.99,No,No,Carnes,No,Dato no cargado,Dato no cargado,Efectivo,2830,65-80
4713467995,Dale,Fleming,39,Masculino,Chicago,Bajo,2,5.13,No,Sí,Carnes,No,Dato no cargado,kjones@example.org,Efectivo,828,35-44
4328037907,Thomas,Drake,41,Masculino,Chicago,Medio,4,24.13,No,Sí,Carnes,No,410-538-1954,amyschmidt@example.com,Efectivo,3318,35-44
3416830709,Juan,Haynes,80,Masculino,Chicago,Alto,6,9.3,Sí,No,Carnes,No,Dato no cargado,ramirezdavid@example.com,Tarjeta,7161,65-80
3988775646,Michael,Brown,22,Masculino,Chicago,Muy Alto,8,48.18,Sí,Sí,Pescado,Sí,Dato no cargado,brownyvonne@example.org,App,11432,18-24
4068402648,Andrew,Braun,30,Masculino,Chicago,Muy Alto,10,41.97,No,Sí,Vegetariano,Sí,Dato no cargado,psmith@example.org,Efectivo,12730,25-34
9331815077,Kyle,Washington,27,Masculino,Chicago,Muy Alto,8,20.9,No,Sí,Carnes,Sí,Dato no cargado,Dato no cargado,App,16834,25-34
8560754503,Kevin,Graham,36,Masculino,Chicago,Medio,3,11.28,Sí,Sí,Carnes,No,001-937-685-6128x09593,Dato no cargado,Efectivo,2428,35-44
3415582507,Elizabeth,Ray,39,Femenino,Chicago,Alto,4,36.33,No,Sí,Carnes,No,Dato no cargado,carteramanda@example.org,Efectivo,7744,35-44
6913322591,Derrick,Brown,69,Masculino,Chicago,Alto,5,32.56,Sí,No,Otro,No,(243)269-6974,Dato no cargado,Tarjeta,8171,65-80
9156189060,Cody,Massey,18,Masculino,Chicago,Medio,4,11.59,No,Sí,Carnes,No,+1-397-916-7674,Dato no cargado,Efectivo,3054,18-24
1190763336,Erika,Thompson,79,Femenino,Chicago,Muy Alto,5,7.33,No,No,Carnes,Sí,Dato no cargado,amywilkins@example.net,App,9242,65-80
6933769301,David,Brown,29,Masculino,Chicago,Bajo,0,0.0,No,Sí,Vegano,No,5825088520,Dato no cargado,App,1184,25-34
3322580659,Jerome,Carter,19,Masculino,Chicago,Medio,3,19.16,No,Sí,Carnes,No,6322739592,nicolaschapman@example.com,Tarjeta,2425,18-24
8764282353,Angela,Johnson,33,Femenino,Chicago,Alto,6,9.18,Sí,Sí,Mariscos,Sí,499-688-0533x6019,Dato no cargado,Tarjeta,8698,25-34
8401597987,Madison,White,53,Femenino,Chicago,Alto,6,48.97,No,Sí,Vegetariano,Sí,Dato no cargado,Dato no cargado,Tarjeta,7989,45-54
8804053782,Ricardo,Collier,72,Masculino,Chicago,Bajo,2,9.51,Sí,No,Carnes,No,(397)762-1913x72669,tracey64@example.net,Efectivo,1096,65-80
4989509333,Aaron,Green,59,Masculino,Chicago,Bajo,2,9.35,Sí,No,Vegetariano,No,Dato no cargado,Dato no cargado,Efectivo,1146,55-64
2763419718,William,Farmer,27,Masculino,Chicago,Alto,4,53.84,No,Sí,Mariscos,No,Dato no cargado,tasha57@example.net,Efectivo,8230,25-34
2705667018,Aaron,Peterson,42,Masculino,Chicago,Alto,5,44.94,No,No,Otro,Sí,Dato no cargado,robertsoncourtney@example.com,Efectivo,7217,35-44
6165207446,Jennifer,Nelson,79,Femenino,Chicago,Alto,4,28.35,Sí,No,Otro,Sí,(864)520-6037x001,Dato no cargado,Efectivo,7010,65-80
5097705819,Jimmy,Shaw,78,Masculino,Chicago,Alto,6,8.47,No,No,Vegetariano,No,254-632-5017,Dato no cargado,App,5726,65-80
6058963940,Joseph,Bennett,42,Masculino,Chicago,Medio,4,18.76,No,Sí,Carnes,No,(346)940-0586x992,pamelarobinson@example.com,Tarjeta,1768,35-44
3830262384,Amanda,Pearson,56,Femenino,Chicago,Bajo,2,7.83,No,Sí,Carnes,No,Dato no cargado,Dato no cargado,Efectivo,989,55-64
7555747409,Jennifer,Bennett,59,Femenino,Chicago,Medio,3,23.45,Sí,Sí,Otro,No,413.464.3973x53209,Dato no cargado,Tarjeta,2074,55-64
3907622213,David,Barron,49,Masculino,Chicago,Bajo,0,0.0,Sí,Sí,Vegetariano,No,Dato no cargado,Dato no cargado,App,919,45-54
8825222689,Ronald,Kline,71,Masculino,Chicago,Muy Alto,8,71.86,No,Sí,Vegano,Sí,+1-695-416-4633x39385,allenmargaret@example.com,Tarjeta,15864,65-80
9273125114,Jody,Mcclure,66,Femenino,Chicago,Muy Alto,7,37.1,Sí,No,Pescado,Sí,Dato no cargado,Dato no cargado,Efectivo,14494,65-80
5245302960,Matthew,Simmons,76,Masculino,Chicago,Muy Alto,7,20.02,Sí,No,Vegano,Sí,2708425023,david54@example.com,Efectivo,16424,65-80
5216493005,Sara,Blake,33,Femenino,Chicago,Bajo,2,6.62,No,Sí,Vegetariano,No,+1-868-831-3050x1919,Dato no cargado,App,1306,25-34
3853422914,Christina,Myers,79,Femenino,Chicago,Muy Alto,9,93.51,Sí,No,Vegetariano,Sí,Dato no cargado,sharoncook@example.com,App,10464,65-80
3864307279,Michael,Carrillo,45,Masculino,Chicago,Muy Alto,8,15.54,Sí,No,Otro,Sí,Dato no cargado,Dato no cargado,Tarjeta,16249,45-54
2249665211,John,Gallagher,18,Masculino,Chicago,Alto,6,54.59,Sí,Sí,Mariscos,Sí,Dato no cargado,laurenjacobs@example.net,App,7330,18-24
3957398102,Kimberly,Walker,67,Femenino,Chicago,Muy Alto,5,77.63,No,Sí,Mariscos,Sí,Dato no cargado,Dato no cargado,Efectivo,12798,65-80
1640660765,Claire,Raymond,25,Femenino,Chicago,Alto,5,36.38,Sí,Sí,Vegano,Sí,(918)310-0740x3293,Dato no cargado,Efectivo,6770,25-34
4297584712,Austin,Waters,34,Masculino,Chicago,Alto,6,13.09,No,No,Vegetariano,No,Dato no cargado,Dato no cargado,Criptomoneda,7761,25-34
2748058782,Troy,Roberts,73,Masculino,Chicago,Bajo,0,0.0,Sí,No,Otro,No,Dato no cargado,Dato no cargado,App,839,65-80
8687594450,Andrea,Williams,45,Femenino,Chicago,Medio,3,15.03,No,Sí,Vegano,No,(247)867-1005x1198,Dato no cargado,Tarjeta,2549,45-54
8698339953,Dominique,Barton,25,Femenino,Chicago,Muy Alto,8,19.92,No,Sí,Otro,Sí,801-290-4612,josephryan@example.net,Efectivo,17706,25-34
5584657798,Randy,Mata,21,Masculino,Chicago,Medio,5,19.13,No,Sí,Mariscos,No,Dato no cargado,Dato no cargado,Efectivo,2861,18-24
7412673916,Amy,Lynn,70,Femenino,Chicago,Medio,4,18.04,Sí,No,Vegetariano,No,+1-911-267-2599,jaredmcdonald@example.com,Tarjeta,2265,65-80
2014128816,Larry,Howell,29,Masculino,Chicago,Medio,4,26.9,No,Sí,Otro,No,(782)827-3331x976,lammichael@example.org,Efectivo,2484,25-34
9455553667,Christopher,Rivera,65,Masculino,Chicago,Medio,3,5.98,No,No,Carnes,No,Dato no cargado,jacob69@example.net,Efectivo,2922,65-80
6773938304,Beth,Krueger,22,Femenino,Chicago,Medio,2,17.53,Sí,Sí,Mariscos,No,Dato no cargado,Dato no cargado,Efectivo,2554,18-24
1778744573,Robert,Lee,29,Masculino,Chicago,Alto,4,17.01,No,Sí,Vegano,Sí,(297)720-6219x675,michael08@example.org,App,7885,25-34
9815793150,Bob,Martin,25,Masculino,Chicago,Medio,3,20.3,Sí,Sí,Vegano,No,Dato no cargado,Dato no cargado,Efectivo,2265,25-34
4794327780,Karen,Williams,66,Femenino,Chicago,Alto,4,35.24,Sí,Sí,Vegetariano,Sí,Dato no cargado,Dato no cargado,Efectivo,5169,65-80
4982151132,Antonio,Swanson,54,Masculino,Chicago,Alto,6,56.38,No,Sí,Mariscos,Sí,Dato no cargado,gonzalezryan@example.net,Efectivo,6121,45-54
3309042717,Gregory,Diaz,38,Masculino,Chicago,Medio,2,6.74,No,Sí,Vegano,No,Dato no cargado,Dato no cargado,Tarjeta,2443,35-44
6731560214,Samuel,Wiley,34,Masculino,Chicago,Muy Alto,6,50.79,No,No,Otro,Sí,Dato no cargado,rosebrendan@example.org,Efectivo,9074,25-34
1190220066,Jenna,Johnson,21,Femenino,Chicago,Bajo,1,7.18,No,No,Vegano,No,001-478-346-1588,smithcraig@example.net,Tarjeta,1530,18-24
6340134175,Karen,King,26,Femenino,Chicago,Alto,5,17.09,Sí,Sí,Carnes,Sí,Dato no cargado,Dato no cargado,Tarjeta,3683,25-34
6424808975,Jeffrey,Williams,46,Masculino,Chicago,Muy Alto,5,57.92,No,Sí,Vegetariano,Sí,Dato no cargado,rodriguezchristopher@example.net,App,17843,45-54
3793024711,David,Brown,71,Masculino,Chicago,Bajo,1,6.04,No,No,Carnes,No,Dato no cargado,Dato no cargado,Tarjeta,896,65-80
2091807434,Amanda,Hardy,74,Femenino,Chicago,Bajo,3,5.95,No,No,Pescado,No,Dato no cargado,kristie20@example.com,Tarjeta,1188,65-80
7337225482,Marc,Holland,38,Masculino,Chicago,Bajo,3,6.45,Sí,Sí,Otro,No,370.407.7289x09326,Dato no cargado,Efectivo,1343,35-44
3551496716,Rebecca,Calhoun,58,Femenino,Chicago,Alto,5,12.75,No,Sí,Carnes,Sí,Dato no cargado,villanuevaemily@example.com,App,4626,55-64
3633988037,Pamela,Jimenez,51,Femenino,Chicago,Bajo,3,5.35,No,Sí,Carnes,No,675-748-4791x87750,Dato no cargado,Efectivo,1170,45-54
4431139894,Robert,Mayer,40,Masculino,Chicago,Muy Alto,6,91.68,Sí,Sí,No informado,Sí,Dato no cargado,williamfreeman@example.net,Efectivo,12464,35-44
3002904954,Blake,George,57,Masculino,Chicago,Alto,4,54.34,Sí,Sí,Vegetariano,Sí,+1-392-983-1021x73212,Dato no cargado,Efectivo,7744,55-64
9270323795,Gabrielle,Davis,79,Femenino,Chicago,Bajo,1,6.04,Sí,Sí,Mariscos,No,463.769.7700,Dato no cargado,Efectivo,1267,65-80
3465246851,Christopher,Scott,77,Masculino,Chicago,Alto,6,5.09,Sí,Sí,Pescado,Sí,001-695-710-1891,johnsonjennifer@example.com,Efectivo,6108,65-80
7666122085,Crystal,Ortega,27,Femenino,Chicago,Bajo,0,0.0,No,Sí,No informado,No,763-722-5273x75280,Dato no cargado,Tarjeta,1093,25-34
4570605732,Rebecca,Herrera,35,Femenino,Chicago,Alto,4,58.13,No,Sí,Vegetariano,No,001-614-707-7699x52232,jacob72@example.net,Efectivo,7377,35-44
8626114388,Cheryl,Petty,28,Femenino,Chicago,Medio,4,7.67,Sí,Sí,Carnes,No,Dato no cargado,Dato no cargado,Tarjeta,2627,25-34
1085507405,James,Murray,34,Masculino,Chicago,Medio,2,25.08,Sí,Sí,Vegetariano,No,562.254.0865x454,Dato no cargado,Tarjeta,3412,25-34
5593251639,Jennifer,Hahn,65,Femenino,Chicago,Alto,5,34.06,No,Sí,Mariscos,Sí,Dato no cargado,smurphy@example.net,Efectivo,6864,65-80
3427258822,James,Chang,22,Masculino,Chicago,Alto,4,37.63,Sí,Sí,Carnes,No,Dato no cargado,Dato no cargado,App,6062,18-24
9526061191,Stephen,Cole,49,Masculino,Chicago,Alto,4,14.43,No,No,Otro,No,Dato no cargado,Dato no cargado,Efectivo,7522,45-54
7446355231,Chad,Walls,56,Masculino,Chicago,Alto,4,22.34,No,Sí,Otro,Sí,Dato no cargado,skelly@example.com,Efectivo,7619,55-64
3759588762,Tanner,Sullivan,67,Masculino,Chicago,Alto,5,54.28,Sí,No,Carnes,No,925-847-9335x61127,Dato no cargado,App,6902,65-80
6390474759,Joseph,White,23,Masculino,Chicago,Alto,6,33.9,Sí,Sí,Vegetariano,Sí,(754)617-6435x008,Dato no cargado,Efectivo,6767,18-24
9436074012,Amy,Salinas,68,Femenino,Chicago,Medio,5,14.67,No,Sí,Mariscos,No,791.431.2497x88895,Dato no cargado,Tarjeta,3477,65-80
8861351706,Kelly,Adams,80,Femenino,Chicago,Bajo,3,6.39,Sí,Sí,Vegetariano,No,Dato no cargado,abigail38@example.com,Tarjeta,1287,65-80
8025126426,Kaitlyn,Woodward,59,Femenino,Chicago,Bajo,2,9.76,No,No,Carnes,No,Dato no cargado,Dato no cargado,App,1569,55-64
9671304166,Ashley,Sanchez,25,Femenino,Chicago,Muy Alto,9,71.53,Sí,Sí,Otro,Sí,001-853-709-3816,pricemarc@example.org,Efectivo,15198,25-34
7704591830,Rachael,Matthews,56,Femenino,Chicago,Medio,4,6.94,Sí,Sí,Otro,No,629-537-7540x77337,jfry@example.org,Efectivo,2067,55-64
7092268944,Vincent,Collier,74,Masculino,Chicago,Alto,6,30.75,No,Sí,Vegano,Sí,411-980-6353x8527,vickiejohnson@example.com,App,7308,65-80
1662530809,Brandon,Carson,46,Masculino,Chicago,Alto,5,45.7,Sí,No,Carnes,Sí,Dato no cargado,Dato no cargado,Tarjeta,6641,45-54
1151805831,Angelica,Wiggins,41,Femenino,Chicago,Muy Alto,6,32.17,No,No,Otro,Sí,Dato no cargado,debra85@example.net,Tarjeta,17951,35-44
8902207709,Judy,Fox,24,Femenino,Chicago,Alto,6,14.88,No,Sí,Mariscos,Sí,612-907-3064,rebecca59@example.net,Tarjeta,8271,18-24
4619620406,Donald,Cook,63,Masculino,Chicago,Muy Alto,10,78.23,Sí,No,Vegetariano,Sí,Dato no cargado,lekaitlin@example.net,App,15158,55-64
7231526825,Brian,Parrish,41,Masculino,Chicago,Bajo,0,0.0,No,No,Vegano,No,Dato no cargado,brittanygarcia@example.com,App,1137,35-44
5813434185,Darren,Smith,48,Masculino,Chicago,Muy Alto,5,7.17,Sí,Sí,Vegetariano,Sí,Dato no cargado,henrylisa@example.net,App,12280,45-54
9132262513,Michael,Smith,37,Masculino,Chicago,Muy Alto,8,55.51,No,No,Vegetariano,Sí,Dato no cargado,Dato no cargado,App,10646,35-44
5402242178,Maureen,Fitzgerald,66,Femenino,Chicago,Muy Alto,6,35.34,No,Sí,Vegetariano,No,Dato no cargado,bretttrujillo@example.com,App,12668,65-80
9885757271,Kimberly,Carter,72,Femenino,Chicago,Muy Alto,10,96.41,Sí,Sí,Vegano,Sí,795-583-0003x5883,matthewwalker@example.com,Efectivo,12120,65-80
2376463094,Randy,Levine,31,Masculino,Chicago,Bajo,3,7.87,Sí,No,Carnes,No,Dato no cargado,watsonpatricia@example.com,Tarjeta,1254,25-34
3647358248,Ryan,Gonzalez,39,Masculino,Chicago,Medio,3,18.67,No,No,Carnes,No,625-214-6192x45432,jenniferjackson@example.net,Tarjeta,3058,35-44
1276260166,Denise,Daniel,41,Femenino,Chicago,Bajo,3,7.96,Sí,Sí,Carnes,No,Dato no cargado,maureen55@example.com,Efectivo,1376,35-44
9717085580,Nicole,Barker,35,Femenino,Chicago,Medio,2,18.11,Sí,Sí,Vegetariano,No,434-969-1517,gregg85@example.com,Efectivo,2599,35-44
7366337616,Kevin,Durham,60,Masculino,Chicago,Bajo,3,8.77,Sí,Sí,Vegetariano,No,+1-474-503-3798x166,Dato no cargado,App,1254,55-64
9092533958,Vanessa,Tran,76,Femenino,Chicago,Alto,4,15.69,No,Sí,Carnes,Sí,Dato no cargado,barbara31@example.com,App,8678,65-80
4719242291,Christine,Reed,23,Femenino,Chicago,Alto,6,38.14,No,Sí,Mariscos,Sí,201.670.3417x7975,carpenterlinda@example.net,App,8501,18-24
1426465521,Christy,Clark,48,Femenino,Chicago,Muy Alto,10,76.14,No,Sí,Carnes,Sí,001-296-821-6076x46212,Dato no cargado,Tarjeta,9916,45-54
9505656654,Edward,Monroe,48,Masculino,Chicago,Muy Alto,5,51.05,No,No,Mariscos,Sí,001-989-652-1294x2399,gregory93@example.net,Tarjeta,17836,45-54
7965886270,Jose,Anderson,79,Masculino,Chicago,Muy Alto,7,70.9,Sí,No,Pescado,No,Dato no cargado,Dato no cargado,Efectivo,14922,65-80
5519711134,Jared,Scott,54,Masculino,Chicago,Medio,4,14.75,No,No,Vegano,No,001-377-846-9833x18343,annette22@example.net,Tarjeta,2496,45-54
8999384161,Marisa,Romero,41,Femenino,Chicago,Alto,5,55.29,Sí,Sí,Carnes,No,(482)580-0314,Dato no cargado,Tarjeta,4714,35-44
2969952716,Angela,Hall,18,Femenino,Chicago,Medio,4,29.9,Sí,Sí,Carnes,Sí,Dato no cargado,Dato no cargado,Efectivo,2193,18-24
7410048427,Kevin,Graham,67,Masculino,Chicago,Muy Alto,9,38.38,No,Sí,Otro,Sí,(525)653-3477x575,Dato no cargado,Tarjeta,14497,65-80
7290602977,Mathew,Richardson,69,Masculino,Chicago,Bajo,3,9.45,Sí,No,Mariscos,No,Dato no cargado,Dato no cargado,App,1219,65-80
2109020054,Caitlin,Ortiz,54,Femenino,Chicago,Medio,3,17.24,No,Sí,Carnes,No,Dato no cargado,Dato no cargado,Efectivo,3042,45-54
8547068234,Danielle,Brown,46,Femenino,Chicago,Medio,3,7.1,Sí,No,No informado,No,334-403-3253x37870,kelsey89@example.com,Efectivo,1783,45-54
9022967507,Brett,Spencer,23,Masculino,Chicago,Medio,5,12.96,No,Sí,Vegano,No,Dato no cargado,ejohnson@example.com,Efectivo,1827,18-24
8381865861,Andrea,Moyer,32,Femenino,Chicago,Bajo,0,0.0,No,No,Pescado,No,378.274.6842x5533,Dato no cargado,Tarjeta,1412,25-34
3762609435,Joseph,Campbell,32,Masculino,Chicago,Alto,6,5.08,No,No,Carnes,Sí,(793)936-3382,hawkinsmary@example.com,Efectivo,8567,25-34
5031793156,Joseph,Johnson,31,Masculino,Chicago,Muy Alto,7,88.64,No,Sí,Vegetariano,Sí,Dato no cargado,Dato no cargado,Tarjeta,16840,25-34
9822771825,Rebecca,Wallace,40,Femenino,Chicago,Medio,5,16.97,No,No,Vegetariano,No,Dato no cargado,Dato no cargado,App,2833,35-44
1261413688,Susan,Aguirre,38,Femenino,Chicago,Muy Alto,6,100.26,Sí,No,Vegetariano,Sí,889.550.6527,rtaylor@example.net,Efectivo,10719,35-44
9422110981,Elizabeth,Webster,40,Femenino,Chicago,Muy Alto,5,73.8,No,Sí,Carnes,Sí,Dato no cargado,Dato no cargado,App,13027,35-44
1192253086,Gina,Ramirez,66,Femenino,Chicago,Medio,5,17.44,No,Sí,Carnes,No,001-429-586-2039x9667,slara@example.com,App,2345,65-80
8102515984,Andrea,Sosa,60,Femenino,Chicago,Medio,4,18.14,No,Sí,Carnes,Sí,Dato no cargado,Dato no cargado,Tarjeta,1806,55-64
1360187252,Tracy,Riley,48,Femenino,Chicago,Bajo,2,7.38,No,Sí,Mariscos,No,Dato no cargado,danny46@example.org,Efectivo,1009,45-54
4272650222,Joshua,Reynolds,73,Masculino,Chicago,Medio,4,8.08,Sí,No,Vegetariano,Sí,Dato no cargado,tguzman@example.org,Tarjeta,2663,65-80
7166868574,David,Ramirez,61,Masculino,Chicago,Bajo,3,7.05,No,Sí,Carnes,No,869-945-5254x9283,john57@example.net,Efectivo,1491,55-64
5917622576,Patricia,Park,53,Femenino,Chicago,Medio,5,26.25,No,Sí,Vegetariano,Sí,Dato no cargado,Dato no cargado,Efectivo,3092,45-54
2412483267,Michelle,Watson,54,Femenino,Chicago,Muy Alto,7,12.91,Sí,Sí,Mariscos,Sí,(514)284-0792,Dato no cargado,App,12542,45-54
6782719632,Kathryn,Lam,36,Femenino,Chicago,Alto,4,26.27,No,No,Carnes,Sí,Dato no cargado,Dato no cargado,App,5648,35-44
3341235566,Monica,Scott,31,Femenino,Chicago,Alto,6,21.33,Sí,Sí,Otro,Sí,001-204-983-5110x041,Dato no cargado,Tarjeta,6218,25-34
1178466107,Troy,Mitchell,23,Masculino,Chicago,Medio,5,14.58,No,Sí,Vegano,No,Dato no cargado,Dato no cargado,Tarjeta,2653,18-24
1610899978,Jeremy,Gilbert,28,Masculino,Chicago,Alto,4,35.02,No,No,Carnes,Sí,Dato no cargado,floresaaron@example.net,Efectivo,4747,25-34
7815604345,Erin,Gray,67,Femenino,Chicago,Medio,5,21.37,No,No,Carnes,No,Dato no cargado,Dato no cargado,Tarjeta,2311,65-80
1318123463,Tracy,Willis,66,Femenino,Chicago,Bajo,0,0.0,Sí,Sí,Pescado,No,834.476.9793,krista84@example.org,Efectivo,1499,65-80
1521521078,Anna,Williams,30,Femenino,Chicago,Medio,4,7.67,No,Sí,Carnes,Sí,Dato no cargado,Dato no cargado,Efectivo,1723,25-34
6080288631,Heather,Simmons,46,Femenino,Chicago,Bajo,2,7.12,Sí,No,Carnes,No,Dato no cargado,steveroman@example.com,Tarjeta,1189,45-54
8710173569,Elizabeth,Young,30,Femenino,Chicago,Medio,3,16.32,Sí,Sí,Carnes,No,333-536-3695,Dato no cargado,App,2865,25-34
8847888035,Leslie,Martinez,53,Femenino,Chicago,Alto,5,59.84,Sí,No,Carnes,No,(952)923-0814x899,Dato no cargado,Tarjeta,8749,45-54
5286400604,Christopher,Perez,69,Masculino,Chicago,Medio,2,9.27,Sí,Sí,Vegano,Sí,629.798.1486,montoyastephen@example.com,Tarjeta,2677,65-80
8189916797,Stefanie,Thomas,48,Femenino,Chicago,Bajo,3,5.2,No,No,Mariscos,No,001-730-274-9671x4774,randerson@example.com,Efectivo,1561,45-54
3811717813,Ethan,Bradley,57,Masculino,Chicago,Muy Alto,5,87.29,Sí,Sí,Vegano,Sí,+1-792-651-4611x990,Dato no cargado,Efectivo,11142,55-64
2057617830,Elizabeth,Mathews,46,Femenino,Chicago,Muy Alto,8,49.78,No,No,Mariscos,Sí,Dato no cargado,Dato no cargado,Efectivo,11046,45-54
8253451457,Lisa,Le,70,Femenino,Chicago,Bajo,1,8.8,Sí,No,Carnes,Sí,Dato no cargado,Dato no cargado,Tarjeta,1455,65-80
7184823268,Candice,Newman,53,Femenino,Chicago,Alto,5,14.78,No,No,Mariscos,No,Dato no cargado,derrick82@example.net,Efectivo,4046,45-54
6605256729,Jeffrey,Steele,65,Masculino,Chicago,Medio,3,21.43,No,Sí,Carnes,No,001-981-439-3010,michelejohnson@example.com,Efectivo,1742,65-80
2227662866,Heidi,Griffin,40,Femenino,Chicago,Medio,4,25.61,No,No,Vegano,No,796-471-6668x476,charlesmosley@example.net,Efectivo,1682,35-44
4816118375,Tina,Clark,73,Femenino,Chicago,Bajo,0,0.0,No,Sí,Pescado,No,(711)587-6405,Dato no cargado,App,1160,65-80
3742489414,Jeffrey,Weber,39,Masculino,Chicago,Medio,2,23.93,No,Sí,Mariscos,No,Dato no cargado,Dato no cargado,Efectivo,2681,35-44
1597882268,Andrew,Thompson,43,Masculino,Chicago,Muy Alto,8,91.97,Sí,Sí,Vegetariano,Sí,Dato no cargado,Dato no cargado,Tarjeta,12694,35-44
5787791586,John,Jones,66,Masculino,Chicago,Muy Alto,5,18.8,Sí,Sí,Mariscos,Sí,Dato no cargado,samantha23@example.org,App,16807,65-80
5887450229,Michael,Martin,71,Masculino,Chicago,Bajo,1,6.8,Sí,Sí,Pescado,No,408.628.1646x665,Dato no cargado,App,905,65-80
4303253485,Dylan,Hodges,41,Masculino,Chicago,Medio,4,26.5,No,Sí,Otro,No,Dato no cargado,lindseywalker@example.com,Efectivo,3119,35-44
3096836292,Kathryn,Holmes,29,Femenino,Chicago,Medio,4,13.61,Sí,Sí,Carnes,No,716-447-3715x734,Dato no cargado,Efectivo,2405,25-34
8430369688,Jonathon,Ross,49,Masculino,Chicago,Medio,2,21.22,Sí,No,Mariscos,No,Dato no cargado,mbennett@example.com,Efectivo,2606,45-54
2271255209,Tristan,Randall,77,Masculino,Chicago,Muy Alto,10,74.55,Sí,No,Vegetariano,Sí,738-289-0627x0575,johnny17@example.org,Efectivo,16892,65-80
1644608746,Jared,Hernandez,57,Masculino,Chicago,Muy Alto,6,37.49,Sí,No,Mariscos,Sí,237-604-2115x832,Dato no cargado,App,15415,55-64
2307442635,John,Sanchez,74,Masculino,Chicago,Muy Alto,7,85.77,Sí,Sí,Pescado,Sí,001-663-905-8531x15637,Dato no cargado,Efectivo,10795,65-80
5792345210,Justin,Lyons,60,Masculino,Chicago,Bajo,2,8.64,No,Sí,Pescado,No,001-753-230-4428x88591,Dato no cargado,Efectivo,1280,55-64
8458717057,Barbara,Williams,71,Femenino,Chicago,Muy Alto,6,84.11,Sí,No,Vegano,Sí,Dato no cargado,Dato no cargado,Tarjeta,13471,65-80
8296810996,Brandi,Salazar,60,Femenino,Chicago,Alto,5,43.02,No,Sí,Vegano,No,001-922-882-8603x41218,Dato no cargado,Tarjeta,5936,55-64
3862189654,Dylan,Guerrero,29,Masculino,Chicago,Medio,4,20.4,Sí,Sí,Carnes,No,Dato no cargado,Dato no cargado,Efectivo,3364,25-34
2145119397,James,Gomez,78,Masculino,Chicago,Bajo,1,9.08,Sí,No,Vegetariano,No,Dato no cargado,shaun43@example.net,Efectivo,1233,65-80
1940956660,Dustin,Matthews,46,Masculino,Chicago,Medio,5,21.16,No,Sí,Mariscos,Sí,637.616.8908,shelleymorales@example.net,Tarjeta,1764,45-54
8820087287,Charles,Alvarado,55,Masculino,Chicago,Medio,4,6.84,Sí,Sí,Vegetariano,Sí,+1-919-278-7849x4587,mary77@example.net,App,1963,55-64
9259907294,Jacqueline,Mcfarland,47,Femenino,Chicago,Muy Alto,6,70.48,Sí,Sí,Otro,Sí,001-757-478-8025x535,Dato no cargado,Efectivo,14460,45-54
8184053697,Jason,Ryan,58,Masculino,Chicago,Alto,4,20.91,Sí,Sí,Carnes,Sí,Dato no cargado,Dato no cargado,Tarjeta,5450,55-64
4006240351,Darryl,Glenn,55,Masculino,Chicago,Medio,2,10.61,Sí,No,Carnes,Sí,Dato no cargado,Dato no cargado,App,3254,55-64
8388580360,Frank,Weber,69,Masculino,Chicago,Alto,6,39.76,No,Sí,Vegetariano,No,Dato no cargado,katherinedavidson@example.net,App,3879,65-80
5094088928,Caitlin,Carey,26,Femenino,Chicago,Alto,6,48.68,Sí,Sí,Pescado,Sí,Dato no cargado,pottertracie@example.org,Tarjeta,7238,25-34
2677082743,Martin,Hall,76,Masculino,Chicago,Medio,3,22.35,Sí,Sí,Vegano,No,(899)432-2341x754,Dato no cargado,App,3089,65-80
3774110439,Kevin,Thompson,38,Masculino,Chicago,Medio,3,16.76,No,No,Carnes,No,7512304332,Dato no cargado,Tarjeta,2078,35-44
6074996463,Jennifer,Wallace,35,Femenino,Chicago,Bajo,3,8.84,Sí,Sí,Carnes,No,(771)461-0889,cooperzachary@example.com,Efectivo,1425,35-44
3316326341,Veronica,Harrington,47,Femenino,Chicago,Medio,2,25.2,No,No,No informado,No,001-210-273-5932x9078,Dato no cargado,Tarjeta,2641,45-54
6230593697,Tammy,Cox,20,Femenino,Chicago,Muy Alto,7,72.05,No,Sí,Otro,Sí,416.518.5160x670,Dato no cargado,Tarjeta,13550,18-24
4622545857,Stacy,Novak,65,Femenino,Chicago,Muy Alto,5,12.71,No,Sí,Carnes,Sí,Dato no cargado,Dato no cargado,App,9081,65-80
7819176070,Dustin,Anderson,19,Masculino,Chicago,Muy Alto,9,46.07,No,Sí,Mariscos,Sí,001-346-881-4663,kellyanita@example.org,Efectivo,10296,18-24
2326914126,Craig,Jones,53,Masculino,Chicago,Muy Alto,9,86.69,Sí,No,Vegetariano,Sí,316-881-6882,Dato no cargado,App,17526,45-54
1842572532,Bryan,Taylor,23,Masculino,Chicago,Alto,6,15.44,No,Sí,Otro,Sí,Dato no cargado,Dato no cargado,Efectivo,3822,18-24
2121139613,Lisa,Nolan,65,Femenino,Chicago,Alto,6,35.96,Sí,No,Mariscos,Sí,Dato no cargado,Dato no cargado,Tarjeta,4549,65-80
7579971124,Samantha,Sanford,21,Femenino,Chicago,Bajo,0,0.0,Sí,Sí,Carnes,No,Dato no cargado,Dato no cargado,App,1094,18-24
5149075560,Timothy,Byrd,76,Masculino,Chicago,Medio,5,17.69,No,No,Mariscos,No,Dato no cargado,Dato no cargado,Tarjeta,2568,65-80
2436605335,Jodi,George,42,Femenino,Chicago,Alto,5,7.51,No,No,Carnes,No,Dato no cargado,Dato no cargado,Tarjeta,6054,35-44
9224577766,Victoria,Logan,19,Femenino,Chicago,Bajo,0,0.0,No,Sí,Otro,No,428.922.0141x62997,Dato no cargado,Efectivo,841,18-24
1867741277,Martha,Gonzales,54,Femenino,Chicago,Medio,4,7.24,No,No,Carnes,No,001-499-592-4387x1280,Dato no cargado,Efectivo,1982,45-54
4419729234,Raymond,Brown,20,Masculino,Chicago,Bajo,2,6.07,No,Sí,Mariscos,No,Dato no cargado,cjames@example.net,Tarjeta,1249,18-24
6580445587,Mallory,Bell,46,Femenino,Chicago,Muy Alto,7,74.58,Sí,No,Pescado,Sí,Dato no cargado,dan64@example.org,Tarjeta,12732,45-54
1742678111,Cynthia,Jones,48,Femenino,Chicago,Alto,6,38.21,Sí,No,Otro,No,Dato no cargado,kennedywilliam@example.org,App,5481,45-54
8181574001,Robert,Griffith,39,Masculino,Chicago,Medio,3,7.34,Sí,No,Vegetariano,No,853-868-7541,xtran@example.org,Tarjeta,2225,35-44
7473270708,Shannon,White,37,Femenino,Chicago,Muy Alto,9,40.21,Sí,Sí,Carnes,Sí,Dato no cargado,carlsoncody@example.net,Tarjeta,13953,35-44
3014723958,Stephanie,Hernandez,56,Femenino,Chicago,Bajo,3,6.8,No,Sí,Carnes,No,Dato no cargado,christina26@example.com,Efectivo,1267,55-64
4945172663,Thomas,Rice,63,Masculino,Chicago,Medio,2,11.82,No,No,Pescado,No,Dato no cargado,ssmith@example.com,Efectivo,3198,55-64
9057984307,Catherine,Freeman,44,Femenino,Chicago,Alto,6,20.39,No,Sí,Carnes,Sí,Dato no cargado,rstevenson@example.net,Efectivo,4111,35-44
1566056427,Christopher,Bowman,53,Masculino,Chicago,Bajo,2,9.13,Sí,Sí,Otro,No,(721)802-1786x2551,Dato no cargado,App,1548,45-54
5681431406,Sandra,Wilson,35,Femenino,Chicago,Alto,4,45.3,Sí,Sí,Carnes,No,827-914-2648,bfisher@example.net,Efectivo,4310,35-44
1816045580,Cameron,Clark,55,Masculino,Chicago,Muy Alto,10,61.02,Sí,No,Pescado,Sí,Dato no cargado,Dato no cargado,Tarjeta,11956,55-64
1793092370,Daniel,Gordon,42,Masculino,Chicago,Medio,2,20.01,Sí,No,Otro,No,(740)397-0877,casey95@example.net,App,1933,35-44
6684237496,David,Rangel,20,Masculino,Chicago,Bajo,3,9.42,No,No,Mariscos,No,+1-394-378-8121x1444,parsonsjoshua@example.org,Tarjeta,1216,18-24
3030638564,Richard,Miller,62,Masculino,Chicago,Muy Alto,9,35.39,No,Sí,Vegano,Sí,Dato no cargado,aprilmaldonado@example.org,Tarjeta,17462,55-64
4492228998,Justin,Cox,37,Masculino,Chicago,Medio,2,19.45,No,No,Mariscos,No,(338)473-9654x3389,stephanie79@example.org,Tarjeta,1785,35-44
7750449098,Travis,Frank,65,Masculino,Chicago,Medio,5,19.83,Sí,Sí,Vegetariano,No,(832)909-5805,brownsamantha@example.net,Tarjeta,1689,65-80
7345130956,Matthew,Peck,72,Masculino,Chicago,Medio,2,17.2,No,No,Carnes,No,Dato no cargado,Dato no cargado,App,2784,65-80
2746244541,Courtney,Jones,49,Femenino,Chicago,Bajo,0,0.0,No,No,Carnes,No,Dato no cargado,nicholasanderson@example.org,Efectivo,880,45-54
9312125622,Matthew,Moore,29,Masculino,Chicago,Bajo,2,6.32,Sí,Sí,Vegetariano,No,243-789-8525x6396,joshua45@example.net,Efectivo,1382,25-34
2188332531,Stephanie,King,44,Femenino,Chicago,Medio,3,24.59,Sí,Sí,Carnes,No,(792)680-7423x97033,Dato no cargado,Tarjeta,3081,35-44
7815551519,Steven,Taylor,26,Masculino,Chicago,Medio,2,29.98,Sí,Sí,Carnes,No,Dato no cargado,Dato no cargado,Tarjeta,3158,25-34
4875855229,Dakota,Johnson,57,Masculino,Chicago,Muy Alto,6,16.6,Sí,Sí,Pescado,Sí,Dato no cargado,Dato no cargado,Tarjeta,16275,55-64
6877893955,Jacqueline,Stevens,29,Femenino,Chicago,Bajo,2,9.25,Sí,Sí,Carnes,No,877.868.3507x754,Dato no cargado,Criptomoneda,891,25-34
9102990960,David,Dunlap,60,Masculino,Chicago,Alto,6,34.9,No,No,Vegano,Sí,001-267-206-5264x39143,Dato no cargado,App,5135,55-64
6940246930,Dustin,Williams,41,Masculino,Chicago,Bajo,0,0.0,No,No,Vegano,No,584-881-2843,oacosta@example.org,App,1235,35-44
8684460654,Michelle,Anthony,80,Femenino,Chicago,Medio,2,25.52,No,No,Vegetariano,No,(624)649-8495x659,Dato no cargado,App,2859,65-80
7366396017,John,Cook,50,Masculino,Chicago,Bajo,0,0.0,No,Sí,Mariscos,No,Dato no cargado,Dato no cargado,App,1088,45-54
1741498005,Scott,Holmes,43,Masculino,Chicago,Alto,6,50.74,Sí,Sí,Carnes,No,(573)600-4668x30972,Dato no cargado,Efectivo,7906,35-44
4268713302,John,Reyes,22,Masculino,Chicago,Muy Alto,8,46.81,No,Sí,Carnes,Sí,Dato no cargado,nicole18@example.org,Tarjeta,10211,18-24
2936702153,Joshua,Riley,55,Masculino,Chicago,Bajo,1,9.1,No,Sí,Vegano,No,Dato no cargado,Dato no cargado,Tarjeta,1258,55-64
1170004678,Donna,Stark,71,Femenino,Chicago,Muy Alto,8,96.67,No,Sí,Carnes,Sí,Dato no cargado,Dato no cargado,Efectivo,16850,65-80
3909884323,Erika,Martinez,54,Femenino,Chicago,Bajo,0,0.0,No,No,Carnes,No,Dato no cargado,michaelcox@example.com,Tarjeta,1476,45-54
6575353619,Melissa,Cooley,55,Femenino,Chicago,Muy Alto,8,33.64,Sí,Sí,Vegetariano,Sí,+1-252-810-6318x61533,christinakeller@example.com,Tarjeta,16965,55-64
5384395326,Amanda,Kelly,65,Femenino,Chicago,Bajo,2,5.77,Sí,No,Otro,No,Dato no cargado,Dato no cargado,Tarjeta,1361,65-80
3467689742,Alexandra,Lester,35,Femenino,Chicago,Bajo,2,9.48,Sí,Sí,Carnes,No,Dato no cargado,Dato no cargado,Tarjeta,1351,35-44
3562814290,Dillon,Wright,27,Masculino,Chicago,Alto,5,28.84,No,Sí,Vegano,No,304-537-9950,patrick22@example.net,Tarjeta,8660,25-34
9113438941,Megan,Hunter,69,Femenino,Chicago,Alto,5,34.89,Sí,No,Vegetariano,Sí,Dato no cargado,Dato no cargado,Tarjeta,7497,65-80
7929934027,Kimberly,Carter,45,Femenino,Chicago,Muy Alto,5,94.05,No,No,Carnes,Sí,Dato no cargado,brandonhoward@example.com,Efectivo,11752,45-54
3681421120,David,Randolph,31,Masculino,Chicago,Bajo,2,9.26,No,Sí,Vegano,No,(528)606-1683x141,sknapp@example.org,Efectivo,1135,25-34
7791186780,Kyle,Peterson,30,Masculino,Chicago,Medio,5,15.76,Sí,Sí,Pescado,No,Dato no cargado,smithashley@example.com,Tarjeta,2899,25-34
3365062104,Jeremy,Taylor,31,Masculino,Chicago,Medio,4,28.81,Sí,No,Mariscos,No,Dato no cargado,whester@example.org,Tarjeta,2737,25-34
7408205117,Mackenzie,Garcia,33,Femenino,Chicago,Alto,6,57.23,No,Sí,Otro,No,(846)706-4441x9248,courtneypowers@example.net,Efectivo,4620,25-34
4104553529,Jade,Mcclure,71,Femenino,Chicago,Bajo,2,7.39,Sí,Sí,Otro,No,Dato no cargado,bsweeney@example.com,Efectivo,1148,65-80
3060076582,Julie,Anderson,70,Femenino,Chicago,Alto,5,38.05,No,Sí,Vegano,No,Dato no cargado,Dato no cargado,App,4812,65-80
8188838518,Douglas,Ho,58,Masculino,Chicago,Medio,4,22.45,Sí,Sí,Vegetariano,No,Dato no cargado,Dato no cargado,Criptomoneda,2827,55-64
4035639663,Jillian,English,55,Femenino,Chicago,Medio,5,11.89,Sí,No,Carnes,No,Dato no cargado,ucase@example.org,Efectivo,3462,55-64
3297221425,Wanda,Sanchez,51,Femenino,Chicago,Medio,3,14.99,Sí,Sí,Pescado,No,Dato no cargado,danielburton@example.net,Efectivo,2973,45-54
7315974248,Matthew,Young,68,Masculino,Chicago,Alto,4,18.18,Sí,No,No informado,Sí,+1-698-623-6069x36383,robertcollins@example.net,Tarjeta,4715,65-80
9805451776,Tracy,Matthews,18,Femenino,Chicago,Muy Alto,10,79.72,Sí,Sí,Mariscos,Sí,Dato no cargado,Dato no cargado,Tarjeta,17750,18-24
9245756514,Ronald,Gilbert,68,Masculino,Chicago,Bajo,3,6.86,Sí,Sí,Vegetariano,No,Dato no cargado,rebecca63@example.net,App,985,65-80
9215678197,Lisa,Mcpherson,70,Femenino,Chicago,Medio,3,10.64,Sí,Sí,Vegano,No,+1-987-658-5380x0421,oleblanc@example.com,App,1939,65-80
8658596381,Samantha,Anderson,49,Femenino,Chicago,Alto,5,11.28,Sí,Sí,Pescado,No,+1-280-894-2927,lauren57@example.net,App,4310,45-54
8352913188,Christopher,Castillo,51,Masculino,Chicago,Medio,3,29.45,No,Sí,Pescado,No,Dato no cargado,Dato no cargado,App,3412,45-54
3769413993,Paige,Martin,58,Femenino,Chicago,Alto,6,13.58,Sí,Sí,Otro,Sí,Dato no cargado,kristen50@example.org,Tarjeta,7883,55-64
2144197944,Heidi,King,72,Femenino,Chicago,Muy Alto,9,25.65,No,No,Mariscos,Sí,001-769-893-3037x445,ichen@example.org,Efectivo,9441,65-80
1108592659,Julia,Hill,51,Femenino,Chicago,Bajo,3,7.28,Sí,No,Vegano,No,+1-428-928-0550x037,Dato no cargado,Efectivo,938,45-54
7038056729,Dennis,Padilla,42,Masculino,Chicago,Alto,6,10.12,No,Sí,Carnes,Sí,Dato no cargado,Dato no cargado,Tarjeta,8276,35-44
2313906126,James,Page,45,Masculino,Chicago,Muy Alto,7,40.71,No,No,Vegetariano,Sí,Dato no cargado,Dato no cargado,App,9700,45-54
4765583254,Aaron,Long,36,Masculino,Chicago,Muy Alto,7,74.46,Sí,No,No informado,Sí,2078567866,Dato no cargado,App,16664,35-44
9560990739,Donald,Alvarez,61,Masculino,Chicago,Alto,5,20.9,Sí,Sí,Pescado,Sí,(392)864-0704,Dato no cargado,Efectivo,6603,55-64
7259805159,Shannon,Sullivan,78,Femenino,Chicago,Medio,3,18.41,No,No,Vegetariano,No,Dato no cargado,Dato no cargado,Tarjeta,3407,65-80
5064162365,Michael,Bowman,27,Masculino,Chicago,Alto,6,8.59,Sí,No,Pescado,Sí,Dato no cargado,scottmelissa@example.com,App,7460,25-34
6932017991,Wendy,David,69,Femenino,Chicago,Medio,3,5.25,No,Sí,Vegetariano,No,Dato no cargado,ubarrett@example.org,Efectivo,1648,65-80
8183216649,Mary,Simon,48,Femenino,Chicago,Medio,3,5.55,Sí,No,Mariscos,No,+1-809-288-3686,Dato no cargado,Efectivo,2935,45-54
9989406946,Yvonne,Duran,28,Femenino,Chicago,Bajo,2,9.65,No,Sí,Otro,No,Dato no cargado,Dato no cargado,App,826,25-34
7016293621,Kimberly,Cochran,30,Femenino,Chicago,Bajo,2,8.52,No,Sí,Otro,No,Dato no cargado,clarkdiane@example.com,Tarjeta,1526,25-34
3301389619,Kevin,Yang,66,Masculino,Chicago,Muy Alto,8,30.68,Sí,Sí,Vegetariano,Sí,Dato no cargado,joshua90@example.org,Efectivo,16202,65-80
6985569796,Nicholas,Larson,73,Masculino,Chicago,Bajo,1,9.48,No,Sí,Mariscos,No,544.691.6031x30093,Dato no cargado,Tarjeta,1535,65-80
9144903196,Johnny,Mcdonald,71,Masculino,Chicago,Bajo,3,8.94,No,No,Pescado,No,Dato no cargado,Dato no cargado,App,1474,65-80
6551405716,Eric,Foster,23,Masculino,Chicago,Medio,4,17.66,No,No,Carnes,No,(754)733-3130x6103,Dato no cargado,Efectivo,2910,18-24
3611336587,Roger,Rogers,57,Masculino,Chicago,Muy Alto,9,34.99,No,Sí,Otro,No,8926691825,gina66@example.org,Tarjeta,14878,55-64
1246716110,Christine,Meyer,28,Femenino,Chicago,Medio,3,24.79,No,Sí,Carnes,No,617-425-8842x474,flemingwilliam@example.com,Efectivo,2500,25-34
2813424011,John,Merritt,42,Masculino,Chicago,Medio,5,26.98,No,Sí,Otro,No,632.759.2540,michaelgutierrez@example.org,App,3320,35-44
6739009474,Valerie,Henderson,20,Femenino,Chicago,Bajo,3,6.2,Sí,Sí,Carnes,No,001-208-602-3303x190,Dato no cargado,App,1413,18-24
8381403065,Alexis,Joyce,28,Femenino,Chicago,Alto,5,16.04,Sí,Sí,Mariscos,No,001-665-219-8866x6895,jennifer26@example.net,Tarjeta,7624,25-34
4363847086,Virginia,Barber,64,Femenino,Chicago,Bajo,2,8.9,No,No,Mariscos,No,+1-961-797-4659x82544,vcasey@example.org,Tarjeta,830,55-64
1465578258,Jason,Holt,34,Masculino,Chicago,Alto,6,41.79,No,Sí,Vegetariano,Sí,Dato no cargado,Dato no cargado,Efectivo,7906,25-34
6284745480,Cathy,Schmidt,74,Femenino,Chicago,Muy Alto,10,9.7,No,No,Pescado,Sí,Dato no cargado,fholmes@example.com,Tarjeta,9914,65-80
8480475386,Marisa,Mcguire,53,Femenino,Chicago,Bajo,2,6.04,Sí,Sí,Vegetariano,No,Dato no cargado,greerjeffrey@example.net,Efectivo,1026,45-54
1013417859,Paul,Perry,34,Masculino,Chicago,Alto,5,43.59,No,No,Mariscos,Sí,Dato no cargado,mckinneyjulie@example.net,App,3872,25-34
5749515773,Karen,Griffith,69,Femenino,Chicago,Medio,3,28.52,Sí,Sí,Vegano,No,Dato no cargado,stevencolon@example.org,Efectivo,1922,65-80
1156391160,James,Leblanc,49,Masculino,Chicago,Medio,3,26.7,Sí,No,Vegetariano,No,Dato no cargado,thomas27@example.org,Tarjeta,2397,45-54
6251628992,Miranda,Hayes,32,Femenino,Chicago,Bajo,3,6.71,Sí,Sí,Pescado,Sí,Dato no cargado,sharrell@example.net,Efectivo,1076,25-34
9094089209,Sarah,Rivera,30,Femenino,Chicago,Bajo,2,5.65,Sí,Sí,Pescado,No,Dato no cargado,sandersjudith@example.org,Tarjeta,1223,25-34
8500485631,Whitney,Potter,18,Femenino,Chicago,Alto,6,40.21,No,Sí,Vegetariano,Sí,Dato no cargado,Dato no cargado,Efectivo,4221,18-24
6854191999,Michelle,Brown,70,Femenino,Chicago,Medio,4,6.46,No,Sí,Vegetariano,No,Dato no cargado,Dato no cargado,Tarjeta,2185,65-80
6369130994,Jason,Castro,41,Masculino,Chicago,Alto,5,51.18,No,Sí,Mariscos,Sí,Dato no cargado,shane18@example.com,Efectivo,8949,35-44
1969934690,Mark,Powell,58,Masculino,Chicago,Bajo,2,6.77,Sí,No,Mariscos,No,941.889.2602,Dato no cargado,App,1568,55-64
2610694200,Ronald,Townsend,59,Masculino,Chicago,Alto,5,36.98,No,Sí,Carnes,Sí,811-267-8378x975,Dato no cargado,Tarjeta,5627,55-64
2011318028,Kimberly,Ford,50,Femenino,Chicago,Bajo,2,5.25,No,Sí,No informado,No,Dato no cargado,janetgood@example.net,App,863,45-54
2124420145,Rachel,Hall,42,Femenino,Chicago,Alto,5,53.84,No,No,Vegetariano,Sí,Dato no cargado,danielleschneider@example.com,Efectivo,4168,35-44
2287243206,Kyle,Bush,78,Masculino,Chicago,Medio,3,16.46,Sí,Sí,Carnes,No,001-327-952-0300x8723,bgreen@example.com,App,2178,65-80
9128707462,Michael,Lewis,28,Masculino,Chicago,Alto,6,30.92,Sí,Sí,Carnes,Sí,Dato no cargado,pamela88@example.net,App,4873,25-34
3618855603,Fernando,Smith,45,Masculino,Chicago,Medio,4,20.23,Sí,Sí,Vegano,No,+1-697-443-7580x24628,robert17@example.org,Efectivo,3129,45-54
1536963767,Renee,Logan,72,Femenino,Chicago,Muy Alto,7,48.0,No,Sí,Vegetariano,Sí,+1-848-832-4132,ebuchanan@example.com,Tarjeta,11446,65-80
7366961179,Colleen,Maddox,47,Femenino,Chicago,Alto,4,51.6,Sí,Sí,Vegetariano,Sí,4326206855,Dato no cargado,App,7860,45-54
1470694264,Brittany,Anderson,45,Femenino,Chicago,Muy Alto,5,80.33,Sí,Sí,Vegano,Sí,001-793-558-6708x2348,Dato no cargado,Tarjeta,16578,45-54
6746860557,Susan,Roth,53,Femenino,Chicago,Muy Alto,9,40.55,No,No,Carnes,Sí,Dato no cargado,Dato no cargado,Efectivo,11849,45-54
7103314197,Linda,Perez,52,Femenino,Chicago,Bajo,0,0.0,Sí,Sí,Vegetariano,No,Dato no cargado,Dato no cargado,Tarjeta,1065,45-54
8892108904,Mariah,Price,25,Femenino,Chicago,Bajo,1,7.69,Sí,Sí,Carnes,No,Dato no cargado,leslie07@example.net,Tarjeta,995,25-34
2072981699,Paul,Price,41,Masculino,Chicago,Bajo,2,6.53,No,Sí,Mariscos,No,Dato no cargado,Dato no cargado,Efectivo,952,35-44
9938055806,Michael,Murphy,79,Masculino,Chicago,Muy Alto,7,18.76,Sí,No,Otro,Sí,5194933742,Dato no cargado,Tarjeta,15707,65-80
5520985207,Michael,Evans,44,Masculino,Chicago,Muy Alto,5,19.19,Sí,Sí,Carnes,Sí,Dato no cargado,Dato no cargado,Tarjeta,14981,35-44
3266941706,Brandi,Riley,38,Femenino,Chicago,Alto,4,44.76,Sí,No,Otro,Sí,Dato no cargado,lisa28@example.org,App,5699,35-44
3517195150,Kyle,Combs,59,Masculino,Chicago,Bajo,2,8.18,Sí,Sí,Pescado,No,411-497-5408,Dato no cargado,App,999,55-64
9913444771,Marcus,Carr,62,Masculino,Chicago,Medio,5,10.64,Sí,Sí,Carnes,No,Dato no cargado,Dato no cargado,Efectivo,2730,55-64
1118433510,Katie,Wilson,37,Femenino,Chicago,Medio,2,20.37,Sí,Sí,Carnes,No,Dato no cargado,nhenson@example.org,App,1610,35-44
1985197631,Amy,Kirby,54,Femenino,Chicago,Bajo,2,5.87,No,No,Carnes,No,210-596-9214x22221,Dato no cargado,Tarjeta,1219,45-54
2117979954,Bryan,Brown,60,Masculino,Chicago,Bajo,2,6.61,Sí,Sí,Vegetariano,No,610-991-5710x16011,heidi90@example.org,Tarjeta,888,55-64
1817906089,David,Lawrence,73,Masculino,Chicago,Medio,2,14.72,No,Sí,Vegano,No,Dato no cargado,Dato no cargado,App,3461,65-80
7189929378,Colleen,Taylor,24,Femenino,Chicago,Bajo,3,9.78,Sí,Sí,Carnes,No,Dato no cargado,Dato no cargado,Tarjeta,997,18-24
6368239069,Mary,Jensen,48,Femenino,Chicago,Alto,6,9.44,Sí,Sí,Carnes,Sí,Dato no cargado,chogan@example.net,Efectivo,6539,45-54
8763735407,Danielle,Bryant,80,Femenino,Chicago,Medio,2,27.39,No,No,Carnes,No,001-938-963-4290x010,mccallthomas@example.net,Efectivo,1997,65-80
6191270918,Melissa,Pearson,52,Femenino,Chicago,Alto,6,33.44,No,Sí,Carnes,Sí,Dato no cargado,Dato no cargado,App,3531,45-54
9534149013,Elizabeth,Webster,20,Femenino,Chicago,Muy Alto,9,93.81,Sí,Sí,Vegano,Sí,496-796-2671,Dato no cargado,Efectivo,10238,18-24
3351236804,Tiffany,Santos,43,Femenino,Chicago,Medio,5,10.06,No,Sí,Carnes,No,+1-758-350-6485,joshua38@example.org,Tarjeta,2831,35-44
7845366946,Brooke,Sheppard,33,Femenino,Chicago,Bajo,2,6.54,No,Sí,Carnes,No,(955)925-5063x9903,Dato no cargado,Efectivo,1382,25-34
8292912555,Amanda,Summers,28,Femenino,Chicago,Muy Alto,6,15.82,Sí,Sí,Otro,Sí,7264392133,Dato no cargado,App,14273,25-34
8870317583,Ashley,Bell,23,Femenino,Chicago,Medio,4,8.61,Sí,Sí,Pescado,No,Dato no cargado,Dato no cargado,Efectivo,1701,18-24
5976642492,Elizabeth,Dunn,47,Femenino,Chicago,Medio,2,18.91,No,Sí,Vegano,No,Dato no cargado,lrose@example.com,Tarjeta,2930,45-54
1368287033,Michael,Schroeder,18,Masculino,Chicago,Alto,5,58.31,No,Sí,Pescado,No,Dato no cargado,Dato no cargado,Efectivo,8374,18-24
7850841338,Anita,Lopez,48,Femenino,Chicago,Bajo,2,7.91,Sí,No,Vegetariano,No,Dato no cargado,garzacindy@example.org,Tarjeta,803,45-54
7173665159,Cindy,Brown,49,Femenino,Chicago,Alto,6,40.46,Sí,No,Carnes,Sí,Dato no cargado,ophillips@example.com,Tarjeta,4237,45-54
3156968684,Melissa,Flowers,19,Femenino,Chicago,Medio,5,26.19,Sí,Sí,Pescado,No,Dato no cargado,harrisroberto@example.com,App,3278,18-24
3457732693,James,Stephens,74,Masculino,Chicago,Medio,3,8.29,Sí,Sí,Carnes,No,Dato no cargado,gcobb@example.org,Tarjeta,2867,65-80
2221876389,Sara,Sandoval,45,Femenino,Chicago,Medio,4,5.51,No,No,Otro,No,Dato no cargado,helenvelasquez@example.org,App,2538,45-54
6019825060,Ryan,Howell,40,Masculino,Chicago,Medio,3,11.2,No,Sí,Vegano,No,(490)859-8530x3285,Dato no cargado,Tarjeta,2019,35-44
8742542384,Suzanne,Jacobs,46,Femenino,Chicago,Bajo,2,9.5,No,No,Pescado,No,Dato no cargado,brittany57@example.net,Tarjeta,1519,45-54
9441699194,Shelia,Jackson,33,Femenino,Chicago,Alto,6,15.87,Sí,Sí,No informado,No,264.282.7499x127,Dato no cargado,App,7075,25-34
3878719791,Anne,Martinez,30,Femenino,Chicago,Bajo,3,9.61,Sí,Sí,No informado,No,Dato no cargado,Dato no cargado,Efectivo,1134,25-34
1955630767,Kaylee,Avila,72,Femenino,Chicago,Medio,3,14.53,No,No,Mariscos,No,595-920-6397,joshua49@example.net,Efectivo,3022,65-80
4712367625,Don,Dixon,60,Masculino,Chicago,Alto,6,24.16,No,No,Mariscos,No,+1-353-508-3301,Dato no cargado,Efectivo,5159,55-64
2281380475,Jasmine,Smith,70,Femenino,Chicago,Medio,2,21.1,Sí,No,Carnes,No,981-602-7474,Dato no cargado,Efectivo,3085,65-80
2421289722,Johnny,Rodgers,49,Masculino,Chicago,Muy Alto,7,51.76,No,Sí,Carnes,Sí,Dato no cargado,Dato no cargado,Tarjeta,15062,45-54
1278979168,John,Pugh,27,Masculino,Chicago,Alto,5,56.2,Sí,Sí,Carnes,Sí,001-451-575-5569x059,brandyclark@example.net,Efectivo,7109,25-34
4172961663,Adam,Molina,27,Masculino,Chicago,Bajo,3,7.62,Sí,Sí,Vegetariano,No,Dato no cargado,qwalters@example.com,Tarjeta,1333,25-34
8492914483,Olivia,Bailey,61,Femenino,Chicago,Bajo,3,7.21,Sí,No,Carnes,No,Dato no cargado,Dato no cargado,App,1259,55-64
3843651882,Wesley,Smith,71,Masculino,Chicago,Medio,5,25.46,Sí,Sí,Pescado,No,(984)663-2209,Dato no cargado,Tarjeta,3165,65-80
5938315384,Christina,Molina,80,Femenino,Chicago,Muy Alto,5,69.3,No,Sí,No informado,Sí,Dato no cargado,Dato no cargado,Efectivo,11593,65-80
4320430686,Joshua,Mcgee,63,Masculino,Chicago,Bajo,3,6.86,No,No,Mariscos,No,001-572-950-3561x735,jennifer51@example.org,Tarjeta,1093,55-64
4987388889,Kristen,Little,40,Femenino,Chicago,Medio,3,5.31,No,Sí,Mariscos,No,+1-737-859-1504x25328,Dato no cargado,Tarjeta,2467,35-44
9625656293,David,Graves,45,Masculino,Chicago,Medio,4,11.04,Sí,Sí,Carnes,No,Dato no cargado,bakerstephen@example.net,Tarjeta,2177,45-54
5500086353,Tracy,Carr,41,Femenino,Chicago,Muy Alto,9,30.66,No,Sí,Pescado,Sí,Dato no cargado,Dato no cargado,Tarjeta,12419,35-44
4323437534,Brooke,Douglas,18,Femenino,Chicago,Muy Alto,5,87.1,Sí,Sí,Mariscos,Sí,Dato no cargado,adamserin@example.org,Efectivo,13340,18-24
9111377542,Brad,Hernandez,55,Masculino,Chicago,Muy Alto,7,80.08,No,Sí,Carnes,Sí,Dato no cargado,Dato no cargado,Tarjeta,15734,55-64
7750819485,Linda,Robinson,37,Femenino,Chicago,Bajo,3,7.73,Sí,Sí,Carnes,No,Dato no cargado,billyhill@example.org,Tarjeta,1524,35-44
8971931625,Alex,Crosby,68,Masculino,Chicago,Muy Alto,5,14.9,No,Sí,No informado,Sí,Dato no cargado,christopher89@example.net,Efectivo,17802,65-80
4306064478,Samantha,Huff,69,Femenino,Chicago,Medio,4,15.68,Sí,Sí,Carnes,No,Dato no cargado,sally07@example.org,Efectivo,2146,65-80
6960329328,Lauren,Mcdonald,42,Femenino,Chicago,Bajo,1,7.1,No,Sí,Carnes,No,Dato no cargado,Dato no cargado,App,1300,35-44
5196703393,Mark,Thompson,20,Masculino,Chicago,Alto,4,17.89,Sí,Sí,Carnes,No,+1-414-701-3141x48162,tammy43@example.net,Tarjeta,6070,18-24
4229124671,Deborah,Jensen,63,Femenino,Chicago,Alto,6,6.24,No,No,Carnes,Sí,(672)283-7765x0120,Dato no cargado,Efectivo,7814,55-64
3825013396,Raymond,Hernandez,34,Masculino,Chicago,Muy Alto,5,44.99,Sí,Sí,Carnes,Sí,+1-678-426-8920,Dato no cargado,Tarjeta,16773,25-34
3857155858,Samantha,Cohen,51,Femenino,Chicago,Bajo,0,0.0,Sí,No,Otro,No,Dato no cargado,kellerjessica@example.net,Tarjeta,980,45-54
1785430175,Alec,Johnson,28,Masculino,Chicago,Alto,4,28.64,No,Sí,Carnes,Sí,Dato no cargado,timothymartin@example.net,Tarjeta,6982,25-34
3718004140,Beth,Rojas,20,Femenino,Chicago,Alto,6,40.57,Sí,Sí,Carnes,Sí,001-465-394-2770x266,Dato no cargado,Efectivo,5178,18-24
4628648524,Ralph,Miller,73,Masculino,Chicago,Alto,5,44.97,No,No,Vegetariano,Sí,Dato no cargado,Dato no cargado,App,5938,65-80
5852914708,Melissa,Johnson,30,Femenino,Chicago,Alto,4,6.96,No,Sí,Vegano,Sí,2926857230,browndaniel@example.org,App,6304,25-34
2404951301,Richard,Smith,51,Masculino,Chicago,Medio,2,18.86,No,Sí,Pescado,Sí,Dato no cargado,Dato no cargado,App,1849,45-54
9977193987,Charles,Contreras,61,Masculino,Chicago,Alto,4,18.64,Sí,Sí,Vegetariano,Sí,Dato no cargado,Dato no cargado,App,4407,55-64
4122901114,David,Lawson,36,Masculino,Chicago,Alto,6,53.94,No,No,Otro,No,Dato no cargado,Dato no cargado,Criptomoneda,7553,35-44
2513618961,James,Avila,75,Masculino,Chicago,Bajo,0,0.0,Sí,No,Carnes,No,Dato no cargado,Dato no cargado,App,1304,65-80
1519336819,Marissa,Thompson,76,Femenino,Chicago,Muy Alto,10,79.05,No,No,Vegetariano,Sí,001-958-551-8423x406,Dato no cargado,Efectivo,12242,65-80
1915111272,Christopher,Hunt,55,Masculino,Chicago,Medio,5,7.72,Sí,Sí,Carnes,No,Dato no cargado,rachel17@example.org,Efectivo,1860,55-64
4452419330,Laura,Chavez,54,Femenino,Chicago,Medio,2,14.15,Sí,No,Vegano,No,Dato no cargado,kevinfleming@example.net,App,2604,45-54
1368293703,Rebecca,Brown,29,Femenino,Chicago,Alto,4,44.9,No,Sí,Mariscos,No,Dato no cargado,Dato no cargado,App,5599,25-34
9509139325,Sharon,Obrien,48,Femenino,Chicago,Alto,5,5.5,Sí,Sí,Pescado,No,385-452-1597,Dato no cargado,App,8231,45-54
4498248368,Carol,Manning,71,Femenino,Chicago,Alto,5,12.16,Sí,No,Carnes,No,803-346-6280,Dato no cargado,Criptomoneda,5633,65-80
9513913427,Meghan,Moore,26,Femenino,Chicago,Bajo,3,5.96,No,Sí,Mariscos,No,Dato no cargado,henrybrennan@example.org,Tarjeta,1266,25-34
7591206374,Daniel,Oliver,18,Masculino,Chicago,Muy Alto,7,40.44,Sí,Sí,Vegetariano,Sí,(264)258-9017x4577,Dato no cargado,App,15888,18-24
7167194592,Susan,Martinez,46,Femenino,Chicago,Bajo,2,9.08,Sí,No,No informado,No,(522)552-5354x994,eric00@example.net,Efectivo,1443,45-54
4058918847,Sherry,Allen,56,Femenino,Chicago,Muy Alto,7,100.15,No,No,Carnes,Sí,Dato no cargado,bellandrew@example.org,Tarjeta,9834,55-64
7574249203,Amanda,Hunt,26,Femenino,Chicago,Medio,2,14.82,No,Sí,Vegano,Sí,7447732108,ryanphillips@example.org,App,2697,25-34
5369604613,Dominic,Carter,20,Masculino,Chicago,Muy Alto,5,13.77,Sí,Sí,Mariscos,Sí,Dato no cargado,Dato no cargado,Tarjeta,14332,18-24
2249440068,Angela,Marks,51,Femenino,Chicago,Muy Alto,7,54.15,Sí,No,Carnes,Sí,562.532.3736x76766,bharmon@example.com,Efectivo,12584,45-54
5173107724,Henry,Haynes,22,Masculino,Chicago,Medio,4,7.75,Sí,Sí,Carnes,No,Dato no cargado,Dato no cargado,Efectivo,3249,18-24
6947441035,Courtney,Lee,44,Femenino,Chicago,Bajo,3,9.92,No,Sí,Vegano,No,Dato no cargado,ksmith@example.com,Tarjeta,840,35-44
5681614306,Karen,Diaz,44,Femenino,Chicago,Medio,4,22.18,No,Sí,Vegano,No,Dato no cargado,davidclements@example.com,App,1638,35-44
4247486765,Madeline,Jacobs,59,Femenino,Chicago,Bajo,3,8.17,No,Sí,Carnes,No,Dato no cargado,william64@example.net,App,1147,55-64
6937993272,Kimberly,Rich,53,Femenino,Chicago,Alto,5,16.61,No,Sí,Vegetariano,No,Dato no cargado,kschneider@example.com,Efectivo,3940,45-54
5833424629,Michael,Reid,38,Masculino,Chicago,Alto,4,57.0,No,Sí,Otro,No,8469745253,Dato no cargado,Tarjeta,8882,35-44
5419054626,Alexis,Foster,79,Femenino,Chicago,Bajo,2,7.27,No,No,Vegetariano,No,001-565-685-2956x635,Dato no cargado,App,1150,65-80
1058951224,Todd,Jones,61,Masculino,Chicago,Bajo,1,5.98,No,Sí,Vegetariano,No,9578541987,Dato no cargado,App,1023,55-64
3731524909,Robert,King,30,Masculino,Chicago,Medio,4,14.5,Sí,Sí,Pescado,No,Dato no cargado,Dato no cargado,Tarjeta,2731,25-34
2783074271,Amanda,Kirby,76,Femenino,Chicago,Bajo,1,8.28,No,No,Vegano,No,6108369071,Dato no cargado,Efectivo,855,65-80
6804025676,Katelyn,Silva,34,Femenino,Chicago,Alto,6,18.01,Sí,Sí,Vegano,Sí,+1-547-689-1492,donnaaustin@example.net,Tarjeta,8329,25-34
6348324494,Susan,Jones,20,Femenino,Chicago,Alto,4,26.63,No,Sí,Vegetariano,Sí,Dato no cargado,Dato no cargado,Efectivo,5117,18-24
6981119730,Ellen,Huff,50,Femenino,Chicago,Bajo,2,7.2,No,No,Carnes,No,Dato no cargado,Dato no cargado,Tarjeta,1559,45-54
8688960845,Courtney,Rodriguez,29,Femenino,Chicago,Medio,2,21.42,Sí,Sí,Mariscos,No,(950)353-1563,brooksandrea@example.org,App,3219,25-34
2024522901,Charles,Jones,47,Masculino,Chicago,Medio,4,29.37,No,Sí,Carnes,No,Dato no cargado,marcnelson@example.com,Efectivo,2537,45-54
6991340184,George,Horton,24,Masculino,Chicago,Alto,5,17.59,No,Sí,Mariscos,No,Dato no cargado,qduffy@example.org,Tarjeta,6253,18-24
4221140729,Jill,Reeves,21,Femenino,Chicago,Alto,4,48.46,Sí,No,Vegetariano,Sí,2202571413,Dato no cargado,Tarjeta,7337,18-24
6777569073,Shannon,Ho,23,Femenino,Chicago,Muy Alto,7,93.97,Sí,Sí,Vegetariano,Sí,+1-500-759-8053x59656,walkerrandy@example.com,Tarjeta,15082,18-24
3647215340,Daniel,White,33,Masculino,Chicago,Alto,6,14.61,No,No,Vegetariano,Sí,Dato no cargado,Dato no cargado,Tarjeta,4593,25-34
9955497193,Anthony,Robinson,22,Masculino,Chicago,Medio,4,13.14,Sí,Sí,Carnes,No,Dato no cargado,gtate@example.org,Tarjeta,2978,18-24
6314382205,Deborah,Baldwin,64,Femenino,Chicago,Bajo,1,6.38,No,Sí,Vegetariano,No,Dato no cargado,Dato no cargado,Efectivo,858,55-64
3022150839,Regina,Olson,23,Femenino,Chicago,Medio,3,18.54,No,Sí,Otro,No,Dato no cargado,Dato no cargado,Efectivo,2566,18-24
7826758231,Michael,Mitchell,79,Masculino,Chicago,Medio,5,9.56,Sí,No,Mariscos,No,001-567-261-4758x4831,Dato no cargado,Tarjeta,2924,65-80
1172357124,Michael,Williams,52,Masculino,Chicago,Bajo,2,8.23,No,Sí,Vegetariano,No,Dato no cargado,Dato no cargado,Efectivo,939,45-54
9878792256,Amanda,Reynolds,36,Femenino,Chicago,Medio,4,29.79,No,No,Mariscos,No,+1-549-947-0413x17047,Dato no cargado,App,2859,35-44
6925401543,Karen,Buck,51,Femenino,Chicago,Muy Alto,5,96.56,Sí,No,Carnes,Sí,Dato no cargado,Dato no cargado,Tarjeta,11898,45-54
4537559864,Sherri,Smith,27,Femenino,Chicago,Muy Alto,10,93.29,Sí,Sí,Carnes,Sí,Dato no cargado,Dato no cargado,Efectivo,9214,25-34
2817250453,Danielle,Adams,56,Femenino,Chicago,Bajo,0,0.0,No,Sí,No informado,No,362.871.4150x3177,Dato no cargado,App,919,55-64
2839999414,William,Burns,54,Masculino,Chicago,Medio,5,20.78,No,Sí,Otro,Sí,Dato no cargado,Dato no cargado,Tarjeta,3048,45-54
5449634185,Matthew,Martinez,63,Masculino,Chicago,Medio,3,21.47,No,Sí,Vegano,No,Dato no cargado,Dato no cargado,Tarjeta,2070,55-64
6130310284,Geoffrey,Khan,75,Masculino,Chicago,Bajo,1,9.41,Sí,Sí,Pescado,No,Dato no cargado,ycamacho@example.org,Criptomoneda,1256,65-80
7581349462,Amanda,Avila,42,Femenino,Chicago,Alto,4,51.64,Sí,No,Pescado,Sí,778-883-5389x17905,grayrachel@example.com,Efectivo,7364,35-44
4485497280,Andrew,Thomas,25,Masculino,Chicago,Medio,5,25.45,Sí,Sí,Vegetariano,No,Dato no cargado,Dato no cargado,Tarjeta,2484,25-34
4092037989,David,Forbes,76,Masculino,Chicago,Muy Alto,5,95.77,No,No,Vegetariano,Sí,+1-478-780-5118x192,Dato no cargado,Tarjeta,15171,65-80
3905225852,Joshua,Robinson,76,Masculino,Chicago,Medio,4,23.41,No,No,Vegano,No,Dato no cargado,youngstephen@example.org,Efectivo,2520,65-80
2858846803,Robert,Frazier,68,Masculino,Chicago,Alto,5,14.68,No,No,Vegetariano,Sí,001-655-674-4663,shannonroberts@example.org,Efectivo,3752,65-80
1967100189,Jay,Oconnell,74,Masculino,Chicago,Bajo,3,8.39,Sí,Sí,Carnes,No,Dato no cargado,Dato no cargado,Tarjeta,1242,65-80
7121326227,Michael,Bell,64,Masculino,Chicago,Muy Alto,5,17.33,Sí,Sí,Mariscos,Sí,3817391824,jonesjeffrey@example.net,Efectivo,16214,55-64
6818334907,Maria,Mann,19,Femenino,Chicago,Alto,6,47.52,No,No,Mariscos,Sí,(985)723-4947x2750,david83@example.net,Tarjeta,7458,18-24
8153819885,Mason,Lynch,49,Masculino,Chicago,Alto,6,35.46,No,Sí,Carnes,Sí,Dato no cargado,Dato no cargado,App,6142,45-54
4046458781,Mariah,Webb,61,Femenino,Chicago,Alto,6,20.32,No,Sí,Vegetariano,No,Dato no cargado,huberelizabeth@example.com,Tarjeta,5866,55-64
2358701712,Philip,Wright,50,Masculino,Chicago,Alto,6,13.74,No,Sí,Otro,Sí,Dato no cargado,tlynch@example.net,App,7254,45-54
7387607079,Jodi,Price,62,Femenino,Chicago,Alto,5,52.92,Sí,No,Mariscos,Sí,+1-255-451-4460x42503,Dato no cargado,Efectivo,6517,55-64
1335482872,Paula,Petersen,77,Femenino,Chicago,Alto,6,17.68,Sí,Sí,Vegetariano,Sí,Dato no cargado,caldwelljonathan@example.net,App,4566,65-80
4853705045,Angel,Gray,80,Femenino,Chicago,Alto,5,32.955,Sí,No,Otro,Sí,Dato no cargado,Dato no cargado,Tarjeta,5271,65-80
5569964977,Christopher,Hill,19,Masculino,Chicago,Medio,2,21.14,No,No,Pescado,No,700-302-3046,nicole13@example.org,Efectivo,2423,18-24
1779601691,Stephanie,Ortiz,39,Femenino,Chicago,Alto,6,5.06,Sí,Sí,Vegetariano,Sí,Dato no cargado,Dato no cargado,Efectivo,7287,35-44
2950534019,Thomas,Robinson,22,Masculino,Chicago,Alto,4,32.33,No,Sí,Vegetariano,No,Dato no cargado,Dato no cargado,App,4930,18-24
5982874026,Michael,Long,61,Masculino,Chicago,Bajo,0,0.0,Sí,Sí,Carnes,No,(728)745-1427x0753,vazquezjasmine@example.net,Tarjeta,1219,55-64
4381741645,Michelle,Garrett,27,Femenino,Chicago,Alto,6,13.77,No,Sí,Vegano,No,Dato no cargado,coreyanderson@example.org,App,6564,25-34
8047751134,Patricia,Jordan,71,Femenino,Chicago,Muy Alto,8,12.95,No,Sí,No informado,Sí,Dato no cargado,Dato no cargado,Tarjeta,15225,65-80
1100094623,Matthew,Valenzuela,44,Masculino,Chicago,Muy Alto,9,31.42,Sí,No,Vegetariano,Sí,Dato no cargado,Dato no cargado,Tarjeta,11564,35-44
6640042225,Robert,Marshall,67,Masculino,Chicago,Muy Alto,10,33.65,Sí,Sí,Vegetariano,Sí,(832)470-7510,Dato no cargado,Tarjeta,13001,65-80
5088975453,Nicholas,Carpenter,56,Masculino,Chicago,Muy Alto,8,85.24,No,Sí,Vegetariano,Sí,Dato no cargado,Dato no cargado,Tarjeta,16106,55-64
4998184156,Travis,Johnson,20,Masculino,Chicago,Alto,6,14.88,No,No,Pescado,Sí,Dato no cargado,stephenbryant@example.net,Efectivo,4938,18-24
6713560960,Madison,Reynolds,77,Femenino,Chicago,Alto,4,32.955,Sí,No,Vegetariano,Sí,+1-898-268-7265x061,martinezdale@example.net,Efectivo,8107,65-80
4096686730,Christina,Jimenez,32,Femenino,Chicago,Medio,4,18.7,Sí,Sí,No informado,No,001-791-975-8163x47378,zford@example.com,Efectivo,2002,25-34
3324795806,Diana,Nguyen,44,Femenino,Chicago,Medio,4,13.12,No,No,Vegetariano,No,469.276.3116,kevinwest@example.org,App,2978,35-44
2149938334,Regina,King,70,Femenino,Chicago,Medio,4,19.88,No,Sí,Vegano,No,Dato no cargado,james77@example.com,Efectivo,1672,65-80
4315873227,Steven,Richardson,48,Masculino,Chicago,Medio,4,13.26,No,Sí,Mariscos,No,(319)536-1039x7949,hollyhenry@example.com,App,1829,45-54
2281002335,Tanner,Miller,33,Masculino,Chicago,Medio,3,18.16,Sí,Sí,Pescado,No,Dato no cargado,benjamin11@example.com,Tarjeta,2470,25-34
9738571759,Mason,Fox,40,Masculino,Chicago,Muy Alto,10,89.58,No,No,Mariscos,Sí,Dato no cargado,Dato no cargado,Efectivo,13631,35-44
4872505234,Allen,Coleman,69,Masculino,Chicago,Bajo,2,5.52,Sí,No,Carnes,No,619-380-3327,noahjones@example.com,Tarjeta,1115,65-80
2552594336,Douglas,Griffin,29,Masculino,Chicago,Medio,5,27.8,Sí,Sí,Vegetariano,No,597-803-1015x048,Dato no cargado,App,1788,25-34
8032350212,Laura,Franklin,47,Femenino,Chicago,Bajo,1,7.28,Sí,Sí,Mariscos,No,955.362.3666x71332,rileymichael@example.org,Tarjeta,1485,45-54
4712840820,Melissa,Blair,40,Femenino,Chicago,Bajo,2,9.54,Sí,Sí,Otro,No,Dato no cargado,shane40@example.org,Efectivo,1271,35-44
2513714920,Carmen,Herman,62,Femenino,Chicago,Medio,3,19.55,No,No,Vegetariano,No,+1-697-391-0915x876,Dato no cargado,Efectivo,1767,55-64
6672357218,Austin,Avery,60,Masculino,Chicago,Bajo,0,0.0,No,Sí,Otro,No,Dato no cargado,carolineclark@example.com,Tarjeta,819,55-64
5097613658,Kaitlin,Sims,58,Femenino,Chicago,Muy Alto,7,88.88,Sí,Sí,Mariscos,Sí,Dato no cargado,emmamoody@example.net,Tarjeta,14182,55-64
5958959143,Rachel,Weber,74,Femenino,Chicago,Medio,4,16.22,Sí,No,Vegano,No,947.409.8034x3626,Dato no cargado,Tarjeta,3327,65-80
4920767083,Holly,Obrien,27,Femenino,Chicago,Muy Alto,10,52.24,Sí,Sí,Vegano,Sí,+1-419-306-4039,brownjames@example.com,Efectivo,12498,25-34
5167514715,Dale,Wood,44,Masculino,Chicago,Medio,3,20.31,Sí,No,Vegano,No,+1-797-473-6895x88676,Dato no cargado,App,2251,35-44
2016027792,Sharon,Reid,48,Femenino,Chicago,Muy Alto,6,16.7,Sí,Sí,Vegano,Sí,793.395.7075x62422,Dato no cargado,Tarjeta,17069,45-54
5544439617,Jessica,Rodriguez,76,Femenino,Chicago,Bajo,3,7.25,No,No,Carnes,No,Dato no cargado,Dato no cargado,Tarjeta,1569,65-80
2621903972,Jessica,Kennedy,59,Femenino,Chicago,Muy Alto,9,101.01,Sí,Sí,No informado,Sí,Dato no cargado,taylor83@example.com,Efectivo,15978,55-64
9222888042,John,Trujillo,68,Masculino,Chicago,Alto,4,46.91,No,Sí,Carnes,Sí,(758)316-8437x663,Dato no cargado,Tarjeta,7090,65-80
6549256329,Brian,Schmidt,47,Masculino,Chicago,Alto,6,13.29,No,Sí,Otro,Sí,(247)449-5210,Dato no cargado,Tarjeta,7028,45-54
1959923817,Lawrence,Hawkins,53,Masculino,Chicago,Bajo,0,0.0,No,Sí,Carnes,No,Dato no cargado,Dato no cargado,Criptomoneda,960,45-54
8417143675,Jonathan,Schmidt,44,Masculino,Chicago,Alto,4,57.66,No,No,Vegetariano,Sí,646.993.4534x8601,Dato no cargado,Tarjeta,8011,35-44
3831490250,Sarah,Kennedy,57,Femenino,Chicago,Alto,6,14.57,Sí,Sí,No informado,Sí,+1-644-536-1332x2432,brianingram@example.org,Tarjeta,7660,55-64
6464693977,Jason,Robertson,61,Masculino,Chicago,Muy Alto,9,23.44,No,Sí,Mariscos,Sí,Dato no cargado,Dato no cargado,Efectivo,12982,55-64
6212012255,Wendy,Davidson,72,Femenino,Chicago,Alto,5,12.8,Sí,Sí,Mariscos,Sí,440.601.1879,youngtroy@example.net,Criptomoneda,3881,65-80
1754973803,Tasha,Taylor,51,Femenino,Chicago,Muy Alto,7,39.04,No,Sí,Carnes,Sí,Dato no cargado,heathersummers@example.com,Efectivo,16174,45-54
5428529806,Jonathan,Smith,63,Masculino,Chicago,Alto,5,20.67,No,Sí,Vegetariano,Sí,787.942.4818x02825,Dato no cargado,Tarjeta,6650,55-64
5825180516,Kenneth,Sanders,33,Masculino,Chicago,Medio,4,16.39,Sí,No,Vegano,Sí,416.875.8313,melvin63@example.com,Tarjeta,2791,25-34
5774749450,David,Ford,36,Masculino,Chicago,Medio,5,18.29,Sí,Sí,Pescado,No,Dato no cargado,melaniehunter@example.net,Efectivo,2791,35-44
1691293717,Kyle,Walker,49,Masculino,Chicago,Alto,4,17.84,Sí,Sí,Vegano,Sí,Dato no cargado,Dato no cargado,Efectivo,7800,45-54
9376277483,Kayla,Hale,60,Femenino,Chicago,Medio,2,13.0,No,Sí,Pescado,No,001-407-207-5798x44258,evanhernandez@example.net,Efectivo,1865,55-64
9923903038,Mary,Bradshaw,57,Femenino,Chicago,Muy Alto,5,22.8,No,No,Pescado,Sí,001-951-659-4053x523,Dato no cargado,Efectivo,12969,55-64
9111653512,Michelle,Russo,79,Femenino,Chicago,Bajo,0,0.0,Sí,Sí,Mariscos,No,280-644-1449,cynthiahouse@example.net,App,1174,65-80
2311141183,Cynthia,Shelton,57,Femenino,Chicago,Alto,6,13.03,No,No,Mariscos,Sí,929.401.1683x9594,harmonsharon@example.org,Tarjeta,5309,55-64
6239629045,Daniel,Adams,25,Masculino,Chicago,Muy Alto,10,60.19,No,Sí,Carnes,No,Dato no cargado,Dato no cargado,Efectivo,13485,25-34
7405744932,Donna,Stanton,51,Femenino,Chicago,Alto,5,56.24,Sí,Sí,Vegetariano,No,849.937.0827x88032,Dato no cargado,Efectivo,5450,45-54
4235503705,Erica,Morgan,43,Femenino,Chicago,Bajo,3,8.9,No,Sí,No informado,No,Dato no cargado,Dato no cargado,App,1101,35-44
2099746134,Crystal,Lambert,21,Femenino,Chicago,Medio,3,22.02,No,Sí,Vegetariano,No,+1-968-805-7554x852,Dato no cargado,Tarjeta,3022,18-24
4811867564,Sandra,Berry,64,Femenino,Chicago,Muy Alto,7,95.7,Sí,Sí,Carnes,Sí,Dato no cargado,Dato no cargado,App,17323,55-64
1431494396,Joshua,Robertson,70,Masculino,Chicago,Bajo,3,9.98,No,Sí,Vegano,No,Dato no cargado,Dato no cargado,Efectivo,818,65-80
2381420377,Jeffrey,Riggs,32,Masculino,Chicago,Bajo,0,0.0,No,No,Otro,No,(595)651-1307,perkinsmark@example.net,Efectivo,1312,25-34
3282277114,Amy,Phillips,74,Femenino,Chicago,Medio,5,5.72,Sí,No,Vegano,No,Dato no cargado,cooperchristopher@example.net,Efectivo,3375,65-80
9673555193,Dana,Hansen,61,Femenino,Chicago,Alto,5,45.48,No,No,Vegetariano,Sí,Dato no cargado,Dato no cargado,Efectivo,5346,55-64
9591922042,Linda,Werner,75,Femenino,Chicago,Alto,4,52.31,No,No,Vegetariano,Sí,202-652-1366,Dato no cargado,App,4837,65-80
9707760853,Rhonda,Rivera,56,Femenino,Chicago,Muy Alto,7,50.51,Sí,Sí,Carnes,Sí,Dato no cargado,Dato no cargado,Efectivo,12410,55-64
4911263963,Jessica,Stevenson,45,Femenino,Chicago,Alto,4,35.43,No,No,Vegetariano,Sí,001-891-869-7371x30755,williamsgabriel@example.com,Tarjeta,6839,45-54
7398286267,Gina,Walters,47,Femenino,Chicago,Alto,5,20.35,Sí,No,Pescado,No,662-535-3619x8834,dennis50@example.com,Tarjeta,5035,45-54
1996817103,Jaclyn,Gross,33,Femenino,Chicago,Bajo,0,0.0,No,No,Vegetariano,No,Dato no cargado,patrick08@example.com,Efectivo,1083,25-34
3220691279,Ethan,Holland,26,Masculino,Chicago,Bajo,3,9.28,Sí,Sí,Vegano,No,001-853-886-9269x04305,Dato no cargado,Tarjeta,961,25-34
5878272186,Jade,Smith,37,Femenino,Chicago,Medio,3,18.13,Sí,No,Vegetariano,No,449.329.8693x0280,ecook@example.net,Tarjeta,2737,35-44
9194529772,Adrian,Benson,19,Masculino,Chicago,Alto,6,37.19,No,Sí,Mariscos,Sí,Dato no cargado,tallen@example.org,Tarjeta,8689,18-24
4971329303,Robert,Cantu,35,Masculino,Chicago,Bajo,3,5.23,No,No,Pescado,No,Dato no cargado,tonya71@example.org,App,877,35-44
6224234130,Michele,Rodgers,60,Femenino,Chicago,Alto,4,50.69,Sí,No,Vegetariano,Sí,Dato no cargado,Dato no cargado,App,8455,55-64
9447713287,William,Perez,68,Masculino,Chicago,Medio,4,7.83,No,Sí,Pescado,No,Dato no cargado,Dato no cargado,Efectivo,1758,65-80
9181113838,Gabriel,Anderson,74,Masculino,Chicago,Muy Alto,7,83.6,Sí,Sí,Vegetariano,Sí,Dato no cargado,Dato no cargado,Efectivo,13789,65-80
6215910542,Holly,Perez,31,Femenino,Chicago,Muy Alto,6,24.21,No,Sí,Vegano,Sí,721-862-0890,Dato no cargado,Efectivo,14037,25-34
8137185704,Steven,Swanson,46,Masculino,Chicago,Muy Alto,8,97.16,Sí,Sí,Otro,No,772-362-9647,Dato no cargado,App,9735,45-54
9352152255,Kelly,Ortega,77,Femenino,Chicago,Medio,3,28.33,Sí,Sí,Carnes,No,940.605.2745x296,kristie46@example.org,Tarjeta,3271,65-80
1098171183,Kevin,Bell,24,Masculino,Chicago,Bajo,1,5.37,No,Sí,Vegano,No,718-652-2720x6567,debra61@example.com,Efectivo,1467,18-24
4604093744,Jonathan,Harris,80,Masculino,Chicago,Alto,4,54.16,No,No,No informado,Sí,435-782-3246x345,Dato no cargado,Tarjeta,6678,65-80
6957546450,Jason,Smith,18,Masculino,Chicago,Muy Alto,8,88.62,Sí,Sí,Mariscos,Sí,Dato no cargado,murphychristine@example.net,Tarjeta,11705,18-24
2205296403,Luis,Morrow,67,Masculino,Chicago,Alto,6,13.0,No,Sí,Carnes,Sí,493.832.5841,Dato no cargado,App,3577,65-80
1807327369,Brian,Sanders,56,Masculino,Chicago,Medio,4,7.85,No,Sí,No informado,No,Dato no cargado,tphillips@example.org,Efectivo,1940,55-64
3255052081,Daniel,Thompson,54,Masculino,Chicago,Medio,4,7.7,No,Sí,Vegano,No,001-860-919-0621x95971,waltersvictor@example.com,Efectivo,1965,45-54
3800443319,Aaron,Hahn,38,Masculino,Chicago,Alto,6,47.93,No,Sí,Vegano,Sí,Dato no cargado,Dato no cargado,Efectivo,7487,35-44
2843567009,Joanna,Walker,45,Femenino,Chicago,Alto,5,36.66,No,No,Carnes,Sí,9174374359,Dato no cargado,Efectivo,6075,45-54
8339532919,Christina,Vazquez,26,Femenino,Chicago,Medio,5,25.71,Sí,Sí,Carnes,No,480.779.3705x821,Dato no cargado,Tarjeta,2984,25-34
2175225470,Nicholas,Warren,33,Masculino,Chicago,Medio,5,20.21,Sí,No,Carnes,No,001-622-899-4045x358,hjones@example.com,Efectivo,2011,25-34
7678655886,Tiffany,Strickland,38,Femenino,Chicago,Bajo,2,5.34,No,Sí,Carnes,No,439-655-0933,katelynsuarez@example.com,Efectivo,1195,35-44
7423156991,Regina,Graham,33,Femenino,Chicago,Bajo,0,0.0,No,Sí,Vegano,No,(938)442-0943,brentbrown@example.org,App,1284,25-34
3018495252,Alisha,Williams,59,Femenino,Chicago,Muy Alto,5,69.58,Sí,Sí,No informado,Sí,001-674-390-5350x4437,hahnlisa@example.com,App,10732,55-64
1730074215,John,Young,60,Masculino,Chicago,Bajo,1,7.55,Sí,No,Pescado,No,850-768-0484,Dato no cargado,App,1507,55-64
7875495831,Ashley,West,62,Femenino,Chicago,Alto,6,23.7,No,Sí,Carnes,Sí,(918)682-0391x57737,Dato no cargado,Tarjeta,3971,55-64
5082874154,Brenda,Barrett,47,Femenino,Chicago,Medio,2,27.81,Sí,Sí,Otro,No,324-728-3328x15241,Dato no cargado,Efectivo,2425,45-54
2059077154,Daniel,Davis,59,Masculino,Chicago,Muy Alto,7,58.69,Sí,Sí,Vegano,Sí,Dato no cargado,matthew04@example.com,App,10241,55-64
3884603338,Dakota,Mayer,52,Masculino,Chicago,Medio,5,24.06,No,No,No informado,No,Dato no cargado,jasonmoore@example.net,Efectivo,2481,45-54
4406118702,Kathy,Lutz,47,Femenino,Chicago,Bajo,2,8.37,No,Sí,Vegetariano,No,Dato no cargado,jacobsandrew@example.com,App,1009,45-54
5756841512,Sarah,Moran,50,Femenino,Chicago,Muy Alto,10,63.35,Sí,No,Vegano,Sí,Dato no cargado,nataliegaines@example.net,Tarjeta,16601,45-54
5128257207,James,Glover,57,Masculino,Chicago,Alto,6,19.13,Sí,Sí,Pescado,Sí,Dato no cargado,james72@example.com,Efectivo,5477,55-64
9619052162,Linda,Lewis,28,Femenino,Chicago,Bajo,2,6.55,Sí,Sí,Pescado,No,Dato no cargado,Dato no cargado,Efectivo,931,25-34
7094992705,Ian,Melendez,64,Masculino,Chicago,Medio,3,11.85,No,Sí,Carnes,No,(635)807-4317x251,kristin43@example.org,Tarjeta,2575,55-64
4368754912,Rebecca,Nunez,57,Femenino,Chicago,Medio,4,21.19,No,No,Carnes,No,(224)730-5119,lpowell@example.org,Efectivo,3091,55-64
8879002701,Jay,Stout,24,Masculino,Chicago,Alto,5,46.32,No,Sí,Vegetariano,Sí,Dato no cargado,Dato no cargado,App,6032,18-24
4413598790,Heather,Smith,45,Femenino,Chicago,Medio,3,19.57,Sí,Sí,Pescado,No,(991)373-7765x4802,marcuspowers@example.net,App,3367,45-54
4923471181,Samuel,Holmes,30,Masculino,Chicago,Bajo,1,8.35,No,Sí,Mariscos,No,(453)483-4172x014,Dato no cargado,Tarjeta,893,25-34
4327057610,Matthew,Adams,48,Masculino,Chicago,Medio,3,9.64,Sí,No,Vegano,No,Dato no cargado,Dato no cargado,Tarjeta,3076,45-54
8138282344,Richard,Gray,32,Masculino,Chicago,Muy Alto,6,25.96,No,Sí,Carnes,Sí,9199752353,Dato no cargado,Tarjeta,13558,25-34
7430757004,Sarah,Williams,31,Femenino,Chicago,Alto,5,15.97,No,Sí,Otro,No,Dato no cargado,donaldhowe@example.org,Efectivo,4856,25-34
7919799704,Susan,Taylor,29,Femenino,Chicago,Muy Alto,6,62.62,No,Sí,Vegetariano,Sí,891.489.1621x416,Dato no cargado,Tarjeta,16483,25-34
1071624258,Greg,Lopez,40,Masculino,Chicago,Medio,3,19.03,Sí,Sí,Carnes,Sí,Dato no cargado,victoria35@example.com,Tarjeta,2357,35-44
6943137103,Robert,Roth,65,Masculino,Chicago,Muy Alto,6,41.7,Sí,No,Vegetariano,Sí,Dato no cargado,Dato no cargado,App,9979,65-80
3660223333,Carlos,Olson,40,Masculino,Chicago,Bajo,2,9.07,Sí,No,Vegetariano,No,6055479091,Dato no cargado,Tarjeta,927,35-44
2968302927,Rachel,Smith,69,Femenino,Chicago,Medio,3,22.9,Sí,Sí,Vegetariano,No,Dato no cargado,john54@example.com,Efectivo,1709,65-80
8925417562,Ashley,Livingston,27,Femenino,Chicago,Alto,5,53.24,Sí,Sí,Mariscos,Sí,001-375-336-4360x0334,Dato no cargado,Tarjeta,5608,25-34
6392415228,Jeffrey,Lawrence,79,Masculino,Chicago,Alto,6,18.27,No,No,Pescado,Sí,Dato no cargado,Dato no cargado,App,6980,65-80
1102885858,Jerome,Durham,49,Masculino,Chicago,Medio,4,25.39,No,No,Carnes,No,573-447-8699,amanda52@example.com,Tarjeta,1831,45-54
9810722788,Amber,Murray,66,Femenino,Chicago,Bajo,1,6.79,Sí,Sí,Carnes,No,001-221-973-4887,kelly58@example.net,App,918,65-80
8485676646,Kylie,Peterson,27,Femenino,Chicago,Medio,2,10.53,Sí,Sí,Vegano,No,Dato no cargado,rachael87@example.net,Efectivo,2546,25-34
3155369361,Matthew,Hernandez,29,Masculino,Chicago,Bajo,2,8.95,Sí,Sí,Carnes,No,Dato no cargado,Dato no cargado,Tarjeta,1027,25-34
2335743785,Madeline,Boyle,54,Femenino,Chicago,Medio,5,24.25,Sí,Sí,Vegetariano,No,Dato no cargado,Dato no cargado,Efectivo,2080,45-54
5708007278,Julie,Tapia,54,Femenino,Chicago,Medio,5,10.91,Sí,No,Otro,No,Dato no cargado,Dato no cargado,Efectivo,2477,45-54
3355354732,Kathy,Jenkins,27,Femenino,Chicago,Bajo,2,5.53,Sí,Sí,Pescado,No,Dato no cargado,bradyjohnny@example.org,Tarjeta,1410,25-34
2961246220,Nancy,Obrien,80,Femenino,Chicago,Muy Alto,8,53.11,Sí,No,Carnes,Sí,001-458-424-2458x6296,whitneyjohnson@example.net,Tarjeta,10960,65-80
8943645600,Emily,Harrison,22,Femenino,Chicago,Bajo,1,8.96,No,Sí,Mariscos,No,+1-700-579-8697x65188,claireroth@example.org,Efectivo,978,18-24
5501918293,Glenn,Tyler,44,Masculino,Chicago,Muy Alto,10,79.77,No,No,Vegetariano,Sí,Dato no cargado,kcook@example.org,App,11349,35-44
8581383167,Kelly,Dunn,53,Femenino,Chicago,Medio,2,28.27,Sí,Sí,Carnes,No,Dato no cargado,Dato no cargado,Efectivo,1964,45-54
3503945864,Corey,Elliott,56,Masculino,Chicago,Bajo,2,5.18,Sí,Sí,Mariscos,No,(860)732-9278,Dato no cargado,Tarjeta,966,55-64
1651549487,Nicole,Newman,45,Femenino,Chicago,Medio,4,13.21,Sí,Sí,Vegano,No,Dato no cargado,Dato no cargado,App,3345,45-54
8139469360,Sandra,Lee,34,Femenino,Chicago,Medio,4,24.98,No,No,Mariscos,No,Dato no cargado,karina22@example.org,Efectivo,1639,25-34
4487126307,Tyler,Acosta,72,Masculino,Chicago,Muy Alto,9,69.64,Sí,No,Mariscos,Sí,Dato no cargado,Dato no cargado,Tarjeta,14510,65-80
1259396992,Joanne,Hale,69,Femenino,Chicago,Medio,5,6.75,Sí,Sí,Mariscos,No,3537821535,thuffman@example.org,App,3379,65-80
4753650032,Jennifer,Harris,29,Femenino,Chicago,Medio,3,27.96,Sí,Sí,Mariscos,No,Dato no cargado,williamsvincent@example.org,Efectivo,2905,25-34
8975021081,Thomas,Singh,28,Masculino,Chicago,Medio,5,26.01,No,Sí,Vegano,No,Dato no cargado,lee90@example.com,Tarjeta,2328,25-34
4265213289,Keith,Cannon,74,Masculino,Chicago,Bajo,2,6.02,No,No,Carnes,No,Dato no cargado,Dato no cargado,App,1259,65-80
1581277647,Brian,Morrison,42,Masculino,Chicago,Bajo,2,6.57,No,No,Vegetariano,No,(650)690-1514x799,tylerwalton@example.net,Tarjeta,1025,35-44
7005342676,Megan,Crosby,34,Femenino,Chicago,Medio,3,23.45,No,Sí,Pescado,No,207-480-4489x00426,Dato no cargado,Efectivo,2105,25-34
5766175685,Amanda,Nelson,28,Femenino,Chicago,Bajo,1,7.03,No,Sí,Vegano,No,Dato no cargado,Dato no cargado,Efectivo,1089,25-34
2720902231,Mark,Gordon,28,Masculino,Chicago,Medio,2,17.575,No,Sí,Carnes,No,001-932-410-4474x478,wbrown@example.net,App,2517,25-34
6622834251,Amy,Diaz,66,Femenino,Chicago,Medio,5,14.78,No,Sí,Vegetariano,No,Dato no cargado,jeremygomez@example.org,App,1891,65-80
4560994202,Denise,Spencer,41,Femenino,Chicago,Muy Alto,6,65.07,Sí,No,Pescado,Sí,(504)708-8380,sandra12@example.net,App,9502,35-44
1480526186,Peggy,Jordan,64,Femenino,Chicago,Muy Alto,7,64.66,No,No,Carnes,Sí,829.534.0719,Dato no cargado,App,11728,55-64
4984207486,Steve,Roberson,57,Masculino,Chicago,Bajo,1,9.35,No,Sí,Carnes,No,Dato no cargado,ismith@example.com,Efectivo,936,55-64
6648132115,Anne,Nelson,20,Femenino,Chicago,Bajo,1,6.73,Sí,Sí,Pescado,No,Dato no cargado,iskinner@example.com,Efectivo,1514,18-24
7318605516,Victoria,Boyd,40,Femenino,Chicago,Medio,2,8.57,No,No,Vegetariano,No,+1-510-597-8128x6041,steven99@example.com,Efectivo,2588,35-44
7939111649,Ryan,Tanner,65,Masculino,Chicago,Muy Alto,9,17.86,No,No,Carnes,Sí,Dato no cargado,matthewgonzales@example.net,Tarjeta,17416,65-80
6103312578,Courtney,Pierce,55,Femenino,Chicago,Bajo,3,5.33,No,No,Carnes,No,813.461.1610x5417,Dato no cargado,Efectivo,1595,55-64
9933763424,Monica,Jones,24,Femenino,Chicago,Bajo,2,8.61,Sí,Sí,Carnes,No,8464896894,mary89@example.org,Tarjeta,805,18-24
3231444194,Jordan,Johnson,72,Femenino,Chicago,Medio,3,25.99,No,Sí,Otro,No,298.971.1623x4813,Dato no cargado,Tarjeta,3247,65-80
7050091525,Michael,Aguirre,50,Masculino,Chicago,Muy Alto,6,50.0,Sí,Sí,Vegano,Sí,837.419.1841x726,Dato no cargado,App,17999,45-54
9961215440,Angela,Smith,43,Femenino,Chicago,Medio,2,14.33,Sí,Sí,Mariscos,No,Dato no cargado,alvaradojohn@example.org,Efectivo,3454,35-44
1533937899,Denise,Scott,53,Femenino,Chicago,Alto,5,55.97,Sí,Sí,No informado,Sí,Dato no cargado,mcooper@example.com,Efectivo,7076,45-54
8006635486,Ryan,Shaw,37,Masculino,Chicago,Bajo,0,0.0,No,No,Mariscos,No,Dato no cargado,Dato no cargado,App,1332,35-44
1763777099,Kevin,Torres,49,Masculino,Chicago,Medio,4,8.63,Sí,Sí,Mariscos,No,+1-915-631-8584x11850,racheltyler@example.net,App,2738,45-54
1567130806,Paul,Curtis,21,Masculino,Chicago,Bajo,3,8.75,No,Sí,Vegetariano,No,Dato no cargado,Dato no cargado,Efectivo,1193,18-24
7080024940,Traci,Turner,29,Femenino,Chicago,Alto,5,17.55,Sí,Sí,Carnes,Sí,+1-608-555-7492x694,paulreed@example.net,Tarjeta,7927,25-34
9865718945,Lisa,Williams,32,Femenino,Chicago,Bajo,0,0.0,No,No,Vegetariano,No,353-742-9793,Dato no cargado,Tarjeta,1096,25-34
4234059678,Brent,Castro,76,Masculino,Chicago,Medio,4,23.7,No,Sí,Vegetariano,No,Dato no cargado,fsantana@example.org,App,2717,65-80
7638836058,Daniel,Taylor,80,Masculino,Chicago,Medio,5,9.2,No,Sí,Mariscos,No,277.701.6892x14884,tarawhite@example.com,App,2492,65-80
4296962245,Jim,Carr,41,Masculino,Chicago,Muy Alto,7,85.45,No,Sí,Carnes,Sí,Dato no cargado,Dato no cargado,App,10349,35-44
6438958606,Taylor,Carroll,31,Femenino,Chicago,Medio,2,8.58,Sí,Sí,Carnes,No,610-942-0050x190,Dato no cargado,Tarjeta,3107,25-34
7441140696,Christopher,Ibarra,61,Masculino,Chicago,Muy Alto,8,96.51,No,Sí,Otro,Sí,(856)305-2038,brittneywilson@example.com,App,16330,55-64
4147025728,Jonathan,Ray,67,Masculino,Chicago,Medio,5,8.82,No,Sí,Carnes,No,Dato no cargado,Dato no cargado,App,2319,65-80
7281181318,Tommy,Garcia,59,Masculino,Chicago,Medio,2,28.83,No,Sí,Vegetariano,Sí,Dato no cargado,vhansen@example.com,Tarjeta,1628,55-64
6099476875,Amy,Baird,68,Femenino,Chicago,Alto,6,44.83,Sí,Sí,Mariscos,Sí,(583)730-0070x04586,Dato no cargado,App,6611,65-80
3476626386,Austin,Long,71,Masculino,Chicago,Muy Alto,6,83.72,Sí,No,Vegetariano,Sí,001-274-267-1296x31382,susan68@example.com,Efectivo,13407,65-80
5524971263,Angela,Davidson,40,Femenino,Chicago,Medio,4,26.94,No,No,Carnes,No,+1-627-505-3629x220,Dato no cargado,Tarjeta,2187,35-44
7422130581,Ashley,Nelson,18,Femenino,Chicago,Alto,4,50.17,Sí,Sí,Carnes,Sí,Dato no cargado,vrobertson@example.net,App,4420,18-24
5356690340,Brian,Ortiz,51,Masculino,Chicago,Medio,3,24.61,No,No,Otro,No,Dato no cargado,imclaughlin@example.com,Tarjeta,2563,45-54
4684975691,Timothy,Jordan,28,Masculino,Chicago,Alto,6,9.63,No,Sí,Mariscos,Sí,Dato no cargado,Dato no cargado,Tarjeta,6027,25-34
1268905309,Nicholas,Bolton,49,Masculino,Chicago,Medio,4,29.44,No,Sí,Vegano,No,(962)882-0718,Dato no cargado,Efectivo,1932,45-54
2083760177,Jason,Morgan,21,Masculino,Chicago,Medio,3,26.86,No,No,Vegetariano,No,+1-534-689-9958x742,Dato no cargado,Efectivo,2593,18-24
5930446862,Gregory,Huber,61,Masculino,Chicago,Medio,3,21.53,No,Sí,Vegetariano,No,Dato no cargado,Dato no cargado,App,3231,55-64
5765183910,Juan,Clark,29,Masculino,Chicago,Medio,5,11.58,Sí,Sí,Carnes,No,Dato no cargado,Dato no cargado,Tarjeta,2340,25-34
2463024548,Karen,Stevens,65,Femenino,Chicago,Alto,6,24.61,Sí,No,Carnes,Sí,001-265-394-5505x87180,Dato no cargado,Efectivo,8417,65-80
4026816435,Daniel,Obrien,44,Masculino,Chicago,Bajo,3,5.33,Sí,No,Otro,No,(613)703-0656,shawn03@example.net,App,1046,35-44
9940066964,Christopher,Krause,34,Masculino,Chicago,Bajo,1,5.93,Sí,Sí,Carnes,No,Dato no cargado,Dato no cargado,App,1323,25-34
5740482074,Brenda,Hayes,27,Femenino,Chicago,Alto,5,28.62,No,Sí,Vegetariano,Sí,3469134906,jonathanjones@example.com,App,3932,25-34
3547396720,Laurie,Lee,65,Femenino,Chicago,Bajo,2,6.74,No,Sí,Pescado,No,001-620-983-7064x15203,emilypatel@example.net,Efectivo,1273,65-80
5504599665,Shannon,James,48,Femenino,Chicago,Bajo,3,5.7,Sí,Sí,Mariscos,No,+1-530-358-5139,christophercooper@example.net,Tarjeta,860,45-54
9242240289,Kevin,Sweeney,75,Masculino,Chicago,Muy Alto,7,34.09,No,No,Carnes,No,Dato no cargado,Dato no cargado,Tarjeta,15131,65-80
8625962172,Megan,Moran,27,Femenino,Chicago,Bajo,2,7.99,No,Sí,Carnes,No,Dato no cargado,newmantodd@example.net,Tarjeta,1435,25-34
5354115970,Elizabeth,Smith,43,Femenino,Chicago,Medio,4,10.98,Sí,Sí,Mariscos,No,Dato no cargado,charlottetorres@example.org,Tarjeta,3426,35-44
2157246930,Kimberly,Adams,64,Femenino,Chicago,Muy Alto,7,45.61,Sí,Sí,Carnes,No,Dato no cargado,mcguirematthew@example.org,Efectivo,12767,55-64
1151894319,Derrick,Powers,78,Masculino,Chicago,Bajo,2,6.81,No,No,Vegetariano,No,Dato no cargado,andrewflores@example.net,Efectivo,1194,65-80
2270239066,Ian,Johnson,50,Masculino,Chicago,Alto,6,48.24,No,Sí,Carnes,Sí,Dato no cargado,mcclurejeremy@example.org,App,3975,45-54
8173724981,Olivia,Cohen,27,Femenino,Chicago,Medio,4,7.96,No,No,Carnes,Sí,(790)565-6423x0339,Dato no cargado,Efectivo,1881,25-34
4224296509,Hayley,Hardy,22,Femenino,Chicago,Alto,6,13.68,No,Sí,Pescado,Sí,+1-984-842-4015x2559,martinantonio@example.com,App,4648,18-24
7972821255,Cynthia,Williams,28,Femenino,Chicago,Medio,5,24.23,Sí,Sí,Otro,No,859-726-1760x51132,charles71@example.net,Efectivo,2052,25-34
8467833157,Leslie,Moon,42,Femenino,Chicago,Medio,2,16.28,Sí,Sí,Vegetariano,No,889.835.1039x8156,zgibson@example.net,App,2355,35-44
4826492627,Samantha,Leblanc,45,Femenino,Chicago,Bajo,1,7.17,Sí,No,Mariscos,No,Dato no cargado,Dato no cargado,App,1465,45-54
5607991799,Misty,White,48,Femenino,Chicago,Medio,4,7.3,No,Sí,Otro,No,Dato no cargado,Dato no cargado,Tarjeta,3066,45-54
3701200744,Sheila,Hernandez,43,Femenino,Chicago,Bajo,3,8.07,Sí,Sí,Carnes,No,(229)956-9828x5040,Dato no cargado,Tarjeta,1193,35-44
8050374523,Gabriela,Tate,24,Femenino,Chicago,Alto,6,8.7,No,Sí,Vegetariano,Sí,Dato no cargado,Dato no cargado,Efectivo,4412,18-24
8012854012,Katherine,Fischer,32,Femenino,Chicago,Alto,5,50.92,Sí,Sí,Carnes,Sí,Dato no cargado,Dato no cargado,Tarjeta,8767,25-34
4463448166,Eugene,Meyer,27,Masculino,Chicago,Alto,4,23.53,No,Sí,Mariscos,No,Dato no cargado,mullinsanthony@example.org,App,4438,25-34
2290179211,Lori,Shelton,56,Femenino,Chicago,Medio,3,6.46,No,Sí,Vegano,No,848-619-3427x32921,Dato no cargado,Tarjeta,1706,55-64
4907484958,Angela,Rojas,75,Femenino,Chicago,Medio,5,5.84,No,Sí,Pescado,No,Dato no cargado,Dato no cargado,Efectivo,2573,65-80
8065652224,Rebecca,Long,69,Femenino,Chicago,Medio,3,23.29,No,No,Vegetariano,No,(211)507-4963x5963,gregory80@example.org,App,3196,65-80
3670792703,Julie,Maldonado,55,Femenino,Chicago,Medio,5,19.77,No,Sí,Otro,No,001-833-567-5916x0731,Dato no cargado,Efectivo,1742,55-64
1026224160,Chase,Smith,76,Masculino,Chicago,Bajo,1,5.59,Sí,No,Carnes,No,Dato no cargado,Dato no cargado,Efectivo,898,65-80
5131090776,Michael,Brown,32,Masculino,Chicago,Medio,3,8.15,No,Sí,Vegetariano,No,Dato no cargado,robinsonjoshua@example.org,Tarjeta,1635,25-34
6846530109,Justin,Pena,49,Masculino,Chicago,Bajo,1,5.8,No,No,Pescado,No,834.967.4639x0636,Dato no cargado,App,1227,45-54
3880327491,Jessica,Nielsen,23,Femenino,Chicago,Alto,4,10.71,No,Sí,Vegetariano,No,842.936.3648x99038,Dato no cargado,Tarjeta,5670,18-24
4767634417,Anthony,Wright,77,Masculino,Chicago,Medio,3,10.55,Sí,No,Carnes,No,Dato no cargado,adamhoover@example.org,Tarjeta,3323,65-80
5874683426,Lisa,Knight,27,Femenino,Chicago,Medio,2,9.44,Sí,Sí,Pescado,No,Dato no cargado,dana75@example.org,Tarjeta,2967,25-34
3881675356,George,Salinas,72,Masculino,Chicago,Alto,6,42.03,No,Sí,Vegetariano,Sí,001-358-920-4451,Dato no cargado,Tarjeta,6659,65-80
2337723268,Crystal,Simmons,41,Femenino,Chicago,Alto,5,34.27,No,Sí,Pescado,No,Dato no cargado,karen72@example.net,App,8402,35-44
5882585297,Stephen,Warren,66,Masculino,Chicago,Bajo,0,0.0,No,Sí,Mariscos,No,Dato no cargado,Dato no cargado,Tarjeta,1089,65-80
8903905660,Steven,Stevens,40,Masculino,Chicago,Alto,4,29.7,No,Sí,Mariscos,Sí,Dato no cargado,Dato no cargado,Tarjeta,3806,35-44
4702151315,Emily,Stein,36,Femenino,Chicago,Medio,3,21.5,Sí,Sí,No informado,No,Dato no cargado,Dato no cargado,App,3462,35-44
5821629965,Matthew,Palmer,62,Masculino,Chicago,Muy Alto,5,43.75,No,Sí,Mariscos,Sí,(817)725-7329x5788,cassandra02@example.net,Efectivo,11077,55-64
5243253355,Ryan,Santiago,74,Masculino,Chicago,Bajo,3,7.3,Sí,Sí,Carnes,No,Dato no cargado,tferrell@example.net,Efectivo,959,65-80
5737189443,Ryan,Johnson,69,Masculino,Chicago,Alto,5,56.5,No,Sí,Vegetariano,Sí,(358)776-9325,Dato no cargado,Tarjeta,7235,65-80
1763707572,Benjamin,Spencer,65,Masculino,Chicago,Muy Alto,5,83.37,No,Sí,Mariscos,Sí,943.352.2496,Dato no cargado,Criptomoneda,9861,65-80
6642266247,Amber,Matthews,48,Femenino,Chicago,Bajo,0,0.0,Sí,No,Carnes,No,+1-476-855-6287x0073,Dato no cargado,Efectivo,866,45-54
4299204248,Marissa,Brooks,21,Femenino,Chicago,Medio,4,7.94,No,Sí,Carnes,No,778.358.0773x1343,vyoung@example.net,App,3159,18-24
7715782053,Elizabeth,Maldonado,66,Femenino,Chicago,Bajo,1,5.01,No,Sí,Pescado,No,(277)772-8994x741,ann54@example.net,Tarjeta,997,65-80
7671481212,Raymond,Guzman,54,Masculino,Chicago,Medio,3,17.575,No,Sí,Vegano,No,Dato no cargado,Dato no cargado,Tarjeta,2773,45-54
6379538484,Judith,Klein,62,Femenino,Chicago,Alto,5,45.88,No,Sí,Vegano,Sí,392-541-1895,Dato no cargado,Tarjeta,5243,55-64
2010689368,Carmen,Henry,75,Femenino,Chicago,Alto,5,54.1,Sí,No,Vegetariano,No,001-299-754-9691,Dato no cargado,Tarjeta,4380,65-80
6592613320,Mary,Brown,70,Femenino,Chicago,Alto,4,59.49,Sí,Sí,Carnes,No,(802)411-8754,hendrixheather@example.org,Efectivo,4083,65-80
1807254039,Jesus,Hall,45,Masculino,Chicago,Bajo,0,0.0,No,Sí,Mariscos,No,345-302-1765,lambrobert@example.net,Efectivo,1159,45-54
1662259333,Melissa,Powell,50,Femenino,Chicago,Bajo,0,0.0,No,Sí,Carnes,No,379.718.1894,Dato no cargado,App,1087,45-54
6711813678,William,Larsen,60,Masculino,Chicago,Muy Alto,8,94.95,Sí,Sí,No informado,Sí,200.679.1588,maria36@example.net,Efectivo,15356,55-64
3540356546,John,Daniel,56,Masculino,Chicago,Muy Alto,7,54.67,Sí,Sí,Carnes,Sí,Dato no cargado,Dato no cargado,Tarjeta,12706,55-64
3107691941,John,Dominguez,58,Masculino,Chicago,Alto,4,28.9,No,No,Vegetariano,No,001-704-234-6764x0859,darrell34@example.com,Tarjeta,4788,55-64
7426707393,Denise,Hodges,34,Femenino,Chicago,Medio,3,21.14,No,No,No informado,No,733.802.4525x9468,patrick29@example.com,Tarjeta,2103,25-34
7876585029,Jose,Walton,56,Masculino,Chicago,Bajo,0,0.0,No,No,Vegetariano,No,Dato no cargado,Dato no cargado,Efectivo,868,55-64
6242604762,Nathan,Coleman,71,Masculino,Chicago,Alto,4,15.97,Sí,Sí,Carnes,Sí,Dato no cargado,daniel16@example.com,Efectivo,8532,65-80
7671999794,Steven,Guzman,74,Masculino,Chicago,Muy Alto,7,95.93,No,No,Vegetariano,Sí,+1-244-292-4323x6235,chrisjohnson@example.net,Efectivo,15927,65-80
9798289219,Scott,Simmons,80,Masculino,Chicago,Medio,5,25.68,No,No,Carnes,No,677.970.7162x768,kylekeller@example.org,App,2296,65-80
9982501269,Ronald,Jones,56,Masculino,Chicago,Muy Alto,10,48.93,No,Sí,Vegetariano,Sí,Dato no cargado,barrettjordan@example.org,Tarjeta,13906,55-64
9441483852,Michael,Baker,43,Masculino,Chicago,Muy Alto,6,85.04,No,Sí,Carnes,Sí,Dato no cargado,Dato no cargado,App,10299,35-44
1388024358,Stephanie,Mcclain,61,Femenino,Chicago,Medio,4,27.5,Sí,Sí,No informado,No,001-587-259-9939x43762,Dato no cargado,App,2502,55-64
1122712790,Michael,Spencer,55,Masculino,Chicago,Muy Alto,5,28.2,No,No,Vegetariano,Sí,+1-666-882-8290x326,Dato no cargado,Criptomoneda,9783,55-64
3978287288,Michelle,Anderson,52,Femenino,Chicago,Bajo,1,9.65,Sí,No,Carnes,No,Dato no cargado,Dato no cargado,Efectivo,1254,45-54
8607662849,Karla,Patterson,26,Femenino,Chicago,Medio,4,17.6,Sí,Sí,Carnes,Sí,Dato no cargado,asmith@example.net,App,3441,25-34
6711729538,Steve,Sweeney,24,Masculino,Chicago,Alto,6,15.63,No,Sí,Carnes,Sí,Dato no cargado,fsoto@example.com,Tarjeta,8385,18-24
3192004264,Mark,Johnson,36,Masculino,Chicago,Bajo,2,6.33,No,No,Carnes,No,001-387-700-5107x263,Dato no cargado,Tarjeta,1102,35-44
7040384625,Michael,Sharp,69,Masculino,Chicago,Muy Alto,7,67.76,Sí,Sí,Carnes,Sí,416-963-8143x60902,Dato no cargado,App,14762,65-80
2884078385,Jessica,Mccoy,46,Femenino,Chicago,Alto,5,51.97,Sí,Sí,Carnes,No,Dato no cargado,uyoung@example.org,Efectivo,8214,45-54
8830461508,Alexander,Reed,42,Masculino,Chicago,Alto,4,35.94,Sí,No,Vegetariano,Sí,(506)813-3629x1083,Dato no cargado,Efectivo,4502,35-44
9396340039,Mariah,Cook,23,Femenino,Chicago,Alto,4,37.18,Sí,Sí,No informado,Sí,Dato no cargado,Dato no cargado,Efectivo,7553,18-24
5189586192,Ellen,Jones,64,Femenino,Chicago,Medio,5,12.77,No,No,Otro,Sí,737.731.8722x7156,Dato no cargado,App,2335,55-64
7437780154,Donna,Hensley,80,Femenino,Chicago,Alto,4,46.97,Sí,Sí,Carnes,Sí,280.711.6504x0255,Dato no cargado,App,3923,65-80
9415867828,Anthony,Johnson,56,Masculino,Chicago,Muy Alto,7,95.63,Sí,Sí,Vegetariano,Sí,742.913.3554x732,Dato no cargado,Tarjeta,16973,55-64
8340099132,Joshua,Campbell,35,Masculino,Chicago,Medio,3,7.89,No,No,Carnes,No,728.727.4711x782,Dato no cargado,Tarjeta,3407,35-44
8332696194,Kenneth,Marshall,43,Masculino,Chicago,Medio,3,16.11,No,Sí,Carnes,No,(538)846-1220,williamssydney@example.com,Tarjeta,3073,35-44
7894724809,Victor,Douglas,24,Masculino,Chicago,Alto,4,6.98,No,Sí,Carnes,No,936-826-5166,Dato no cargado,App,3762,18-24
1594312071,Antonio,Snyder,47,Masculino,Chicago,Muy Alto,6,15.86,Sí,No,Mariscos,Sí,Dato no cargado,Dato no cargado,App,15346,45-54
9957643727,Allison,Lewis,38,Femenino,Chicago,Medio,4,8.48,No,No,Mariscos,No,566-710-8612x26017,laura89@example.net,Efectivo,2213,35-44
4406121844,Victoria,Salinas,57,Femenino,Chicago,Bajo,3,7.85,Sí,Sí,Vegano,No,+1-978-361-2815x649,Dato no cargado,Tarjeta,1195,55-64
5928967807,Robert,Hill,39,Masculino,Chicago,Muy Alto,6,97.55,No,No,Pescado,Sí,Dato no cargado,arianarussell@example.com,App,13428,35-44
1224150855,Misty,Jordan,39,Femenino,Chicago,Medio,5,28.19,No,Sí,Carnes,No,Dato no cargado,Dato no cargado,App,2071,35-44
4824841317,Kimberly,Brown,50,Femenino,Chicago,Medio,4,20.52,No,No,Vegano,No,+1-529-709-0524x4964,Dato no cargado,Efectivo,2924,45-54
4929412506,Crystal,Smith,24,Femenino,Chicago,Bajo,2,5.81,No,Sí,Vegano,No,Dato no cargado,cynthia47@example.com,Efectivo,1320,18-24
6422260735,Rachel,Edwards,63,Femenino,Chicago,Medio,4,22.96,Sí,No,Vegetariano,No,001-735-449-7874x887,Dato no cargado,Tarjeta,2296,55-64
1299072274,Scott,Williams,24,Masculino,Chicago,Bajo,3,9.87,No,Sí,Carnes,No,Dato no cargado,Dato no cargado,App,833,18-24
9994275460,Michael,Nichols,78,Masculino,Chicago,Bajo,0,0.0,No,No,Carnes,No,+1-364-393-4076x826,rmadden@example.com,Efectivo,1397,65-80
4471692340,Elizabeth,Johnson,37,Femenino,Chicago,Alto,6,19.83,Sí,Sí,Vegetariano,Sí,Dato no cargado,Dato no cargado,Tarjeta,6637,35-44
8856273191,Jonathan,Bonilla,33,Masculino,Chicago,Muy Alto,8,61.95,No,No,Pescado,Sí,(427)219-7665x018,Dato no cargado,Tarjeta,11269,25-34
8902082046,William,Smith,37,Masculino,Chicago,Alto,4,30.06,Sí,No,Carnes,Sí,+1-716-987-3205x44210,eric61@example.com,Efectivo,7465,35-44
1036351450,Gordon,Sherman,24,Masculino,Chicago,Muy Alto,5,97.52,Sí,Sí,Vegetariano,Sí,Dato no cargado,Dato no cargado,Efectivo,10431,18-24
5704787996,Zachary,Black,32,Masculino,Chicago,Medio,4,10.81,Sí,Sí,No informado,No,(663)634-3030,dustinwebb@example.net,Tarjeta,3293,25-34
5449848690,Travis,Knight,63,Masculino,Chicago,Medio,2,7.75,No,Sí,Carnes,No,001-821-281-5419x333,Dato no cargado,App,2473,55-64
1408988968,Julie,Wang,52,Femenino,Chicago,Medio,3,12.12,No,Sí,Carnes,No,Dato no cargado,pwalker@example.org,Tarjeta,1785,45-54
9063589102,Steven,Wilkinson,39,Masculino,Chicago,Bajo,0,0.0,Sí,Sí,Carnes,No,373.260.6912,Dato no cargado,Tarjeta,1588,35-44
1982217497,Anthony,Jacobs,30,Masculino,Chicago,Medio,2,5.47,Sí,Sí,Pescado,No,233.285.0403,Dato no cargado,Efectivo,3354,25-34
2926870597,Linda,Irwin,60,Femenino,Chicago,Medio,5,16.25,Sí,Sí,Vegetariano,No,+1-470-373-1410x63361,Dato no cargado,Efectivo,1667,55-64
3620498703,Michael,Sanchez,33,Masculino,Chicago,Bajo,2,5.59,No,No,Carnes,No,+1-525-660-5271x1499,sheila54@example.org,Tarjeta,883,25-34
4626245608,Keith,Hayes,67,Masculino,Chicago,Bajo,0,0.0,Sí,Sí,Pescado,No,Dato no cargado,colleenrandall@example.org,Efectivo,1092,65-80
8245604266,Jason,Lam,21,Masculino,Chicago,Medio,4,10.25,No,No,Mariscos,No,+1-246-376-5425x13896,Dato no cargado,Efectivo,1871,18-24
8401467732,Tracy,Harris,41,Femenino,Chicago,Medio,4,25.07,Sí,Sí,Carnes,No,Dato no cargado,Dato no cargado,App,3276,35-44
6929748660,Alyssa,Hahn,23,Femenino,Chicago,Bajo,0,0.0,No,Sí,Vegetariano,No,916-297-3654x807,karencox@example.org,Efectivo,1599,18-24
6919490428,Brittany,Whitney,72,Femenino,Chicago,Alto,5,18.98,No,No,Mariscos,Sí,001-212-395-7398x930,Dato no cargado,Tarjeta,4305,65-80
7319616386,Lucas,Jordan,60,Masculino,Chicago,Alto,5,9.53,No,No,Otro,Sí,978-789-2784x55603,Dato no cargado,App,5877,55-64
9084449626,Tony,Pitts,73,Masculino,Chicago,Muy Alto,7,24.15,Sí,No,Carnes,Sí,Dato no cargado,esanchez@example.org,Efectivo,16907,65-80
4023132655,Brent,Torres,61,Masculino,Chicago,Bajo,3,6.46,No,No,Otro,No,(562)821-7353x48399,racheljenkins@example.org,App,1245,55-64
9703790129,Kristi,Garcia,60,Femenino,Chicago,Alto,6,30.54,Sí,No,Mariscos,Sí,+1-732-780-6677x346,Dato no cargado,App,6377,55-64
3272557267,Christina,Taylor,61,Femenino,Chicago,Medio,4,25.97,Sí,Sí,Carnes,No,+1-782-561-8119x4004,Dato no cargado,Tarjeta,2523,55-64
3633493031,Zachary,Shelton,40,Masculino,Chicago,Alto,4,5.64,Sí,No,Vegetariano,Sí,+1-405-512-8537x43166,robert69@example.org,Tarjeta,6779,35-44
6385955489,Scott,Richard,23,Masculino,Chicago,Muy Alto,8,103.56,No,Sí,Carnes,Sí,+1-616-385-4037x125,Dato no cargado,App,9060,18-24
1279384728,Janet,Brandt,78,Femenino,Chicago,Bajo,3,7.2,No,Sí,Otro,No,Dato no cargado,Dato no cargado,Efectivo,1514,65-80
7447472936,Anthony,Leonard,59,Masculino,Chicago,Medio,2,20.78,No,No,Vegano,Sí,Dato no cargado,timothy02@example.org,Efectivo,2778,55-64
4208968900,Christina,Nelson,45,Femenino,Chicago,Bajo,1,8.32,Sí,Sí,Vegetariano,No,Dato no cargado,Dato no cargado,Tarjeta,1171,45-54
6034775299,Michelle,Jarvis,48,Femenino,Chicago,Medio,5,29.9,No,No,Otro,No,Dato no cargado,zfuller@example.net,Efectivo,3377,45-54
8353842159,Krista,Hanson,41,Femenino,Chicago,Medio,4,22.29,Sí,Sí,Carnes,No,276-320-3397x228,sandrarodriguez@example.net,Efectivo,2564,35-44
7891313799,Brian,Norris,55,Masculino,Chicago,Medio,3,27.42,No,No,Carnes,No,Dato no cargado,iavery@example.org,App,3432,55-64
5918906354,Rebecca,Pennington,76,Femenino,Chicago,Bajo,3,9.3,Sí,No,Vegetariano,No,001-218-848-7812x9392,wilsonmichael@example.com,Tarjeta,1478,65-80
7005004890,Brandon,Ritter,54,Masculino,Chicago,Medio,5,18.25,No,No,Vegetariano,No,Dato no cargado,Dato no cargado,Efectivo,2138,45-54
1558739878,Amy,Warner,55,Femenino,Chicago,Medio,5,5.1,Sí,Sí,Carnes,No,Dato no cargado,jennifercarr@example.org,App,1753,55-64
3878201524,Krystal,Hinton,47,Femenino,Chicago,Alto,4,57.93,Sí,Sí,Mariscos,Sí,497.320.8378x4037,Dato no cargado,App,5030,45-54
7534242021,Timothy,Dixon,22,Masculino,Chicago,Alto,5,19.9,No,Sí,Pescado,No,Dato no cargado,robert23@example.org,App,7685,18-24
8337488664,Ronald,Scott,77,Masculino,Chicago,Muy Alto,6,59.67,No,No,Vegetariano,Sí,2982369040,Dato no cargado,Efectivo,11347,65-80
8048528042,Holly,Petersen,52,Femenino,Chicago,Bajo,0,0.0,Sí,No,Vegano,No,Dato no cargado,woodcharles@example.com,App,1212,45-54
8050808371,Brianna,Gibson,70,Femenino,Chicago,Alto,5,41.83,Sí,Sí,Vegano,Sí,9988867532,Dato no cargado,App,6236,65-80
9866648716,Stephen,Hall,37,Masculino,Chicago,Bajo,3,7.54,Sí,No,Carnes,No,Dato no cargado,Dato no cargado,Efectivo,838,35-44
3955584359,David,Ferguson,38,Masculino,Chicago,Muy Alto,7,22.8,No,Sí,Otro,Sí,(624)976-2493x16047,gthomas@example.com,App,13280,35-44
9393609813,Gerald,Scott,62,Masculino,Chicago,Bajo,1,9.1,No,Sí,Vegetariano,No,Dato no cargado,Dato no cargado,Tarjeta,1407,55-64
8139112018,Gregory,Walton,72,Masculino,Chicago,Medio,5,8.42,No,Sí,Vegetariano,No,Dato no cargado,graynichole@example.net,Tarjeta,2587,65-80
9862196347,Daniel,Miller,23,Masculino,Chicago,Alto,4,47.5,Sí,Sí,Vegano,Sí,+1-832-475-8530x499,Dato no cargado,Tarjeta,6017,18-24
1614599226,Sarah,Bush,60,Femenino,Chicago,Medio,2,12.19,Sí,No,Vegetariano,Sí,Dato no cargado,Dato no cargado,Tarjeta,2543,55-64
4422047639,Patrick,Owens,57,Masculino,Chicago,Medio,3,8.71,Sí,Sí,Mariscos,No,(951)511-5874x740,Dato no cargado,Tarjeta,2978,55-64
7665312780,Christine,Lawson,57,Femenino,Chicago,Medio,5,25.8,Sí,Sí,Carnes,No,+1-651-204-2475x39447,Dato no cargado,Tarjeta,2147,55-64
1747742020,Kyle,Dixon,69,Masculino,Chicago,Alto,6,54.31,Sí,Sí,Carnes,No,Dato no cargado,Dato no cargado,App,7584,65-80
4419806973,Phillip,Garcia,35,Masculino,Chicago,Alto,6,25.75,Sí,Sí,Mariscos,No,658.301.7502x104,xjames@example.org,Efectivo,8375,35-44
4502414628,Ashley,Cole,47,Femenino,Chicago,Alto,6,21.4,Sí,Sí,Pescado,No,Dato no cargado,hendersondebra@example.com,Efectivo,5677,45-54
9113787660,Wayne,Watts,27,Masculino,Chicago,Bajo,0,0.0,No,Sí,Pescado,No,Dato no cargado,william59@example.com,Efectivo,1198,25-34
6676615784,Terry,Edwards,49,Masculino,Chicago,Bajo,3,7.68,No,Sí,No informado,No,Dato no cargado,lambearl@example.net,App,878,45-54
6958816903,Savannah,Diaz,57,Femenino,Chicago,Medio,5,8.3,No,Sí,No informado,No,Dato no cargado,albert86@example.net,Tarjeta,2939,55-64
5197171779,Miranda,Villarreal,70,Femenino,Chicago,Alto,5,13.96,No,Sí,Vegano,Sí,Dato no cargado,nburke@example.org,Efectivo,7790,65-80
7356407384,Misty,Clark,80,Femenino,Chicago,Alto,4,58.13,Sí,No,Otro,Sí,460.896.0980x34175,Dato no cargado,Efectivo,7216,65-80
1626733282,Gabrielle,Robinson,55,Femenino,Chicago,Medio,4,9.51,Sí,Sí,Carnes,No,Dato no cargado,Dato no cargado,Tarjeta,2077,55-64
6392453535,Brooke,Dickson,35,Femenino,Chicago,Alto,6,9.84,Sí,Sí,Carnes,Sí,Dato no cargado,richard77@example.com,Efectivo,6539,35-44
7015798024,Craig,Jones,49,Masculino,Chicago,Muy Alto,5,27.34,Sí,No,Carnes,Sí,Dato no cargado,bryan71@example.org,Tarjeta,9304,45-54
1044650596,David,Garcia,55,Masculino,Chicago,Alto,6,58.06,No,Sí,Vegano,No,+1-784-503-1818x8091,kara36@example.com,Tarjeta,6156,55-64
7891963447,Stephanie,Hernandez,72,Femenino,Chicago,Medio,4,21.73,Sí,No,Mariscos,No,+1-613-415-2112x5720,meyeranthony@example.net,Tarjeta,3025,65-80
2670817331,Patrick,Meyers,48,Masculino,Chicago,Muy Alto,7,44.0,Sí,No,Mariscos,Sí,308.207.1660,Dato no cargado,Tarjeta,12040,45-54
3151271937,Donald,Rasmussen,70,Masculino,Chicago,Alto,6,54.21,Sí,No,Otro,Sí,865-307-0065x403,Dato no cargado,App,8117,65-80
1867562781,Janet,Jones,77,Femenino,Chicago,Medio,4,13.56,Sí,No,Vegetariano,No,001-373-204-0326x34308,tiffany06@example.com,Efectivo,2074,65-80
8169225249,Michael,Holt,49,Masculino,Chicago,Muy Alto,8,16.14,Sí,No,Vegano,Sí,284.798.0008x716,wendy34@example.com,App,14921,45-54
5205879645,Tiffany,Hicks,70,Femenino,Chicago,Alto,5,46.23,No,No,Vegano,Sí,Dato no cargado,hollygray@example.org,App,5800,65-80
3297681898,Kevin,Moreno,61,Masculino,Chicago,Medio,5,19.26,No,Sí,Otro,No,+1-939-620-1617x098,Dato no cargado,Efectivo,3281,55-64
3345666824,Michael,Lowe,31,Masculino,Chicago,Bajo,3,9.73,Sí,Sí,Mariscos,No,Dato no cargado,Dato no cargado,Efectivo,810,25-34
2762511121,Michelle,Huang,51,Femenino,Chicago,Medio,5,27.64,No,Sí,Otro,No,Dato no cargado,kylewebb@example.net,Efectivo,1884,45-54
9749384328,Douglas,Butler,43,Masculino,Chicago,Medio,2,7.74,No,No,Vegano,No,001-524-618-2921x35734,briana66@example.org,Efectivo,1836,35-44
9078732141,Laura,Ramirez,54,Femenino,Chicago,Bajo,0,0.0,Sí,Sí,Carnes,No,+1-817-963-4123x5074,Dato no cargado,Efectivo,1395,45-54
6551484064,Stephanie,Navarro,30,Femenino,Chicago,Muy Alto,9,91.11,No,Sí,Otro,Sí,Dato no cargado,keithgarrett@example.com,Efectivo,12432,25-34
8572703406,Michelle,Bradford,73,Femenino,Chicago,Alto,4,5.33,Sí,No,Otro,Sí,Dato no cargado,Dato no cargado,Tarjeta,7889,65-80
2425445531,Peggy,Lowe,62,Femenino,Chicago,Alto,5,58.69,No,No,Carnes,Sí,Dato no cargado,Dato no cargado,Tarjeta,8166,55-64
4323438329,Stephanie,Rowland,26,Femenino,Chicago,Medio,5,8.55,Sí,Sí,Otro,No,350-505-0863x051,Dato no cargado,Efectivo,3030,25-34
5896516222,Erin,Knox,60,Femenino,Chicago,Bajo,0,0.0,Sí,No,No informado,No,Dato no cargado,Dato no cargado,Tarjeta,959,55-64
3993428311,Mark,Hanson,33,Masculino,Chicago,Alto,5,49.05,Sí,No,Mariscos,Sí,Dato no cargado,hhunter@example.net,Efectivo,5183,25-34
6107893726,Sheri,Diaz,40,Femenino,Chicago,Alto,5,25.21,No,Sí,Vegano,No,270.239.3565,Dato no cargado,Tarjeta,6408,35-44
1361167065,Thomas,Sharp,48,Masculino,Chicago,Alto,5,34.0,Sí,No,Pescado,Sí,Dato no cargado,Dato no cargado,App,7508,45-54
9697354961,Kelly,Montgomery,67,Femenino,Chicago,Medio,2,10.97,No,Sí,Carnes,No,(226)284-7347,shaungrant@example.com,Efectivo,3190,65-80
8924256519,Christopher,Morton,40,Masculino,Chicago,Muy Alto,10,69.32,Sí,No,Pescado,Sí,(254)543-4509,christianross@example.org,Efectivo,12758,35-44
5044110960,Eduardo,Martin,52,Masculino,Chicago,Bajo,0,0.0,Sí,No,Mariscos,No,Dato no cargado,elizabethrios@example.org,App,1477,45-54
8858807026,Brandon,Baker,40,Masculino,Chicago,Medio,3,15.21,Sí,Sí,Pescado,No,Dato no cargado,comptonjane@example.org,Tarjeta,3327,35-44
6588252632,Katie,Sullivan,34,Femenino,Chicago,Bajo,3,6.42,No,No,Carnes,No,001-411-440-7537x2322,Dato no cargado,Tarjeta,1589,25-34
7161404428,Stacy,Campbell,53,Femenino,Chicago,Bajo,0,0.0,No,Sí,Vegetariano,No,Dato no cargado,amandasims@example.com,Tarjeta,1265,45-54
4354557478,Joseph,Brown,60,Masculino,Chicago,Medio,3,14.14,No,No,Otro,No,Dato no cargado,Dato no cargado,App,2479,55-64
6161112188,Phillip,Arnold,35,Masculino,Chicago,Alto,4,59.18,No,Sí,Mariscos,Sí,4418941446,hoffmanscott@example.com,Criptomoneda,6125,35-44
3596335142,Tony,Wong,44,Masculino,Chicago,Muy Alto,9,6.43,No,Sí,Vegetariano,Sí,Dato no cargado,Dato no cargado,Efectivo,9804,35-44
1510289448,Melissa,Oliver,52,Femenino,Chicago,Muy Alto,8,88.99,No,Sí,Mariscos,Sí,891.235.9321,Dato no cargado,Tarjeta,11616,45-54
5385913137,David,Holmes,71,Masculino,Chicago,Medio,5,5.2,No,No,Vegetariano,No,(863)791-7099x58727,bradley27@example.net,Tarjeta,2337,65-80
7139154182,Pamela,Lopez,47,Femenino,Chicago,Bajo,2,9.05,No,Sí,Otro,No,Dato no cargado,sarahpayne@example.com,Efectivo,1290,45-54
6734307882,Mitchell,Ward,41,Masculino,Chicago,Muy Alto,5,47.5,No,Sí,Vegetariano,Sí,(581)203-1176,mtaylor@example.com,App,11128,35-44
6691245684,David,Wood,27,Masculino,Chicago,Muy Alto,6,16.57,Sí,Sí,Carnes,No,453-785-9831x436,Dato no cargado,Efectivo,14936,25-34
5558819351,Dillon,Montgomery,77,Masculino,Chicago,Alto,4,41.77,No,Sí,Carnes,No,616-470-4571,Dato no cargado,Efectivo,4426,65-80
9835824674,Anthony,Hall,56,Masculino,Chicago,Muy Alto,10,100.84,Sí,Sí,Pescado,Sí,Dato no cargado,owatts@example.com,Efectivo,14349,55-64
9779326325,Katie,Gonzalez,63,Femenino,Chicago,Alto,5,18.43,Sí,Sí,No informado,No,Dato no cargado,cohenelizabeth@example.org,Tarjeta,7494,55-64
6298758112,Sandra,Stephens,77,Femenino,Chicago,Medio,4,24.32,No,No,Otro,Sí,(527)853-4706x360,marc76@example.com,Efectivo,3368,65-80
9097902298,Patricia,Duncan,59,Femenino,Chicago,Alto,5,46.28,No,Sí,Otro,Sí,Dato no cargado,Dato no cargado,App,3894,55-64
1067198189,Robert,Williams,34,Masculino,Chicago,Medio,5,22.77,Sí,No,Vegano,No,+1-971-603-8004,Dato no cargado,Tarjeta,2955,25-34
1460163367,Tony,Hinton,35,Masculino,Chicago,Medio,3,11.86,No,Sí,Vegetariano,No,965.637.5404,rogersmith@example.net,Efectivo,3357,35-44
1515297776,Steven,Brown,76,Masculino,Chicago,Medio,2,24.76,Sí,Sí,Pescado,No,Dato no cargado,Dato no cargado,App,3415,65-80
1682757684,Danny,Andrews,64,Masculino,Chicago,Medio,5,20.72,No,No,Carnes,No,001-217-975-3185x78198,tyler67@example.com,Tarjeta,2285,55-64
3506238866,Barbara,Williamson,60,Femenino,Chicago,Alto,4,41.7,Sí,Sí,Mariscos,No,Dato no cargado,enunez@example.com,App,6185,55-64
7916425506,Steven,Anderson,76,Masculino,Chicago,Muy Alto,10,57.5,Sí,No,Carnes,Sí,(927)604-9186,Dato no cargado,Efectivo,14010,65-80
6017450483,Cameron,Young,27,Masculino,Chicago,Bajo,3,9.67,No,Sí,Vegetariano,No,Dato no cargado,jessemaldonado@example.com,App,1130,25-34
6192554454,Carolyn,Romero,79,Femenino,Chicago,Muy Alto,7,28.29,No,No,Vegetariano,Sí,710.377.5509x201,Dato no cargado,Efectivo,17232,65-80
1435605571,Christopher,Gallagher,59,Masculino,Chicago,Bajo,3,6.83,Sí,No,Carnes,No,Dato no cargado,Dato no cargado,App,1074,55-64
8978424374,Mary,Ware,71,Femenino,Chicago,Muy Alto,7,15.3,Sí,Sí,Carnes,No,Dato no cargado,cjackson@example.com,Tarjeta,12816,65-80
9296067057,Emily,Schmidt,78,Femenino,Chicago,Alto,5,50.72,Sí,Sí,Vegetariano,Sí,001-333-606-5635x87154,morgan40@example.org,Tarjeta,6977,65-80
7066267665,Katherine,Bond,33,Femenino,Chicago,Bajo,2,7.11,No,Sí,Vegetariano,No,(653)704-6614x76817,Dato no cargado,App,1288,25-34
8663429809,Adam,Petersen,73,Masculino,Chicago,Muy Alto,10,55.04,No,No,Mariscos,Sí,(588)587-0129x32269,lisaswanson@example.net,Efectivo,17063,65-80
4763928633,Carla,James,62,Femenino,Chicago,Medio,5,13.98,Sí,No,Vegetariano,No,Dato no cargado,Dato no cargado,Tarjeta,3282,55-64
5995205693,Mitchell,Simmons,78,Masculino,Chicago,Medio,3,5.09,No,No,Carnes,No,Dato no cargado,Dato no cargado,Tarjeta,3117,65-80
9003066139,Bryan,Davis,41,Masculino,Chicago,Medio,2,25.41,No,No,Carnes,No,001-527-310-8462x7143,adamsjulia@example.com,Tarjeta,1809,35-44
5398198658,George,Foley,40,Masculino,Chicago,Medio,3,26.75,No,No,Carnes,No,575.522.9246x165,Dato no cargado,Criptomoneda,1635,35-44
9484128800,Bill,Carson,53,Masculino,Chicago,Bajo,2,8.95,Sí,Sí,Carnes,No,(271)212-6191,hmendoza@example.net,Efectivo,1191,45-54
4541329631,Jose,Leblanc,31,Masculino,Chicago,Muy Alto,8,85.55,No,Sí,Vegano,Sí,+1-250-551-7263,mitchelljustin@example.com,Efectivo,16048,25-34
5614884023,Stephanie,Alvarez,55,Femenino,Chicago,Medio,3,21.41,No,Sí,Otro,Sí,001-492-635-8270,Dato no cargado,Efectivo,1744,55-64
1160385771,Daniel,Smith,80,Masculino,Chicago,Bajo,2,8.69,No,Sí,Otro,No,Dato no cargado,Dato no cargado,Tarjeta,1467,65-80
4641146413,Dustin,Hardin,45,Masculino,Chicago,Muy Alto,6,55.02,No,Sí,Carnes,Sí,392-895-7290,larry97@example.net,Efectivo,14213,45-54
1552310411,Raymond,Hale,52,Masculino,Chicago,Medio,3,29.36,Sí,Sí,Mariscos,Sí,872-409-6502x6528,Dato no cargado,Efectivo,2043,45-54
4036163346,Tyler,Garcia,45,Masculino,Chicago,Bajo,1,5.07,Sí,Sí,Vegano,No,Dato no cargado,Dato no cargado,Efectivo,1575,45-54
6792865332,Christina,Wilson,57,Femenino,Chicago,Alto,5,55.85,Sí,No,Vegano,Sí,(519)635-9625,Dato no cargado,App,6658,55-64
9239159277,Lisa,Salas,23,Femenino,Chicago,Medio,4,24.89,Sí,Sí,Pescado,No,Dato no cargado,brownjoseph@example.org,Tarjeta,2314,18-24
6713675882,Alexis,Cox,36,Femenino,Chicago,Muy Alto,6,87.92,Sí,Sí,Mariscos,Sí,Dato no cargado,Dato no cargado,Tarjeta,12437,35-44
4153868951,Deborah,Oneal,42,Femenino,Chicago,Bajo,0,0.0,No,No,Carnes,No,(890)273-5596x3247,Dato no cargado,Tarjeta,1581,35-44
2615680875,Katrina,Klein,40,Femenino,Chicago,Bajo,2,9.27,No,No,Vegetariano,Sí,2872617820,Dato no cargado,Efectivo,955,35-44
8586413913,Thomas,Reyes,47,Masculino,Chicago,Alto,5,5.25,No,No,Vegano,Sí,6133350797,Dato no cargado,Tarjeta,8158,45-54
9246709525,Jessica,Roberts,79,Femenino,Chicago,Medio,5,10.04,Sí,No,Carnes,No,Dato no cargado,Dato no cargado,Efectivo,2142,65-80
1659663750,Austin,Williamson,43,Masculino,Chicago,Medio,4,27.98,Sí,No,Pescado,No,Dato no cargado,kathryn50@example.com,Efectivo,2240,35-44
3759658057,Dawn,Jones,45,Femenino,Chicago,Medio,4,19.75,No,Sí,Carnes,No,Dato no cargado,turnerlisa@example.net,Efectivo,3378,45-54
5358592089,Lori,Martin,23,Femenino,Chicago,Bajo,1,5.35,No,Sí,Carnes,No,Dato no cargado,hjohnson@example.org,Efectivo,1240,18-24
1642007038,Sylvia,Rodgers,54,Femenino,Chicago,Muy Alto,7,100.72,No,Sí,Mariscos,Sí,605.958.2712,Dato no cargado,Efectivo,9177,45-54
9075512531,David,Mckinney,62,Masculino,Chicago,Alto,5,59.66,Sí,Sí,Otro,Sí,Dato no cargado,Dato no cargado,Efectivo,3952,55-64
2910594463,Andrea,Atkins,47,Femenino,Chicago,Medio,4,24.8,Sí,No,Mariscos,Sí,Dato no cargado,Dato no cargado,Efectivo,1738,45-54
3458675898,Marie,Davis,59,Femenino,Chicago,Muy Alto,9,81.11,No,No,Vegetariano,Sí,Dato no cargado,stevenknapp@example.com,App,14033,55-64
3853545939,Vanessa,Powell,43,Femenino,Chicago,Bajo,1,9.01,No,Sí,Mariscos,No,Dato no cargado,victor49@example.org,App,1152,35-44
5615746104,Michael,Hall,28,Masculino,Chicago,Alto,6,28.48,Sí,Sí,Pescado,No,570.521.3623,plee@example.net,App,8338,25-34
9644630266,Chad,Phillips,55,Masculino,Chicago,Medio,4,19.56,Sí,Sí,Pescado,No,Dato no cargado,Dato no cargado,App,2466,55-64
9841448679,Michelle,Vargas,71,Femenino,Chicago,Medio,5,14.35,No,No,Carnes,No,232.733.6155x25565,Dato no cargado,App,2621,65-80
5418737410,Jeffrey,Lucas,61,Masculino,Chicago,Muy Alto,6,46.73,Sí,No,Carnes,No,Dato no cargado,smithdana@example.org,App,10243,55-64
3255736583,Kara,Caldwell,50,Femenino,Chicago,Alto,4,20.65,No,No,Pescado,Sí,770-358-1239,eoconnor@example.com,Tarjeta,6760,45-54
1802138863,Scott,Reed,36,Masculino,Chicago,Bajo,1,8.33,Sí,No,Mariscos,No,Dato no cargado,Dato no cargado,Tarjeta,931,35-44
8304156673,Kimberly,Diaz,37,Femenino,Chicago,Muy Alto,5,9.75,No,No,Carnes,Sí,Dato no cargado,Dato no cargado,Efectivo,9132,35-44
6649840375,Kimberly,Hernandez,35,Femenino,Chicago,Bajo,1,6.94,No,Sí,Carnes,No,+1-848-637-3614x282,Dato no cargado,Tarjeta,962,35-44
9614632998,Stephen,Davis,50,Masculino,Chicago,Muy Alto,9,24.69,No,No,Vegano,Sí,Dato no cargado,ngilbert@example.org,Efectivo,15628,45-54
8788381313,Laura,Rose,41,Femenino,Chicago,Medio,5,22.54,No,Sí,Carnes,No,Dato no cargado,Dato no cargado,Tarjeta,1707,35-44
6895523232,Kathleen,Olson,50,Femenino,Chicago,Medio,5,9.28,No,No,Mariscos,No,Dato no cargado,Dato no cargado,Tarjeta,2023,45-54
3228515788,Adam,Harris,27,Masculino,Chicago,Medio,3,25.31,No,Sí,Vegano,No,(870)345-9131,Dato no cargado,Tarjeta,2084,25-34
4219957041,Jody,Foster,41,Femenino,Chicago,Medio,5,29.51,Sí,No,Carnes,No,+1-880-267-3669x7996,wrightdenise@example.com,Efectivo,2360,35-44
4843436362,Kimberly,Henry,60,Femenino,Chicago,Alto,6,11.95,Sí,Sí,Otro,Sí,Dato no cargado,heatherporter@example.com,App,5203,55-64
1139082827,Rachel,Carter,40,Femenino,Chicago,Medio,5,11.89,No,No,No informado,No,+1-254-819-1143x0070,erika05@example.com,Efectivo,2468,35-44
9541218115,Megan,Smith,67,Femenino,Chicago,Alto,6,32.94,No,No,Pescado,No,+1-609-722-8789x5723,lisalyons@example.org,App,5304,65-80
5184564874,Roberto,Shaw,66,Masculino,Chicago,Medio,4,12.04,Sí,No,Vegano,No,Dato no cargado,Dato no cargado,Tarjeta,2154,65-80
7858997343,Stephen,Clarke,50,Masculino,Chicago,Alto,4,49.8,No,Sí,Otro,No,Dato no cargado,courtney63@example.org,Tarjeta,4746,45-54
1756345332,Robin,Walton,70,Femenino,Chicago,Bajo,1,8.81,No,Sí,Vegetariano,No,(305)788-6282x7620,Dato no cargado,Criptomoneda,1365,65-80
3068007538,David,Jones,36,Masculino,Chicago,Medio,3,29.0,No,No,Vegetariano,No,Dato no cargado,danielmorales@example.com,Tarjeta,2507,35-44
8812425482,Reginald,Becker,43,Masculino,Chicago,Bajo,3,8.56,No,No,Mariscos,No,001-242-688-7171x11265,lance69@example.org,Efectivo,1195,35-44
6615791394,Mary,Camacho,63,Femenino,Chicago,Alto,6,44.88,No,Sí,Carnes,Sí,Dato no cargado,lynn77@example.com,Efectivo,5917,55-64
7292658995,David,Atkinson,54,Masculino,Chicago,Alto,6,47.6,Sí,Sí,Carnes,Sí,+1-396-889-5504x144,Dato no cargado,Tarjeta,5202,45-54
3260842187,Christine,Kelley,27,Femenino,Chicago,Alto,4,17.46,No,Sí,Otro,Sí,9218070152,Dato no cargado,Tarjeta,4464,25-34
6165396229,Samantha,Lozano,48,Femenino,Chicago,Muy Alto,5,96.46,Sí,Sí,Vegano,Sí,Dato no cargado,Dato no cargado,App,17076,45-54
4953200174,Stuart,Mason,79,Masculino,Chicago,Alto,6,5.27,Sí,No,Otro,No,Dato no cargado,laurachavez@example.net,Efectivo,6029,65-80
8063854340,Charles,Jones,24,Masculino,Chicago,Medio,4,15.38,Sí,Sí,Vegetariano,No,721.703.7620x1102,jonesdaniel@example.com,App,1967,18-24
2846085277,Carrie,Silva,42,Femenino,Chicago,Medio,5,17.575,Sí,Sí,Vegetariano,No,+1-627-438-9028x625,Dato no cargado,Efectivo,3410,35-44
5067288681,Alicia,Davis,77,Femenino,Chicago,Medio,5,20.38,No,Sí,Mariscos,No,Dato no cargado,zsmith@example.com,App,2285,65-80
5434046660,John,Gray,64,Masculino,Chicago,Alto,6,14.14,No,No,Vegano,No,+1-632-804-9545,Dato no cargado,Tarjeta,4311,55-64
4522669381,Dawn,Lloyd,55,Femenino,Chicago,Muy Alto,8,47.67,Sí,Sí,Vegetariano,Sí,Dato no cargado,vmadden@example.com,Tarjeta,10294,55-64
6530318753,David,Aguilar,32,Masculino,Chicago,Medio,3,26.14,Sí,No,Vegano,No,Dato no cargado,Dato no cargado,Efectivo,3242,25-34
2773545435,Karen,Jensen,77,Femenino,Chicago,Muy Alto,8,96.63,Sí,No,Vegetariano,Sí,001-214-317-3799x3323,nataliereese@example.com,App,10690,65-80
9516893896,Andrew,Jennings,45,Masculino,Chicago,Medio,2,17.79,Sí,No,Pescado,No,Dato no cargado,Dato no cargado,Efectivo,1701,45-54
8472590428,William,Bartlett,78,Masculino,Chicago,Alto,5,11.6,No,Sí,Pescado,Sí,Dato no cargado,Dato no cargado,Efectivo,3789,65-80
2777816561,Kimberly,Gordon,32,Femenino,Chicago,Alto,6,31.8,Sí,No,Mariscos,Sí,Dato no cargado,roberthensley@example.com,Tarjeta,3959,25-34
6520895998,John,Howard,53,Masculino,Chicago,Bajo,2,8.59,Sí,No,Vegetariano,No,201-699-1010x6240,salinasemily@example.com,Efectivo,1077,45-54
8266252438,Donald,Simon,52,Masculino,Chicago,Medio,5,25.34,Sí,Sí,Vegetariano,No,+1-322-909-0508x324,Dato no cargado,Efectivo,1636,45-54
9725510256,Stephen,Meyers,66,Masculino,Chicago,Bajo,1,8.54,Sí,Sí,Carnes,No,Dato no cargado,Dato no cargado,Tarjeta,891,65-80
5366583537,Caitlin,Woods,72,Femenino,Chicago,Bajo,0,0.0,No,No,Vegetariano,No,(877)471-2179x6488,leachcassie@example.org,Tarjeta,816,65-80
7610754145,Thomas,Fletcher,22,Masculino,Chicago,Medio,5,25.76,No,Sí,Pescado,No,Dato no cargado,penagregory@example.org,Tarjeta,3466,18-24
5887542842,Michelle,Escobar,30,Femenino,Chicago,Alto,4,30.93,Sí,Sí,Vegetariano,Sí,Dato no cargado,ashelton@example.org,Tarjeta,8603,25-34
1683671517,Ashley,Wood,55,Femenino,Chicago,Medio,4,17.75,Sí,No,Carnes,No,Dato no cargado,Dato no cargado,Efectivo,3322,55-64
2167970229,Shaun,Olson,54,Masculino,Chicago,Bajo,2,7.01,No,No,Carnes,No,Dato no cargado,Dato no cargado,App,823,45-54
4727306207,Carolyn,Cortez,48,Femenino,Chicago,Bajo,2,7.57,No,Sí,Mariscos,No,Dato no cargado,Dato no cargado,App,1489,45-54
8832777853,Marc,Luna,43,Masculino,Chicago,Alto,6,44.29,Sí,No,No informado,Sí,+1-475-505-3389,Dato no cargado,App,5216,35-44
5328375703,Renee,Ochoa,58,Femenino,Chicago,Alto,4,21.75,Sí,Sí,Vegetariano,Sí,5448444776,colecharles@example.com,Efectivo,4087,55-64
6383227541,Kristy,Christian,44,Femenino,Chicago,Muy Alto,7,64.46,No,No,Vegetariano,Sí,001-466-264-8140,Dato no cargado,Efectivo,12083,35-44
7911982700,Marisa,Miranda,28,Femenino,Chicago,Muy Alto,10,22.1,Sí,Sí,Carnes,Sí,(551)873-8878,terribrown@example.org,Tarjeta,9928,25-34
3678781029,Theresa,Jimenez,45,Femenino,Chicago,Muy Alto,7,67.29,Sí,Sí,Otro,Sí,234-611-3780,gcastro@example.com,Tarjeta,15175,45-54
9603781899,Alejandra,Riley,26,Femenino,Chicago,Bajo,2,6.22,No,Sí,Mariscos,No,Dato no cargado,Dato no cargado,Efectivo,1260,25-34
4590760161,Megan,Johns,27,Femenino,Chicago,Bajo,0,0.0,No,Sí,Carnes,No,+1-540-449-7844x28225,Dato no cargado,Efectivo,1270,25-34
6521917317,Angela,Mendoza,44,Femenino,Chicago,Bajo,1,9.49,Sí,Sí,Carnes,No,Dato no cargado,Dato no cargado,Efectivo,1380,35-44
2335984617,Amy,Luna,69,Femenino,Chicago,Muy Alto,9,22.44,Sí,Sí,Pescado,Sí,Dato no cargado,Dato no cargado,App,13742,65-80
1014477641,John,Perry,18,Masculino,Chicago,Medio,4,6.47,No,Sí,Carnes,No,+1-649-880-5237,terri88@example.com,Tarjeta,2797,18-24
8653848836,Martha,Robles,27,Femenino,Chicago,Bajo,3,5.89,No,Sí,Pescado,No,719-693-6051,Dato no cargado,Efectivo,865,25-34
3945654437,Carmen,Thomas,36,Femenino,Chicago,Bajo,1,9.79,No,No,Carnes,No,(356)312-1122,Dato no cargado,Efectivo,1460,35-44
7846365089,Adrienne,Smith,61,Femenino,Chicago,Medio,4,27.74,No,Sí,Carnes,No,978.559.7246,Dato no cargado,Efectivo,3270,55-64
3991528284,Anthony,Frazier,61,Masculino,Chicago,Bajo,3,8.98,Sí,No,Carnes,No,Dato no cargado,jmurphy@example.com,Tarjeta,1168,55-64
6842398927,Michelle,Baker,24,Femenino,Chicago,Medio,3,7.21,No,Sí,No informado,No,+1-520-367-1477x7342,Dato no cargado,Tarjeta,2444,18-24
7342664185,Jeffrey,Williams,54,Masculino,Chicago,Alto,5,49.45,Sí,No,Otro,No,Dato no cargado,justinneal@example.net,Efectivo,4391,45-54
4614933836,William,Osborne,19,Masculino,Chicago,Alto,5,56.31,No,No,Vegetariano,Sí,(645)887-1304x08164,Dato no cargado,Efectivo,4128,18-24
8023085096,Theodore,Larson,51,Masculino,Chicago,Alto,6,34.87,No,No,Vegano,Sí,882-984-7833,wdominguez@example.com,Tarjeta,5638,45-54
4343752340,Sarah,Jensen,21,Femenino,Chicago,Medio,4,17.82,No,Sí,Vegano,No,Dato no cargado,Dato no cargado,App,3134,18-24
4621295016,Eric,Moss,22,Masculino,Chicago,Bajo,2,9.22,Sí,Sí,Carnes,No,Dato no cargado,Dato no cargado,App,1384,18-24
4689642822,Robert,Frazier,35,Masculino,Chicago,Muy Alto,6,13.49,No,Sí,Vegetariano,Sí,Dato no cargado,connie85@example.com,Efectivo,16732,35-44
9914204506,Erica,Thomas,71,Femenino,Chicago,Medio,2,10.5,No,No,Otro,No,Dato no cargado,Dato no cargado,Tarjeta,2716,65-80
4312964517,Aaron,Casey,68,Masculino,Chicago,Alto,6,30.09,Sí,Sí,Vegetariano,Sí,(626)513-3783x36241,Dato no cargado,Tarjeta,4234,65-80
3896092559,Monica,Cooper,28,Femenino,Chicago,Medio,4,18.46,Sí,No,Vegetariano,Sí,778.425.8610x621,ryan37@example.org,App,2160,25-34
7108362060,Kyle,Williams,54,Masculino,Chicago,Bajo,0,0.0,Sí,Sí,Vegetariano,No,+1-691-835-5978x78687,Dato no cargado,Efectivo,876,45-54
5160575046,Garrett,Douglas,78,Masculino,Chicago,Muy Alto,9,37.94,Sí,Sí,Pescado,Sí,Dato no cargado,Dato no cargado,Efectivo,16603,65-80
9948433113,Rhonda,Buck,18,Femenino,Chicago,Bajo,3,8.83,Sí,Sí,Carnes,No,283.545.8466,Dato no cargado,Efectivo,1177,18-24
7937039588,Deanna,Ruiz,68,Femenino,Chicago,Medio,3,17.87,Sí,Sí,Pescado,No,Dato no cargado,chad72@example.net,Criptomoneda,2546,65-80
3516975722,Katie,Brady,54,Femenino,Chicago,Medio,3,27.06,Sí,No,Vegano,No,Dato no cargado,Dato no cargado,App,2739,45-54
2905584866,Nicole,Watts,78,Femenino,Chicago,Medio,5,26.98,No,No,Vegano,No,802.648.9115x6373,Dato no cargado,Tarjeta,2903,65-80
1720578321,Robert,Nelson,77,Masculino,Chicago,Alto,5,25.6,No,Sí,Carnes,Sí,Dato no cargado,Dato no cargado,Efectivo,4137,65-80
9335510635,Laura,Ashley,54,Femenino,Chicago,Medio,5,24.57,No,No,Pescado,No,Dato no cargado,amyle@example.org,Tarjeta,2503,45-54
7129815667,Andrea,Davidson,21,Femenino,Chicago,Medio,4,25.72,No,No,Vegetariano,No,519-642-2174x4320,glenhickman@example.com,Criptomoneda,1847,18-24
1031480001,Sabrina,Lawrence,68,Femenino,Chicago,Alto,4,11.3,Sí,Sí,No informado,Sí,Dato no cargado,Dato no cargado,Efectivo,8242,65-80
6208039416,Suzanne,Drake,69,Femenino,Chicago,Muy Alto,6,53.11,Sí,Sí,Vegetariano,Sí,001-915-265-9943,Dato no cargado,App,11327,65-80
7487889664,Mathew,Mejia,24,Masculino,Chicago,Medio,3,25.64,No,No,Carnes,No,817.974.1267,Dato no cargado,Tarjeta,3096,18-24
9674633671,Lance,Williams,20,Masculino,Chicago,Muy Alto,6,47.1,No,Sí,Mariscos,Sí,+1-808-737-8405x38556,Dato no cargado,Tarjeta,12098,18-24
1775424747,Jennifer,Young,67,Femenino,Chicago,Alto,4,7.76,No,Sí,Vegetariano,No,4644494053,Dato no cargado,Efectivo,5408,65-80
7472102368,Abigail,Clark,52,Femenino,Chicago,Bajo,2,8.01,Sí,Sí,Pescado,No,Dato no cargado,ellisonchristina@example.com,Tarjeta,1458,45-54
1297517576,Samantha,Nelson,66,Femenino,Chicago,Medio,4,25.47,Sí,Sí,Otro,No,Dato no cargado,sonya06@example.com,Efectivo,2963,65-80
8130780835,Tyler,Snyder,33,Masculino,Chicago,Medio,5,27.54,Sí,Sí,Vegano,No,790-368-3712x2812,jacqueline16@example.net,App,1748,25-34
1055183168,Elizabeth,Flynn,62,Femenino,Chicago,Alto,6,8.03,No,Sí,Mariscos,No,Dato no cargado,gward@example.org,Tarjeta,4044,55-64
2640019499,Willie,Paul,78,Masculino,Chicago,Bajo,2,9.51,Sí,No,Otro,No,Dato no cargado,Dato no cargado,Efectivo,1075,65-80
5501528110,Holly,Suarez,70,Femenino,Chicago,Alto,4,9.29,No,Sí,Vegetariano,No,001-665-558-8768x5256,zbrown@example.com,App,7443,65-80
5629257824,Kayla,Taylor,32,Femenino,Chicago,Alto,4,43.21,No,Sí,Carnes,Sí,Dato no cargado,kellermelinda@example.net,Tarjeta,6441,25-34
3877911915,Dakota,Hinton,67,Masculino,Chicago,Medio,3,21.61,No,No,No informado,No,(937)542-3451x885,Dato no cargado,Tarjeta,2862,65-80
1444142885,Heather,Stone,62,Femenino,Chicago,Bajo,0,0.0,No,Sí,Vegetariano,No,001-286-258-1187x4070,wjackson@example.org,Efectivo,1546,55-64
4399321649,Mark,Roman,25,Masculino,Chicago,Muy Alto,7,77.42,Sí,Sí,Carnes,Sí,399.387.3675,iwiggins@example.com,Criptomoneda,10851,25-34
9609562782,Hayley,Mueller,22,Femenino,Chicago,Muy Alto,10,68.53,No,Sí,Mariscos,Sí,6596071071,davidnash@example.org,Efectivo,12462,18-24
5292015249,Ryan,Knight,60,Masculino,Chicago,Bajo,2,5.22,Sí,Sí,No informado,No,Dato no cargado,kaitlinayala@example.com,Efectivo,871,55-64
4691872755,Cody,Fleming,59,Masculino,Chicago,Medio,4,18.64,Sí,No,Vegetariano,No,Dato no cargado,walter50@example.net,Tarjeta,2120,55-64
5482740815,Karen,Williams,35,Femenino,Chicago,Alto,5,45.54,No,Sí,Carnes,Sí,(844)721-6920,Dato no cargado,Tarjeta,5908,35-44
9737874336,John,Herrera,61,Masculino,Chicago,Medio,4,25.63,Sí,Sí,Carnes,No,Dato no cargado,monicaallen@example.org,Tarjeta,2039,55-64
2496246268,Colton,Robinson,22,Masculino,Chicago,Muy Alto,7,72.37,No,Sí,Vegetariano,Sí,Dato no cargado,Dato no cargado,Efectivo,11906,18-24
4266280363,Timothy,Clark,25,Masculino,Chicago,Bajo,3,8.51,No,Sí,Vegetariano,No,963-333-9512x2324,ryan04@example.com,Tarjeta,1178,25-34
9724305658,Katherine,Turner,71,Femenino,Chicago,Alto,4,16.1,Sí,No,Pescado,No,Dato no cargado,Dato no cargado,Efectivo,4520,65-80
2242377075,Edward,Hernandez,19,Masculino,Chicago,Alto,4,52.81,No,Sí,Vegano,Sí,Dato no cargado,Dato no cargado,Tarjeta,5391,18-24
5721935443,Christina,Freeman,24,Femenino,Chicago,Alto,5,26.45,No,Sí,Vegetariano,Sí,+1-975-377-1501x66347,cameronrice@example.net,Tarjeta,4921,18-24
5342553958,Christine,Holland,28,Femenino,Chicago,Bajo,1,7.97,Sí,No,Otro,No,908.933.1413x364,williamschristopher@example.org,App,1246,25-34
7175520429,Mark,Clay,68,Masculino,Chicago,Medio,3,14.61,Sí,Sí,Pescado,No,Dato no cargado,michaelburch@example.com,Efectivo,1894,65-80
9850942926,Daniel,Lopez,59,Masculino,Chicago,Muy Alto,6,68.17,No,Sí,Pescado,Sí,(440)457-2018,Dato no cargado,Efectivo,13927,55-64
2349641712,Rachael,Martinez,50,Femenino,Chicago,Medio,2,15.54,No,Sí,Vegetariano,Sí,(740)598-5661x14408,collierdaniel@example.com,Tarjeta,2426,45-54
1498017051,Kelly,Bailey,50,Femenino,Chicago,Alto,4,25.69,Sí,No,Vegetariano,No,896.902.2511x7025,Dato no cargado,Tarjeta,4104,45-54
3961583650,Thomas,Rangel,32,Masculino,Chicago,Muy Alto,10,34.82,No,Sí,Carnes,No,Dato no cargado,Dato no cargado,Efectivo,14770,25-34
7784606817,Lisa,Franklin,54,Femenino,Chicago,Alto,5,16.76,Sí,No,Carnes,Sí,Dato no cargado,Dato no cargado,Tarjeta,3934,45-54
3895535559,William,Bradley,47,Masculino,Chicago,Bajo,1,5.59,Sí,No,Pescado,No,Dato no cargado,hdavidson@example.org,Efectivo,1112,45-54
6154414601,Theresa,Burgess,80,Femenino,Chicago,Bajo,2,5.06,No,No,Otro,No,Dato no cargado,vrichardson@example.com,Tarjeta,1022,65-80
2774884818,Melissa,Benson,63,Femenino,Chicago,Alto,6,12.5,No,Sí,Vegetariano,Sí,4833688277,Dato no cargado,Tarjeta,4569,55-64
6786235370,Jenny,Brandt,71,Femenino,Chicago,Alto,4,42.84,No,No,Carnes,Sí,Dato no cargado,Dato no cargado,Efectivo,7119,65-80
6654275321,Robert,Hicks,71,Masculino,Chicago,Medio,5,25.46,Sí,No,Carnes,No,400.791.4998x086,tyler87@example.net,App,2735,65-80
3555040867,Sarah,Davis,44,Femenino,Chicago,Alto,6,48.38,No,No,Mariscos,Sí,+1-445-950-7933x571,Dato no cargado,Efectivo,4212,35-44
5725309003,William,Cruz,80,Masculino,Chicago,Alto,5,15.0,No,Sí,Mariscos,No,Dato no cargado,nstanton@example.net,Tarjeta,4019,65-80
5982987738,James,Nicholson,27,Masculino,Chicago,Medio,4,19.55,No,Sí,Mariscos,Sí,(457)931-6400x05113,Dato no cargado,App,1941,25-34
2177712008,James,Herring,56,Masculino,Chicago,Medio,2,16.08,Sí,Sí,Carnes,No,+1-719-970-1101x631,kathleen94@example.net,Efectivo,2520,55-64
5956804471,Tracy,Silva,45,Femenino,Chicago,Medio,3,26.7,Sí,No,Otro,No,928.959.4061,powerschristine@example.com,App,1731,45-54
2466684707,Steven,Russell,22,Masculino,Chicago,Medio,2,16.83,No,Sí,Vegetariano,No,(458)702-4503,Dato no cargado,Efectivo,3445,18-24
4085186537,Gabrielle,Heath,77,Femenino,Chicago,Muy Alto,7,53.84,Sí,Sí,Pescado,Sí,Dato no cargado,Dato no cargado,App,13960,65-80
9726862845,Cynthia,Warren,52,Femenino,Chicago,Muy Alto,7,24.7,Sí,No,Mariscos,Sí,Dato no cargado,katherinecarlson@example.com,Efectivo,13818,45-54
4688530312,Allen,Reyes,59,Masculino,Chicago,Medio,5,25.16,No,Sí,Vegetariano,No,Dato no cargado,Dato no cargado,Tarjeta,1614,55-64
2493630644,Taylor,Davis,64,Femenino,Chicago,Medio,5,17.84,No,Sí,Mariscos,No,Dato no cargado,Dato no cargado,Efectivo,2543,55-64
7158510019,David,Jacobs,19,Masculino,Chicago,Medio,2,14.83,Sí,No,Pescado,No,416.769.8524,pcarter@example.com,Efectivo,2357,18-24
3608683528,Sarah,Hancock,44,Femenino,Chicago,Bajo,2,6.88,No,No,Carnes,No,Dato no cargado,Dato no cargado,App,1475,35-44
3515205852,Jose,Sawyer,62,Masculino,Chicago,Bajo,1,7.4,Sí,Sí,Mariscos,No,691-847-1348,zachary64@example.net,Tarjeta,1596,55-64
1753911995,Terry,Hill,28,Masculino,Chicago,Alto,6,6.65,No,Sí,Vegetariano,Sí,715-608-3813x18379,Dato no cargado,Efectivo,5995,25-34
2597574443,John,Parsons,55,Masculino,Chicago,Muy Alto,5,17.94,Sí,Sí,Vegano,Sí,(533)799-4790x011,czimmerman@example.net,Efectivo,17827,55-64
1997216402,Manuel,Jones,62,Masculino,Chicago,Alto,4,37.77,Sí,Sí,Vegetariano,Sí,Dato no cargado,Dato no cargado,Tarjeta,3853,55-64
3623960525,Anna,Romero,49,Femenino,Chicago,Alto,5,22.77,No,No,Vegetariano,Sí,710.656.5549,barbarabrooks@example.org,Efectivo,7009,45-54
2537971916,Deborah,Shaw,38,Femenino,Chicago,Medio,5,29.14,Sí,No,Carnes,Sí,001-255-403-8209x038,michael91@example.org,Efectivo,3406,35-44
1729436734,Steven,Santiago,31,Masculino,Chicago,Medio,4,17.16,Sí,Sí,No informado,No,+1-643-257-6124x6740,Dato no cargado,App,3441,25-34
8284957430,Denise,Koch,54,Femenino,Chicago,Muy Alto,5,93.41,No,No,Vegano,Sí,482.529.0199,Dato no cargado,Tarjeta,12746,45-54
3586099384,Angela,Robinson,35,Femenino,Chicago,Alto,5,11.28,No,No,Vegano,Sí,760-238-6773,Dato no cargado,Tarjeta,8145,35-44
3185386258,Beverly,Meza,72,Femenino,Chicago,Alto,5,16.56,Sí,Sí,Carnes,Sí,001-754-870-1161,donorr@example.net,Efectivo,6969,65-80
8779941999,Annette,Sims,33,Femenino,Chicago,Muy Alto,8,66.01,Sí,Sí,Carnes,Sí,Dato no cargado,Dato no cargado,Tarjeta,11352,25-34
1768980818,Vanessa,Ortiz,26,Femenino,Chicago,Alto,4,28.13,Sí,Sí,Vegetariano,No,285.727.4293,rhondarodriguez@example.org,App,8643,25-34
4191172361,Tyler,Scott,78,Masculino,Chicago,Alto,5,41.49,No,Sí,Carnes,No,Dato no cargado,Dato no cargado,Criptomoneda,5956,65-80
2367255718,Darren,Williams,44,Masculino,Chicago,Alto,4,55.24,No,Sí,Vegetariano,No,Dato no cargado,castrojeffery@example.net,Tarjeta,5755,35-44
4677125037,Emily,Cunningham,71,Femenino,Chicago,Medio,4,21.71,No,Sí,Carnes,No,Dato no cargado,jennifer69@example.com,Tarjeta,2284,65-80
7274104071,Angel,Stevenson,58,Masculino,Chicago,Bajo,3,7.73,Sí,Sí,Carnes,No,Dato no cargado,Dato no cargado,Tarjeta,1038,55-64
7208858080,Robin,Lindsey,45,Femenino,Chicago,Bajo,0,0.0,Sí,No,Otro,No,Dato no cargado,christopher67@example.net,App,1381,45-54
2998662466,Natalie,Dominguez,46,Femenino,Chicago,Medio,4,18.11,No,Sí,Carnes,No,512.574.4057,Dato no cargado,Tarjeta,2370,45-54
1164438536,Anthony,Hensley,59,Masculino,Chicago,Alto,5,55.2,Sí,Sí,Otro,No,Dato no cargado,smithangela@example.net,Tarjeta,4807,55-64
8716478411,Todd,Thompson,74,Masculino,Chicago,Muy Alto,7,34.63,Sí,Sí,Otro,Sí,(357)248-4145,Dato no cargado,Efectivo,17057,65-80
8412044740,Mary,Finley,35,Femenino,Chicago,Muy Alto,6,6.86,Sí,No,Carnes,Sí,(298)770-7379,Dato no cargado,Efectivo,17998,35-44
7229869819,Joshua,Austin,33,Masculino,Chicago,Alto,4,54.55,Sí,Sí,Mariscos,Sí,Dato no cargado,Dato no cargado,App,8592,25-34
6458983423,Jennifer,Brennan,35,Femenino,Chicago,Medio,5,25.48,No,Sí,Vegano,No,Dato no cargado,Dato no cargado,Efectivo,2711,35-44
1547762075,Brooke,Morris,24,Femenino,Chicago,Bajo,0,0.0,Sí,Sí,Carnes,No,706.331.1388x98354,Dato no cargado,Efectivo,1162,18-24
1599885633,Sharon,Cortez,77,Femenino,Chicago,Medio,4,5.23,No,No,Vegano,No,496.216.8411x05193,nicholasharper@example.org,App,2430,65-80
9119796208,Sandra,Thomas,42,Femenino,Chicago,Alto,4,51.18,No,Sí,Pescado,Sí,560.913.2967,jenniferwilliams@example.org,Tarjeta,4830,35-44
3856190108,Stephanie,Howard,58,Femenino,Chicago,Alto,5,36.89,Sí,No,Carnes,Sí,+1-440-944-4224x12404,Dato no cargado,Criptomoneda,7784,55-64
3131117034,Michael,Bell,23,Masculino,Chicago,Muy Alto,5,27.9,No,No,Otro,Sí,Dato no cargado,miranda58@example.net,Efectivo,12181,18-24
1111691218,Thomas,Vazquez,54,Masculino,Chicago,Medio,2,8.73,Sí,Sí,Mariscos,Sí,Dato no cargado,Dato no cargado,Efectivo,3245,45-54
1052580947,Denise,Day,48,Femenino,Chicago,Alto,5,34.07,Sí,Sí,Pescado,Sí,+1-942-460-0405x5849,Dato no cargado,Efectivo,7199,45-54
3583310753,Megan,Wright,48,Femenino,Chicago,Alto,4,33.25,Sí,No,No informado,Sí,390-557-1772x5655,laura14@example.org,Efectivo,6821,45-54
8048810275,Roger,Merritt,42,Masculino,Chicago,Alto,4,14.76,No,No,Carnes,No,Dato no cargado,mark80@example.net,Efectivo,6141,35-44
2393727379,Lindsay,Hensley,59,Femenino,Chicago,Muy Alto,9,36.88,No,No,Vegetariano,Sí,Dato no cargado,Dato no cargado,App,11269,55-64
2904308418,Brady,Perez,57,Masculino,Chicago,Bajo,2,6.06,Sí,Sí,Carnes,No,Dato no cargado,Dato no cargado,App,823,55-64
8934559505,Briana,Mullins,35,Femenino,Chicago,Medio,4,15.4,No,No,Pescado,No,(578)788-6965,Dato no cargado,Efectivo,3085,35-44
8549324944,Mitchell,Yu,24,Masculino,Chicago,Bajo,2,6.4,No,Sí,Pescado,No,840-422-4792x487,tlee@example.com,Tarjeta,1570,18-24
6293627385,Laura,Bailey,64,Femenino,Chicago,Medio,5,9.37,Sí,Sí,Pescado,Sí,Dato no cargado,Dato no cargado,Efectivo,3473,55-64
4544344265,Micheal,Robinson,36,Masculino,Chicago,Alto,6,45.16,No,No,Vegano,No,(372)253-7425x36555,Dato no cargado,Efectivo,3995,35-44
6783367332,Jack,Stephenson,28,Masculino,Chicago,Medio,5,28.57,Sí,Sí,Vegano,No,945-615-6206,ywilliams@example.org,App,3467,25-34
7299420031,Robert,Garcia,23,Masculino,Chicago,Alto,5,49.46,Sí,Sí,Carnes,No,Dato no cargado,Dato no cargado,Efectivo,5064,18-24
7563042060,Daniel,Fisher,26,Masculino,Chicago,Medio,2,10.15,No,Sí,Otro,No,Dato no cargado,castroandrew@example.net,Efectivo,2763,25-34
9657075293,Wesley,Armstrong,79,Masculino,Chicago,Alto,4,34.78,Sí,No,Otro,Sí,912-226-9705x8081,qryan@example.com,Tarjeta,6207,65-80
1610712339,Keith,Cervantes,71,Masculino,Chicago,Muy Alto,7,57.33,Sí,Sí,Vegano,No,Dato no cargado,Dato no cargado,Efectivo,13029,65-80
7113967766,Julie,Cervantes,19,Femenino,Chicago,Medio,3,8.45,Sí,Sí,Carnes,No,Dato no cargado,Dato no cargado,Tarjeta,2734,18-24
3804234284,Carolyn,Brown,34,Femenino,Chicago,Medio,3,22.43,No,No,Carnes,No,(471)360-3195x5435,qmullins@example.net,App,3076,25-34
3242374038,Heather,Contreras,30,Femenino,Chicago,Alto,4,5.06,Sí,Sí,Pescado,No,618-934-1305,andrew12@example.net,Tarjeta,8456,25-34
3693254688,Katherine,Jensen,58,Femenino,Chicago,Medio,5,20.39,No,Sí,Vegetariano,Sí,674.686.7948x499,Dato no cargado,Tarjeta,2617,55-64
2064521454,Jacqueline,Lee,66,Femenino,Chicago,Alto,5,59.86,Sí,Sí,Carnes,No,+1-984-576-2675,tatebilly@example.org,Tarjeta,8159,65-80
8550388932,Veronica,Terry,66,Femenino,Chicago,Bajo,2,9.78,Sí,Sí,Vegetariano,No,601.490.4802,Dato no cargado,App,970,65-80
2257246129,John,Tran,44,Masculino,Chicago,Alto,6,12.01,No,Sí,Vegetariano,Sí,Dato no cargado,stricklandryan@example.com,Efectivo,7602,35-44
6297234154,Samantha,Nelson,62,Femenino,Chicago,Muy Alto,6,15.88,No,No,Carnes,Sí,215.358.7209x2779,martinezrobert@example.net,Efectivo,16892,55-64
1667481322,Tammy,Choi,54,Femenino,Chicago,Muy Alto,9,55.99,Sí,No,Vegano,Sí,Dato no cargado,Dato no cargado,Efectivo,10701,45-54
6412639751,Dalton,Miller,66,Masculino,Chicago,Medio,3,16.19,Sí,Sí,Carnes,No,Dato no cargado,Dato no cargado,Tarjeta,2577,65-80
5336547548,Shelia,Anderson,38,Femenino,Chicago,Alto,4,58.15,No,Sí,Vegetariano,No,+1-429-714-9394x088,brittanyanderson@example.net,Tarjeta,4863,35-44
7204819268,Robert,Bolton,65,Masculino,Chicago,Medio,2,23.82,Sí,No,Carnes,Sí,411-779-4892x9838,ebarrett@example.org,Efectivo,2548,65-80
9482838229,Judy,Spence,39,Femenino,Chicago,Alto,6,19.09,Sí,No,Mariscos,Sí,(339)360-0895x753,Dato no cargado,Efectivo,4666,35-44
3105367971,Patricia,Keller,34,Femenino,Chicago,Muy Alto,7,99.79,Sí,No,Carnes,Sí,Dato no cargado,Dato no cargado,Efectivo,16700,25-34
8687792244,Tiffany,Vazquez,79,Femenino,Chicago,Medio,5,25.27,No,Sí,Carnes,Sí,(648)806-8551,carlsondenise@example.net,App,2173,65-80
1641766950,Alexandria,Williams,59,Femenino,Chicago,Medio,2,26.61,Sí,Sí,Vegano,No,+1-940-810-3069x6452,Dato no cargado,App,1644,55-64
2982979741,Jasmine,Lozano,28,Femenino,Chicago,Alto,5,34.06,Sí,Sí,Carnes,Sí,Dato no cargado,Dato no cargado,Efectivo,4444,25-34
7829772942,James,Reynolds,72,Masculino,Chicago,Medio,4,27.65,Sí,Sí,Vegano,Sí,267-384-0556x11180,amber85@example.net,App,2908,65-80
8376388529,Lori,Hicks,51,Femenino,Chicago,Alto,4,25.98,No,Sí,Vegetariano,Sí,(660)894-5600,blanchardkimberly@example.net,Tarjeta,6967,45-54
4827276168,David,Jensen,49,Masculino,Chicago,Alto,4,36.02,Sí,Sí,Vegano,No,576.600.5476,Dato no cargado,Efectivo,7582,45-54
3577537135,April,Poole,63,Femenino,Chicago,Medio,4,9.03,No,Sí,Vegetariano,No,Dato no cargado,jesse21@example.net,Efectivo,1900,55-64
2075951553,Leah,Wilkerson,49,Femenino,Chicago,Medio,2,24.73,No,Sí,Carnes,No,Dato no cargado,Dato no cargado,Efectivo,2333,45-54
4274674309,Kimberly,Daniels,72,Femenino,Chicago,Alto,6,12.52,No,Sí,Carnes,Sí,+1-408-301-8765x2823,jefferybriggs@example.com,Tarjeta,4644,65-80
6241327333,James,Moore,57,Masculino,Chicago,Medio,3,20.86,Sí,No,Otro,No,Dato no cargado,jerrymooney@example.com,Efectivo,2974,55-64
1774350839,Stacey,Scott,19,Femenino,Chicago,Bajo,3,9.39,Sí,Sí,Vegetariano,No,Dato no cargado,penajoshua@example.net,App,1156,18-24
6260969219,Erik,Velazquez,40,Masculino,Chicago,Medio,4,5.33,No,No,Otro,No,Dato no cargado,wterry@example.com,Tarjeta,2247,35-44
8831789409,Stephen,Reyes,49,Masculino,Chicago,Medio,2,7.32,Sí,Sí,No informado,No,Dato no cargado,jennifergeorge@example.com,Efectivo,3388,45-54
3515554824,Jennifer,Wood,78,Femenino,Chicago,Medio,4,19.89,No,Sí,Mariscos,No,Dato no cargado,Dato no cargado,App,2321,65-80
1539973046,Andrew,Rogers,48,Masculino,Chicago,Bajo,2,7.48,No,Sí,Otro,No,692.545.9012,carrjacob@example.net,Efectivo,1021,45-54
9630667064,Erin,Lynn,58,Femenino,Chicago,Alto,5,14.1,Sí,Sí,Vegetariano,No,Dato no cargado,vasquezvictor@example.com,App,5749,55-64
3791027186,Aaron,Lewis,32,Masculino,Chicago,Alto,5,45.64,No,Sí,Carnes,No,Dato no cargado,vnelson@example.org,App,4337,25-34
3445528716,Tracey,Russell,66,Femenino,Chicago,Medio,3,11.63,No,Sí,Carnes,No,Dato no cargado,amysmith@example.com,Efectivo,1828,65-80
2921725848,Jesus,Kirk,57,Masculino,Chicago,Alto,5,27.7,No,No,Otro,Sí,Dato no cargado,Dato no cargado,Efectivo,5921,55-64
6826100512,Leonard,Bishop,20,Masculino,Chicago,Alto,6,32.24,No,Sí,No informado,Sí,510-271-4586x7207,brandibenton@example.com,Efectivo,5654,18-24
7802288958,Nicolas,Russell,26,Masculino,Chicago,Bajo,0,0.0,Sí,Sí,Mariscos,No,Dato no cargado,jonesbill@example.org,Efectivo,1042,25-34
6556335281,Stacy,Welch,76,Femenino,Chicago,Muy Alto,7,47.6,No,No,Vegetariano,Sí,Dato no cargado,obrienkimberly@example.net,Tarjeta,17392,65-80
2507978229,Mary,Gilbert,27,Femenino,Chicago,Alto,5,17.44,No,Sí,Carnes,Sí,893-515-9616x44345,Dato no cargado,Efectivo,6872,25-34
4314880447,Abigail,White,53,Femenino,Chicago,Muy Alto,6,46.44,No,Sí,Vegano,Sí,Dato no cargado,xgriffin@example.org,Tarjeta,15698,45-54
2197826153,Kristen,Harrington,33,Femenino,Chicago,Bajo,3,6.73,Sí,Sí,No informado,No,Dato no cargado,Dato no cargado,Efectivo,1211,25-34
2150869943,Carrie,Armstrong,31,Femenino,Chicago,Muy Alto,6,52.39,No,Sí,Vegano,Sí,Dato no cargado,Dato no cargado,Tarjeta,13144,25-34
1357826917,Jennifer,Webb,65,Femenino,Chicago,Medio,3,18.99,Sí,Sí,Vegetariano,Sí,Dato no cargado,dianethompson@example.org,App,3333,65-80
5385564387,Gary,Davis,33,Masculino,Chicago,Bajo,2,6.57,No,Sí,Mariscos,No,Dato no cargado,Dato no cargado,Efectivo,1499,25-34
1980034265,Randall,Torres,34,Masculino,Chicago,Alto,6,26.03,No,No,Vegetariano,Sí,992.637.1886,lorimoore@example.com,Tarjeta,8533,25-34
3578049499,Scott,Rice,55,Masculino,Chicago,Bajo,0,0.0,No,Sí,Vegetariano,No,Dato no cargado,Dato no cargado,App,1537,55-64
2239339607,Taylor,Pollard,43,Femenino,Chicago,Bajo,2,5.93,No,Sí,Vegetariano,No,001-243-258-6219x611,Dato no cargado,Tarjeta,1167,35-44
2132402531,Kristopher,Thomas,49,Masculino,Chicago,Medio,5,13.6,Sí,Sí,Vegetariano,No,639-654-9023,wheelererik@example.net,Tarjeta,1803,45-54
2660370935,Jacqueline,Pittman,71,Femenino,Chicago,Alto,6,14.32,No,Sí,Mariscos,Sí,(853)512-0344x625,Dato no cargado,Tarjeta,8685,65-80
3631121893,Mitchell,Proctor,41,Masculino,Chicago,Muy Alto,8,48.99,No,No,Carnes,Sí,(449)968-1832x2908,Dato no cargado,Tarjeta,17858,35-44
7835089112,Jason,Clark,41,Masculino,Chicago,Medio,2,8.4,Sí,No,Vegetariano,No,+1-998-323-2588x27666,Dato no cargado,App,3058,35-44
2923119772,Michael,Blackburn,55,Masculino,Chicago,Medio,5,14.68,Sí,Sí,Carnes,Sí,Dato no cargado,Dato no cargado,Efectivo,3468,55-64
5274901251,Caitlin,Hawkins,40,Femenino,Chicago,Muy Alto,7,101.02,Sí,No,Vegetariano,Sí,Dato no cargado,Dato no cargado,Tarjeta,17040,35-44
3609326041,Alexis,Banks,56,Femenino,Chicago,Medio,4,8.31,No,No,Carnes,No,Dato no cargado,Dato no cargado,Tarjeta,2193,55-64
9715198114,Michael,Watson,63,Masculino,Chicago,Alto,6,47.04,Sí,Sí,Pescado,Sí,602.471.4361x27874,nwade@example.com,Efectivo,5346,55-64
1399546384,Timothy,Ramos,30,Masculino,Chicago,Medio,4,6.65,No,Sí,Pescado,No,340-873-5366x46284,lhill@example.com,App,2112,25-34
3755226769,Vanessa,Thompson,50,Femenino,Chicago,Bajo,2,7.34,Sí,No,Carnes,No,Dato no cargado,Dato no cargado,Tarjeta,1095,45-54
5535719338,William,Costa,41,Masculino,Chicago,Muy Alto,9,50.08,Sí,No,Carnes,Sí,Dato no cargado,Dato no cargado,Efectivo,9326,35-44
1839955747,Erica,Rojas,39,Femenino,Chicago,Alto,5,6.47,No,Sí,Vegetariano,No,Dato no cargado,Dato no cargado,Efectivo,5036,35-44
5797146117,Mark,Hudson,34,Masculino,Chicago,Medio,4,7.96,Sí,No,Vegetariano,No,Dato no cargado,dianalopez@example.com,Efectivo,3184,25-34
8173099534,Heidi,Marquez,54,Femenino,Chicago,Medio,5,26.61,Sí,No,Mariscos,No,Dato no cargado,Dato no cargado,Tarjeta,3423,45-54
7537130187,Hannah,Burke,45,Femenino,Chicago,Medio,4,14.66,No,No,Carnes,No,Dato no cargado,Dato no cargado,Efectivo,3314,45-54
3505166183,Elizabeth,Hatfield,35,Femenino,Chicago,Bajo,1,7.69,No,Sí,Carnes,No,(494)200-5491x36683,klinecarl@example.org,Efectivo,1472,35-44
6981094465,Gail,Lee,34,Femenino,Chicago,Alto,6,23.57,No,Sí,Carnes,Sí,8569672870,brianmullins@example.com,App,6736,25-34
6927279595,Rodney,Brown,56,Masculino,Chicago,Muy Alto,9,34.2,Sí,Sí,Pescado,Sí,Dato no cargado,stacy15@example.org,Tarjeta,11867,55-64
1441048728,William,White,65,Masculino,Chicago,Medio,3,19.26,Sí,Sí,Otro,No,Dato no cargado,natashacooper@example.com,Efectivo,2674,65-80
6581198987,Matthew,Barnett,63,Masculino,Chicago,Medio,2,27.53,Sí,No,Carnes,No,Dato no cargado,debraparker@example.org,Tarjeta,2614,55-64
1267312050,Thomas,Gutierrez,27,Masculino,Chicago,Muy Alto,6,37.79,Sí,Sí,Mariscos,Sí,001-382-672-6941x74386,gregorypeterson@example.net,Tarjeta,15021,25-34
5297869651,Rhonda,Phillips,46,Femenino,Chicago,Bajo,0,0.0,Sí,No,No informado,No,Dato no cargado,Dato no cargado,Tarjeta,947,45-54
3951087403,Nathaniel,Hernandez,49,Masculino,Chicago,Bajo,3,7.95,No,Sí,Vegano,No,821.315.6716x7816,wgarrett@example.org,App,1130,45-54
6381757026,Michael,Chapman,27,Masculino,Chicago,Bajo,1,5.52,No,No,Otro,No,Dato no cargado,xdavis@example.net,Efectivo,1220,25-34
4928726409,Julie,Martin,29,Femenino,Chicago,Medio,2,26.91,No,Sí,Mariscos,No,Dato no cargado,jaywhite@example.org,Efectivo,2956,25-34
6570981737,Kristen,Delacruz,47,Femenino,Chicago,Muy Alto,5,62.15,Sí,No,Vegetariano,Sí,Dato no cargado,Dato no cargado,Efectivo,16697,45-54
9461708554,Garrett,Diaz,54,Masculino,Chicago,Muy Alto,6,56.32,No,No,Carnes,Sí,833-884-0586x0782,smithjason@example.com,Efectivo,16272,45-54
8062791807,Roberta,Johnson,66,Femenino,Chicago,Bajo,2,5.46,Sí,Sí,Otro,No,508-899-6361x1148,Dato no cargado,Tarjeta,1207,65-80
8993860620,Gary,Kelly,41,Masculino,Chicago,Alto,4,33.73,Sí,Sí,Pescado,No,001-777-611-0169x2825,Dato no cargado,App,4003,35-44
5039038239,Kristine,Guerrero,22,Femenino,Chicago,Medio,3,25.75,No,Sí,Vegetariano,No,Dato no cargado,Dato no cargado,App,2914,18-24
9125975646,Richard,Brown,27,Masculino,Chicago,Alto,6,28.15,Sí,Sí,Vegano,Sí,705.811.2373x29334,connor47@example.net,App,5874,25-34
2870403050,Sue,Thomas,76,Femenino,Chicago,Medio,2,15.09,No,No,Carnes,No,583.939.1054x65813,thomastracy@example.com,Tarjeta,2986,65-80
7565362577,Christian,Phillips,49,Masculino,Chicago,Medio,4,25.51,No,No,Otro,No,544.276.0678x0347,jasonwashington@example.com,Efectivo,1823,45-54
4527619641,Jeffrey,Herrera,42,Masculino,Chicago,Medio,4,5.85,Sí,Sí,Carnes,No,333-653-4586x84167,Dato no cargado,Tarjeta,3024,35-44
7126966750,Kristopher,Shelton,24,Masculino,Chicago,Medio,3,12.03,Sí,Sí,Carnes,No,554-207-3624x5112,jmason@example.com,Criptomoneda,2646,18-24
8513391357,Nicole,Schneider,54,Femenino,Chicago,Medio,3,20.21,No,No,Carnes,No,+1-220-704-0116x370,Dato no cargado,Tarjeta,1678,45-54
9348252752,Tiffany,Kelley,47,Femenino,Chicago,Alto,4,7.32,No,No,Vegetariano,Sí,Dato no cargado,howellkelsey@example.org,Efectivo,7879,45-54
1630243755,Alexander,Chapman,56,Masculino,Chicago,Medio,5,13.42,No,Sí,Otro,No,+1-508-537-2706,Dato no cargado,Tarjeta,3319,55-64
2796767276,Heather,Owens,75,Femenino,Chicago,Alto,5,57.72,No,Sí,Pescado,Sí,(411)917-2558,Dato no cargado,App,3968,65-80
7689653425,William,Schmidt,47,Masculino,Chicago,Alto,4,50.67,No,Sí,Mariscos,Sí,5223269986,Dato no cargado,App,3792,45-54
7395715470,Victoria,Cox,47,Femenino,Chicago,Alto,4,19.89,No,Sí,No informado,Sí,+1-259-976-4809,Dato no cargado,Efectivo,3965,45-54
9561936242,Heidi,Daniel,31,Femenino,Chicago,Medio,5,29.05,No,Sí,Mariscos,No,Dato no cargado,zedwards@example.org,App,2820,25-34
2885370603,Bradley,Ross,39,Masculino,Chicago,Alto,5,11.26,Sí,No,No informado,Sí,3487814371,ahenson@example.org,App,5351,35-44
4258211282,Anthony,Zavala,19,Masculino,Chicago,Muy Alto,8,98.53,No,Sí,Mariscos,Sí,Dato no cargado,sharpjeffrey@example.com,Tarjeta,14494,18-24
8285000265,Thomas,Bell,48,Masculino,Chicago,Alto,6,32.955,Sí,No,Vegetariano,Sí,Dato no cargado,Dato no cargado,Tarjeta,3676,45-54
5057237212,Frank,Reynolds,75,Masculino,Chicago,Medio,4,23.83,No,Sí,Otro,No,686.204.2883,olewis@example.com,Tarjeta,2902,65-80
6130802891,Alexander,Goodman,65,Masculino,Chicago,Alto,6,5.4,No,Sí,Pescado,Sí,642.298.9568,caroline97@example.org,App,5343,65-80
8963764550,George,Lewis,34,Masculino,Chicago,Muy Alto,7,97.55,Sí,Sí,Otro,Sí,Dato no cargado,Dato no cargado,App,12960,25-34
2613385303,Stephen,Davidson,63,Masculino,Chicago,Bajo,3,5.81,Sí,No,Vegetariano,No,Dato no cargado,yjohnston@example.net,Tarjeta,1166,55-64
7633210085,Christopher,Decker,44,Masculino,Chicago,Medio,5,27.01,No,Sí,Mariscos,Sí,001-248-244-4066x814,uescobar@example.com,Tarjeta,2186,35-44
5629152600,Sarah,Wyatt,37,Femenino,Chicago,Alto,5,10.3,Sí,No,Vegano,No,Dato no cargado,Dato no cargado,App,3722,35-44
3691907159,Laura,Gibson,47,Femenino,Chicago,Alto,5,11.38,Sí,No,Vegetariano,No,Dato no cargado,vmiller@example.net,Tarjeta,6990,45-54
8194515431,Teresa,Newman,21,Femenino,Chicago,Bajo,3,5.32,No,No,Carnes,No,Dato no cargado,Dato no cargado,Tarjeta,1246,18-24
1600406558,Devin,Perez,61,Masculino,Chicago,Medio,4,14.57,Sí,No,Carnes,No,Dato no cargado,Dato no cargado,Efectivo,2472,55-64
6354103244,Rachael,Brewer,79,Femenino,Chicago,Medio,2,26.62,Sí,Sí,Pescado,No,861.791.2653x0866,karenmaldonado@example.com,App,2070,65-80
2477768153,Kristen,Jones,40,Femenino,Chicago,Muy Alto,7,49.0,Sí,No,Mariscos,Sí,(271)458-9765x17575,amanda74@example.com,App,15183,35-44
5666668985,Ryan,Henderson,44,Masculino,Chicago,Muy Alto,7,11.81,No,No,Carnes,Sí,Dato no cargado,Dato no cargado,Tarjeta,16825,35-44
2678685838,Meghan,Austin,19,Femenino,Chicago,Medio,2,25.88,No,Sí,Carnes,No,+1-989-945-2552x4981,brenda01@example.com,Efectivo,2545,18-24
8598524050,Kristin,Wheeler,32,Femenino,Chicago,Medio,5,21.08,No,Sí,Pescado,No,711-346-4355x77952,kellywolfe@example.net,Efectivo,3054,25-34
9295007661,Jeremiah,Johnson,24,Masculino,Chicago,Medio,3,10.2,Sí,Sí,No informado,No,Dato no cargado,Dato no cargado,Efectivo,2576,18-24
9720163152,Jessica,Thompson,41,Femenino,Chicago,Alto,5,47.79,No,Sí,Vegetariano,Sí,Dato no cargado,franciscowilliams@example.com,Tarjeta,3509,35-44
8031779095,Molly,Stein,37,Femenino,Chicago,Medio,3,9.58,No,Sí,Vegano,No,(249)876-3002x03770,Dato no cargado,Tarjeta,2531,35-44
6698204494,Robin,Contreras,47,Femenino,Chicago,Muy Alto,7,51.89,No,No,Pescado,Sí,356.260.9751x15448,johnsonamanda@example.com,Efectivo,12626,45-54
5323593724,Jennifer,Snyder,80,Femenino,Chicago,Muy Alto,10,97.73,No,No,Mariscos,Sí,5474273928,kelseytaylor@example.net,Efectivo,9427,65-80
7601519165,Melissa,Howe,50,Femenino,Chicago,Bajo,2,7.84,No,Sí,Pescado,No,(436)249-7105,Dato no cargado,Tarjeta,804,45-54
5558971767,Justin,Jennings,38,Masculino,Chicago,Bajo,0,0.0,No,No,Otro,No,562-944-4877,Dato no cargado,App,1373,35-44
8945894167,Brian,Anthony,24,Masculino,Chicago,Medio,2,25.26,No,Sí,Vegano,No,Dato no cargado,Dato no cargado,App,3041,18-24
6879780418,Kyle,Wheeler,34,Masculino,Chicago,Medio,4,20.12,Sí,No,Carnes,Sí,Dato no cargado,mathewgonzalez@example.com,App,2294,25-34
2891485862,Kristen,Bush,64,Femenino,Chicago,Medio,3,22.8,Sí,Sí,Vegetariano,No,+1-494-364-2150x49035,eric10@example.com,Efectivo,2897,55-64
6200536621,Amanda,Jackson,34,Femenino,Chicago,Medio,2,11.91,Sí,Sí,Vegano,Sí,Dato no cargado,james97@example.com,Efectivo,2477,25-34
5639395969,Robert,Cantu,68,Masculino,Chicago,Bajo,0,0.0,Sí,Sí,Pescado,No,Dato no cargado,Dato no cargado,Efectivo,1597,65-80
2939053184,Kathy,Mcpherson,44,Femenino,Chicago,Bajo,2,5.36,Sí,Sí,Carnes,No,Dato no cargado,andrewgilmore@example.net,App,1288,35-44
7258917304,Henry,Gonzalez,29,Masculino,Chicago,Alto,4,10.61,Sí,Sí,Carnes,Sí,Dato no cargado,Dato no cargado,Efectivo,7921,25-34
5693990003,Michael,Gonzalez,62,Masculino,Chicago,Muy Alto,9,87.62,Sí,Sí,Vegetariano,Sí,Dato no cargado,mcphersonandrew@example.org,Efectivo,15563,55-64
6886292931,Terry,Carroll,45,Masculino,Chicago,Alto,6,55.52,No,Sí,Carnes,Sí,Dato no cargado,gwashington@example.net,Efectivo,7331,45-54
3452015472,Chad,Jones,23,Masculino,Chicago,Muy Alto,10,26.62,No,Sí,Carnes,Sí,(214)676-7909,erodriguez@example.com,Efectivo,10958,18-24
7547784647,Steven,Kim,52,Masculino,Chicago,Bajo,0,0.0,Sí,Sí,Vegano,No,Dato no cargado,harold15@example.org,Tarjeta,1082,45-54
3179450816,Tamara,Mills,37,Femenino,Chicago,Medio,4,17.92,No,No,Carnes,No,(807)311-0353x4079,Dato no cargado,Efectivo,3022,35-44
8341210227,Katie,Saunders,50,Femenino,Chicago,Muy Alto,8,37.58,Sí,No,Carnes,Sí,(738)654-4583x5127,Dato no cargado,Tarjeta,17673,45-54
9380859857,Erin,Bell,68,Femenino,Chicago,Medio,5,28.51,No,Sí,Vegetariano,No,Dato no cargado,brendabell@example.org,App,2276,65-80
6135709934,Sean,Steele,34,Masculino,Chicago,Medio,2,9.9,No,No,Otro,No,(308)808-0248x9755,Dato no cargado,Tarjeta,2091,25-34
8192642678,Michael,Padilla,22,Masculino,Chicago,Muy Alto,6,94.46,Sí,Sí,Mariscos,Sí,369-864-1119x418,Dato no cargado,Efectivo,10241,18-24
4103653761,Alexa,Thompson,51,Femenino,Chicago,Medio,3,19.57,No,No,Vegetariano,No,Dato no cargado,Dato no cargado,App,2058,45-54
6546608398,Joseph,Pena,67,Masculino,Chicago,Medio,2,15.37,No,Sí,Vegetariano,No,Dato no cargado,Dato no cargado,Efectivo,1856,65-80
5076173494,Dakota,Glover,19,Masculino,Chicago,Alto,6,12.91,No,Sí,Vegano,Sí,Dato no cargado,Dato no cargado,App,6083,18-24
7203964247,Steven,Hayden,30,Masculino,Chicago,Bajo,0,0.0,Sí,Sí,Vegetariano,No,Dato no cargado,patrick64@example.org,Efectivo,1345,25-34
5984293531,Ruben,Rios,37,Masculino,Chicago,Medio,5,12.9,Sí,No,No informado,No,+1-530-417-2230x8276,Dato no cargado,App,1910,35-44
6673825968,James,Dougherty,39,Masculino,Chicago,Alto,4,47.07,No,Sí,Vegano,Sí,Dato no cargado,Dato no cargado,App,4192,35-44
7033153366,Mark,Long,73,Masculino,Chicago,Alto,4,49.21,No,Sí,Mariscos,Sí,Dato no cargado,davidmartinez@example.com,Efectivo,7348,65-80
4895855358,Lynn,Smith,56,Femenino,Chicago,Muy Alto,10,44.75,No,Sí,Vegetariano,Sí,Dato no cargado,laura38@example.net,Tarjeta,11945,55-64
7112170507,John,Smith,42,Masculino,Chicago,Alto,4,32.8,Sí,No,No informado,No,Dato no cargado,Dato no cargado,App,6535,35-44
5641648217,Beverly,Hutchinson,18,Femenino,Chicago,Bajo,3,7.52,Sí,Sí,Carnes,No,+1-776-402-3346,Dato no cargado,Tarjeta,1258,18-24
6659127769,Brian,Mccann,35,Masculino,Chicago,Medio,4,10.23,No,Sí,Mariscos,No,(679)458-6875x199,Dato no cargado,Tarjeta,1616,35-44
5756727052,Joshua,Reed,43,Masculino,Chicago,Alto,6,29.86,Sí,Sí,Mariscos,Sí,001-684-564-1406x07219,Dato no cargado,Tarjeta,7169,35-44
5428855031,Patricia,Acosta,35,Femenino,Chicago,Medio,3,9.97,No,No,Carnes,Sí,Dato no cargado,Dato no cargado,Efectivo,2632,35-44
6886609703,Dillon,Williams,37,Masculino,Chicago,Medio,4,28.93,No,Sí,Mariscos,No,Dato no cargado,tyler45@example.com,Tarjeta,2857,35-44
2875723257,Scott,Mitchell,58,Masculino,Chicago,Alto,5,6.49,No,Sí,Mariscos,Sí,5217626080,michael74@example.com,App,8369,55-64
2153273805,John,Casey,28,Masculino,Chicago,Bajo,3,8.3,No,Sí,Vegetariano,No,001-663-469-5884x34730,regina16@example.net,Efectivo,1276,25-34
1638384385,Scott,Clark,43,Masculino,Chicago,Bajo,2,8.82,No,Sí,Otro,No,001-642-529-0318x94917,Dato no cargado,Efectivo,1175,35-44
4691002694,Nicholas,Moore,43,Masculino,Chicago,Medio,5,9.17,Sí,No,Pescado,No,956-565-3431x869,luke08@example.net,Tarjeta,2457,35-44
6354673685,Erica,Martin,39,Femenino,Chicago,Bajo,1,5.47,No,No,Mariscos,No,Dato no cargado,holly11@example.org,Tarjeta,1084,35-44
6949909066,Jordan,Sims,48,Masculino,Chicago,Bajo,3,6.03,Sí,No,Carnes,No,Dato no cargado,barbaralogan@example.com,Tarjeta,1254,45-54
3476426797,Thomas,Li,25,Masculino,Chicago,Medio,3,7.37,Sí,Sí,Carnes,No,Dato no cargado,Dato no cargado,App,3218,25-34
7450094573,Connie,Smith,56,Femenino,Chicago,Alto,5,16.73,No,Sí,Vegetariano,No,(832)661-7876x0220,lisa88@example.net,Tarjeta,4089,55-64
7098849168,Caroline,Daniel,52,Femenino,Chicago,Medio,5,20.91,Sí,No,Carnes,No,Dato no cargado,Dato no cargado,App,2313,45-54
2550251083,Courtney,Fisher,53,Femenino,Chicago,Muy Alto,7,43.43,No,Sí,Carnes,Sí,677.764.5147x4308,nhatfield@example.net,Criptomoneda,12878,45-54
7403540599,Gregory,Grant,71,Masculino,Chicago,Bajo,3,8.46,Sí,No,Carnes,No,+1-613-476-9043x6432,jonesamanda@example.org,Efectivo,1252,65-80
1273339890,Angela,Larsen,54,Femenino,Chicago,Medio,4,13.31,Sí,No,Carnes,Sí,456.620.4035x15425,Dato no cargado,Efectivo,1992,45-54
2382352682,Allison,Kelly,71,Femenino,Chicago,Alto,4,18.62,No,No,Vegetariano,No,2872941973,Dato no cargado,Tarjeta,4342,65-80
3740779511,Stacey,Rodriguez,55,Femenino,Chicago,Medio,3,8.06,No,No,Vegano,No,Dato no cargado,Dato no cargado,Tarjeta,2369,55-64
4855591282,Logan,Morse,25,Masculino,Chicago,Bajo,0,0.0,Sí,Sí,Carnes,No,240.471.5711x877,Dato no cargado,Tarjeta,1503,25-34
3360152814,Jennifer,Bryant,48,Femenino,Chicago,Medio,3,29.76,No,Sí,Vegetariano,No,Dato no cargado,Dato no cargado,Efectivo,3083,45-54
4492602049,Joshua,George,67,Masculino,Chicago,Medio,5,7.67,No,Sí,Mariscos,Sí,347-694-1502x27062,Dato no cargado,App,2739,65-80
9309279227,Ruben,Roberts,50,Masculino,Chicago,Bajo,3,6.94,Sí,Sí,Carnes,No,Dato no cargado,Dato no cargado,Tarjeta,1101,45-54
9807334446,Timothy,Walsh,28,Masculino,Chicago,Bajo,1,8.04,Sí,Sí,Carnes,No,Dato no cargado,stanleysmith@example.net,App,1003,25-34
4698889914,Wayne,Carlson,79,Masculino,Chicago,Bajo,1,9.38,No,Sí,Vegetariano,No,+1-447-833-1090,Dato no cargado,Criptomoneda,1379,65-80
6297328564,Jonathan,Martinez,46,Masculino,Chicago,Medio,5,20.29,No,No,Pescado,No,Dato no cargado,sullivanstacy@example.net,App,2086,45-54
6583604299,Jonathan,Holmes,50,Masculino,Chicago,Medio,5,22.53,Sí,Sí,Vegano,No,826-807-5543,Dato no cargado,Tarjeta,3072,45-54
9661986370,Tonya,Moore,26,Femenino,Chicago,Muy Alto,7,55.16,Sí,Sí,No informado,Sí,266-749-5876,javiercruz@example.net,Tarjeta,10773,25-34
2659312571,Christopher,Tyler,65,Masculino,Chicago,Medio,4,18.24,Sí,Sí,Vegetariano,No,Dato no cargado,Dato no cargado,App,2374,65-80
4626852472,Megan,Stokes,33,Femenino,Chicago,Alto,6,12.89,No,No,Mariscos,Sí,2985651779,Dato no cargado,Tarjeta,4151,25-34
1071808601,Matthew,Palmer,43,Masculino,Chicago,Medio,4,16.08,No,No,Vegetariano,No,001-479-378-0616x48199,Dato no cargado,Efectivo,2496,35-44
1884095374,Robert,Hunt,21,Masculino,Chicago,Medio,5,29.87,Sí,No,Vegetariano,No,Dato no cargado,gsmith@example.com,Tarjeta,2470,18-24
5579497553,Tara,Dunn,37,Femenino,Chicago,Bajo,3,6.32,No,Sí,Vegetariano,No,Dato no cargado,Dato no cargado,App,1189,35-44
6329323383,Christopher,Peters,37,Masculino,Chicago,Bajo,3,8.34,No,No,Vegetariano,No,(697)346-9154,lhernandez@example.org,Tarjeta,884,35-44
9861449701,Benjamin,Jackson,67,Masculino,Chicago,Medio,3,27.72,Sí,Sí,Vegetariano,No,+1-777-350-6950,Dato no cargado,App,2352,65-80
9658463073,Pamela,Buck,56,Femenino,Chicago,Alto,5,37.82,No,No,Carnes,Sí,Dato no cargado,Dato no cargado,Efectivo,5765,55-64
6843483605,Lance,Hubbard,45,Masculino,Chicago,Medio,5,29.54,No,Sí,Vegano,No,001-619-824-3818x72597,Dato no cargado,Efectivo,2884,45-54
1373402817,Christopher,Bryant,75,Masculino,Chicago,Medio,2,20.61,Sí,No,Otro,No,588-402-7868x4653,Dato no cargado,App,1781,65-80
2796763439,Lee,Morgan,63,Masculino,Chicago,Bajo,3,8.11,Sí,Sí,Vegano,No,Dato no cargado,Dato no cargado,Tarjeta,1292,55-64
1513011414,Susan,Sanchez,29,Femenino,Chicago,Muy Alto,8,91.35,Sí,No,Mariscos,Sí,623.796.9727x84301,Dato no cargado,App,10267,25-34
5212448342,Brandi,Chapman,50,Femenino,Chicago,Medio,5,21.06,Sí,Sí,Mariscos,No,Dato no cargado,Dato no cargado,Efectivo,2115,45-54
3900874598,Cheryl,Guzman,28,Femenino,Chicago,Alto,4,58.24,No,Sí,Vegetariano,Sí,Dato no cargado,Dato no cargado,App,6613,25-34
1832516419,Elizabeth,Crawford,45,Femenino,Chicago,Muy Alto,5,87.91,Sí,No,Vegetariano,Sí,805-774-3787,Dato no cargado,Efectivo,16857,45-54
1686146177,Pamela,Greene,27,Femenino,Chicago,Medio,5,10.57,Sí,Sí,Vegano,No,Dato no cargado,christopher08@example.net,Efectivo,1946,25-34
4096932037,Jason,Torres,54,Masculino,Chicago,Bajo,3,7.67,No,Sí,Otro,No,457-650-0046,heathersmith@example.com,Efectivo,1010,45-54
9209455179,Anthony,Marshall,63,Masculino,Chicago,Medio,5,11.24,No,Sí,Vegetariano,Sí,750.828.2445,Dato no cargado,Efectivo,2730,55-64
8420218744,Gregory,Robbins,74,Masculino,Chicago,Alto,4,9.06,Sí,No,Vegano,Sí,949.685.5443,Dato no cargado,Tarjeta,4540,65-80
1005999460,Hannah,Hernandez,39,Femenino,Chicago,Alto,5,50.17,No,Sí,Vegano,No,Dato no cargado,Dato no cargado,App,4638,35-44
3537040461,Larry,White,75,Masculino,Chicago,Medio,2,21.23,No,Sí,Carnes,No,504-308-1088,benjaminrodriguez@example.com,App,2045,65-80
4723218268,Ryan,Salazar,69,Masculino,Chicago,Alto,6,47.54,Sí,Sí,Otro,Sí,001-254-467-6352x214,Dato no cargado,Tarjeta,8419,65-80
2374515132,Mark,Thomas,32,Masculino,Chicago,Muy Alto,6,88.09,Sí,No,Mariscos,Sí,Dato no cargado,Dato no cargado,Criptomoneda,15529,25-34
4232514826,Michael,Hobbs,46,Masculino,Chicago,Bajo,3,7.07,Sí,Sí,Vegetariano,No,253-688-6061x0423,zdavis@example.net,Efectivo,1220,45-54
8038816287,Lori,Frost,19,Femenino,Chicago,Alto,6,36.26,No,Sí,Vegetariano,Sí,564-769-1854,larryalvarez@example.net,Efectivo,8138,18-24
9037064785,Jonathan,Hill,52,Masculino,Chicago,Medio,3,15.08,No,Sí,Vegetariano,Sí,+1-525-349-3728,Dato no cargado,Tarjeta,3308,45-54
8064892493,Joe,Smith,45,Masculino,Chicago,Alto,4,43.71,No,No,Carnes,Sí,Dato no cargado,Dato no cargado,Criptomoneda,6662,45-54
7067829214,Michael,Thompson,72,Masculino,Chicago,Alto,4,59.38,No,Sí,Pescado,Sí,Dato no cargado,angelabush@example.net,Efectivo,8449,65-80
9106922164,Timothy,Whitaker,46,Masculino,Chicago,Medio,5,28.45,No,Sí,No informado,No,996-403-4194x8155,Dato no cargado,Efectivo,1688,45-54
1908867660,Tanner,Cook,36,Masculino,Chicago,Medio,5,14.21,Sí,No,Vegano,No,431-479-0116x15510,Dato no cargado,Efectivo,3238,35-44
1632080196,Rachel,Brandt,32,Femenino,Chicago,Muy Alto,5,70.86,Sí,No,Carnes,Sí,Dato no cargado,veronicastewart@example.net,Efectivo,15998,25-34
4794295807,Lisa,Jackson,64,Femenino,Chicago,Alto,5,10.13,No,Sí,Vegetariano,Sí,(825)859-6800,gregory80@example.com,App,4408,55-64
7238188172,Kevin,Walker,58,Masculino,Chicago,Alto,5,56.92,Sí,Sí,Pescado,Sí,813.989.7317x306,Dato no cargado,Tarjeta,8216,55-64
9555645444,Anne,Conrad,52,Femenino,Chicago,Medio,5,6.62,Sí,No,Pescado,No,Dato no cargado,Dato no cargado,Efectivo,2127,45-54
1249469264,Douglas,Pruitt,53,Masculino,Chicago,Alto,6,57.95,No,No,Mariscos,No,(891)238-2142x44180,nicolethomas@example.net,Tarjeta,8515,45-54
4046647159,Thomas,Cohen,35,Masculino,Chicago,Bajo,2,6.0,Sí,Sí,Pescado,No,977-664-1299,Dato no cargado,Tarjeta,992,35-44
1065317986,Nathan,Oconnor,58,Masculino,Chicago,Bajo,1,5.01,Sí,No,Mariscos,No,(543)577-5049,teresa26@example.org,Efectivo,1183,55-64
5357436824,Jeffrey,Pena,38,Masculino,Chicago,Bajo,3,7.01,No,No,Carnes,No,Dato no cargado,amandajackson@example.net,Efectivo,996,35-44
7444823375,Chad,Roberson,75,Masculino,Chicago,Alto,4,40.4,Sí,Sí,No informado,Sí,Dato no cargado,aprilstevenson@example.org,Tarjeta,7636,65-80
8972064951,Susan,Bradley,73,Femenino,Chicago,Alto,6,56.09,Sí,Sí,Mariscos,Sí,569-773-6429x61678,sjohnson@example.net,Efectivo,5196,65-80
7534087794,Michael,Green,70,Masculino,Chicago,Bajo,0,0.0,Sí,Sí,Vegetariano,No,Dato no cargado,lbaker@example.org,Efectivo,823,65-80
9224187354,Jimmy,Mack,35,Masculino,Chicago,Bajo,0,0.0,No,No,Vegetariano,No,001-659-419-5586x59470,Dato no cargado,Efectivo,1374,35-44
5155325177,Vanessa,Graham,64,Femenino,Chicago,Bajo,0,0.0,No,Sí,Vegano,No,001-643-854-8046x28248,Dato no cargado,App,1544,55-64
1642756977,Carla,Rodriguez,29,Femenino,Chicago,Muy Alto,6,30.03,No,Sí,Vegano,Sí,465.667.9715,Dato no cargado,Tarjeta,12674,25-34
7904847902,Courtney,Vaughan,43,Femenino,Chicago,Bajo,3,6.17,No,No,Carnes,No,2755799218,william31@example.org,Efectivo,1550,35-44
1629176876,Samuel,Fernandez,29,Masculino,Chicago,Alto,5,28.23,No,Sí,Pescado,Sí,Dato no cargado,Dato no cargado,Tarjeta,5956,25-34
4689605624,Jeffrey,Dunn,65,Masculino,Chicago,Medio,4,7.11,Sí,Sí,Carnes,Sí,Dato no cargado,Dato no cargado,Efectivo,2583,65-80
1599182988,Sarah,Simon,36,Femenino,Chicago,Alto,6,37.06,Sí,No,Vegetariano,No,Dato no cargado,cynthiagarrett@example.org,Efectivo,3516,35-44
8758666830,Karen,Cortez,78,Femenino,Chicago,Muy Alto,5,37.69,No,No,Vegetariano,No,Dato no cargado,Dato no cargado,Tarjeta,16745,65-80
8405254370,Regina,Keller,77,Femenino,Chicago,Alto,6,53.12,Sí,No,Carnes,Sí,Dato no cargado,nashkathryn@example.com,Tarjeta,3557,65-80
2583296780,Tony,Ibarra,50,Masculino,Chicago,Bajo,0,0.0,Sí,Sí,Carnes,No,258.832.5489x628,Dato no cargado,Tarjeta,1583,45-54
1032431508,Nathan,Lewis,65,Masculino,Chicago,Medio,2,23.8,Sí,No,Mariscos,No,774.809.9956,Dato no cargado,Tarjeta,3156,65-80
5398299195,Jamie,Sheppard,65,Femenino,Chicago,Alto,4,57.53,Sí,No,Carnes,Sí,(574)937-6617x439,Dato no cargado,App,4904,65-80
3896165215,Ryan,Logan,31,Masculino,Chicago,Muy Alto,9,34.43,Sí,Sí,Carnes,No,Dato no cargado,ibell@example.com,Tarjeta,11901,25-34
7799268020,Shawn,Wright,44,Masculino,Chicago,Muy Alto,7,57.97,Sí,Sí,Otro,Sí,Dato no cargado,melissa21@example.com,Efectivo,11944,35-44
4479752115,Lisa,Willis,28,Femenino,Chicago,Alto,6,10.04,Sí,Sí,Mariscos,No,Dato no cargado,Dato no cargado,App,7039,25-34
8387664437,Miguel,Tran,51,Masculino,Chicago,Muy Alto,7,50.46,No,No,Vegetariano,Sí,Dato no cargado,Dato no cargado,App,14990,45-54
2935933722,Lance,Herrera,45,Masculino,Chicago,Muy Alto,10,68.52,No,No,Vegano,Sí,001-627-782-3538x15213,Dato no cargado,Efectivo,17473,45-54
6314792428,Bradley,Scott,45,Masculino,Chicago,Alto,5,25.53,Sí,Sí,Otro,Sí,001-798-664-0624,Dato no cargado,Efectivo,3605,45-54
7700427495,Richard,Tran,26,Masculino,Chicago,Medio,4,17.575,Sí,Sí,Pescado,No,Dato no cargado,Dato no cargado,App,2547,25-34
2059843940,Tara,Watson,27,Femenino,Chicago,Alto,5,14.49,No,Sí,Pescado,Sí,829.570.7881x1474,guzmanbrenda@example.net,App,8798,25-34
2406772445,Danielle,Oconnell,68,Femenino,Chicago,Muy Alto,7,73.6,No,No,Vegetariano,Sí,Dato no cargado,Dato no cargado,Efectivo,9229,65-80
2059195303,Janice,Smith,40,Femenino,Chicago,Alto,6,50.38,No,Sí,Vegetariano,Sí,Dato no cargado,Dato no cargado,App,4442,35-44
7831049288,Tom,Andrade,77,Masculino,Chicago,Muy Alto,6,49.44,Sí,No,Vegano,Sí,(716)363-8306x2019,katherine33@example.com,Efectivo,11193,65-80
4175084884,Jennifer,Gomez,36,Femenino,Chicago,Alto,4,19.45,Sí,No,No informado,Sí,Dato no cargado,Dato no cargado,Efectivo,7189,35-44
6260070169,Tracey,Yoder,67,Femenino,Chicago,Medio,2,5.96,No,No,Pescado,No,(680)552-4965x599,Dato no cargado,Tarjeta,2419,65-80
9930976126,Danielle,Castro,28,Femenino,Chicago,Bajo,1,6.06,No,Sí,Vegano,No,Dato no cargado,Dato no cargado,Efectivo,1122,25-34
8012278776,Adam,Steele,42,Masculino,Chicago,Medio,4,17.62,No,Sí,Carnes,No,677-659-6826x8931,vrichardson@example.com,Efectivo,2285,35-44
2621844795,Sean,Smith,29,Masculino,Chicago,Muy Alto,6,98.14,Sí,No,Carnes,Sí,Dato no cargado,danielellis@example.net,Efectivo,15591,25-34
9816845002,Stephanie,Roberts,46,Femenino,Chicago,Alto,6,34.78,No,Sí,Vegetariano,Sí,Dato no cargado,scottflores@example.net,App,8636,45-54
6118390397,Michael,Reed,25,Masculino,Chicago,Medio,5,27.09,No,Sí,Vegetariano,No,001-381-664-3844,aramirez@example.com,Tarjeta,1979,25-34
5914925367,Maria,James,24,Femenino,Chicago,Medio,2,11.96,Sí,Sí,Carnes,No,Dato no cargado,jocelyncline@example.net,Efectivo,1788,18-24
8001346068,Adrian,Bright,29,Masculino,Chicago,Alto,5,11.48,No,Sí,Otro,Sí,Dato no cargado,haasmarissa@example.com,Tarjeta,8815,25-34
5345436228,David,Eaton,80,Masculino,Chicago,Alto,4,37.75,No,Sí,Carnes,Sí,Dato no cargado,Dato no cargado,Tarjeta,7524,65-80
5462774644,Christopher,Mendoza,63,Masculino,Chicago,Bajo,2,5.02,Sí,Sí,Carnes,No,Dato no cargado,teresakelley@example.net,Efectivo,1444,55-64
8199591770,Heather,Smith,27,Femenino,Chicago,Bajo,3,6.31,Sí,Sí,Otro,No,+1-633-881-8613x09459,harriskendra@example.net,Tarjeta,1093,25-34
9940686553,John,Howell,26,Masculino,Chicago,Bajo,3,8.24,Sí,Sí,Carnes,No,675-925-2269,Dato no cargado,Tarjeta,1126,25-34
6895274942,Leslie,Ramirez,50,Femenino,Chicago,Alto,4,27.5,No,Sí,Vegetariano,No,001-305-274-3972x916,casey80@example.net,Efectivo,7038,45-54
9438980153,Karen,Crawford,79,Femenino,Chicago,Alto,4,44.76,No,Sí,Carnes,Sí,6383921151,william17@example.com,Efectivo,7709,65-80
1926468472,Natasha,Carson,46,Femenino,Chicago,Alto,5,13.3,Sí,No,Mariscos,Sí,001-338-739-4490x4611,dmiller@example.net,Efectivo,4279,45-54
9578561596,Brandon,Velasquez,35,Masculino,Chicago,Alto,4,12.4,Sí,No,Vegetariano,No,001-597-357-7500x3200,villanuevalori@example.org,App,5520,35-44
8140031764,Cheryl,Greene,59,Femenino,Chicago,Alto,6,31.07,No,Sí,Otro,No,+1-812-513-4645x67475,Dato no cargado,Tarjeta,4817,55-64
4134278256,Rebecca,Carrillo,43,Femenino,Chicago,Medio,2,8.49,No,Sí,Carnes,Sí,280-517-1427x8133,Dato no cargado,Efectivo,2471,35-44
6387276661,Jacob,Mckay,56,Masculino,Chicago,Alto,6,8.32,No,Sí,Carnes,Sí,Dato no cargado,Dato no cargado,Efectivo,7700,55-64
6335864941,Jennifer,Brewer,24,Femenino,Chicago,Alto,4,17.37,Sí,Sí,Vegetariano,Sí,395-369-7953,Dato no cargado,App,7637,18-24
1126627217,Thomas,Rivas,49,Masculino,Chicago,Muy Alto,10,54.23,Sí,No,Carnes,Sí,Dato no cargado,carlos76@example.com,Efectivo,9943,45-54
6508136828,Gina,Dickerson,69,Femenino,Chicago,Medio,2,13.84,Sí,Sí,Otro,No,Dato no cargado,davidreyes@example.org,Tarjeta,2051,65-80
7733502888,Charles,Kelly,24,Masculino,Chicago,Medio,4,19.35,No,Sí,Carnes,No,+1-717-462-1368x118,latasha85@example.org,Efectivo,3023,18-24
9584270385,Stephanie,Young,32,Femenino,Chicago,Bajo,2,5.92,Sí,No,Mariscos,No,Dato no cargado,waynewilson@example.com,Tarjeta,801,25-34
1177142167,Barbara,Bailey,79,Femenino,Chicago,Medio,3,7.62,No,Sí,Otro,No,Dato no cargado,jeanette44@example.net,Tarjeta,2645,65-80
3985330922,Amy,Smith,44,Femenino,Chicago,Medio,5,15.52,No,Sí,Vegetariano,No,Dato no cargado,Dato no cargado,App,2702,35-44
6670416501,Debbie,Ramirez,69,Femenino,Chicago,Alto,4,39.36,No,Sí,No informado,Sí,Dato no cargado,Dato no cargado,Efectivo,5440,65-80
5663364256,Terry,Mckenzie,44,Masculino,Chicago,Alto,4,32.74,Sí,No,Carnes,Sí,001-387-782-7514,Dato no cargado,Tarjeta,6153,35-44
5607762160,Maria,Powers,32,Femenino,Chicago,Medio,4,28.68,Sí,No,Carnes,No,Dato no cargado,garygomez@example.com,App,3084,25-34
9631911838,Christopher,Wood,38,Masculino,Chicago,Medio,3,7.74,No,No,Carnes,Sí,001-455-623-4492x7132,Dato no cargado,Tarjeta,1727,35-44
6172025088,Charles,Hunt,51,Masculino,Chicago,Alto,6,5.18,No,No,Mariscos,Sí,001-427-270-8735x679,meyermelissa@example.net,Tarjeta,7394,45-54
8805663591,Steve,Villa,37,Masculino,Chicago,Alto,5,16.78,Sí,Sí,Otro,Sí,Dato no cargado,Dato no cargado,Efectivo,4094,35-44
5693308941,Julie,Huang,32,Femenino,Chicago,Bajo,0,0.0,Sí,No,Otro,No,001-356-764-4333x29443,kaitlin91@example.net,Efectivo,973,25-34
3486742264,Robert,Thomas,72,Masculino,Chicago,Bajo,2,8.22,No,Sí,Otro,No,(429)308-7005x72966,brian05@example.net,App,1563,65-80
5088174560,Matthew,Miranda,27,Masculino,Chicago,Alto,6,31.45,No,Sí,Otro,Sí,Dato no cargado,ellisarthur@example.net,App,4265,25-34
1849586427,James,Hensley,44,Masculino,Chicago,Alto,5,18.61,No,No,Otro,Sí,Dato no cargado,Dato no cargado,Efectivo,4644,35-44
1134752235,Robert,Richards,76,Masculino,Chicago,Medio,5,28.51,Sí,No,Vegano,No,Dato no cargado,nhester@example.org,Efectivo,3144,65-80
5682227896,Ashley,Gardner,58,Femenino,Chicago,Medio,5,27.52,Sí,Sí,Vegetariano,No,Dato no cargado,barbara35@example.com,Efectivo,3395,55-64
4728120111,Crystal,Gordon,58,Femenino,Chicago,Bajo,0,0.0,Sí,Sí,Otro,No,001-669-344-6080x156,Dato no cargado,Tarjeta,1054,55-64
8749801054,Melissa,Hernandez,30,Femenino,Chicago,Alto,5,33.87,Sí,Sí,Carnes,Sí,Dato no cargado,knappdeborah@example.com,App,4668,25-34
5511008504,Robert,Gonzales,57,Masculino,Chicago,Medio,4,21.63,Sí,Sí,Vegetariano,No,Dato no cargado,eric77@example.org,Efectivo,3265,55-64
4217549793,Natasha,Jones,43,Femenino,Chicago,Muy Alto,7,85.5,No,No,Vegano,Sí,812.422.3505,Dato no cargado,Tarjeta,13779,35-44
3514980816,Juan,Keith,28,Masculino,Chicago,Alto,4,23.44,Sí,Sí,Otro,Sí,+1-406-710-6612x01057,Dato no cargado,App,7978,25-34
4387523934,Jennifer,Smith,18,Femenino,Chicago,Medio,3,9.78,No,Sí,Vegetariano,No,Dato no cargado,Dato no cargado,Efectivo,3167,18-24
5224053969,Elizabeth,Murphy,63,Femenino,Chicago,Medio,2,28.13,Sí,Sí,Otro,No,Dato no cargado,fgonzales@example.org,App,2883,55-64
5957285972,Sara,Bryant,45,Femenino,Chicago,Alto,6,47.45,Sí,Sí,Carnes,Sí,Dato no cargado,lauramcdonald@example.com,Tarjeta,4930,45-54
7832220535,Eric,Dunlap,57,Masculino,Chicago,Medio,3,18.49,No,Sí,Vegetariano,No,980-868-0935,zhunter@example.org,Tarjeta,2247,55-64
9680447616,Jerry,Ward,74,Masculino,Chicago,Alto,5,32.52,Sí,No,Vegano,Sí,3313763492,Dato no cargado,Tarjeta,5611,65-80
8821456242,Carol,Glenn,21,Femenino,Chicago,Bajo,0,0.0,No,Sí,Vegetariano,No,Dato no cargado,Dato no cargado,Efectivo,910,18-24
6733641358,Michael,Norman,73,Masculino,Chicago,Alto,4,15.3,No,No,Carnes,No,Dato no cargado,susantaylor@example.net,App,7237,65-80
3504022374,Loretta,Powell,26,Femenino,Chicago,Alto,5,26.01,Sí,Sí,Carnes,Sí,Dato no cargado,Dato no cargado,Efectivo,7293,25-34
6734602842,Donald,Lindsey,59,Masculino,Chicago,Muy Alto,6,8.88,Sí,No,Carnes,Sí,001-551-710-3925,stevensemily@example.net,Tarjeta,13264,55-64
8442341367,Jake,Washington,21,Masculino,Chicago,Medio,4,16.48,Sí,Sí,No informado,No,4649286512,lorrainemendoza@example.com,App,2585,18-24
7224573015,Victoria,Conner,74,Femenino,Chicago,Alto,6,25.58,No,Sí,Pescado,Sí,001-686-258-8855x03924,Dato no cargado,Efectivo,8660,65-80
1430073711,Tina,Buchanan,65,Femenino,Chicago,Alto,5,56.66,No,Sí,Otro,No,Dato no cargado,Dato no cargado,Efectivo,3865,65-80
6382698198,Robert,Sims,73,Masculino,Chicago,Alto,5,32.955,No,No,Otro,No,Dato no cargado,rick83@example.org,Efectivo,5699,65-80
1696225566,Michelle,Wilson,26,Femenino,Chicago,Medio,2,8.13,No,Sí,Carnes,No,267.558.2856x9963,hernandeznoah@example.org,App,2437,25-34
4260587490,Heather,Haas,60,Femenino,Chicago,Medio,5,17.49,No,Sí,Vegano,No,Dato no cargado,Dato no cargado,Efectivo,3195,55-64
6130446648,Rhonda,Suarez,57,Femenino,Chicago,Muy Alto,6,41.58,Sí,Sí,Carnes,Sí,901.714.5194,Dato no cargado,App,12165,55-64
2988055189,Sandra,Scott,65,Femenino,Chicago,Medio,5,17.89,No,Sí,Vegano,No,Dato no cargado,Dato no cargado,Tarjeta,2693,65-80
8863138232,Maria,Henderson,37,Femenino,Chicago,Medio,4,27.72,Sí,Sí,Vegetariano,No,Dato no cargado,preston14@example.org,Tarjeta,2427,35-44
4199304390,Jonathan,Ferrell,48,Masculino,Chicago,Medio,4,24.68,Sí,No,Vegetariano,No,Dato no cargado,kayla87@example.net,Tarjeta,2561,45-54
2308496151,Madison,Fields,50,Femenino,Chicago,Alto,5,50.41,Sí,No,Otro,Sí,+1-787-676-9537x5406,Dato no cargado,Tarjeta,5957,45-54
4518110561,Tara,Benitez,28,Femenino,Chicago,Muy Alto,6,12.59,No,Sí,Mariscos,Sí,539-572-7642x09131,kennethstewart@example.net,Tarjeta,15042,25-34
6550051689,Scott,James,31,Masculino,Chicago,Muy Alto,10,45.01,Sí,Sí,Pescado,Sí,001-768-913-6052x030,Dato no cargado,Efectivo,17599,25-34
4266296360,Tyler,Gardner,69,Masculino,Chicago,Medio,5,5.77,No,No,Carnes,No,Dato no cargado,Dato no cargado,Tarjeta,1951,65-80
1804437737,Kaitlyn,Joyce,37,Femenino,Chicago,Alto,4,17.6,No,No,Vegetariano,Sí,917.514.5388x846,uhamilton@example.com,Efectivo,8549,35-44
2516185223,Thomas,Myers,27,Masculino,Chicago,Alto,6,8.18,Sí,Sí,Carnes,Sí,+1-310-451-0419x73696,fhart@example.org,App,4475,25-34
9592390865,Mike,Johnson,19,Masculino,Chicago,Alto,4,52.46,No,Sí,Vegano,Sí,(250)889-9419,Dato no cargado,Efectivo,8208,18-24
1580918448,Justin,Young,21,Masculino,Chicago,Medio,4,13.58,Sí,Sí,Carnes,No,+1-513-887-8224x30500,christinecarr@example.net,Efectivo,2737,18-24
5780323491,Randy,Smith,20,Masculino,Chicago,Muy Alto,5,51.28,Sí,Sí,Carnes,Sí,432-986-0969,Dato no cargado,Efectivo,11605,18-24
8720248706,Amanda,Santiago,34,Femenino,Chicago,Muy Alto,8,54.55,Sí,No,Vegetariano,Sí,Dato no cargado,justinwilliams@example.com,Efectivo,16598,25-34
1088974176,Diana,Brown,19,Femenino,Chicago,Medio,4,22.99,Sí,Sí,Otro,No,667.669.1984x75148,quinnmichael@example.com,App,1751,18-24
1892734101,Amy,Hernandez,27,Femenino,Chicago,Bajo,0,0.0,No,Sí,Carnes,No,Dato no cargado,gary84@example.net,Efectivo,1588,25-34
7747581391,Stacy,Frank,34,Femenino,Chicago,Muy Alto,8,94.66,Sí,Sí,Vegetariano,Sí,Dato no cargado,jessica03@example.com,Efectivo,9226,25-34
8640995367,Brian,Bailey,38,Masculino,Chicago,Alto,5,59.75,Sí,Sí,Carnes,Sí,366.317.9850x0335,thomasdenise@example.com,Efectivo,4611,35-44
4398220330,Michael,Stone,39,Masculino,Chicago,Bajo,3,6.26,No,No,Carnes,No,+1-688-738-0520x249,lewistraci@example.org,Efectivo,1480,35-44
1898018927,Lisa,Hahn,26,Femenino,Chicago,Medio,4,24.78,No,Sí,Carnes,No,Dato no cargado,Dato no cargado,Tarjeta,1741,25-34
2423707898,Anne,Goodman,58,Femenino,Chicago,Medio,4,9.79,Sí,Sí,Vegano,No,608.258.8459,Dato no cargado,Efectivo,2664,55-64
3876961999,Lisa,Jackson,68,Femenino,Chicago,Medio,2,17.575,No,Sí,Carnes,No,(738)747-9628,Dato no cargado,App,3492,65-80
1525913802,Veronica,Newton,68,Femenino,Chicago,Medio,2,29.79,Sí,Sí,Vegano,No,Dato no cargado,pamelajoseph@example.net,Tarjeta,3009,65-80
9937428164,Jamie,Roman,35,Femenino,Chicago,Muy Alto,6,56.21,Sí,Sí,Vegetariano,Sí,(366)782-7319,pscott@example.com,App,9208,35-44
3311256997,Anthony,Rodriguez,61,Masculino,Chicago,Muy Alto,5,69.4,Sí,Sí,Vegano,Sí,Dato no cargado,Dato no cargado,Tarjeta,16371,55-64
7637761996,Daniel,Hernandez,30,Masculino,Chicago,Muy Alto,9,15.08,Sí,Sí,Mariscos,Sí,+1-319-492-1050,Dato no cargado,App,15533,25-34
4422030495,Lauren,Price,67,Femenino,Chicago,Alto,5,29.91,Sí,No,Vegetariano,Sí,Dato no cargado,snydermelanie@example.com,App,6512,65-80
4717950116,Larry,Willis,31,Masculino,Chicago,Alto,5,57.32,Sí,Sí,Pescado,Sí,001-348-393-0673x710,Dato no cargado,Efectivo,4240,25-34
4852067552,Janet,Hunter,65,Femenino,Chicago,Muy Alto,10,84.95,Sí,Sí,Carnes,Sí,(369)862-2995x4434,Dato no cargado,Tarjeta,12122,65-80
1447593460,Lindsey,Zimmerman,69,Femenino,Chicago,Medio,5,17.36,No,Sí,Carnes,No,(870)662-2769x52453,michele96@example.com,App,2269,65-80
8383804905,Sean,Wise,66,Masculino,Chicago,Medio,3,16.33,No,Sí,No informado,No,599.715.2658,Dato no cargado,Efectivo,2521,65-80
9644057445,Clifford,Hall,56,Masculino,Chicago,Bajo,0,0.0,Sí,No,Carnes,No,412.606.6432x37714,Dato no cargado,App,1595,55-64
8970566223,David,Mora,61,Masculino,Chicago,Alto,4,7.02,No,Sí,Pescado,Sí,Dato no cargado,Dato no cargado,App,4323,55-64
6200584953,Cynthia,Bailey,33,Femenino,Chicago,Medio,4,27.84,No,Sí,Otro,No,Dato no cargado,Dato no cargado,Efectivo,2099,25-34
3296067730,Garrett,Malone,66,Masculino,Chicago,Medio,4,6.91,No,Sí,Mariscos,No,(321)812-6990,Dato no cargado,Tarjeta,3088,65-80
3592473405,Sean,Ramos,39,Masculino,Chicago,Medio,2,11.48,No,No,Otro,No,Dato no cargado,Dato no cargado,Tarjeta,2251,35-44
6655370534,Sheila,Bennett,70,Femenino,Chicago,Medio,4,23.8,Sí,Sí,Mariscos,No,962-268-1009x299,Dato no cargado,Tarjeta,3326,65-80
7254273444,James,Andrews,34,Masculino,Chicago,Bajo,0,0.0,Sí,No,Vegetariano,No,Dato no cargado,Dato no cargado,Efectivo,987,25-34
6366681877,Juan,Davis,45,Masculino,Chicago,Medio,2,29.69,Sí,No,Vegano,No,212.416.4965,Dato no cargado,Tarjeta,1880,45-54
5855535478,Troy,Hancock,71,Masculino,Chicago,Alto,4,6.7,No,Sí,Vegano,No,+1-409-603-8123,matthew50@example.com,Tarjeta,5032,65-80
1431463252,Christine,Henry,46,Femenino,Chicago,Alto,4,44.92,Sí,Sí,Vegano,Sí,(807)932-6463x182,emily30@example.com,App,4374,45-54
2287148777,Judith,Mitchell,36,Femenino,Chicago,Alto,6,49.19,No,No,Carnes,No,Dato no cargado,patrick53@example.org,App,4133,35-44
2320620839,Trevor,Jacobs,23,Masculino,Chicago,Alto,4,56.87,Sí,No,Carnes,Sí,Dato no cargado,matthew47@example.com,App,4556,18-24
1780550106,Laura,Butler,23,Femenino,Chicago,Medio,4,16.69,Sí,Sí,Vegetariano,Sí,253-423-6580,thomaspowell@example.com,Efectivo,2053,18-24
3360311082,Matthew,Johnson,76,Masculino,Chicago,Medio,2,22.2,Sí,Sí,Carnes,Sí,Dato no cargado,briankaiser@example.com,Tarjeta,2445,65-80
7846389041,Elizabeth,Obrien,69,Femenino,Chicago,Bajo,2,7.6,Sí,No,Mariscos,No,(392)255-4017,mendezandrew@example.net,Efectivo,916,65-80
7012810237,Antonio,Jones,21,Masculino,Chicago,Medio,5,27.94,No,Sí,Pescado,No,Dato no cargado,Dato no cargado,Efectivo,1819,18-24
1822744149,Lori,Rhodes,55,Femenino,Chicago,Bajo,3,8.8,Sí,No,Pescado,No,Dato no cargado,Dato no cargado,Efectivo,1265,55-64
9631196897,Brooke,Taylor,69,Femenino,Chicago,Alto,5,34.57,Sí,Sí,Carnes,Sí,Dato no cargado,Dato no cargado,Efectivo,4857,65-80
8106114428,Richard,Sherman,70,Masculino,Chicago,Muy Alto,7,13.43,No,No,Carnes,Sí,+1-383-949-4772,Dato no cargado,App,15110,65-80
2062090190,Christina,Ware,36,Femenino,Chicago,Alto,5,22.35,Sí,No,Otro,Sí,795-665-6705x3271,Dato no cargado,Efectivo,7145,35-44
7832783702,Michelle,Day,57,Femenino,Chicago,Muy Alto,8,92.92,No,Sí,Carnes,Sí,Dato no cargado,Dato no cargado,Tarjeta,14124,55-64
6804394126,Larry,Cruz,57,Masculino,Chicago,Bajo,2,9.01,Sí,Sí,Pescado,No,Dato no cargado,Dato no cargado,Efectivo,1378,55-64
3312409986,Sonya,Hernandez,69,Femenino,Chicago,Alto,4,6.57,No,Sí,Vegetariano,Sí,Dato no cargado,Dato no cargado,Efectivo,8953,65-80
1544918010,Anthony,Jones,49,Masculino,Chicago,Bajo,2,7.86,No,No,Vegano,No,Dato no cargado,Dato no cargado,Efectivo,1194,45-54
3190453309,Robert,Smith,58,Masculino,Chicago,Medio,5,17.43,Sí,Sí,Mariscos,No,661.490.1311x000,Dato no cargado,App,2511,55-64
4053577650,Megan,Arias,26,Femenino,Chicago,Muy Alto,7,15.41,Sí,Sí,Mariscos,Sí,(564)718-7665,christopherparker@example.org,Tarjeta,14967,25-34
7011290245,Joseph,Anderson,21,Masculino,Chicago,Muy Alto,9,18.98,No,Sí,Carnes,Sí,Dato no cargado,tonyaware@example.com,Tarjeta,13709,18-24
7756873738,Christopher,Edwards,51,Masculino,Chicago,Medio,3,22.38,No,No,Pescado,No,+1-351-424-3834x458,sgomez@example.com,Tarjeta,1924,45-54
7742566988,Clinton,Martinez,23,Masculino,Chicago,Alto,5,17.81,Sí,Sí,Carnes,Sí,Dato no cargado,sandra40@example.com,Efectivo,8204,18-24
3431577796,Margaret,Armstrong,78,Femenino,Chicago,Alto,6,54.38,No,No,Vegetariano,Sí,465-580-6175x2642,william32@example.org,Tarjeta,6830,65-80
9018373868,Rodney,Johnson,44,Masculino,Chicago,Alto,6,33.56,No,No,Carnes,Sí,Dato no cargado,Dato no cargado,App,8157,35-44
8934097788,Christopher,Mercado,48,Masculino,Chicago,Alto,6,20.18,No,Sí,Vegetariano,Sí,Dato no cargado,smithshannon@example.org,Tarjeta,5324,45-54
6336171726,Robert,Liu,68,Masculino,Chicago,Alto,6,5.99,No,Sí,Otro,Sí,648.553.3312x40743,andrew53@example.org,Tarjeta,4257,65-80
5996896017,Angel,Baker,60,Masculino,Chicago,Alto,6,48.99,Sí,Sí,Carnes,Sí,Dato no cargado,shafferlori@example.net,Tarjeta,5493,55-64
9347090313,Jacob,Potts,52,Masculino,Chicago,Bajo,0,0.0,Sí,Sí,Vegetariano,No,Dato no cargado,Dato no cargado,Efectivo,1542,45-54
6993116529,Caroline,Miller,54,Femenino,Chicago,Bajo,0,0.0,No,No,Pescado,No,001-217-584-5544,dgarcia@example.com,App,1390,45-54
4890452920,Stephanie,Gordon,55,Femenino,Chicago,Medio,4,6.55,No,No,Carnes,Sí,780-356-3856,aguirrekari@example.net,Tarjeta,3394,55-64
5585773087,Mike,Wood,73,Masculino,Chicago,Muy Alto,6,52.11,No,No,Vegetariano,Sí,+1-243-506-3364,nathan48@example.net,Tarjeta,9738,65-80
3275970986,Sherry,Sexton,31,Femenino,Chicago,Alto,5,24.1,No,Sí,Vegetariano,Sí,856.551.0099x76485,Dato no cargado,Tarjeta,5944,25-34
3544904142,Amanda,Edwards,79,Femenino,Chicago,Muy Alto,10,95.18,No,No,Pescado,Sí,Dato no cargado,michaelsanders@example.org,Efectivo,16642,65-80
8772725548,Lisa,Rice,58,Femenino,Chicago,Medio,2,6.69,Sí,No,Otro,No,Dato no cargado,hudsonlori@example.org,Tarjeta,1939,55-64
1100806839,Mark,Aguilar,50,Masculino,Chicago,Medio,4,25.66,Sí,No,Vegetariano,Sí,294.708.1162,msanchez@example.com,Efectivo,2288,45-54
5743664560,Lindsay,Nguyen,25,Femenino,Chicago,Bajo,0,0.0,Sí,Sí,Otro,No,Dato no cargado,Dato no cargado,Efectivo,942,25-34
4231729466,Debra,Webb,79,Femenino,Chicago,Medio,3,22.83,Sí,No,Vegetariano,No,(210)786-5659,summerjohnson@example.com,App,2353,65-80
9563941194,Cassandra,Schneider,76,Femenino,Chicago,Medio,3,29.05,No,Sí,Pescado,No,001-793-286-8070,cmarshall@example.org,Efectivo,3278,65-80
6328685524,Joseph,Taylor,61,Masculino,Chicago,Medio,4,17.17,Sí,Sí,Vegetariano,No,Dato no cargado,shepardsusan@example.com,App,1736,55-64
9786854538,Tara,Castro,21,Femenino,Chicago,Medio,2,13.11,Sí,Sí,Carnes,No,(993)459-8056x8620,bscott@example.org,Tarjeta,2473,18-24
3378164325,Sarah,Jenkins,40,Femenino,Chicago,Alto,4,39.65,No,No,Vegano,No,(312)292-0687,qbarber@example.com,App,4548,35-44
2315443813,Jon,Hunt,64,Masculino,Chicago,Muy Alto,10,69.46,No,Sí,Pescado,Sí,Dato no cargado,Dato no cargado,Efectivo,11898,55-64
8721282352,John,Hernandez,59,Masculino,Chicago,Muy Alto,9,22.13,No,Sí,Mariscos,Sí,(518)529-0629x4140,michael02@example.net,Efectivo,10904,55-64
6401148618,Spencer,Garza,27,Masculino,Chicago,Muy Alto,10,55.49,No,Sí,Mariscos,Sí,Dato no cargado,cantrelljordan@example.com,Efectivo,10344,25-34
8060868430,Darlene,Hodges,80,Femenino,Chicago,Bajo,2,5.78,No,Sí,Vegetariano,No,Dato no cargado,Dato no cargado,Efectivo,1443,65-80
9829847939,Thomas,Burke,66,Masculino,Chicago,Alto,6,33.08,Sí,Sí,Vegano,Sí,418-654-4504x86018,Dato no cargado,Tarjeta,7131,65-80
5502605209,Jacob,Rogers,67,Masculino,Chicago,Bajo,1,7.66,No,Sí,Mariscos,No,203.484.7583x112,Dato no cargado,Efectivo,972,65-80
5120004493,Marco,Miller,79,Masculino,Chicago,Alto,4,50.13,Sí,No,Carnes,Sí,876-996-3747x389,Dato no cargado,Tarjeta,7226,65-80
3795665163,Erica,Obrien,29,Femenino,Chicago,Bajo,1,6.28,No,Sí,No informado,No,429.614.5797,Dato no cargado,Efectivo,1356,25-34
3370254777,Ricky,Stevenson,26,Masculino,Chicago,Alto,5,18.15,No,Sí,Carnes,No,(821)395-7211,Dato no cargado,Efectivo,6123,25-34
9149101406,Lisa,Mueller,65,Femenino,Chicago,Alto,4,20.7,No,Sí,Pescado,No,Dato no cargado,crichardson@example.org,Tarjeta,8922,65-80
9329853360,Kim,Crawford,44,Femenino,Chicago,Bajo,3,7.97,No,Sí,Carnes,No,Dato no cargado,Dato no cargado,App,1038,35-44
8257888483,Justin,Gonzalez,80,Masculino,Chicago,Alto,6,49.08,Sí,No,Carnes,Sí,982-237-4888x0402,Dato no cargado,App,8106,65-80
5227394524,Erica,Simon,42,Femenino,Chicago,Medio,3,6.24,Sí,Sí,Carnes,No,Dato no cargado,nicholas37@example.net,Efectivo,2071,35-44
1438188292,Preston,Wilson,39,Masculino,Chicago,Medio,4,10.63,Sí,No,Otro,Sí,Dato no cargado,michaelgreen@example.org,Tarjeta,3371,35-44
4208271113,Yvette,Riley,80,Femenino,Chicago,Medio,5,23.47,Sí,No,Otro,Sí,Dato no cargado,carolyndunlap@example.org,Tarjeta,2348,65-80
6075936959,Heather,Nicholson,28,Femenino,Chicago,Medio,5,18.57,Sí,Sí,Carnes,No,Dato no cargado,Dato no cargado,Efectivo,1784,25-34
2039205693,Richard,James,41,Masculino,Chicago,Alto,5,59.66,No,Sí,Carnes,No,Dato no cargado,Dato no cargado,Tarjeta,7237,35-44
9395868030,Elizabeth,Turner,77,Femenino,Chicago,Alto,5,5.46,Sí,No,Pescado,No,3952215033,Dato no cargado,App,7339,65-80
8150736635,Beth,Valentine,33,Femenino,Chicago,Medio,2,12.12,No,Sí,Carnes,No,001-800-900-9517x93496,Dato no cargado,Efectivo,2650,25-34
5266615424,Travis,Roman,23,Masculino,Chicago,Bajo,3,8.54,No,Sí,Vegetariano,No,Dato no cargado,Dato no cargado,Efectivo,992,18-24
2451973261,Pamela,Peck,66,Femenino,Chicago,Medio,3,13.62,Sí,Sí,Mariscos,No,Dato no cargado,jacob58@example.org,Efectivo,2281,65-80
9799058406,Lisa,Green,63,Femenino,Chicago,Bajo,3,8.24,Sí,No,Carnes,No,+1-476-685-8366,rhill@example.org,App,955,55-64
7597996327,Bryan,Martin,32,Masculino,Chicago,Medio,5,8.41,No,No,Vegano,Sí,4299574474,lorifuller@example.net,App,1731,25-34
6072744616,Mario,Lynch,78,Masculino,Chicago,Muy Alto,6,29.45,Sí,Sí,Otro,Sí,(224)872-1645,Dato no cargado,Efectivo,9437,65-80
4226726995,Ernest,Robinson,80,Masculino,Chicago,Muy Alto,8,51.31,No,No,Vegetariano,Sí,001-411-528-4319x1431,matthew78@example.org,Tarjeta,10715,65-80
5504166108,Andrew,Lopez,50,Masculino,Chicago,Bajo,0,0.0,No,No,Vegetariano,No,527.568.7604,wilsonlauren@example.com,Tarjeta,1330,45-54
9456298874,Elizabeth,Owens,24,Femenino,Chicago,Medio,3,20.13,Sí,Sí,Vegetariano,No,001-214-425-3411,deborah57@example.com,App,3345,18-24
4797369215,John,Murphy,71,Masculino,Chicago,Bajo,3,7.85,No,Sí,Vegetariano,No,Dato no cargado,Dato no cargado,Efectivo,1418,65-80
4147226180,Allison,Garcia,26,Femenino,Chicago,Medio,4,6.43,No,Sí,Vegetariano,No,847-380-4976x0492,Dato no cargado,App,2223,25-34
5416675136,Amanda,Nguyen,27,Femenino,Chicago,Muy Alto,10,88.94,Sí,Sí,Carnes,Sí,8695602978,Dato no cargado,Efectivo,16647,25-34
9212760447,Kara,Johnson,35,Femenino,Chicago,Medio,4,13.13,Sí,No,Vegano,No,305-945-9870x3847,Dato no cargado,Tarjeta,2321,35-44
2072355594,Stephanie,Stokes,24,Femenino,Chicago,Bajo,2,7.8,No,Sí,Carnes,No,854-248-9965,Dato no cargado,Tarjeta,1165,18-24
1240869441,Kimberly,Baker,46,Femenino,Chicago,Alto,6,10.05,Sí,Sí,Mariscos,Sí,Dato no cargado,Dato no cargado,Efectivo,4597,45-54
6241769011,Donna,Hines,26,Femenino,Chicago,Alto,6,17.38,Sí,Sí,Carnes,Sí,Dato no cargado,revans@example.net,App,6982,25-34
4929273352,James,David,77,Masculino,Chicago,Medio,4,27.69,Sí,Sí,Pescado,No,Dato no cargado,Dato no cargado,Tarjeta,3073,65-80
4895014344,Erin,Thomas,28,Femenino,Chicago,Alto,6,6.33,No,Sí,Pescado,Sí,(381)975-3245x45575,Dato no cargado,Tarjeta,7861,25-34
7020665149,Kyle,Stout,71,Masculino,Chicago,Bajo,0,0.0,No,No,Vegetariano,No,Dato no cargado,jacksonjesse@example.org,App,1124,65-80
1354923180,Elizabeth,Farmer,21,Femenino,Chicago,Muy Alto,7,63.32,No,Sí,Vegetariano,Sí,Dato no cargado,fisherlaurie@example.org,Efectivo,13438,18-24
8795212264,Deborah,Scott,20,Femenino,Chicago,Alto,6,37.95,No,Sí,Carnes,Sí,Dato no cargado,sanchezeugene@example.net,Criptomoneda,7554,18-24
5846418002,Douglas,Clark,50,Masculino,Chicago,Muy Alto,7,16.77,No,Sí,Vegano,Sí,Dato no cargado,Dato no cargado,App,14080,45-54
8667408204,Stephen,Mckinney,66,Masculino,Chicago,Muy Alto,9,78.41,No,Sí,Vegetariano,Sí,961.901.1446x94814,thomastodd@example.net,Efectivo,12879,65-80
2175261501,Shane,Evans,20,Masculino,Chicago,Bajo,2,9.49,No,Sí,Carnes,No,Dato no cargado,howardstephanie@example.com,App,1533,18-24
7008051512,Allen,Parker,80,Masculino,Chicago,Bajo,1,8.89,No,Sí,Vegano,No,2937748438,hornemichael@example.net,Criptomoneda,1027,65-80
7887484248,Ashley,Gaines,77,Femenino,Chicago,Alto,6,37.8,No,Sí,Mariscos,Sí,Dato no cargado,sarahpreston@example.com,App,3990,65-80
5052505985,Cody,Macias,19,Masculino,Chicago,Medio,5,26.74,No,Sí,Carnes,No,(204)239-4734x781,Dato no cargado,Tarjeta,2804,18-24
7848400752,Tommy,Boyd,53,Masculino,Chicago,Medio,3,20.94,Sí,Sí,Vegano,No,Dato no cargado,Dato no cargado,App,1857,45-54
2516888774,Billy,Allen,57,Masculino,Chicago,Bajo,2,6.11,No,No,Otro,No,929.587.5723x292,Dato no cargado,Efectivo,1136,55-64
3722464231,Kevin,Lopez,53,Masculino,Chicago,Medio,5,19.2,Sí,No,No informado,Sí,001-200-577-4379,Dato no cargado,Efectivo,3249,45-54
7752061110,Ernest,Maynard,69,Masculino,Chicago,Alto,5,47.93,No,Sí,Pescado,No,Dato no cargado,ygoodman@example.com,Efectivo,3717,65-80
3149533961,Brian,Rios,57,Masculino,Chicago,Medio,5,9.23,Sí,Sí,Pescado,Sí,(546)970-9155,melissaavila@example.com,App,1651,55-64
9202727330,Brittany,Romero,23,Femenino,Chicago,Medio,5,7.42,Sí,Sí,Vegetariano,No,Dato no cargado,Dato no cargado,Tarjeta,1723,18-24
3630108237,Sherry,Rodriguez,22,Femenino,Chicago,Bajo,2,5.6,Sí,Sí,Pescado,No,(881)651-5151,Dato no cargado,Efectivo,1068,18-24
9829875790,Justin,Morales,77,Masculino,Chicago,Bajo,0,0.0,No,Sí,No informado,No,+1-250-913-7808x4341,samantha53@example.org,Efectivo,1597,65-80
1186047172,Heidi,Serrano,57,Femenino,Chicago,Muy Alto,6,50.27,Sí,Sí,Mariscos,Sí,+1-733-941-2913x1887,Dato no cargado,Tarjeta,15538,55-64
9849200794,William,Roberts,27,Masculino,Chicago,Alto,6,34.3,Sí,Sí,Carnes,No,001-269-843-6912x577,Dato no cargado,App,5633,25-34
5239521090,Christopher,Kelly,54,Masculino,Chicago,Medio,5,27.05,Sí,Sí,Otro,No,Dato no cargado,tracyrodriguez@example.com,Efectivo,2731,45-54
6667043253,Samantha,Kennedy,46,Femenino,Chicago,Muy Alto,6,45.45,No,Sí,Otro,Sí,001-405-770-0573,huntandrew@example.net,Efectivo,10678,45-54
3294092753,Brandi,Mccarthy,67,Femenino,Chicago,Alto,5,30.62,No,Sí,Carnes,Sí,381.517.0920x53800,Dato no cargado,Efectivo,7380,65-80
1124585925,Katherine,Espinoza,21,Femenino,Chicago,Alto,6,15.83,Sí,Sí,No informado,No,Dato no cargado,shawryan@example.com,App,6796,18-24
5437884022,Gloria,Miles,36,Femenino,Chicago,Alto,6,47.01,Sí,No,Carnes,No,Dato no cargado,xcooper@example.net,App,6783,35-44
4567181201,Robert,Phillips,49,Masculino,Chicago,Medio,3,21.9,No,No,Carnes,No,Dato no cargado,Dato no cargado,App,3238,45-54
8812707617,John,Whitaker,44,Masculino,Chicago,Muy Alto,9,98.21,Sí,No,Carnes,Sí,3873884796,hughesabigail@example.org,Tarjeta,16846,35-44
9906056172,Jeffrey,Norman,29,Masculino,Chicago,Alto,5,24.38,No,Sí,Otro,Sí,Dato no cargado,Dato no cargado,Efectivo,6156,25-34
4892266709,Kenneth,Griffith,76,Masculino,Chicago,Alto,5,39.08,Sí,Sí,No informado,Sí,590.700.5619x53337,miranda25@example.net,Tarjeta,6806,65-80
1331353128,Daniel,Houston,46,Masculino,Chicago,Medio,2,25.25,No,Sí,Carnes,No,Dato no cargado,rachelsoto@example.net,Tarjeta,2894,45-54
8121172339,Kim,Lewis,76,Femenino,Chicago,Medio,4,10.99,Sí,Sí,Carnes,No,Dato no cargado,Dato no cargado,Tarjeta,3060,65-80
8354930110,Dylan,Johnson,79,Masculino,Chicago,Alto,6,22.08,No,No,No informado,No,Dato no cargado,james42@example.com,Tarjeta,8657,65-80
7941110142,April,Jacobson,48,Femenino,Chicago,Medio,5,28.41,Sí,No,Carnes,No,(981)892-4421x55437,twhite@example.net,Efectivo,3275,45-54
5473361113,Cheryl,Ward,44,Femenino,Chicago,Alto,4,32.955,No,No,Carnes,Sí,351.295.0439,Dato no cargado,Tarjeta,6075,35-44
3505283053,Hunter,Best,65,Masculino,Chicago,Medio,5,19.47,Sí,No,No informado,No,968-419-4346,tferguson@example.com,App,2200,65-80
2566951819,Justin,Henry,18,Masculino,Chicago,Alto,5,26.12,No,Sí,Otro,Sí,Dato no cargado,Dato no cargado,Efectivo,4316,18-24
3984000145,Patricia,Harrington,21,Femenino,Chicago,Alto,5,52.17,No,Sí,Vegetariano,Sí,+1-286-958-3968x271,zschmidt@example.com,App,5158,18-24
6076881514,Danielle,Clements,80,Femenino,Chicago,Medio,3,13.68,No,Sí,Carnes,Sí,Dato no cargado,Dato no cargado,Tarjeta,1933,65-80
6366418987,Jennifer,Smith,79,Femenino,Chicago,Bajo,3,8.13,No,No,Vegano,No,Dato no cargado,gabriel85@example.org,Efectivo,865,65-80
6800170765,Jessica,Moore,20,Femenino,Chicago,Bajo,0,0.0,No,Sí,Vegetariano,No,Dato no cargado,Dato no cargado,Tarjeta,1515,18-24
2416760621,Dawn,Lin,62,Femenino,Chicago,Alto,6,56.52,Sí,No,Carnes,Sí,Dato no cargado,tsuarez@example.net,Efectivo,5068,55-64
8382494022,Jennifer,Meyer,47,Femenino,Chicago,Medio,4,19.42,No,No,Carnes,No,Dato no cargado,Dato no cargado,Tarjeta,2089,45-54
6242173772,Patrick,Neal,75,Masculino,Chicago,Medio,5,18.4,Sí,No,No informado,No,Dato no cargado,Dato no cargado,Efectivo,3271,65-80
6926093910,Stephen,Nash,53,Masculino,Chicago,Medio,3,18.15,No,Sí,Mariscos,No,Dato no cargado,mason84@example.com,App,3430,45-54
4738939076,Anthony,Hartman,24,Masculino,Chicago,Medio,4,29.23,Sí,Sí,Carnes,Sí,Dato no cargado,amy32@example.org,Tarjeta,2703,18-24
9308340719,David,Sims,75,Masculino,Chicago,Alto,6,18.02,No,No,Mariscos,Sí,+1-940-566-8771x91299,sbeck@example.org,App,4852,65-80
3707166618,Andrea,Sanders,45,Femenino,Chicago,Alto,4,33.33,Sí,No,Vegano,Sí,+1-358-654-4386,Dato no cargado,Efectivo,4811,45-54
1682808359,Michael,Rodriguez,42,Masculino,Chicago,Muy Alto,7,35.06,Sí,Sí,Mariscos,Sí,Dato no cargado,franklinsharon@example.com,Tarjeta,9994,35-44
7763189846,Maria,Suarez,46,Femenino,Chicago,Alto,5,20.51,No,No,Vegetariano,Sí,977-437-0890x077,williamhall@example.net,Efectivo,7235,45-54
1555775441,Michael,Fox,21,Masculino,Chicago,Medio,4,27.16,Sí,Sí,Carnes,No,Dato no cargado,Dato no cargado,Efectivo,2794,18-24
2085624355,Kelly,Thompson,35,Femenino,Chicago,Bajo,1,7.14,No,No,Carnes,No,Dato no cargado,Dato no cargado,Tarjeta,1218,35-44
6461217711,Brandy,King,34,Femenino,Chicago,Muy Alto,7,13.72,No,No,Carnes,Sí,Dato no cargado,chavezmadeline@example.com,Tarjeta,17540,25-34
8740820392,Tammy,Nguyen,32,Femenino,Chicago,Medio,4,22.79,No,No,Vegano,Sí,001-240-556-6144x283,Dato no cargado,Tarjeta,1660,25-34
2458198451,Andrea,Miller,65,Femenino,Chicago,Medio,3,29.22,No,Sí,Vegano,No,(601)450-8395x24016,Dato no cargado,Efectivo,2539,65-80
2538135522,Brendan,Nguyen,28,Masculino,Chicago,Muy Alto,9,52.12,No,No,Carnes,No,Dato no cargado,emily05@example.org,Efectivo,13947,25-34
2349406919,Jason,Mack,22,Masculino,Chicago,Alto,4,22.73,Sí,Sí,Otro,Sí,Dato no cargado,Dato no cargado,Tarjeta,8789,18-24
4457712674,Zachary,Francis,80,Masculino,Chicago,Alto,4,47.95,No,No,Otro,No,(845)952-0137x1746,heatherin@example.com,App,8308,65-80
3986894360,John,Harmon,74,Masculino,Chicago,Medio,4,17.7,No,No,Carnes,No,513.357.6558x870,cody41@example.net,Tarjeta,3296,65-80
8982075101,Olivia,Campbell,62,Femenino,Chicago,Medio,2,25.37,No,Sí,Pescado,No,8047523134,olivia91@example.org,Tarjeta,3358,55-64
8047348633,Victoria,Smith,58,Femenino,Chicago,Muy Alto,9,104.86,No,No,Pescado,Sí,Dato no cargado,adam24@example.org,App,12254,55-64
5267587298,Scott,Winters,26,Masculino,Chicago,Bajo,3,5.73,Sí,Sí,Vegano,No,Dato no cargado,Dato no cargado,App,1167,25-34
8276752272,Nicholas,White,37,Masculino,Chicago,Alto,4,32.41,Sí,Sí,Vegano,Sí,Dato no cargado,Dato no cargado,Tarjeta,8181,35-44
5888040120,Janice,Mack,56,Femenino,Chicago,Alto,5,49.72,No,Sí,Otro,Sí,Dato no cargado,mross@example.net,Criptomoneda,6636,55-64
1672652651,Nathan,Schwartz,39,Masculino,Chicago,Medio,3,9.27,Sí,Sí,Carnes,Sí,Dato no cargado,Dato no cargado,Efectivo,2728,35-44
4985734426,Zachary,Garrett,64,Masculino,Chicago,Medio,4,21.03,Sí,Sí,Mariscos,No,Dato no cargado,zharris@example.org,App,1918,55-64
9221310342,Jason,Palmer,49,Masculino,Chicago,Muy Alto,7,76.72,Sí,Sí,Otro,Sí,001-597-751-1467,Dato no cargado,App,17381,45-54
5901981439,Sharon,Manning,79,Femenino,Chicago,Alto,6,33.44,No,No,Pescado,Sí,378.214.6517,smithmary@example.com,Tarjeta,4923,65-80
1734939667,Pamela,Clark,65,Femenino,Chicago,Bajo,0,0.0,No,Sí,Carnes,No,Dato no cargado,trevinostephanie@example.org,Efectivo,809,65-80
7747720341,Amy,Bishop,47,Femenino,Chicago,Medio,5,28.48,Sí,No,Carnes,Sí,(984)457-7931x693,qdavis@example.net,Efectivo,2103,45-54
3076218078,Jason,Young,44,Masculino,Chicago,Medio,4,15.05,Sí,Sí,Vegetariano,No,6956414312,Dato no cargado,Efectivo,2268,35-44
8702481015,Christy,Green,66,Femenino,Chicago,Bajo,2,5.97,No,No,Vegetariano,No,670-932-2857x40071,youngsusan@example.net,Tarjeta,806,65-80
8006362913,Ashley,Rodriguez,48,Femenino,Chicago,Muy Alto,10,14.35,No,No,Carnes,Sí,Dato no cargado,Dato no cargado,App,13865,45-54
3658963313,Joshua,Cantu,30,Masculino,Chicago,Medio,5,5.27,No,Sí,Vegetariano,No,884-456-9859x6426,michael98@example.net,App,3008,25-34
1457515727,Kimberly,Long,54,Femenino,Chicago,Alto,5,40.31,No,No,Vegano,Sí,Dato no cargado,eyoung@example.com,Tarjeta,4085,45-54
4976407920,Kristin,Poole,69,Femenino,Chicago,Muy Alto,5,29.9,No,No,Vegano,Sí,Dato no cargado,nduran@example.org,Efectivo,14366,65-80
9637677009,Hannah,Jenkins,33,Femenino,Chicago,Alto,6,30.35,Sí,No,Vegetariano,Sí,Dato no cargado,Dato no cargado,Tarjeta,5428,25-34
4236149857,John,Roberts,22,Masculino,Chicago,Muy Alto,6,74.79,No,Sí,Carnes,Sí,263.720.0773x5544,Dato no cargado,Efectivo,16129,18-24
2736603852,Theresa,Lopez,42,Femenino,Chicago,Bajo,3,7.21,No,No,Pescado,No,Dato no cargado,Dato no cargado,Efectivo,1447,35-44
9355830578,Jacob,Reynolds,28,Masculino,Chicago,Medio,4,23.76,No,Sí,No informado,No,001-298-514-4484x4280,kevingonzalez@example.com,Efectivo,3077,25-34
2610237679,Stephanie,Nelson,50,Femenino,Chicago,Muy Alto,7,41.37,No,No,Vegano,Sí,Dato no cargado,michaelsavage@example.org,Tarjeta,15219,45-54
1459081248,Hannah,Murphy,61,Femenino,Chicago,Bajo,2,7.16,No,Sí,Vegetariano,No,Dato no cargado,jeffreymurphy@example.com,Tarjeta,1384,55-64
8708159741,Lisa,King,57,Femenino,Chicago,Medio,2,24.67,Sí,Sí,Carnes,No,Dato no cargado,Dato no cargado,Tarjeta,3133,55-64
1602701908,Jessica,Sullivan,34,Femenino,Chicago,Alto,6,18.46,No,Sí,Vegetariano,No,Dato no cargado,martinmatthew@example.com,Efectivo,8532,25-34
5794335854,Alexis,Avila,77,Femenino,Chicago,Medio,5,13.02,Sí,Sí,Otro,No,Dato no cargado,Dato no cargado,App,2687,65-80
1691763999,Michael,Erickson,20,Masculino,Chicago,Alto,4,27.84,No,Sí,Carnes,Sí,(644)595-0100x119,Dato no cargado,Criptomoneda,6084,18-24
3252816770,Daniel,Mcmahon,21,Masculino,Chicago,Medio,5,10.98,Sí,Sí,Pescado,No,Dato no cargado,Dato no cargado,Efectivo,2204,18-24
7444519046,Dana,Henry,40,Femenino,Chicago,Alto,4,6.06,No,Sí,Carnes,Sí,Dato no cargado,collinsandrew@example.com,App,4239,35-44
2020789741,William,Cox,79,Masculino,Chicago,Medio,2,16.18,Sí,Sí,Pescado,No,(357)247-8402x667,braykylie@example.com,App,2361,65-80
6704212255,Anthony,Davis,73,Masculino,Chicago,Alto,4,32.19,Sí,No,Mariscos,No,Dato no cargado,Dato no cargado,Tarjeta,4530,65-80
1189050701,Heather,Barajas,22,Femenino,Chicago,Medio,3,14.27,Sí,Sí,Vegano,No,Dato no cargado,kaylee28@example.com,Efectivo,1879,18-24
9560674336,Justin,Shelton,32,Masculino,Chicago,Medio,2,16.0,No,Sí,Otro,No,(485)488-4156,Dato no cargado,App,2464,25-34
6392694593,Angel,Carey,41,Masculino,Chicago,Bajo,1,5.34,Sí,Sí,Otro,No,Dato no cargado,Dato no cargado,App,1090,35-44
9259573484,Sharon,Hall,50,Femenino,Chicago,Bajo,1,5.18,No,Sí,Pescado,No,Dato no cargado,Dato no cargado,Criptomoneda,1084,45-54
1485574228,Dale,Hamilton,18,Masculino,Chicago,Alto,4,42.54,Sí,Sí,Carnes,Sí,(364)935-5412,saramckenzie@example.net,Tarjeta,4733,18-24
3344324927,Kevin,Walsh,56,Masculino,Chicago,Alto,6,26.73,Sí,No,Vegano,Sí,Dato no cargado,wfernandez@example.com,Tarjeta,4472,55-64
8179977004,Wanda,Sanchez,79,Femenino,Chicago,Bajo,2,5.73,No,No,Carnes,No,Dato no cargado,Dato no cargado,Tarjeta,904,65-80
2880416297,Jonathan,Estes,70,Masculino,Chicago,Muy Alto,8,78.62,No,No,Vegetariano,Sí,(606)816-2909,james14@example.org,Efectivo,15841,65-80
8346909445,Betty,Lloyd,68,Femenino,Chicago,Alto,4,8.91,No,Sí,Vegetariano,No,998-455-0437x292,kristinshaw@example.com,Efectivo,3615,65-80
9111943073,Lori,Smith,63,Femenino,Chicago,Alto,5,57.32,No,No,Vegetariano,No,712-227-9185,Dato no cargado,Tarjeta,8077,55-64
5650178544,Kathryn,Gibson,33,Femenino,Chicago,Medio,4,22.34,No,Sí,Vegetariano,No,223-730-1351,esanders@example.net,Efectivo,2917,25-34
3120146518,Christopher,Gutierrez,41,Masculino,Chicago,Medio,2,24.75,No,No,Vegetariano,No,722-875-9442,Dato no cargado,App,2134,35-44
9601279346,Vanessa,Schmitt,53,Femenino,Chicago,Medio,2,16.36,No,No,Carnes,No,6022190419,Dato no cargado,Tarjeta,3392,45-54
1335745390,Lee,Scott,55,Masculino,Chicago,Bajo,2,5.71,No,Sí,Vegetariano,No,452.926.6085x3590,danamcgee@example.com,Tarjeta,1104,55-64
9893541353,Jeffrey,Gates,49,Masculino,Chicago,Medio,5,19.58,Sí,No,No informado,No,Dato no cargado,Dato no cargado,Efectivo,2863,45-54
5711972095,Jamie,Moore,33,Femenino,Chicago,Alto,4,52.9,Sí,Sí,Vegetariano,Sí,Dato no cargado,jenniferdouglas@example.net,Tarjeta,3570,25-34
1133859579,Sarah,Burgess,73,Femenino,Chicago,Alto,4,13.47,No,Sí,Vegano,Sí,962-531-1446x3995,kristycarson@example.net,Tarjeta,3729,65-80
8013179539,Katelyn,Daniel,75,Femenino,Chicago,Muy Alto,5,16.73,Sí,Sí,Vegetariano,Sí,767.973.9143x473,hammonddavid@example.com,App,12688,65-80
7284807437,William,Santos,47,Masculino,Chicago,Medio,3,20.01,Sí,No,Vegetariano,No,485.663.9057x4518,kperry@example.org,Efectivo,2892,45-54
4435329248,Kayla,Welch,34,Femenino,Chicago,Muy Alto,7,92.12,Sí,Sí,Carnes,Sí,783.785.8003,Dato no cargado,Tarjeta,15111,25-34
8818673092,Jeffrey,Garcia,73,Masculino,Chicago,Muy Alto,7,59.45,No,No,Vegano,Sí,(262)643-4247,Dato no cargado,Tarjeta,12106,65-80
6854031895,Kelly,Cooper,77,Femenino,Chicago,Muy Alto,6,84.38,Sí,Sí,Mariscos,Sí,421.963.5029x37287,dennis78@example.org,Efectivo,10028,65-80
2383641852,Keith,Parks,25,Masculino,Chicago,Muy Alto,9,17.6,Sí,Sí,Vegetariano,Sí,+1-583-703-1197x00736,rsimmons@example.com,App,12327,25-34
4264426874,George,White,50,Masculino,Chicago,Bajo,2,5.67,Sí,No,Vegetariano,No,Dato no cargado,jenniferevans@example.com,App,1479,45-54
6303075864,Angel,Klein,50,Femenino,Chicago,Bajo,3,8.34,Sí,No,Vegano,No,Dato no cargado,Dato no cargado,Efectivo,1062,45-54
2132724321,Christine,Stanton,69,Femenino,Chicago,Alto,5,38.7,No,No,Mariscos,No,Dato no cargado,Dato no cargado,Efectivo,8144,65-80
8074954798,Taylor,Torres,30,Femenino,Chicago,Medio,3,6.5,Sí,Sí,Otro,No,Dato no cargado,wilsonmichelle@example.net,Efectivo,2646,25-34
3353423112,Terry,Mcgrath,25,Masculino,Chicago,Muy Alto,5,40.63,No,Sí,Mariscos,Sí,Dato no cargado,wallacelauren@example.org,App,14907,25-34
7074050517,Brandon,Lucero,24,Masculino,Chicago,Medio,3,18.92,Sí,No,Vegano,No,Dato no cargado,whernandez@example.org,Tarjeta,2376,18-24
7524309731,Allison,Thomas,51,Femenino,Chicago,Alto,4,12.99,Sí,Sí,Otro,No,001-200-723-8985x56942,Dato no cargado,Efectivo,8740,45-54
1881709149,Jessica,Giles,68,Femenino,Chicago,Bajo,0,0.0,No,Sí,No informado,No,Dato no cargado,Dato no cargado,Efectivo,1345,65-80
6855643596,David,Wright,19,Masculino,Chicago,Medio,4,24.01,Sí,Sí,Carnes,No,645.891.3665x9564,Dato no cargado,Tarjeta,3356,18-24
7121853301,Kristen,Gilmore,28,Femenino,Chicago,Alto,4,59.35,Sí,No,Vegano,Sí,001-236-252-2261x5768,nicole21@example.net,Efectivo,4896,25-34
8241440480,Donna,Mendez,48,Femenino,Chicago,Alto,6,23.38,No,No,Vegano,No,Dato no cargado,michaelmurphy@example.net,Efectivo,4049,45-54
7536878838,Amy,Anderson,24,Femenino,Chicago,Bajo,2,7.96,Sí,Sí,Carnes,No,Dato no cargado,ipayne@example.net,App,932,18-24
6485419723,Angela,Harris,33,Femenino,Chicago,Muy Alto,7,95.16,No,No,Otro,Sí,3177658910,dennis63@example.org,Tarjeta,13344,25-34
1357561213,Randy,West,71,Masculino,Chicago,Alto,4,52.12,No,Sí,Pescado,No,Dato no cargado,zclark@example.org,Tarjeta,3628,65-80
4573048663,Donald,Spencer,71,Masculino,Chicago,Alto,4,32.01,No,No,Vegetariano,No,Dato no cargado,Dato no cargado,Efectivo,7802,65-80
5005923788,Diane,Ruiz,48,Femenino,Chicago,Medio,4,14.43,No,No,Vegetariano,No,852.705.0930,davidday@example.org,Efectivo,2347,45-54
5101521037,Andrea,Walker,75,Femenino,Chicago,Medio,2,21.63,No,No,Mariscos,No,Dato no cargado,dawn62@example.net,Efectivo,2738,65-80
9439941043,Mark,Edwards,67,Masculino,Chicago,Medio,5,10.6,No,No,No informado,No,Dato no cargado,Dato no cargado,Efectivo,2075,65-80
8060926433,Christopher,Kennedy,71,Masculino,Chicago,Bajo,3,9.86,Sí,Sí,Otro,No,Dato no cargado,Dato no cargado,Efectivo,1327,65-80
2067491658,Joseph,Gallagher,44,Masculino,Chicago,Bajo,3,8.83,Sí,Sí,Carnes,No,771-526-5864,montoyakelsey@example.net,App,1050,35-44
1157929965,Thomas,White,32,Masculino,Chicago,Medio,2,28.27,Sí,Sí,Carnes,No,Dato no cargado,Dato no cargado,Efectivo,3065,25-34
3789119411,Anthony,Wiggins,71,Masculino,Chicago,Medio,3,6.71,No,Sí,Otro,No,(880)914-8726,brownjean@example.com,Efectivo,2969,65-80
3653594796,Duane,Lara,74,Masculino,Chicago,Bajo,0,0.0,Sí,No,Carnes,No,Dato no cargado,billyortiz@example.net,App,1545,65-80
3033046681,Ashley,Bray,29,Femenino,Chicago,Medio,2,9.24,No,Sí,Carnes,No,001-301-462-6094,patrick95@example.org,App,2895,25-34
5145260536,Jason,Mcbride,47,Masculino,Chicago,Medio,4,5.59,Sí,No,Carnes,No,Dato no cargado,millerdarren@example.org,App,2640,45-54
6038780151,Bryan,Zimmerman,45,Masculino,Chicago,Bajo,1,8.34,Sí,No,Vegano,No,Dato no cargado,Dato no cargado,App,1031,45-54
3206731507,Tracie,Shea,71,Femenino,Chicago,Bajo,1,9.6,No,Sí,Vegetariano,No,001-561-870-2815,Dato no cargado,App,876,65-80
4362655061,Christopher,Garrison,74,Masculino,Chicago,Muy Alto,9,84.45,Sí,No,Mariscos,Sí,001-470-223-5535x704,Dato no cargado,Efectivo,15268,65-80
3286645237,Amanda,Powell,80,Femenino,Chicago,Alto,5,14.88,No,Sí,Otro,Sí,981-863-8283x8292,Dato no cargado,App,4463,65-80
9695949463,Christopher,Garcia,74,Masculino,Chicago,Muy Alto,7,91.32,Sí,No,Vegetariano,Sí,Dato no cargado,Dato no cargado,Efectivo,17819,65-80
4911804606,Eric,Richards,75,Masculino,Chicago,Medio,5,25.21,Sí,Sí,Mariscos,No,Dato no cargado,Dato no cargado,Efectivo,2100,65-80
4990187462,Lisa,Sanford,35,Femenino,Chicago,Alto,4,59.19,No,Sí,Vegetariano,Sí,Dato no cargado,ssmith@example.com,Efectivo,8551,35-44
3768606596,Shawn,Miller,48,Masculino,Chicago,Alto,6,25.16,No,Sí,Vegetariano,Sí,627.848.2443,Dato no cargado,Tarjeta,7473,45-54
5061737765,Kayla,Simmons,74,Femenino,Chicago,Bajo,2,5.56,Sí,No,No informado,No,Dato no cargado,tyoung@example.net,Tarjeta,1563,65-80
7952718586,Andrea,Huynh,54,Femenino,Chicago,Alto,4,6.23,Sí,Sí,Carnes,No,547.610.6604x153,anthony75@example.com,App,7890,45-54
6704483233,James,Smith,34,Masculino,Chicago,Bajo,1,7.77,No,No,Mariscos,No,001-574-690-6630x7885,Dato no cargado,Efectivo,1156,25-34
5836301842,Kaitlin,Smith,52,Femenino,Chicago,Muy Alto,8,66.15,No,Sí,No informado,Sí,Dato no cargado,Dato no cargado,Efectivo,14119,45-54
5087357728,Michael,Golden,80,Masculino,Chicago,Medio,5,18.92,No,No,Carnes,No,Dato no cargado,Dato no cargado,Tarjeta,1879,65-80
4931057335,Joseph,Jenkins,72,Masculino,Chicago,Medio,5,16.03,No,No,Vegetariano,No,(449)635-8310x56929,Dato no cargado,Tarjeta,3469,65-80
6067219231,Brian,Rodriguez,74,Masculino,Chicago,Medio,5,14.25,Sí,Sí,Otro,No,282.331.4413,Dato no cargado,Efectivo,2375,65-80
5368097149,David,Brennan,51,Masculino,Chicago,Medio,4,11.89,Sí,No,Mariscos,No,Dato no cargado,ana68@example.net,App,2266,45-54
6193655014,Gary,Wood,76,Masculino,Chicago,Bajo,3,7.84,Sí,Sí,Vegano,No,Dato no cargado,kennethclark@example.net,Efectivo,1047,65-80
2580553038,Mary,Page,52,Femenino,Chicago,Medio,2,16.01,No,Sí,Mariscos,No,+1-438-374-7157x4303,christine40@example.org,App,1607,45-54
2731463276,Carlos,Terry,39,Masculino,Chicago,Medio,5,29.09,No,Sí,Carnes,Sí,479.498.1581,Dato no cargado,App,1603,35-44
5051102608,Teresa,Bernard,28,Femenino,Chicago,Muy Alto,5,27.21,No,Sí,Otro,Sí,Dato no cargado,Dato no cargado,Criptomoneda,14583,25-34
3648919551,Teresa,Nash,39,Femenino,Chicago,Medio,5,29.36,No,No,Otro,No,Dato no cargado,Dato no cargado,Efectivo,2796,35-44
1754049136,Kathryn,Reese,68,Femenino,Chicago,Bajo,3,6.05,Sí,No,Mariscos,No,Dato no cargado,marcowright@example.com,Tarjeta,1057,65-80
2471907357,Jonathan,Williams,40,Masculino,Chicago,Medio,4,28.93,No,No,Mariscos,No,Dato no cargado,ncox@example.net,Tarjeta,1979,35-44
1312933167,Carl,Morrison,29,Masculino,Chicago,Medio,4,8.82,Sí,Sí,Vegetariano,No,Dato no cargado,Dato no cargado,App,2441,25-34
7849891432,Dakota,White,61,Masculino,Chicago,Medio,2,16.13,No,Sí,Vegetariano,No,Dato no cargado,Dato no cargado,Tarjeta,1804,55-64
1173417196,Jennifer,Charles,20,Femenino,Chicago,Muy Alto,6,45.74,No,Sí,Otro,Sí,Dato no cargado,vhines@example.org,App,14968,18-24
1601050402,Ann,Hooper,77,Femenino,Chicago,Muy Alto,5,16.17,Sí,Sí,Carnes,Sí,001-949-914-3089x318,Dato no cargado,Efectivo,14217,65-80
6500836382,Kimberly,Dunn,21,Femenino,Chicago,Alto,6,32.35,No,Sí,Carnes,Sí,(607)723-8884,Dato no cargado,App,6811,18-24
4586139213,Steve,Smith,33,Masculino,Chicago,Muy Alto,6,93.55,Sí,No,Vegetariano,Sí,Dato no cargado,vanderson@example.net,Efectivo,17568,25-34
4887852647,Nicholas,Walls,75,Masculino,Chicago,Bajo,3,8.41,Sí,Sí,Otro,No,001-756-519-0158,bhorne@example.net,Tarjeta,1461,65-80
3172727263,James,Evans,57,Masculino,Chicago,Alto,5,30.28,No,No,No informado,No,Dato no cargado,Dato no cargado,App,7256,55-64
2110194071,Jamie,Anderson,45,Femenino,Chicago,Medio,4,27.78,Sí,No,Otro,No,Dato no cargado,Dato no cargado,Tarjeta,2169,45-54
9967357959,Jason,Scott,48,Masculino,Chicago,Medio,2,27.68,Sí,No,Mariscos,No,Dato no cargado,brandonmiller@example.net,App,2662,45-54
3427654118,Amanda,Jackson,28,Femenino,Chicago,Bajo,1,5.33,No,Sí,Vegetariano,No,Dato no cargado,Dato no cargado,Efectivo,1386,25-34
2139027119,Luke,Rich,56,Masculino,Chicago,Bajo,2,5.06,No,No,Mariscos,No,+1-666-393-5860x0459,Dato no cargado,Tarjeta,1076,55-64
7716932057,Sierra,Fernandez,38,Femenino,Chicago,Alto,6,41.86,No,No,Pescado,Sí,Dato no cargado,victoriamcdaniel@example.org,Efectivo,4938,35-44
1639509845,Travis,Thomas,35,Masculino,Chicago,Medio,3,15.6,No,Sí,Carnes,No,+1-274-935-8860x177,kwilliams@example.com,Efectivo,2070,35-44
2242627930,Jennifer,Bates,31,Femenino,Chicago,Muy Alto,10,51.7,No,Sí,Mariscos,Sí,Dato no cargado,Dato no cargado,App,15093,25-34
9593556142,Sheila,Lee,67,Femenino,Chicago,Medio,3,6.14,No,Sí,Vegetariano,No,584.987.9960x25457,martineztroy@example.org,Efectivo,2466,65-80
2730988090,Michael,Fisher,76,Masculino,Chicago,Medio,2,10.93,Sí,No,Carnes,No,Dato no cargado,Dato no cargado,Tarjeta,3383,65-80
1387652480,Amy,Gonzalez,59,Femenino,Chicago,Bajo,2,8.27,No,No,Carnes,No,+1-315-570-8447x010,wheelersherry@example.org,Tarjeta,1031,55-64
2876657706,Lori,Baker,29,Femenino,Chicago,Alto,4,54.62,No,Sí,Carnes,Sí,+1-529-375-5971,anthonyferguson@example.com,Tarjeta,4674,25-34
7552303481,Michael,Branch,19,Masculino,Chicago,Alto,4,32.955,No,Sí,Pescado,No,659-232-4408x369,rstone@example.org,Tarjeta,4380,18-24
3457877922,Rickey,Gutierrez,41,Masculino,Chicago,Bajo,0,0.0,No,No,Carnes,No,Dato no cargado,Dato no cargado,Criptomoneda,1032,35-44
7261129015,Ronald,Williams,40,Masculino,Chicago,Medio,5,14.36,Sí,Sí,Carnes,No,Dato no cargado,zhall@example.org,Efectivo,2167,35-44
8546765774,Marilyn,Parker,31,Femenino,Chicago,Alto,4,55.78,No,No,Otro,Sí,Dato no cargado,lisastewart@example.com,Tarjeta,7386,25-34
8741569352,Michelle,Gomez,24,Femenino,Chicago,Alto,4,23.76,No,Sí,Vegetariano,Sí,403-570-4225x225,amy71@example.org,App,6370,18-24
5430809445,Benjamin,Lopez,26,Masculino,Chicago,Alto,4,16.85,No,Sí,Otro,Sí,8017341281,Dato no cargado,App,5197,25-34
5564555700,Lori,Keith,76,Femenino,Chicago,Muy Alto,8,32.3,No,No,Vegetariano,Sí,001-247-617-8563x199,crystallawrence@example.net,Efectivo,16455,65-80
6236063884,Michael,Barber,62,Masculino,Chicago,Medio,4,8.24,No,Sí,Carnes,No,347.622.4615x458,jennifer87@example.com,Tarjeta,2627,55-64
6858490332,Caitlin,Gonzalez,74,Femenino,Chicago,Muy Alto,9,50.84,No,Sí,Carnes,Sí,Dato no cargado,colemanjonathan@example.net,Efectivo,17081,65-80
4279224294,Annette,Shaw,67,Femenino,Chicago,Alto,6,52.1,Sí,No,Pescado,Sí,Dato no cargado,Dato no cargado,Tarjeta,8311,65-80
1869986241,Hannah,Ross,28,Femenino,Chicago,Alto,5,7.16,No,Sí,Otro,No,Dato no cargado,Dato no cargado,Efectivo,5740,25-34
4682833821,Eric,Williams,24,Masculino,Chicago,Alto,6,58.05,Sí,Sí,Vegetariano,Sí,Dato no cargado,john85@example.net,Efectivo,8904,18-24
8088105050,Lisa,Pierce,47,Femenino,Chicago,Muy Alto,5,92.79,No,No,Vegetariano,Sí,+1-348-519-1871x025,nunezdaniel@example.net,Efectivo,14613,45-54
6083676509,Rodney,Thompson,51,Masculino,Chicago,Medio,4,27.45,No,No,Otro,Sí,Dato no cargado,Dato no cargado,Efectivo,2915,45-54
5674062173,Brittney,Espinoza,72,Femenino,Chicago,Muy Alto,5,15.87,Sí,No,Otro,Sí,Dato no cargado,thomaswilliam@example.com,Efectivo,17058,65-80
7505878523,Kelly,Petersen,54,Femenino,Chicago,Medio,4,19.53,No,No,Pescado,No,001-628-878-2878x92635,Dato no cargado,App,2295,45-54
7681374770,Jacob,Kane,18,Masculino,Chicago,Alto,6,13.55,No,Sí,Vegetariano,Sí,Dato no cargado,Dato no cargado,Efectivo,4008,18-24
6762092117,Daniel,Lamb,33,Masculino,Chicago,Muy Alto,5,58.54,Sí,No,Carnes,Sí,634.371.0461,mikaylasnyder@example.com,Tarjeta,16163,25-34
6787875271,Dennis,Parker,78,Masculino,Chicago,Medio,3,22.98,No,Sí,Otro,No,001-928-483-5155,Dato no cargado,App,1972,65-80
7625389037,Melanie,Woods,67,Femenino,Chicago,Medio,4,21.99,No,Sí,Carnes,No,295.439.4663x14405,haley32@example.com,Tarjeta,2393,65-80
9324439506,Francisco,West,63,Masculino,Chicago,Bajo,0,0.0,Sí,No,Vegetariano,No,775-541-0500x15359,Dato no cargado,Tarjeta,1321,55-64
4829425048,Corey,Young,18,Masculino,Chicago,Bajo,1,5.69,No,Sí,Vegetariano,No,Dato no cargado,ebrown@example.org,Efectivo,1009,18-24
7069064850,Ashley,Delacruz,33,Femenino,Chicago,Bajo,2,8.38,No,Sí,Pescado,No,886.955.8056x383,Dato no cargado,Tarjeta,1298,25-34
4207481343,Ronald,Williams,78,Masculino,Chicago,Bajo,0,0.0,Sí,Sí,Vegano,No,Dato no cargado,Dato no cargado,Efectivo,1051,65-80
6766588090,Thomas,Blair,69,Masculino,Chicago,Alto,4,44.83,Sí,Sí,Carnes,Sí,Dato no cargado,tanya87@example.net,Efectivo,3761,65-80
4427261312,Monica,Garza,46,Femenino,Chicago,Muy Alto,5,47.93,Sí,No,Carnes,Sí,Dato no cargado,Dato no cargado,Efectivo,16433,45-54
7226553010,David,Brown,44,Masculino,Chicago,Medio,3,24.02,No,No,Otro,No,Dato no cargado,Dato no cargado,Tarjeta,3084,35-44
6714106326,Tyler,Townsend,45,Masculino,Chicago,Bajo,0,0.0,Sí,No,No informado,No,(748)360-8455x98326,Dato no cargado,Efectivo,1239,45-54
9486494079,Joshua,Morris,70,Masculino,Chicago,Muy Alto,6,14.81,Sí,No,Mariscos,No,Dato no cargado,stephenjohnson@example.net,App,17929,65-80
2519815008,Gregory,Hernandez,45,Masculino,Chicago,Muy Alto,5,38.43,Sí,Sí,Otro,Sí,(872)650-0865x1266,charlesjones@example.net,App,13337,45-54
1514080521,Brenda,Montoya,72,Femenino,Chicago,Muy Alto,10,43.94,No,No,Vegetariano,Sí,001-565-861-3038x188,Dato no cargado,App,11616,65-80
4988247780,Nathaniel,Vega,69,Masculino,Chicago,Muy Alto,10,84.84,Sí,No,Mariscos,Sí,Dato no cargado,Dato no cargado,Efectivo,14960,65-80
5746127311,Mark,Sullivan,37,Masculino,Chicago,Medio,2,8.7,Sí,No,Vegetariano,No,Dato no cargado,swhitney@example.net,Efectivo,2082,35-44
1348650150,Erin,Smith,53,Femenino,Chicago,Alto,5,58.95,No,No,Vegetariano,Sí,214.383.6971,Dato no cargado,App,7896,45-54
2688971274,Jessica,Morgan,66,Femenino,Chicago,Alto,6,16.9,Sí,Sí,Carnes,Sí,Dato no cargado,Dato no cargado,App,8683,65-80
5098860603,Sandra,Duarte,22,Femenino,Chicago,Bajo,1,7.76,No,Sí,Mariscos,No,242.780.1485,natalie42@example.org,Tarjeta,1116,18-24
7735322123,Tammy,Jenkins,30,Femenino,Chicago,Muy Alto,7,53.11,No,Sí,Otro,Sí,Dato no cargado,paulking@example.net,Efectivo,14104,25-34
3135774649,Evan,Bates,50,Masculino,Chicago,Alto,5,18.97,No,Sí,Pescado,Sí,+1-300-215-8409x30443,michael38@example.com,Tarjeta,7395,45-54
7575433134,Victoria,Coleman,48,Femenino,Chicago,Medio,3,7.11,No,No,Vegano,No,Dato no cargado,Dato no cargado,Tarjeta,2631,45-54
7155948235,Brandy,Merritt,77,Femenino,Chicago,Medio,2,18.5,Sí,No,Pescado,No,431.998.5348x907,donnajohnson@example.com,App,3009,65-80
9645709306,Tammie,Wilcox,37,Femenino,Chicago,Muy Alto,10,5.94,Sí,Sí,Otro,Sí,(534)448-6033x3132,ebest@example.org,Tarjeta,15715,35-44
9290691086,Daniel,Watts,48,Masculino,Chicago,Bajo,2,6.49,Sí,No,Carnes,No,(389)584-2293x412,Dato no cargado,App,1053,45-54
5888783570,Kimberly,Johnson,59,Femenino,Chicago,Muy Alto,6,9.16,No,Sí,Vegano,Sí,Dato no cargado,johnsingleton@example.net,App,15030,55-64
5888015939,Annette,Hill,65,Femenino,Chicago,Medio,4,20.9,Sí,Sí,Mariscos,No,740.725.5399,ernestpeters@example.org,App,3408,65-80
9948398834,Steven,Austin,18,Masculino,Chicago,Bajo,2,5.83,Sí,Sí,Otro,No,+1-941-221-7221x494,Dato no cargado,Tarjeta,1139,18-24
1568690057,Dustin,Patterson,28,Masculino,Chicago,Medio,4,16.53,Sí,Sí,Carnes,No,001-963-565-4568,Dato no cargado,Efectivo,3093,25-34
2665889601,Kiara,Carlson,38,Femenino,Chicago,Bajo,3,6.57,Sí,No,No informado,No,001-736-430-9145x1607,davebennett@example.com,Efectivo,1313,35-44
6371322301,Larry,Cervantes,52,Masculino,Chicago,Medio,4,20.24,Sí,No,Carnes,No,9053930335,Dato no cargado,Efectivo,2454,45-54
4215771198,Thomas,Horne,66,Masculino,Chicago,Muy Alto,6,33.05,No,No,Carnes,Sí,411.691.4339,Dato no cargado,Efectivo,10237,65-80
1233949538,Brandon,Andrade,70,Masculino,Chicago,Muy Alto,5,23.64,Sí,Sí,Vegano,Sí,001-797-717-8763x62748,williamsemily@example.net,Tarjeta,15486,65-80
6880115912,Ashley,Chan,49,Femenino,Chicago,Medio,3,26.58,Sí,No,Otro,No,Dato no cargado,jeffrey42@example.org,Efectivo,3076,45-54
8736588986,Joseph,Lewis,35,Masculino,Chicago,Medio,4,15.54,No,No,Mariscos,No,Dato no cargado,Dato no cargado,App,1892,35-44
7590586868,Kenneth,Wilson,56,Masculino,Chicago,Medio,2,7.29,Sí,Sí,Vegetariano,No,Dato no cargado,Dato no cargado,App,2262,55-64
8682236820,Jacqueline,Evans,68,Femenino,Chicago,Alto,6,31.56,Sí,Sí,Vegetariano,Sí,Dato no cargado,shawn95@example.org,Tarjeta,4777,65-80
5196080556,Kevin,Drake,74,Masculino,Chicago,Medio,4,28.45,Sí,No,No informado,No,001-341-913-3271,lanceparker@example.com,Tarjeta,2236,65-80
8284073512,Brandon,Garcia,58,Masculino,Chicago,Bajo,0,0.0,Sí,Sí,Vegano,No,455-364-9536,Dato no cargado,Efectivo,1092,55-64
8678217181,Sierra,Williams,70,Femenino,Chicago,Alto,5,48.26,Sí,Sí,Vegetariano,Sí,(705)701-5845,Dato no cargado,App,8094,65-80
8172118275,Susan,Johnson,74,Femenino,Chicago,Bajo,0,0.0,No,No,Vegano,No,934-748-2488x210,Dato no cargado,Tarjeta,1457,65-80
9416206270,Veronica,Rivas,51,Femenino,Chicago,Bajo,2,8.15,No,Sí,Carnes,No,001-858-311-6681,Dato no cargado,Tarjeta,1526,45-54
7357301772,Jacob,Perry,56,Masculino,Chicago,Alto,5,48.7,No,Sí,Carnes,Sí,Dato no cargado,floreskevin@example.net,Tarjeta,8464,55-64
9342562589,Kerry,Anderson,41,Femenino,Chicago,Alto,5,41.23,Sí,No,Carnes,Sí,Dato no cargado,Dato no cargado,Efectivo,6742,35-44
4672214312,Barbara,Robinson,69,Femenino,Chicago,Medio,2,20.18,Sí,Sí,Carnes,No,Dato no cargado,elizabeth42@example.com,Tarjeta,2925,65-80
6287793163,Derek,Kim,40,Masculino,Chicago,Alto,5,13.77,No,No,Vegetariano,Sí,Dato no cargado,gordon79@example.org,App,7847,35-44
9937503865,Kenneth,Sullivan,33,Masculino,Chicago,Medio,2,29.55,Sí,Sí,Carnes,No,Dato no cargado,Dato no cargado,App,1972,25-34
3406905273,Cathy,Gonzalez,67,Femenino,Chicago,Bajo,0,0.0,No,Sí,Vegetariano,No,Dato no cargado,johnsonmichael@example.com,App,1367,65-80
8626371177,Robert,Garcia,55,Masculino,Chicago,Medio,4,21.76,No,Sí,Mariscos,No,384-654-6240,Dato no cargado,Efectivo,2393,55-64
6693766342,Jennifer,Hartman,48,Femenino,Chicago,Alto,4,22.16,Sí,No,Carnes,No,001-600-455-2306x143,schmidtcarolyn@example.org,Criptomoneda,6893,45-54
2572836282,Amanda,Flores,24,Femenino,Chicago,Medio,4,18.73,Sí,Sí,Vegetariano,No,482.915.9616x3104,ericnguyen@example.com,Efectivo,3454,18-24
6748519679,Joanna,Webster,26,Femenino,Chicago,Alto,5,49.27,Sí,Sí,Carnes,No,Dato no cargado,Dato no cargado,App,3520,25-34
2111272861,Michael,Vaughan,29,Masculino,Chicago,Alto,5,44.89,Sí,Sí,Vegano,Sí,262-224-7430,Dato no cargado,App,6330,25-34
9196096398,Danielle,White,61,Femenino,Chicago,Bajo,0,0.0,No,Sí,Otro,No,7795288682,pkennedy@example.org,Tarjeta,1075,55-64
6756679642,Thomas,Ramsey,52,Masculino,Chicago,Medio,3,29.13,Sí,No,Carnes,Sí,Dato no cargado,thompsonkristen@example.com,Efectivo,2090,45-54
3497283526,Dawn,May,74,Femenino,Chicago,Bajo,2,9.31,No,Sí,Otro,No,Dato no cargado,Dato no cargado,Tarjeta,1239,65-80
8642862275,Stephen,Lewis,20,Masculino,Chicago,Medio,4,17.38,No,Sí,Mariscos,No,Dato no cargado,robinsims@example.com,Efectivo,2234,18-24
7345120259,Sheryl,Edwards,27,Femenino,Chicago,Medio,3,27.76,No,Sí,Vegetariano,Sí,001-676-594-4973x0274,Dato no cargado,App,2486,25-34
2748836777,Joseph,Mcintosh,29,Masculino,Chicago,Bajo,1,6.96,No,Sí,Vegetariano,No,Dato no cargado,Dato no cargado,App,1165,25-34
6094848842,Dominique,Williams,78,Femenino,Chicago,Medio,5,17.575,No,No,No informado,Sí,Dato no cargado,mayshannon@example.com,Tarjeta,2370,65-80
5623687550,Alexander,Hill,55,Masculino,Chicago,Medio,5,20.71,No,No,Vegetariano,No,001-925-522-9696x05347,christina09@example.org,App,2903,55-64
4063952358,Jessica,Escobar,31,Femenino,Chicago,Medio,4,6.78,No,Sí,Carnes,No,Dato no cargado,david78@example.com,Efectivo,1965,25-34
4486324021,Tiffany,Williams,22,Femenino,Chicago,Medio,5,26.16,No,Sí,Vegetariano,No,Dato no cargado,Dato no cargado,Efectivo,3088,18-24
3434467825,Cindy,Hinton,48,Femenino,Chicago,Muy Alto,7,80.25,Sí,No,Pescado,No,+1-221-313-5255x758,warnerdaniel@example.net,Efectivo,13130,45-54
2872311328,Amber,Riddle,77,Femenino,Chicago,Alto,4,41.93,Sí,No,Pescado,Sí,Dato no cargado,justingriffin@example.org,Efectivo,5800,65-80
4166639491,Shelby,Stephenson,25,Femenino,Chicago,Bajo,3,5.58,No,Sí,Vegetariano,No,Dato no cargado,katiehernandez@example.com,Efectivo,1036,25-34
5223079421,Shannon,Hill,46,Femenino,Chicago,Bajo,1,5.63,No,Sí,Otro,No,258-730-6616,kelsey16@example.net,App,1326,45-54
1588787875,Jimmy,Gibson,67,Masculino,Chicago,Bajo,3,8.46,Sí,No,Carnes,No,Dato no cargado,Dato no cargado,Efectivo,1007,65-80
3140667400,John,Ibarra,57,Masculino,Chicago,Bajo,1,7.03,No,Sí,Carnes,No,+1-966-636-3305x85688,Dato no cargado,Efectivo,1573,55-64
4686463846,Tara,Leonard,33,Femenino,Chicago,Alto,4,41.45,No,Sí,No informado,No,(690)203-3773,Dato no cargado,Tarjeta,5761,25-34
8667363241,Tara,Anderson,37,Femenino,Chicago,Alto,5,36.02,Sí,Sí,Otro,No,+1-982-419-9928,wrightlisa@example.org,Tarjeta,4397,35-44
8059128209,Christopher,Miller,24,Masculino,Chicago,Bajo,2,9.28,Sí,Sí,Carnes,No,Dato no cargado,Dato no cargado,App,884,18-24
3861024122,Christopher,Cruz,35,Masculino,Chicago,Bajo,2,6.49,Sí,Sí,Vegetariano,No,Dato no cargado,apatterson@example.net,App,1286,35-44
3923823693,Courtney,Duran,68,Femenino,Chicago,Alto,5,36.93,Sí,Sí,Carnes,No,Dato no cargado,tpope@example.net,App,6354,65-80
2480979328,Daniel,Weber,50,Masculino,Chicago,Medio,3,16.07,No,Sí,Pescado,No,225-631-7823,nicholas65@example.org,Tarjeta,2889,45-54
1725783958,Vincent,Cordova,56,Masculino,Chicago,Medio,3,25.44,Sí,Sí,Mariscos,No,396.200.8080,christinamoss@example.net,App,2528,55-64
7360670711,Rebecca,Moon,73,Femenino,Chicago,Muy Alto,10,37.68,No,Sí,Vegetariano,Sí,971.739.6237,anita92@example.com,Efectivo,11913,65-80
7295896324,Joyce,Mendoza,38,Femenino,Chicago,Medio,3,19.57,No,No,Mariscos,No,Dato no cargado,kyle29@example.org,App,2362,35-44
1102264943,Angelica,Mendoza,66,Femenino,Chicago,Medio,3,21.8,No,Sí,Vegetariano,No,Dato no cargado,becky23@example.com,Tarjeta,3405,65-80
4118282638,Susan,Roberts,52,Femenino,Chicago,Bajo,0,0.0,Sí,Sí,Vegano,No,001-288-260-9398x630,sara29@example.com,Efectivo,1284,45-54
7567013597,Kristen,Perkins,43,Femenino,Chicago,Medio,5,9.96,No,No,Vegetariano,No,+1-973-669-1090x871,shawnallen@example.org,Efectivo,1759,35-44
8858714543,John,Krause,50,Masculino,Chicago,Alto,5,24.14,No,Sí,Pescado,Sí,(476)571-8782,amanda44@example.net,Efectivo,6894,45-54
1399699943,Kristen,Johnson,32,Femenino,Chicago,Alto,5,24.1,Sí,Sí,Carnes,Sí,Dato no cargado,Dato no cargado,Efectivo,3541,25-34
6606958660,Darryl,Howard,18,Masculino,Chicago,Medio,2,11.24,No,Sí,Carnes,No,571-224-8379x921,Dato no cargado,Efectivo,3057,18-24
1905810748,Laura,Scott,36,Femenino,Chicago,Alto,4,57.45,No,No,Vegetariano,No,823-728-9622,vwilliams@example.com,Tarjeta,5666,35-44
5475236444,Alison,Price,26,Femenino,Chicago,Bajo,0,0.0,Sí,Sí,Carnes,No,Dato no cargado,Dato no cargado,Tarjeta,1152,25-34
5337082566,Joseph,Aguilar,78,Masculino,Chicago,Alto,6,42.26,Sí,Sí,Vegetariano,Sí,(600)602-4755,Dato no cargado,Tarjeta,8208,65-80
2256150180,Benjamin,Curtis,68,Masculino,Chicago,Alto,4,28.99,Sí,Sí,Carnes,Sí,(863)552-3902x805,Dato no cargado,Efectivo,4091,65-80
5694019423,Michael,King,33,Masculino,Chicago,Alto,6,42.73,Sí,Sí,Vegano,Sí,642-817-9641x77291,Dato no cargado,Efectivo,5556,25-34
2304963614,Melissa,Wallace,65,Femenino,Chicago,Alto,5,21.05,Sí,No,Mariscos,Sí,+1-450-325-4331,Dato no cargado,Efectivo,8146,65-80
7903185896,Carla,Tanner,38,Femenino,Chicago,Bajo,2,6.68,No,Sí,Vegetariano,No,Dato no cargado,Dato no cargado,Efectivo,1186,35-44
6295595650,Cheryl,Lane,19,Femenino,Chicago,Bajo,2,6.62,No,Sí,No informado,No,773-499-7753x6489,Dato no cargado,Efectivo,1476,18-24
7291512756,Christy,Baker,20,Femenino,Chicago,Medio,4,5.34,No,Sí,Carnes,No,314-504-0185x155,arthurwhite@example.net,Tarjeta,2463,18-24
2052529044,Sandra,Williams,38,Femenino,Chicago,Medio,3,21.22,No,No,Carnes,No,(831)674-8976x9058,james55@example.com,App,2135,35-44
4226228116,Sharon,Hunt,32,Femenino,Chicago,Alto,4,38.21,No,Sí,No informado,Sí,Dato no cargado,ykelly@example.net,Tarjeta,7169,25-34
3034709770,Amy,Garcia,27,Femenino,Chicago,Alto,4,16.14,Sí,Sí,Carnes,Sí,2879439380,Dato no cargado,Efectivo,8597,25-34
1185618883,Jennifer,Cummings,54,Femenino,Chicago,Alto,6,36.96,Sí,Sí,No informado,Sí,+1-922-452-8456x94808,Dato no cargado,App,8810,45-54
4936557121,Deborah,Pugh,18,Femenino,Chicago,Alto,6,44.5,No,Sí,Vegetariano,Sí,Dato no cargado,Dato no cargado,App,7517,18-24
8471840923,Diane,Martinez,29,Femenino,Chicago,Alto,4,6.54,Sí,Sí,Carnes,Sí,Dato no cargado,michael87@example.net,Tarjeta,5342,25-34
9171194940,Joshua,Fuentes,68,Masculino,Chicago,Medio,3,29.16,Sí,No,Mariscos,No,+1-498-800-1335x9378,Dato no cargado,App,1768,65-80
3299247826,Danielle,Bartlett,72,Femenino,Chicago,Medio,2,25.31,No,No,Vegetariano,No,Dato no cargado,ghernandez@example.net,Efectivo,2585,65-80
6704828166,Peter,Robinson,40,Masculino,Chicago,Bajo,0,0.0,Sí,Sí,Otro,No,Dato no cargado,kara20@example.org,Criptomoneda,880,35-44
2570991899,Edward,Turner,20,Masculino,Chicago,Medio,2,26.24,Sí,Sí,Vegetariano,No,001-303-523-6363x45351,larry10@example.net,Tarjeta,3266,18-24
5972309634,Lisa,Murphy,29,Femenino,Chicago,Muy Alto,5,28.7,No,Sí,Mariscos,Sí,(465)398-8222x0457,Dato no cargado,Efectivo,16308,25-34
6632552759,Brittney,Sweeney,35,Femenino,Chicago,Alto,5,32.89,Sí,Sí,Carnes,Sí,Dato no cargado,Dato no cargado,Tarjeta,7284,35-44
8251003829,Mary,Hobbs,19,Femenino,Chicago,Medio,5,28.39,No,Sí,No informado,No,Dato no cargado,Dato no cargado,Efectivo,2429,18-24
4867153819,Stanley,Everett,40,Masculino,Chicago,Medio,3,24.82,No,No,Vegetariano,Sí,001-342-665-7845x238,Dato no cargado,Tarjeta,1847,35-44
5048299551,Ryan,Lewis,71,Masculino,Chicago,Medio,5,28.53,No,No,Vegetariano,No,Dato no cargado,Dato no cargado,Tarjeta,2441,65-80
3415948515,Dalton,Mack,23,Masculino,Chicago,Medio,3,26.83,No,Sí,Vegano,No,+1-548-662-1733x59769,robertcrawford@example.org,Tarjeta,2668,18-24
9934729435,Terri,Johnson,49,Femenino,Chicago,Medio,4,27.48,Sí,No,Carnes,Sí,608.834.3301x23947,Dato no cargado,App,3388,45-54
2673369932,Bradley,Wilson,73,Masculino,Chicago,Alto,4,51.16,Sí,No,Carnes,Sí,Dato no cargado,Dato no cargado,Efectivo,7243,65-80
6625790241,Jeffrey,Lawson,44,Masculino,Chicago,Muy Alto,8,12.64,No,No,Mariscos,Sí,Dato no cargado,Dato no cargado,Efectivo,14796,35-44
3276483960,Tammy,Nelson,25,Femenino,Chicago,Alto,4,24.49,Sí,Sí,Carnes,Sí,Dato no cargado,Dato no cargado,Efectivo,8068,25-34
7512767226,Kristin,Perkins,50,Femenino,Chicago,Medio,4,8.46,Sí,No,Carnes,No,Dato no cargado,Dato no cargado,Tarjeta,2782,45-54
3760384004,Crystal,Roberts,73,Femenino,Chicago,Alto,5,42.6,No,No,Vegetariano,Sí,001-502-605-9030x2903,Dato no cargado,Tarjeta,4258,65-80
2258964802,William,Wade,21,Masculino,Chicago,Medio,5,21.63,No,Sí,Carnes,No,(431)786-4235x86293,adam46@example.com,App,2222,18-24
7728144686,Curtis,Graham,74,Masculino,Chicago,Medio,4,27.74,Sí,Sí,Carnes,No,Dato no cargado,Dato no cargado,Efectivo,1820,65-80
8573424265,Franklin,Johnson,57,Masculino,Chicago,Alto,4,55.54,Sí,No,Vegano,Sí,+1-278-234-5320x4751,sandranelson@example.net,Tarjeta,5954,55-64
7253461596,Richard,Clark,63,Masculino,Chicago,Muy Alto,5,9.77,Sí,Sí,Vegano,Sí,Dato no cargado,Dato no cargado,Tarjeta,11109,55-64
4920942483,Kristin,Decker,79,Femenino,Chicago,Alto,4,20.57,No,No,Carnes,No,Dato no cargado,Dato no cargado,Efectivo,7938,65-80
8133975751,Brandi,Sanchez,66,Femenino,Chicago,Medio,4,21.93,No,Sí,Vegetariano,No,(894)373-2138x52580,nsantiago@example.com,App,2446,65-80
6880379609,Mary,Meyer,21,Femenino,Chicago,Medio,5,5.04,No,Sí,Carnes,No,Dato no cargado,robertgood@example.net,Criptomoneda,3178,18-24
4921612234,Victoria,Morgan,45,Femenino,Chicago,Muy Alto,7,45.86,No,Sí,Otro,Sí,(251)770-7377,Dato no cargado,Efectivo,13931,45-54
9517014405,Michael,Barker,45,Masculino,Chicago,Bajo,1,9.81,Sí,No,Mariscos,No,(251)823-8319,Dato no cargado,Tarjeta,1363,45-54
9359149818,Christopher,Mitchell,45,Masculino,Chicago,Bajo,2,6.0,No,No,Mariscos,No,Dato no cargado,patrick61@example.net,App,1200,45-54
9753876667,Nichole,Collins,68,Femenino,Chicago,Medio,3,6.63,No,Sí,Vegano,No,(200)474-8409,Dato no cargado,App,2712,65-80
1896946425,Anthony,Davis,58,Masculino,Chicago,Muy Alto,6,17.73,No,Sí,No informado,Sí,738.976.9806x0258,qphillips@example.net,Tarjeta,14570,55-64
6697839141,Victoria,Rios,19,Femenino,Chicago,Muy Alto,5,52.27,No,No,Pescado,Sí,Dato no cargado,Dato no cargado,Tarjeta,13383,18-24
3007481368,Allison,Wiggins,32,Femenino,Chicago,Alto,6,58.51,No,No,Mariscos,No,001-748-359-4484,Dato no cargado,Efectivo,7981,25-34
3574636872,Brian,Rose,40,Masculino,Chicago,Alto,5,40.44,No,No,Carnes,Sí,+1-453-847-4576x4604,barbaramartin@example.com,Tarjeta,8840,35-44
5110244460,Arthur,Norton,56,Masculino,Chicago,Bajo,2,9.64,No,Sí,Pescado,No,+1-228-519-9175x25654,gregory25@example.net,App,1451,55-64
8159636341,Herbert,Leblanc,54,Masculino,Chicago,Bajo,1,5.41,Sí,No,No informado,No,Dato no cargado,Dato no cargado,Tarjeta,1215,45-54
7604506493,Elizabeth,Gibson,75,Femenino,Chicago,Medio,4,6.22,No,No,Carnes,Sí,Dato no cargado,susanhenderson@example.com,App,2964,65-80
8846861559,Allison,Walker,41,Femenino,Chicago,Medio,5,21.18,No,No,Carnes,No,001-581-825-6196x9335,Dato no cargado,Efectivo,1901,35-44
7374775639,Matthew,Miles,77,Masculino,Chicago,Medio,4,17.0,No,No,Vegetariano,No,Dato no cargado,joneserin@example.org,Efectivo,2837,65-80
4518308588,Cody,Davis,71,Masculino,Chicago,Alto,5,34.04,No,Sí,Mariscos,No,857-562-8721x009,wproctor@example.net,Efectivo,7872,65-80
1482082150,Alejandro,Morrison,30,Masculino,Chicago,Bajo,3,9.11,No,Sí,Vegetariano,No,Dato no cargado,heatherjohnson@example.org,Efectivo,1497,25-34
4501386912,Mikayla,Harrington,33,Femenino,Chicago,Alto,4,30.58,Sí,No,Pescado,No,659.965.5518x507,greenwilliam@example.net,App,7995,25-34
4961544796,Jason,Daugherty,41,Masculino,Chicago,Medio,4,20.58,No,No,No informado,No,962-774-3202x056,Dato no cargado,Efectivo,1673,35-44
9153540101,Jennifer,Jones,36,Femenino,Chicago,Alto,6,35.92,Sí,No,Carnes,No,(906)761-8413x8947,jorgedoyle@example.org,Efectivo,3577,35-44
8497938394,Sarah,Shields,31,Femenino,Chicago,Alto,5,56.7,No,Sí,Carnes,No,Dato no cargado,kmedina@example.org,App,7814,25-34
4331305234,Joseph,Brown,25,Masculino,Chicago,Medio,4,28.36,No,No,No informado,No,947-416-2354,Dato no cargado,App,2535,25-34
7088636363,Natasha,Jones,55,Femenino,Chicago,Alto,4,10.38,Sí,Sí,Carnes,Sí,5565702976,michael48@example.com,App,5448,55-64
4522909617,Barbara,Reed,78,Femenino,Chicago,Medio,4,8.97,No,No,No informado,No,(642)506-0895x318,Dato no cargado,Tarjeta,2933,65-80
7793980443,Christopher,Smith,78,Masculino,Chicago,Alto,5,18.73,Sí,No,Vegano,Sí,Dato no cargado,Dato no cargado,Tarjeta,8111,65-80
8826647819,Jennifer,Cortez,67,Femenino,Chicago,Alto,5,12.11,Sí,No,Vegetariano,Sí,(272)539-9348,molly51@example.net,Tarjeta,4396,65-80
7742707009,Kevin,Conway,19,Masculino,Chicago,Alto,6,38.18,No,Sí,Carnes,Sí,622-381-8229x05181,Dato no cargado,Efectivo,6659,18-24
6320115677,Kimberly,Torres,52,Femenino,Chicago,Alto,5,38.78,No,No,Mariscos,Sí,Dato no cargado,Dato no cargado,Efectivo,8119,45-54
2715155243,Ellen,Davis,44,Femenino,Chicago,Alto,4,38.59,Sí,Sí,Carnes,Sí,457.917.3676x671,Dato no cargado,Efectivo,5605,35-44
2732894349,Melissa,Santos,62,Femenino,Chicago,Bajo,2,6.17,Sí,No,Mariscos,No,9353698029,ramoskatrina@example.com,Efectivo,1118,55-64
6606452484,Richard,Long,50,Masculino,Chicago,Medio,4,27.27,No,Sí,Carnes,No,Dato no cargado,Dato no cargado,App,2317,45-54
5432365954,Tanya,Phillips,42,Femenino,Chicago,Medio,2,17.57,Sí,Sí,Pescado,No,Dato no cargado,xbush@example.org,Efectivo,1667,35-44
1734307097,Trevor,Evans,42,Masculino,Chicago,Muy Alto,9,90.06,Sí,No,Otro,Sí,752-703-5493x335,danielle47@example.com,App,14897,35-44
1638504772,Tony,Baxter,62,Masculino,Chicago,Medio,3,6.02,Sí,Sí,Pescado,No,735-266-1937x24814,victoria29@example.org,Tarjeta,2311,55-64
3464761545,Christopher,Patel,54,Masculino,Chicago,Medio,4,10.96,No,No,Vegetariano,No,Dato no cargado,michaelcox@example.net,Tarjeta,1979,45-54
1728500180,Heather,Bishop,50,Femenino,Chicago,Muy Alto,10,81.01,No,Sí,Vegetariano,Sí,Dato no cargado,charles55@example.org,Tarjeta,11467,45-54
8642253066,Jennifer,Davis,23,Femenino,Chicago,Alto,5,51.86,No,No,Vegetariano,Sí,Dato no cargado,Dato no cargado,Efectivo,6824,18-24
2459023475,Jamie,Brooks,77,Femenino,Chicago,Bajo,1,6.02,No,No,Carnes,No,298-429-5854x521,Dato no cargado,Efectivo,1387,65-80
2433114147,William,Hudson,65,Masculino,Chicago,Medio,4,14.83,Sí,Sí,Vegano,No,Dato no cargado,zmyers@example.com,Efectivo,2667,65-80
3245325505,Antonio,Lutz,37,Masculino,Chicago,Medio,4,6.67,No,No,Vegetariano,No,Dato no cargado,Dato no cargado,Efectivo,2421,35-44
1747954010,Christopher,Davis,62,Masculino,Chicago,Alto,4,45.95,No,Sí,Carnes,No,Dato no cargado,hernandezricardo@example.net,Efectivo,6746,55-64
4716414506,Kara,Hall,19,Femenino,Chicago,Muy Alto,9,35.79,No,Sí,Vegetariano,No,Dato no cargado,Dato no cargado,Tarjeta,13763,18-24
5213417143,Dennis,Watkins,56,Masculino,Chicago,Muy Alto,7,52.52,Sí,Sí,No informado,Sí,Dato no cargado,Dato no cargado,Tarjeta,12575,55-64
4715689727,Amy,Pruitt,59,Femenino,Chicago,Muy Alto,6,67.76,No,Sí,Carnes,Sí,001-862-263-7386x04983,Dato no cargado,Tarjeta,11896,55-64
3546681221,Brandon,Hull,67,Masculino,Chicago,Medio,3,13.28,No,Sí,Carnes,No,Dato no cargado,Dato no cargado,Efectivo,3267,65-80
7960220923,Darlene,Goodman,65,Femenino,Chicago,Medio,2,9.22,No,Sí,Mariscos,No,Dato no cargado,Dato no cargado,App,2562,65-80
2322009221,Robert,Frazier,23,Masculino,Chicago,Alto,5,36.76,Sí,Sí,Mariscos,No,001-484-832-6202,james16@example.com,Tarjeta,3664,18-24
8159767378,Michael,Lee,72,Masculino,Chicago,Bajo,2,9.01,Sí,Sí,No informado,No,Dato no cargado,jessicabecker@example.org,Tarjeta,1497,65-80
8621830672,Desiree,Gutierrez,63,Femenino,Chicago,Alto,4,9.93,No,Sí,Vegetariano,No,Dato no cargado,Dato no cargado,Efectivo,4390,55-64
3621788307,Michelle,Mays,38,Femenino,Chicago,Medio,5,17.16,Sí,Sí,No informado,No,001-731-418-4819,pfarmer@example.org,Tarjeta,2986,35-44
2888192655,Morgan,Diaz,49,Femenino,Chicago,Alto,6,19.9,Sí,No,Carnes,Sí,Dato no cargado,schneiderjulie@example.org,App,7135,45-54
2275272470,Adam,Campos,32,Masculino,Chicago,Bajo,1,8.1,No,Sí,Vegetariano,No,Dato no cargado,Dato no cargado,Tarjeta,1092,25-34
6348207818,Juan,Wright,40,Masculino,Chicago,Muy Alto,8,32.39,Sí,No,Mariscos,Sí,+1-335-372-9328x2098,jessica11@example.org,Efectivo,11420,35-44
9116428507,Julie,Bryant,32,Femenino,Chicago,Bajo,3,9.17,No,Sí,Mariscos,No,Dato no cargado,april37@example.net,Efectivo,1262,25-34
9542146097,Frances,Kim,18,Femenino,Chicago,Muy Alto,7,21.11,No,Sí,Vegano,Sí,6392677510,tatebradley@example.org,App,9294,18-24
7020355385,Mark,Miller,76,Masculino,Chicago,Bajo,1,8.23,Sí,Sí,Carnes,No,6698322221,rallen@example.org,App,1059,65-80
9556021185,Donna,Durham,64,Femenino,Chicago,Medio,4,9.7,No,Sí,Vegetariano,No,+1-369-762-1208x2745,Dato no cargado,App,1693,55-64
6480112030,Michele,Miller,76,Femenino,Chicago,Alto,6,51.24,Sí,Sí,Vegetariano,Sí,Dato no cargado,Dato no cargado,Tarjeta,7994,65-80
6823347355,Michael,Obrien,43,Masculino,Chicago,Medio,5,7.42,No,Sí,Pescado,No,Dato no cargado,Dato no cargado,Efectivo,2621,35-44
6321546247,Barbara,Mercer,66,Femenino,Chicago,Muy Alto,8,64.49,No,Sí,Vegetariano,Sí,248.408.3789,arios@example.org,App,15687,65-80
5798941961,Kayla,Owens,21,Femenino,Chicago,Bajo,1,9.37,Sí,Sí,Vegano,No,Dato no cargado,morenoeric@example.org,Efectivo,916,18-24
8191770328,Alexis,Ball,34,Femenino,Chicago,Alto,6,33.32,Sí,Sí,Vegetariano,Sí,Dato no cargado,igarcia@example.com,Efectivo,4952,25-34
2071552532,Michelle,Rodriguez,34,Femenino,Chicago,Medio,5,28.93,No,No,Carnes,No,Dato no cargado,lisa75@example.com,App,2237,25-34
7847691451,Kevin,Smith,30,Masculino,Chicago,Medio,4,27.57,Sí,No,No informado,No,781-232-0764x8974,Dato no cargado,Tarjeta,3311,25-34
9873258555,Miguel,West,35,Masculino,Chicago,Alto,4,48.37,No,Sí,Carnes,Sí,001-683-310-0039x449,trobertson@example.com,Efectivo,7964,35-44
4077942976,Don,Thompson,60,Masculino,Chicago,Medio,5,10.29,Sí,No,Mariscos,No,+1-254-795-1055x62184,ysanchez@example.net,Tarjeta,2310,55-64
4284515765,Zachary,Pearson,62,Masculino,Chicago,Alto,4,35.85,Sí,Sí,Vegetariano,No,001-805-207-4287x548,davidcole@example.com,Efectivo,7002,55-64
5473604479,Joseph,Garrett,67,Masculino,Chicago,Bajo,1,7.05,Sí,Sí,Carnes,No,Dato no cargado,whiteeric@example.net,Efectivo,974,65-80
1717462505,Brandon,Fields,45,Masculino,Chicago,Bajo,2,9.75,No,No,Pescado,No,+1-485-421-4981,charlesgreen@example.org,Tarjeta,1027,45-54
5738967614,Cameron,Orr,55,Masculino,Chicago,Alto,4,34.39,Sí,Sí,Carnes,Sí,Dato no cargado,alopez@example.com,Efectivo,5129,55-64
5144235090,Chad,Miller,36,Masculino,Chicago,Alto,6,50.65,Sí,No,Otro,Sí,Dato no cargado,Dato no cargado,Tarjeta,8176,35-44
6658114473,Kelly,Williams,65,Femenino,Chicago,Medio,5,9.16,No,Sí,Carnes,No,(486)643-0979,brian04@example.org,App,2080,65-80
6615983560,Krystal,Russell,62,Femenino,Chicago,Alto,6,33.47,No,No,Pescado,No,Dato no cargado,Dato no cargado,Efectivo,7732,55-64
5997975427,Kelly,Robinson,18,Femenino,Chicago,Medio,5,12.66,Sí,No,Vegetariano,No,894.913.9837x1394,taylor02@example.net,Efectivo,3425,18-24
9362797147,Melissa,Gomez,39,Femenino,Chicago,Muy Alto,9,18.9,No,No,Vegetariano,Sí,Dato no cargado,dennisstacy@example.net,App,13214,35-44
2140747529,Paul,Liu,35,Masculino,Chicago,Bajo,1,5.2,No,No,Otro,No,(627)850-9014x028,Dato no cargado,App,1483,35-44
9306210405,Erica,Gomez,50,Femenino,Chicago,Medio,5,28.53,Sí,Sí,Pescado,No,Dato no cargado,jeremyherrera@example.com,Tarjeta,2105,45-54
6550577435,Jonathan,Hill,76,Masculino,Chicago,Bajo,1,5.92,Sí,Sí,Vegetariano,No,250-554-2517x40889,Dato no cargado,Efectivo,928,65-80
9790930341,Brandon,Anderson,39,Masculino,Chicago,Bajo,0,0.0,No,Sí,Carnes,No,001-833-892-9527x20483,Dato no cargado,Tarjeta,1528,35-44
7505818220,Ryan,Garcia,77,Masculino,Chicago,Medio,3,11.81,No,No,Otro,No,Dato no cargado,wilsontracey@example.net,Efectivo,3301,65-80
3652412568,Walter,Chambers,59,Masculino,Chicago,Bajo,2,8.12,Sí,Sí,No informado,No,Dato no cargado,douglasclark@example.com,Efectivo,1011,55-64
5202643907,Mark,Blevins,29,Masculino,Chicago,Alto,5,52.99,No,Sí,Mariscos,Sí,(513)324-8583x519,Dato no cargado,Efectivo,3663,25-34
5371414482,Richard,Le,65,Masculino,Chicago,Muy Alto,7,26.9,No,Sí,Carnes,Sí,+1-966-734-5000x25405,Dato no cargado,Tarjeta,17989,65-80
4923458173,Sara,Browning,38,Femenino,Chicago,Bajo,3,5.95,Sí,No,Carnes,No,Dato no cargado,Dato no cargado,Efectivo,1373,35-44
2038211806,Peter,Jones,24,Masculino,Chicago,Alto,4,36.37,Sí,No,Pescado,No,Dato no cargado,rgonzalez@example.org,Efectivo,7330,18-24
5170235520,James,Rivers,72,Masculino,Chicago,Alto,5,21.89,Sí,No,No informado,Sí,Dato no cargado,Dato no cargado,Efectivo,4772,65-80
6719844291,Veronica,Lewis,47,Femenino,Chicago,Medio,4,9.55,No,Sí,Vegetariano,No,+1-639-512-0389x112,nicolelewis@example.net,Tarjeta,3403,45-54
2096727229,Thomas,Perkins,20,Masculino,Chicago,Muy Alto,6,57.18,No,Sí,Carnes,Sí,Dato no cargado,mthompson@example.net,Efectivo,17861,18-24
5917679694,Leslie,Brown,67,Femenino,Chicago,Muy Alto,9,76.72,Sí,Sí,Vegetariano,Sí,Dato no cargado,Dato no cargado,App,11431,65-80
4715630017,Sherri,Floyd,61,Femenino,Chicago,Muy Alto,9,17.96,Sí,Sí,Carnes,Sí,Dato no cargado,Dato no cargado,Tarjeta,17459,55-64
8766884198,Christian,Medina,72,Masculino,Chicago,Medio,3,16.7,Sí,No,Vegetariano,No,001-720-209-6231x05206,Dato no cargado,App,2615,65-80
3106631393,Sabrina,Clark,43,Femenino,Chicago,Alto,5,37.52,No,No,Otro,Sí,Dato no cargado,santanalinda@example.net,Efectivo,7870,35-44
4736944249,Daniel,Perez,80,Masculino,Chicago,Alto,5,9.17,No,Sí,Vegetariano,Sí,594-643-5981,Dato no cargado,App,6821,65-80
2722415610,Yolanda,Harvey,36,Femenino,Chicago,Medio,5,20.94,No,No,Pescado,No,8714201468,Dato no cargado,Efectivo,2749,35-44
5722064241,Gabriel,Erickson,61,Masculino,Chicago,Muy Alto,8,17.8,Sí,Sí,Mariscos,Sí,(298)494-0076,Dato no cargado,Tarjeta,12356,55-64
5083437740,Breanna,Morris,41,Femenino,Chicago,Medio,4,21.45,Sí,No,Vegetariano,No,+1-911-695-7329x005,timothy93@example.com,Tarjeta,2861,35-44
5959590683,Jennifer,Mack,24,Femenino,Chicago,Bajo,1,6.2,Sí,Sí,Mariscos,No,001-844-471-2266x48524,Dato no cargado,Efectivo,945,18-24
3963898208,Leslie,Berry,70,Femenino,Chicago,Muy Alto,7,53.63,Sí,Sí,Pescado,Sí,Dato no cargado,Dato no cargado,App,15637,65-80
2633310909,Daniel,Obrien,18,Masculino,Chicago,Muy Alto,8,39.86,No,Sí,Mariscos,Sí,Dato no cargado,larry53@example.com,Efectivo,14271,18-24
9455416021,Jennifer,Williams,24,Femenino,Chicago,Muy Alto,6,63.16,Sí,Sí,Carnes,Sí,+1-692-596-8123x57052,Dato no cargado,Tarjeta,13401,18-24
2833906002,Thomas,Martinez,58,Masculino,Chicago,Alto,4,15.25,No,Sí,Carnes,Sí,Dato no cargado,Dato no cargado,Tarjeta,5220,55-64
1772825941,Randy,Thompson,32,Masculino,Chicago,Bajo,3,8.35,Sí,No,Vegetariano,No,(632)370-7625,Dato no cargado,App,1076,25-34
4080030228,Jamie,Hughes,45,Femenino,Chicago,Alto,5,39.1,No,Sí,Carnes,Sí,Dato no cargado,Dato no cargado,Tarjeta,8961,45-54
8375996697,Jennifer,Benson,28,Femenino,Chicago,Muy Alto,7,34.2,No,Sí,Pescado,Sí,Dato no cargado,mitchell11@example.com,App,17931,25-34
1872156767,Jacqueline,Hill,46,Femenino,Chicago,Bajo,2,9.73,Sí,No,Carnes,No,Dato no cargado,jerrysparks@example.net,Tarjeta,1466,45-54
9700875529,Duane,Acevedo,50,Masculino,Chicago,Muy Alto,7,80.53,Sí,Sí,Mariscos,Sí,(670)268-9257x8385,Dato no cargado,Efectivo,15587,45-54
2183736293,Hannah,Fisher,74,Femenino,Chicago,Muy Alto,7,17.43,Sí,Sí,Pescado,Sí,Dato no cargado,Dato no cargado,App,16023,65-80
9435794141,Kathleen,Price,31,Femenino,Chicago,Medio,2,24.9,No,No,Mariscos,Sí,Dato no cargado,Dato no cargado,App,2468,25-34
2391468155,Thomas,Terry,60,Masculino,Chicago,Medio,3,5.25,No,Sí,Vegetariano,No,Dato no cargado,Dato no cargado,Efectivo,2112,55-64
9528794813,Jessica,Vargas,66,Femenino,Chicago,Medio,3,26.34,No,No,Mariscos,No,Dato no cargado,johnsonkatherine@example.org,Efectivo,2812,65-80
4946958383,Anthony,Burns,55,Masculino,Chicago,Medio,2,18.78,Sí,No,Pescado,Sí,Dato no cargado,Dato no cargado,Efectivo,3116,55-64
3868024866,Dustin,Stone,68,Masculino,Chicago,Medio,2,12.79,Sí,Sí,Carnes,No,Dato no cargado,Dato no cargado,Tarjeta,2574,65-80
7539002241,Tonya,Gonzalez,61,Femenino,Chicago,Medio,2,8.39,No,Sí,Carnes,No,(645)762-4785x804,jasonjensen@example.com,Efectivo,2379,55-64
3253391636,Patrick,Mckee,73,Masculino,Chicago,Medio,3,12.83,Sí,No,Otro,No,(933)927-5058,cmack@example.net,Efectivo,2690,65-80
5757968510,Danielle,Bryan,48,Femenino,Chicago,Bajo,0,0.0,Sí,Sí,Vegano,No,001-557-495-7741x8366,dennisfrank@example.com,App,877,45-54
3496897808,Olivia,Baker,24,Femenino,Chicago,Bajo,1,6.62,Sí,Sí,Carnes,No,Dato no cargado,john57@example.org,Efectivo,1581,18-24
4063550639,Edward,English,72,Masculino,Chicago,Medio,3,17.97,Sí,No,Carnes,No,869-341-3405,christopher20@example.com,Efectivo,2033,65-80
9805298587,Stephanie,Chambers,18,Femenino,Chicago,Muy Alto,5,44.36,Sí,Sí,Vegetariano,Sí,(426)918-6771x2568,Dato no cargado,App,11058,18-24
7085004726,Dylan,Spencer,74,Masculino,Chicago,Alto,4,14.78,No,No,Pescado,No,Dato no cargado,shepherdsamantha@example.net,Tarjeta,8957,65-80
5319623629,Billy,House,28,Masculino,Chicago,Alto,6,17.36,Sí,Sí,Pescado,Sí,664.735.9053x148,Dato no cargado,Efectivo,5945,25-34
4159621898,Christian,Walker,51,Masculino,Chicago,Bajo,3,5.76,No,Sí,Vegano,No,Dato no cargado,Dato no cargado,App,1036,45-54
3651820917,Diana,Valdez,50,Femenino,Chicago,Muy Alto,10,84.45,No,Sí,Carnes,Sí,(252)608-4339,aaronfisher@example.net,Efectivo,13435,45-54
7135087106,Patrick,Jenkins,41,Masculino,Chicago,Bajo,0,0.0,Sí,No,Otro,No,Dato no cargado,Dato no cargado,Efectivo,1493,35-44
4844090678,Nicole,Patrick,38,Femenino,Chicago,Alto,4,58.24,Sí,No,No informado,Sí,5065018089,jessicawells@example.com,Tarjeta,6009,35-44
1709229698,Alexis,Jacobs,77,Femenino,Chicago,Bajo,0,0.0,Sí,Sí,Carnes,No,Dato no cargado,Dato no cargado,Efectivo,1017,65-80
9245800938,Michelle,Miller,19,Femenino,Chicago,Muy Alto,6,79.37,Sí,Sí,Pescado,Sí,+1-318-479-4704,swilliams@example.net,Efectivo,17451,18-24
6320547759,Elizabeth,Johnson,60,Femenino,Chicago,Medio,2,20.58,No,No,Otro,No,Dato no cargado,clarkpatricia@example.com,App,2610,55-64
9798372109,John,Roy,43,Masculino,Chicago,Medio,5,21.87,Sí,No,Vegano,Sí,203.977.2421x18590,jasonchandler@example.org,App,2778,35-44
1336150210,Jessica,Mendoza,51,Femenino,Chicago,Alto,6,45.92,Sí,No,Otro,Sí,001-336-369-1735x3757,meyercorey@example.com,Tarjeta,4579,45-54
8311200266,Terry,Davies,56,Femenino,Chicago,Muy Alto,7,97.76,Sí,Sí,Vegano,Sí,Dato no cargado,Dato no cargado,App,16933,55-64
9554663532,Travis,Ramsey,66,Masculino,Chicago,Alto,5,10.23,No,Sí,Vegetariano,Sí,+1-259-612-0551x80585,smunoz@example.net,Efectivo,5926,65-80
1791942421,Sabrina,Thomas,72,Femenino,Chicago,Alto,5,45.8,No,Sí,Pescado,Sí,Dato no cargado,Dato no cargado,Efectivo,4372,65-80
9270643759,Elizabeth,Larsen,28,Femenino,Chicago,Alto,5,26.37,Sí,Sí,No informado,Sí,(401)317-4932x151,barbara75@example.com,Tarjeta,5567,25-34
3661576929,Matthew,Patel,18,Masculino,Chicago,Alto,4,32.07,Sí,Sí,Carnes,Sí,Dato no cargado,Dato no cargado,Efectivo,6646,18-24
7030817747,Ronald,Montgomery,56,Masculino,Chicago,Muy Alto,9,64.98,Sí,No,Vegetariano,Sí,312.592.6105,Dato no cargado,App,11185,55-64
6035969071,Joshua,Jones,29,Masculino,Chicago,Muy Alto,8,72.57,No,Sí,No informado,Sí,Dato no cargado,derrick76@example.net,Efectivo,14555,25-34
2328885802,Gregory,Carpenter,77,Masculino,Chicago,Alto,4,9.38,Sí,No,Vegetariano,No,+1-943-540-1760x71817,katelyn40@example.com,Tarjeta,8356,65-80
2459525419,Jennifer,Rice,74,Femenino,Chicago,Alto,6,31.23,No,No,Carnes,No,449.593.7538,Dato no cargado,App,4215,65-80
5563810247,Ashley,Marshall,70,Femenino,Chicago,Bajo,1,9.53,No,Sí,Pescado,No,Dato no cargado,Dato no cargado,App,1431,65-80
2828666420,Tracey,Rowland,54,Femenino,Chicago,Medio,5,27.1,Sí,No,Pescado,No,+1-283-834-1635x848,johnsonpatrick@example.com,Efectivo,3008,45-54
7129095260,Ryan,Barry,59,Masculino,Chicago,Bajo,2,6.73,Sí,No,Carnes,No,+1-822-706-1044x83492,mitchellpaula@example.org,Efectivo,919,55-64
7928917961,Angela,Rosales,67,Femenino,Chicago,Alto,6,56.75,No,No,Vegetariano,No,6299331609,tiffanylynch@example.com,Tarjeta,6477,65-80
8619188775,Anthony,Miller,74,Masculino,Chicago,Muy Alto,10,47.43,Sí,Sí,Vegano,Sí,001-510-666-9727x31700,longmelissa@example.net,Tarjeta,10340,65-80
4825491742,Travis,Stone,49,Masculino,Chicago,Bajo,0,0.0,Sí,No,Carnes,Sí,(643)501-5530x045,Dato no cargado,Efectivo,867,45-54
1283850417,Catherine,Pierce,75,Femenino,Chicago,Medio,2,15.68,Sí,Sí,Vegetariano,No,Dato no cargado,thompsontina@example.org,Efectivo,2343,65-80
9381721143,Alexis,Quinn,20,Femenino,Chicago,Bajo,2,6.49,Sí,Sí,Vegano,No,Dato no cargado,wortiz@example.org,Tarjeta,1281,18-24
5387044101,Michael,Scott,71,Masculino,Chicago,Bajo,1,8.83,Sí,No,Carnes,No,Dato no cargado,Dato no cargado,Efectivo,1515,65-80
2812140441,Dustin,Mcbride,46,Masculino,Chicago,Medio,4,23.21,Sí,No,Carnes,No,Dato no cargado,chad58@example.net,App,1642,45-54
1077090344,Derrick,Jackson,53,Masculino,Chicago,Medio,5,14.81,No,No,Vegano,No,001-239-896-3393,hugheschristina@example.org,App,3134,45-54
7794992582,Ryan,Webb,46,Masculino,Chicago,Alto,6,35.44,Sí,Sí,Carnes,No,Dato no cargado,traceymiller@example.net,Tarjeta,7975,45-54
5267558698,Adam,Daniels,41,Masculino,Chicago,Medio,4,29.07,No,Sí,Mariscos,No,Dato no cargado,aprilcruz@example.org,Tarjeta,1889,35-44
4973774025,Daniel,Rodriguez,59,Masculino,Chicago,Muy Alto,5,34.84,Sí,Sí,Otro,Sí,Dato no cargado,Dato no cargado,App,13686,55-64
2267081065,Paula,Juarez,67,Femenino,Chicago,Alto,5,45.91,Sí,No,Vegetariano,Sí,Dato no cargado,Dato no cargado,Tarjeta,6175,65-80
6959501845,Megan,Jones,49,Femenino,Chicago,Bajo,3,7.86,Sí,Sí,Carnes,No,Dato no cargado,Dato no cargado,Efectivo,1578,45-54
5985718256,Tammy,Vargas,30,Femenino,Chicago,Alto,4,56.46,Sí,Sí,Vegetariano,No,Dato no cargado,Dato no cargado,Tarjeta,3801,25-34
3015589768,Richard,Andrews,18,Masculino,Chicago,Alto,6,52.44,Sí,Sí,Vegetariano,Sí,Dato no cargado,Dato no cargado,Efectivo,7066,18-24
5508149905,Caleb,Mercer,47,Masculino,Chicago,Muy Alto,7,67.73,No,Sí,Vegano,Sí,Dato no cargado,Dato no cargado,Tarjeta,15961,45-54
6027899528,Mary,Zavala,69,Femenino,Chicago,Muy Alto,8,59.92,Sí,Sí,Carnes,No,Dato no cargado,dguerra@example.org,App,16839,65-80
4131012566,Elizabeth,Reilly,26,Femenino,Chicago,Medio,3,16.62,No,Sí,Pescado,No,+1-355-458-1923x40365,Dato no cargado,App,3164,25-34
7952410744,Kayla,Henry,22,Femenino,Chicago,Alto,6,56.45,Sí,Sí,Vegetariano,Sí,804-441-4607x63274,james11@example.org,Efectivo,5579,18-24
4706249669,Kellie,Douglas,30,Femenino,Chicago,Alto,5,8.03,No,Sí,Vegetariano,No,001-582-332-6549x260,Dato no cargado,App,7630,25-34
3960136787,Joyce,Foster,65,Femenino,Chicago,Medio,4,26.92,Sí,Sí,Otro,No,383.561.7967x96519,christianacosta@example.net,Efectivo,1945,65-80
3967280998,Alyssa,Mcpherson,21,Femenino,Chicago,Bajo,1,9.79,Sí,Sí,Otro,No,Dato no cargado,Dato no cargado,Efectivo,1206,18-24
6884333221,Alejandro,Odonnell,70,Masculino,Chicago,Alto,6,38.0,No,Sí,Vegetariano,No,Dato no cargado,Dato no cargado,Efectivo,4543,65-80
8111548844,Angela,Bird,62,Femenino,Chicago,Bajo,2,7.53,No,Sí,Carnes,No,Dato no cargado,Dato no cargado,App,965,55-64
1754849915,Jacob,Thomas,38,Masculino,Chicago,Alto,5,16.4,Sí,Sí,Vegano,Sí,Dato no cargado,Dato no cargado,Tarjeta,5337,35-44
4994825020,Tammy,Macias,70,Femenino,Chicago,Alto,4,6.94,Sí,Sí,Otro,No,Dato no cargado,Dato no cargado,App,5072,65-80
2195810743,Jeffrey,Burke,49,Masculino,Chicago,Alto,5,10.1,No,Sí,Carnes,Sí,Dato no cargado,stephaniethomas@example.com,Tarjeta,4974,45-54
5751654002,Rhonda,Carter,21,Femenino,Chicago,Medio,5,13.12,No,Sí,Carnes,No,Dato no cargado,andrewlutz@example.com,Efectivo,2950,18-24
2824643661,Mary,Martinez,63,Femenino,Chicago,Muy Alto,10,29.03,Sí,Sí,Vegano,Sí,Dato no cargado,Dato no cargado,App,14412,55-64
6932792457,Raymond,Park,44,Masculino,Chicago,Muy Alto,7,20.18,No,No,Vegetariano,Sí,Dato no cargado,Dato no cargado,Efectivo,17041,35-44
9488715564,Vanessa,Rivera,54,Femenino,Chicago,Medio,4,13.55,Sí,Sí,Vegano,No,001-600-902-2009,Dato no cargado,Tarjeta,3158,45-54
5648952124,Terrance,Torres,18,Masculino,Chicago,Medio,2,17.575,No,Sí,Carnes,Sí,749.472.3742x4821,Dato no cargado,Efectivo,1805,18-24
2150189847,Anthony,Hudson,63,Masculino,Chicago,Medio,4,23.13,No,Sí,Vegetariano,Sí,219-229-0493x1791,Dato no cargado,Tarjeta,3042,55-64
8253927658,Allison,Yang,62,Femenino,Chicago,Bajo,2,5.64,No,Sí,Mariscos,No,Dato no cargado,andrea16@example.com,Efectivo,1230,55-64
4566698486,Jeffrey,Foster,50,Masculino,Chicago,Medio,4,27.98,No,Sí,Pescado,No,737-886-5929x20863,murphysarah@example.com,Tarjeta,1755,45-54
6751685477,Matthew,Blackburn,55,Masculino,Chicago,Medio,5,26.09,No,Sí,Carnes,No,9932566215,jared22@example.org,Efectivo,2985,55-64
6607097661,Tammy,Cowan,42,Femenino,Chicago,Medio,5,16.87,No,No,Mariscos,No,Dato no cargado,angelacunningham@example.net,App,3192,35-44
7761130248,Christopher,Marshall,40,Masculino,Chicago,Medio,2,11.63,No,Sí,Pescado,No,001-599-702-9342x936,Dato no cargado,Tarjeta,2149,35-44
1201390335,Timothy,Carlson,51,Masculino,Chicago,Alto,4,53.31,No,Sí,Vegano,Sí,Dato no cargado,Dato no cargado,App,7049,45-54
6248817328,Randall,Moss,44,Masculino,Chicago,Muy Alto,10,33.86,Sí,No,Vegetariano,Sí,001-834-721-2109x7905,Dato no cargado,Tarjeta,17678,35-44
2301188571,Heidi,Burgess,52,Femenino,Chicago,Bajo,1,7.16,No,No,Carnes,No,001-570-717-2162x6786,Dato no cargado,Efectivo,1451,45-54
4729100207,Donald,Lyons,59,Masculino,Chicago,Muy Alto,6,97.66,No,Sí,Vegetariano,Sí,Dato no cargado,john96@example.com,Tarjeta,15303,55-64
2777556269,Brian,Garcia,59,Masculino,Chicago,Muy Alto,7,74.74,No,Sí,Carnes,Sí,+1-544-706-3797,fmarshall@example.net,Efectivo,17491,55-64
6923301988,Melissa,Hatfield,64,Femenino,Chicago,Medio,3,23.27,No,No,Mariscos,Sí,(698)727-0610x001,Dato no cargado,Efectivo,2792,55-64
9334364363,Ashley,Valdez,55,Femenino,Chicago,Muy Alto,5,49.55,No,Sí,Vegano,Sí,943.994.2523,Dato no cargado,Efectivo,16333,55-64
5373348622,Kimberly,Jordan,39,Femenino,Chicago,Alto,6,38.43,No,Sí,Carnes,Sí,Dato no cargado,Dato no cargado,Efectivo,4186,35-44
6738840177,Nichole,Garrett,47,Femenino,Chicago,Alto,5,14.12,No,No,Vegano,Sí,Dato no cargado,csteele@example.com,Efectivo,5411,45-54
6515490818,Thomas,Buchanan,59,Masculino,Chicago,Medio,2,7.82,Sí,No,Carnes,Sí,001-347-845-1535x35532,Dato no cargado,App,1863,55-64
5075027913,Bryan,Ayers,18,Masculino,Chicago,Muy Alto,6,62.43,Sí,Sí,Mariscos,Sí,928.914.1132,valerie81@example.org,Efectivo,13926,18-24
5676937381,David,Martinez,38,Masculino,Chicago,Muy Alto,7,22.02,No,Sí,Vegano,Sí,001-323-659-8113x663,Dato no cargado,App,11888,35-44
8065803509,Carrie,Miller,21,Femenino,Chicago,Medio,5,18.97,Sí,Sí,Carnes,No,+1-672-236-6864x6614,Dato no cargado,Efectivo,2365,18-24
6652461055,Lisa,Hernandez,34,Femenino,Chicago,Bajo,1,5.93,No,No,Carnes,No,(531)344-9406x5450,Dato no cargado,Efectivo,1349,25-34
5597002735,Austin,Greene,56,Masculino,Chicago,Alto,5,40.7,No,No,Carnes,Sí,Dato no cargado,Dato no cargado,Efectivo,6010,55-64
3517677005,Christopher,Paul,54,Masculino,Chicago,Medio,2,26.15,Sí,No,Vegetariano,No,Dato no cargado,kimberly14@example.com,Efectivo,2893,45-54
5479267516,Marilyn,Santos,25,Femenino,Chicago,Medio,2,5.4,Sí,Sí,Vegetariano,Sí,345-382-3855,barronkimberly@example.net,Efectivo,1856,25-34
2038933287,Kyle,Mclaughlin,27,Masculino,Chicago,Alto,6,57.4,No,Sí,Carnes,No,Dato no cargado,kristin16@example.net,App,8058,25-34
2274196572,Abigail,Kennedy,51,Femenino,Chicago,Alto,6,29.94,No,No,Vegetariano,Sí,880.478.1468x02100,suzannecaldwell@example.org,App,5977,45-54
5916210945,Todd,Charles,75,Masculino,Chicago,Medio,2,15.32,No,No,Vegano,No,Dato no cargado,mark98@example.com,Efectivo,3213,65-80
8605695669,Donna,Weaver,45,Femenino,Chicago,Muy Alto,9,7.41,No,Sí,Pescado,Sí,849-261-9418x735,Dato no cargado,Efectivo,10440,45-54
4039894412,Keith,Williams,74,Masculino,Chicago,Medio,5,25.66,No,Sí,Vegetariano,No,001-213-413-7999,dominguezdevin@example.org,Efectivo,1711,65-80
7378975905,Alan,Murillo,79,Masculino,Chicago,Muy Alto,5,83.4,No,No,Otro,Sí,386.935.5476x0747,woodwardjames@example.com,Tarjeta,11376,65-80
5303682052,Brian,Ballard,80,Masculino,Chicago,Alto,5,58.27,No,No,Pescado,Sí,Dato no cargado,jamesbarrett@example.org,Tarjeta,6368,65-80
8335258191,Jody,Landry,19,Femenino,Chicago,Muy Alto,5,35.01,No,Sí,Otro,Sí,534.801.2846x7062,Dato no cargado,Tarjeta,11438,18-24
1515397731,Mary,Fisher,47,Femenino,Chicago,Bajo,1,7.79,No,Sí,Otro,No,3107861748,Dato no cargado,Tarjeta,1183,45-54
1818520766,Jennifer,Stevens,43,Femenino,Chicago,Alto,4,44.31,Sí,Sí,Carnes,Sí,Dato no cargado,michael33@example.org,App,4980,35-44
1853254184,Brian,Diaz,79,Masculino,Chicago,Medio,4,26.87,Sí,No,Mariscos,No,Dato no cargado,Dato no cargado,App,2662,65-80
2297524788,Matthew,Page,31,Masculino,Chicago,Alto,4,13.58,Sí,Sí,Carnes,Sí,Dato no cargado,Dato no cargado,App,5034,25-34
4089049607,Tim,Ruiz,62,Masculino,Chicago,Bajo,3,8.8,No,Sí,Carnes,No,795-336-4450x9709,Dato no cargado,Tarjeta,909,55-64
7589707547,Christopher,Ford,20,Masculino,Chicago,Bajo,3,5.67,Sí,Sí,Carnes,No,Dato no cargado,Dato no cargado,Efectivo,1301,18-24
3824776052,Keith,Wilkerson,18,Masculino,Chicago,Alto,6,13.56,No,Sí,Carnes,Sí,901-228-0461x559,Dato no cargado,App,5538,18-24
2683969771,Matthew,Cross,64,Masculino,Chicago,Medio,4,25.81,No,Sí,Carnes,Sí,001-980-740-9377x78737,nhamilton@example.com,Criptomoneda,2961,55-64
2008716202,Diana,Cortez,49,Femenino,Chicago,Medio,5,26.54,Sí,No,Mariscos,No,941.685.6777,Dato no cargado,Tarjeta,3447,45-54
6340003593,William,Luna,73,Masculino,Chicago,Bajo,3,9.01,No,Sí,Mariscos,No,752-383-4853x46021,stewartduane@example.com,Efectivo,1130,65-80
2383666742,Peter,Evans,38,Masculino,Chicago,Medio,5,10.3,No,No,Otro,No,(808)932-6990x11487,lesliemiranda@example.net,Efectivo,1832,35-44
3039340985,Lynn,Guerrero,45,Femenino,Chicago,Alto,5,29.98,No,No,Carnes,Sí,(237)596-8903,Dato no cargado,Efectivo,6295,45-54
6592426108,Elizabeth,Delacruz,78,Femenino,Chicago,Medio,3,26.89,No,No,Vegetariano,No,Dato no cargado,hughesmisty@example.net,Efectivo,2609,65-80
3315965162,Taylor,Mitchell,54,Masculino,Chicago,Alto,5,17.94,Sí,Sí,Vegano,Sí,Dato no cargado,Dato no cargado,Efectivo,4838,45-54
2811346167,Taylor,Wilkins,57,Femenino,Chicago,Muy Alto,10,75.73,No,Sí,Vegano,Sí,001-524-473-9070x707,Dato no cargado,Efectivo,10764,55-64
8261111839,Nancy,Owen,48,Femenino,Chicago,Bajo,1,5.56,Sí,Sí,Mariscos,No,Dato no cargado,xjackson@example.net,Efectivo,1211,45-54
6265180701,Tammy,Porter,32,Femenino,Chicago,Bajo,3,5.64,No,Sí,Otro,No,Dato no cargado,nmoreno@example.com,Tarjeta,1270,25-34
3327719428,Brian,Brown,33,Masculino,Chicago,Medio,4,13.76,Sí,No,No informado,No,218.842.7888,nathanielbrandt@example.com,Efectivo,3248,25-34
2762198468,Timothy,Powell,76,Masculino,Chicago,Alto,5,26.78,No,No,Pescado,No,Dato no cargado,Dato no cargado,App,4515,65-80
5426502879,Nicole,Navarro,30,Femenino,Chicago,Medio,2,6.2,Sí,Sí,Mariscos,No,Dato no cargado,thorntoncharles@example.org,App,2448,25-34
9116506114,Jo,Cowan,25,Femenino,Chicago,Medio,2,22.58,Sí,Sí,Carnes,No,Dato no cargado,jensendeborah@example.net,App,1841,25-34
4480443642,Rebecca,Myers,19,Femenino,Chicago,Muy Alto,5,74.84,No,Sí,Carnes,Sí,Dato no cargado,Dato no cargado,Tarjeta,12877,18-24
1604381788,Wendy,Wright,54,Femenino,Chicago,Medio,2,26.69,Sí,No,Vegano,No,3114641612,tyler12@example.com,Tarjeta,3190,45-54
1322351541,Rachel,Stewart,37,Femenino,Chicago,Medio,2,18.28,No,No,No informado,No,+1-844-333-2629x9899,welchrobert@example.net,Tarjeta,3412,35-44
7902823328,George,Suarez,73,Masculino,Chicago,Medio,3,7.39,Sí,No,Carnes,No,Dato no cargado,Dato no cargado,Tarjeta,2911,65-80
6388090295,Austin,Robertson,76,Masculino,Chicago,Muy Alto,8,27.21,Sí,No,Carnes,Sí,Dato no cargado,Dato no cargado,Tarjeta,9328,65-80
4463474778,Richard,Huynh,59,Masculino,Chicago,Muy Alto,10,45.02,Sí,Sí,No informado,Sí,Dato no cargado,matthew43@example.com,App,11137,55-64
4784411165,Leonard,Kelly,78,Masculino,Chicago,Muy Alto,10,92.17,Sí,No,Otro,Sí,+1-373-350-5058x202,jenna38@example.com,Efectivo,12506,65-80
3799264931,Kelly,Leonard,68,Femenino,Chicago,Alto,5,35.83,Sí,No,Mariscos,No,Dato no cargado,edwardnguyen@example.com,Efectivo,4219,65-80
3398510824,Jacqueline,Griffin,29,Femenino,Chicago,Bajo,2,6.02,Sí,Sí,Vegano,No,Dato no cargado,jacksonlisa@example.com,Tarjeta,992,25-34
2051516118,Linda,White,63,Femenino,Chicago,Bajo,1,5.08,No,Sí,Vegano,No,+1-972-636-4520x17015,Dato no cargado,Efectivo,1164,55-64
4642342815,Robert,Williams,51,Masculino,Chicago,Medio,5,6.64,No,Sí,Carnes,No,Dato no cargado,Dato no cargado,Tarjeta,2990,45-54
6841049271,Rachel,Jones,32,Femenino,Chicago,Alto,6,47.89,Sí,No,Carnes,Sí,001-663-897-2060x62475,glennthompson@example.net,Tarjeta,7329,25-34
1993061577,Jennifer,Le,39,Femenino,Chicago,Medio,5,7.18,No,No,Pescado,No,Dato no cargado,jillhoward@example.net,App,2016,35-44
4442231856,Kevin,Adams,30,Masculino,Chicago,Medio,5,26.72,Sí,Sí,Otro,No,001-640-979-2834x781,Dato no cargado,Efectivo,2483,25-34
6496700122,Jonathan,Reeves,30,Masculino,Chicago,Bajo,0,0.0,No,Sí,Otro,No,556-485-8148x593,Dato no cargado,App,1504,25-34
6528412331,Kevin,Ramsey,37,Masculino,Chicago,Medio,4,9.06,No,No,Carnes,Sí,Dato no cargado,tamaramartin@example.net,Efectivo,3429,35-44
6336338219,Douglas,Harris,37,Masculino,Chicago,Medio,5,19.45,Sí,No,Mariscos,No,+1-246-911-7806,veronicacharles@example.org,Efectivo,1619,35-44
8450035492,Susan,Moore,51,Femenino,Chicago,Medio,4,6.86,Sí,Sí,Pescado,Sí,Dato no cargado,Dato no cargado,App,2692,45-54
9910544383,Adam,Campos,49,Masculino,Chicago,Medio,5,11.28,No,Sí,Pescado,No,+1-805-302-6935x1671,Dato no cargado,Tarjeta,1793,45-54
4391243989,Debbie,Rodriguez,33,Femenino,Chicago,Medio,4,25.59,No,No,Otro,Sí,909.944.8308x164,Dato no cargado,App,1749,25-34
9491796858,Joyce,Beltran,68,Femenino,Chicago,Alto,6,29.8,Sí,Sí,Pescado,Sí,(339)863-7780x177,garciaandres@example.org,Efectivo,4765,65-80
3154291677,Brandy,Gallagher,56,Femenino,Chicago,Alto,4,22.76,Sí,Sí,Vegetariano,Sí,Dato no cargado,Dato no cargado,Tarjeta,8810,55-64
1068897913,Anthony,Armstrong,80,Masculino,Chicago,Muy Alto,10,100.09,Sí,Sí,Mariscos,Sí,Dato no cargado,Dato no cargado,App,15893,65-80
9001404820,Jennifer,Maynard,47,Femenino,Chicago,Medio,5,13.6,No,No,No informado,No,718-350-5531x953,abryan@example.com,Efectivo,3274,45-54
5645520528,Roger,Harris,22,Masculino,Chicago,Bajo,3,7.44,Sí,Sí,Vegano,No,Dato no cargado,Dato no cargado,Tarjeta,1568,18-24
3780342764,Daniel,Sanchez,33,Masculino,Chicago,Muy Alto,5,8.5,Sí,Sí,Carnes,No,Dato no cargado,Dato no cargado,Tarjeta,16103,25-34
5456138566,Stephen,Smith,60,Masculino,Chicago,Bajo,2,6.48,Sí,Sí,Pescado,No,Dato no cargado,Dato no cargado,App,966,55-64
3723700483,Sherri,Pittman,59,Femenino,Chicago,Muy Alto,7,69.86,Sí,Sí,Mariscos,Sí,+1-557-949-9868x26090,rhenderson@example.org,Efectivo,15060,55-64
2868157083,Christine,Olson,24,Femenino,Chicago,Medio,2,18.6,Sí,Sí,Vegano,No,Dato no cargado,stephen74@example.org,Efectivo,3336,18-24
1190487386,Gary,Willis,42,Masculino,Chicago,Alto,4,58.14,Sí,Sí,Vegano,Sí,688.442.0850,Dato no cargado,Efectivo,7808,35-44
1318915981,Shawn,Wolfe,43,Masculino,Chicago,Medio,5,20.05,Sí,No,Mariscos,No,Dato no cargado,brianhines@example.org,Efectivo,2598,35-44
7414673077,Catherine,Daniels,21,Femenino,Chicago,Muy Alto,9,87.75,Sí,No,No informado,Sí,Dato no cargado,kimberlybutler@example.org,Efectivo,11734,18-24
9088443608,Daniel,Lewis,51,Masculino,Chicago,Medio,3,11.78,Sí,No,Mariscos,No,Dato no cargado,Dato no cargado,Tarjeta,3335,45-54
6057435868,Nicholas,Jenkins,55,Masculino,Chicago,Medio,4,6.46,No,Sí,Vegetariano,No,(652)875-7435,lori55@example.net,Efectivo,2135,55-64
1200793449,Julia,Adams,56,Femenino,Chicago,Alto,5,58.01,No,No,Vegetariano,Sí,347-773-4373,Dato no cargado,Efectivo,3687,55-64
1846286593,Theresa,Johnson,61,Femenino,Chicago,Muy Alto,9,62.06,No,Sí,Vegetariano,Sí,Dato no cargado,jgood@example.com,Tarjeta,15393,55-64
5006748052,Taylor,Lawson,39,Femenino,Chicago,Alto,6,23.39,Sí,No,Mariscos,Sí,001-624-615-3516,Dato no cargado,Efectivo,3959,35-44
3108711029,Denise,Smith,36,Femenino,Chicago,Bajo,2,8.58,Sí,Sí,Carnes,No,Dato no cargado,Dato no cargado,Tarjeta,1097,35-44
6288412270,Juan,Kemp,50,Masculino,Chicago,Alto,5,57.54,No,No,No informado,Sí,Dato no cargado,Dato no cargado,App,6204,45-54
6418365941,Jennifer,Moody,48,Femenino,Chicago,Bajo,0,0.0,No,No,Vegetariano,No,823.488.7206,Dato no cargado,Efectivo,1403,45-54
8737339019,Alexander,Romero,60,Masculino,Chicago,Alto,5,42.16,Sí,No,Otro,Sí,Dato no cargado,bentonchad@example.net,Efectivo,5498,55-64
4857194484,Anthony,Grimes,68,Masculino,Chicago,Bajo,2,7.2,Sí,Sí,Otro,No,7049032224,Dato no cargado,App,1341,65-80
9519577735,Anne,Preston,73,Femenino,Chicago,Alto,4,19.98,No,No,No informado,Sí,Dato no cargado,wnewman@example.org,Tarjeta,7751,65-80
9885460144,Michael,Sloan,52,Masculino,Chicago,Alto,5,38.82,No,Sí,Carnes,Sí,6277644722,etaylor@example.com,Tarjeta,5994,45-54
1248775268,Debra,Romero,77,Femenino,Chicago,Medio,3,13.99,Sí,Sí,Vegetariano,No,Dato no cargado,carljohnson@example.org,Tarjeta,2484,65-80
7104224123,Nicole,Burton,43,Femenino,Chicago,Bajo,2,7.24,No,No,Pescado,No,Dato no cargado,Dato no cargado,Efectivo,1313,35-44
6170114639,David,Wheeler,73,Masculino,Chicago,Bajo,1,6.34,Sí,Sí,Pescado,No,001-926-437-9013x710,john82@example.net,Tarjeta,1065,65-80
7820039405,Luis,Kelly,72,Masculino,Chicago,Alto,5,31.45,Sí,Sí,Carnes,Sí,(245)358-0119,christinaquinn@example.net,Efectivo,6307,65-80
4205384349,Robert,Raymond,59,Masculino,Chicago,Muy Alto,9,77.75,Sí,Sí,Vegano,Sí,Dato no cargado,christopher65@example.net,Efectivo,16181,55-64
8204133377,Christopher,Bell,49,Masculino,Chicago,Alto,6,41.98,Sí,No,Vegetariano,Sí,6835155019,Dato no cargado,App,5646,45-54
8996744137,Anna,Cole,26,Femenino,Chicago,Medio,3,12.58,Sí,Sí,Vegetariano,No,Dato no cargado,kbrown@example.org,App,2973,25-34
9745050240,Theresa,Merritt,26,Femenino,Chicago,Alto,5,21.24,Sí,Sí,Mariscos,No,(808)602-1280,angelaanderson@example.com,App,4041,25-34
9432777006,Rachel,Wilson,62,Femenino,Chicago,Bajo,1,7.92,Sí,Sí,Mariscos,No,627.996.6695x5206,melissa34@example.org,App,991,55-64
4602756961,Jennifer,Livingston,43,Femenino,Chicago,Alto,6,47.12,Sí,No,Carnes,No,(313)502-0412x975,Dato no cargado,App,5372,35-44
2486979306,Rebecca,Williams,57,Femenino,Chicago,Muy Alto,10,81.8,No,Sí,Vegano,Sí,(439)353-3677x392,Dato no cargado,App,12991,55-64
5742792221,Christopher,Henry,65,Masculino,Chicago,Bajo,3,7.39,Sí,Sí,Vegano,No,001-681-513-6150,Dato no cargado,Efectivo,1313,65-80
2782157530,Charles,Fisher,19,Masculino,Chicago,Medio,5,12.95,No,Sí,Otro,No,Dato no cargado,harold66@example.org,App,2324,18-24
1793979551,Jessica,Moore,36,Femenino,Chicago,Medio,3,28.19,Sí,Sí,No informado,No,+1-394-249-0324x77062,marissa11@example.org,Efectivo,1916,35-44
3596622371,Misty,Young,69,Femenino,Chicago,Bajo,1,5.66,No,Sí,Mariscos,No,376-295-3680,pflores@example.org,Efectivo,930,65-80
3467779677,Robert,Davis,64,Masculino,Chicago,Alto,4,37.2,No,No,Vegano,Sí,Dato no cargado,claudiamendez@example.com,Efectivo,3770,55-64
7025492876,Courtney,Murphy,60,Femenino,Chicago,Bajo,1,6.85,No,No,Carnes,No,Dato no cargado,Dato no cargado,App,1481,55-64
8188400168,Justin,Allen,60,Masculino,Chicago,Medio,4,13.39,Sí,Sí,Carnes,No,Dato no cargado,amy03@example.com,Efectivo,2616,55-64
1742855478,Calvin,Robbins,71,Masculino,Chicago,Alto,5,40.56,Sí,Sí,Otro,Sí,Dato no cargado,Dato no cargado,Tarjeta,6758,65-80
7254396705,Terri,Ray,55,Femenino,Chicago,Bajo,2,5.44,No,Sí,Carnes,No,Dato no cargado,adamvincent@example.net,Tarjeta,1599,55-64
3727525740,Nicholas,Alvarez,27,Masculino,Chicago,Alto,4,16.21,No,No,Carnes,Sí,515.578.8028x2449,pmoore@example.net,Tarjeta,4073,25-34
3539023418,Heather,Shaw,80,Femenino,Chicago,Alto,4,59.32,Sí,No,Carnes,Sí,Dato no cargado,wdunn@example.org,Efectivo,7662,65-80
4060289049,Dustin,Barry,31,Masculino,Chicago,Bajo,3,6.81,No,Sí,Vegetariano,No,001-679-605-4693,qwilson@example.org,App,1121,25-34
1814249351,Anthony,Peck,24,Masculino,Chicago,Medio,4,23.07,Sí,Sí,Vegetariano,No,6556341277,mckenziekimberly@example.net,App,2103,18-24
4572079205,Dillon,Jones,66,Masculino,Chicago,Muy Alto,6,91.6,No,Sí,Pescado,Sí,4598428147,stevenholland@example.com,Efectivo,10553,65-80
5220287391,Marissa,Gonzalez,41,Femenino,Chicago,Medio,4,29.69,No,No,Carnes,No,Dato no cargado,Dato no cargado,Efectivo,3081,35-44
2421458235,Benjamin,Young,30,Masculino,Chicago,Alto,6,11.84,No,Sí,Vegano,Sí,7399528951,Dato no cargado,Tarjeta,5936,25-34
1210267569,Deborah,Kelley,38,Femenino,Chicago,Bajo,1,8.0,Sí,Sí,Carnes,No,Dato no cargado,johnsonkelsey@example.org,App,1431,35-44
1114894901,Theresa,Ramos,66,Femenino,Chicago,Alto,6,23.82,Sí,No,Vegetariano,Sí,Dato no cargado,Dato no cargado,Efectivo,8207,65-80
7738124846,Mariah,Murray,38,Femenino,Chicago,Medio,3,19.05,No,Sí,No informado,Sí,310-785-5584x782,snydermark@example.com,App,2407,35-44
9969678424,Garrett,Clark,62,Masculino,Chicago,Medio,2,20.48,No,No,Vegetariano,Sí,Dato no cargado,Dato no cargado,App,2902,55-64
9827584841,Chris,Roberts,44,Masculino,Chicago,Alto,5,43.71,Sí,No,Otro,No,Dato no cargado,vasquezjulie@example.org,App,3928,35-44
7667532094,Ashley,Rivas,41,Femenino,Chicago,Alto,6,21.02,Sí,No,Vegano,Sí,001-748-745-3833x264,Dato no cargado,Tarjeta,4661,35-44
4435627262,Holly,Harris,64,Femenino,Chicago,Alto,5,17.24,No,No,Vegetariano,Sí,Dato no cargado,alexandramedina@example.net,Efectivo,8532,55-64
8771690787,Keith,Byrd,37,Masculino,Chicago,Medio,4,24.82,No,Sí,Vegetariano,No,Dato no cargado,Dato no cargado,Efectivo,1893,35-44
5257668824,Angela,Carrillo,20,Femenino,Chicago,Bajo,0,0.0,Sí,Sí,Mariscos,No,Dato no cargado,andrew09@example.org,Efectivo,1333,18-24
8642956821,Susan,Harris,26,Femenino,Chicago,Medio,3,8.45,No,Sí,Mariscos,No,Dato no cargado,Dato no cargado,Tarjeta,3375,25-34
8849572476,Alexander,Williamson,46,Masculino,Chicago,Muy Alto,5,98.12,No,No,Carnes,Sí,Dato no cargado,jessica20@example.com,Efectivo,17385,45-54
8803298579,Joshua,Cooper,19,Masculino,Chicago,Bajo,3,7.33,Sí,Sí,Vegano,No,Dato no cargado,Dato no cargado,Efectivo,1207,18-24
8146597223,Susan,Smith,22,Femenino,Chicago,Alto,5,21.87,No,Sí,Carnes,Sí,999.858.3485,lsmith@example.net,Tarjeta,6651,18-24
5069522255,Christopher,Watson,33,Masculino,Chicago,Medio,5,5.66,No,Sí,Carnes,No,Dato no cargado,Dato no cargado,Efectivo,2121,25-34
8384840466,Jennifer,Gregory,31,Femenino,Chicago,Alto,6,26.15,No,No,Vegano,Sí,Dato no cargado,sheppardshannon@example.com,Tarjeta,5371,25-34
8742962837,Jessica,Cisneros,31,Femenino,Chicago,Medio,4,9.61,Sí,Sí,No informado,No,Dato no cargado,pharris@example.org,Efectivo,2214,25-34
3905771574,Timothy,Young,67,Masculino,Chicago,Medio,4,7.33,Sí,Sí,Vegetariano,No,(355)896-0730x497,Dato no cargado,Tarjeta,2213,65-80
9445332139,Jason,Roberson,52,Masculino,Chicago,Bajo,2,8.18,No,Sí,Carnes,No,Dato no cargado,andrewwoods@example.com,Efectivo,1133,45-54
5273988024,Kevin,Blankenship,69,Masculino,Chicago,Alto,5,24.06,Sí,Sí,Carnes,No,Dato no cargado,mthomas@example.org,Tarjeta,3992,65-80
8493135871,Gary,Mills,38,Masculino,Chicago,Bajo,1,6.89,Sí,No,Vegetariano,No,Dato no cargado,katherinelang@example.com,App,1097,35-44
5847023855,Dana,Davis,20,Femenino,Chicago,Bajo,2,5.32,No,No,Vegetariano,No,239-310-5911x142,stephen02@example.com,App,1406,18-24
7079234115,Krystal,Davis,43,Femenino,Chicago,Alto,6,5.18,Sí,Sí,Pescado,No,Dato no cargado,vasquezbrandi@example.org,App,6512,35-44
5492922930,Carrie,Townsend,76,Femenino,Chicago,Medio,3,28.61,Sí,Sí,Carnes,No,Dato no cargado,scottguerrero@example.net,App,3205,65-80
6175261010,Angela,Smith,71,Femenino,Chicago,Medio,3,9.86,No,Sí,Carnes,No,Dato no cargado,Dato no cargado,Tarjeta,1707,65-80
1473029049,Andre,Kelley,19,Masculino,Chicago,Alto,6,8.02,No,Sí,Mariscos,No,+1-907-562-1281x336,Dato no cargado,Efectivo,8457,18-24
2956910592,Hannah,Smith,78,Femenino,Chicago,Medio,5,15.71,Sí,No,Mariscos,No,Dato no cargado,Dato no cargado,Efectivo,2549,65-80
3619521081,Cynthia,Reynolds,65,Femenino,Chicago,Bajo,1,9.52,No,No,Vegetariano,No,334-975-6507,okennedy@example.org,Tarjeta,1229,65-80
4029778660,Jonathon,Jackson,27,Masculino,Chicago,Muy Alto,10,74.16,No,Sí,Mariscos,Sí,519-406-5375,mark08@example.org,Efectivo,10376,25-34
5386629373,Michelle,Williams,68,Femenino,Chicago,Bajo,1,8.93,No,Sí,Carnes,No,001-745-337-5057,Dato no cargado,Efectivo,1288,65-80
3880188409,Adam,Rodriguez,38,Masculino,Chicago,Medio,3,12.03,No,No,Carnes,No,Dato no cargado,hectormoore@example.com,App,1973,35-44
7190923004,Lauren,Rodriguez,61,Femenino,Chicago,Medio,2,10.47,No,No,Carnes,No,708.382.4289x8921,Dato no cargado,Efectivo,2863,55-64
7561581113,Mike,Thomas,31,Masculino,Chicago,Bajo,2,5.93,No,Sí,Vegano,No,Dato no cargado,Dato no cargado,Efectivo,1319,25-34
5625342041,Jacqueline,Rogers,61,Femenino,Chicago,Muy Alto,5,13.17,Sí,Sí,Mariscos,Sí,855.493.9808,kmeyer@example.net,Efectivo,15324,55-64
7897759834,Deborah,Horn,58,Femenino,Chicago,Alto,5,40.67,Sí,Sí,Carnes,Sí,Dato no cargado,qdavis@example.com,Efectivo,6804,55-64
8147486165,Zachary,Potts,24,Masculino,Chicago,Bajo,0,0.0,No,Sí,Pescado,No,Dato no cargado,brownjamie@example.org,Tarjeta,1098,18-24
8954835349,Kimberly,Harris,43,Femenino,Chicago,Muy Alto,5,13.34,Sí,No,Vegano,Sí,Dato no cargado,Dato no cargado,Tarjeta,12106,35-44
8846666501,Miguel,Short,69,Masculino,Chicago,Alto,5,51.83,Sí,Sí,Carnes,No,(847)651-0023x376,allison16@example.net,Tarjeta,7190,65-80
7654839196,Chase,Gonzalez,68,Masculino,Chicago,Alto,6,47.22,No,Sí,Pescado,No,+1-858-699-1760x89750,castrothomas@example.org,Efectivo,8461,65-80
6272767389,Jacob,Cook,24,Masculino,Chicago,Bajo,3,6.4,Sí,Sí,Carnes,No,(547)889-6579x8084,Dato no cargado,App,1048,18-24
1433915170,Tina,Scott,47,Femenino,Chicago,Muy Alto,9,8.16,No,No,Carnes,Sí,Dato no cargado,bkane@example.net,Tarjeta,14383,45-54
7204148060,Pamela,Jackson,60,Femenino,Chicago,Alto,5,5.43,Sí,Sí,Vegetariano,Sí,(996)280-8382,laura88@example.net,Tarjeta,7162,55-64
7543747200,Michael,Miles,45,Masculino,Chicago,Medio,4,19.22,Sí,Sí,Carnes,Sí,Dato no cargado,Dato no cargado,App,2123,45-54
6791123870,Jeffrey,Pitts,24,Masculino,Chicago,Alto,5,48.56,Sí,Sí,Pescado,Sí,001-540-303-7602x51452,webbcindy@example.org,App,5318,18-24
3307434175,John,Hall,68,Masculino,Chicago,Medio,2,27.26,No,No,Carnes,No,Dato no cargado,Dato no cargado,Tarjeta,1998,65-80
4956866299,Adam,Medina,38,Masculino,Chicago,Muy Alto,5,74.89,Sí,Sí,Mariscos,Sí,(790)253-8157x968,christopher73@example.org,Efectivo,13670,35-44
1934523126,Derek,Santiago,50,Masculino,Chicago,Alto,6,11.87,No,Sí,Carnes,Sí,Dato no cargado,christiewalker@example.net,Efectivo,4062,45-54
5943946354,Bryan,Cuevas,43,Masculino,Chicago,Muy Alto,6,21.93,No,Sí,Pescado,Sí,Dato no cargado,ashleygalvan@example.net,Tarjeta,12392,35-44
1596412178,Anthony,Martin,45,Masculino,Chicago,Bajo,3,8.12,Sí,Sí,Pescado,No,001-672-712-1975x0635,Dato no cargado,Tarjeta,1020,45-54
7488089171,Teresa,Black,37,Femenino,Chicago,Medio,4,10.93,Sí,No,Pescado,No,Dato no cargado,Dato no cargado,Tarjeta,2824,35-44
3500339713,David,Mathis,46,Masculino,Chicago,Medio,2,8.18,Sí,Sí,Carnes,No,001-379-711-7591x1324,Dato no cargado,App,2501,45-54
7132981085,Jeremy,Willis,79,Masculino,Chicago,Muy Alto,8,10.09,Sí,No,Vegano,Sí,(883)855-8070,Dato no cargado,Tarjeta,13172,65-80
2846343177,Megan,White,71,Femenino,Chicago,Medio,4,8.84,No,Sí,Vegetariano,No,+1-627-665-7291x73946,javier74@example.com,Tarjeta,1642,65-80
3392699489,Jasmine,Elliott,51,Femenino,Chicago,Alto,5,52.19,No,Sí,Carnes,Sí,Dato no cargado,tonya71@example.com,Efectivo,4745,45-54
3471559918,Derek,Clements,49,Masculino,Chicago,Medio,3,14.21,No,Sí,Mariscos,No,Dato no cargado,brett06@example.com,Tarjeta,3433,45-54
7530009085,Vernon,Burke,37,Masculino,Chicago,Muy Alto,7,48.81,No,Sí,Otro,Sí,479-293-6918,tmoss@example.org,App,17045,35-44
2826423231,Martin,Ramirez,59,Masculino,Chicago,Alto,6,19.71,Sí,Sí,Otro,Sí,502.699.6929,jeremypowell@example.com,Efectivo,3616,55-64
5306459450,William,Meadows,49,Masculino,Chicago,Medio,5,15.52,Sí,Sí,Carnes,No,Dato no cargado,Dato no cargado,Efectivo,2352,45-54
4373060563,Jamie,Martinez,25,Masculino,Chicago,Medio,2,15.21,No,Sí,Vegetariano,Sí,Dato no cargado,Dato no cargado,Efectivo,2599,25-34
2066074462,April,Ramsey,19,Femenino,Chicago,Medio,3,11.84,Sí,Sí,Vegetariano,No,662.324.6170x8599,david70@example.net,Efectivo,3202,18-24
5868640848,Patricia,Gonzalez,62,Femenino,Chicago,Medio,4,20.7,No,Sí,Pescado,No,Dato no cargado,Dato no cargado,App,3351,55-64
4476252444,Karen,Leonard,71,Femenino,Chicago,Alto,5,39.35,Sí,Sí,Vegetariano,No,Dato no cargado,joel15@example.net,App,5065,65-80
5658436786,Brandi,Mcgee,76,Femenino,Chicago,Alto,5,57.0,No,No,Carnes,Sí,+1-470-587-5368x467,Dato no cargado,App,5090,65-80
4807470081,Danielle,Bush,33,Femenino,Chicago,Bajo,2,8.42,Sí,Sí,Mariscos,No,(282)992-0752,Dato no cargado,Efectivo,955,25-34
3348938701,Brandy,Jones,71,Femenino,Chicago,Bajo,1,8.48,No,Sí,Carnes,No,891-341-5593x882,Dato no cargado,App,1291,65-80
2390587865,Nicole,Brown,29,Femenino,Chicago,Bajo,0,0.0,Sí,Sí,Mariscos,No,549.475.9696x9889,Dato no cargado,Tarjeta,1598,25-34
4346026267,Denise,Smith,77,Femenino,Chicago,Bajo,2,9.97,Sí,No,Carnes,No,872.249.9309x320,alison84@example.com,Tarjeta,1373,65-80
7325737564,Randall,Barber,76,Masculino,Chicago,Bajo,3,6.71,No,No,Vegetariano,No,Dato no cargado,gwendolyncolon@example.com,Tarjeta,1378,65-80
2300475989,Jo,Mccoy,48,Femenino,Chicago,Bajo,3,7.29,No,Sí,Otro,No,+1-769-860-2863x599,Dato no cargado,Efectivo,815,45-54
1686490457,Robert,Ross,75,Masculino,Chicago,Alto,5,37.38,No,Sí,Vegetariano,Sí,Dato no cargado,Dato no cargado,Tarjeta,6440,65-80
5231184406,Daniel,Manning,61,Masculino,Chicago,Alto,6,27.05,Sí,Sí,Otro,Sí,001-704-540-7458x8274,christian72@example.org,Tarjeta,7394,55-64
6837982055,Larry,White,18,Masculino,Chicago,Medio,4,17.91,No,Sí,Carnes,No,Dato no cargado,Dato no cargado,Efectivo,2476,18-24
5422697684,Nicholas,Cunningham,66,Masculino,Chicago,Medio,3,15.66,No,Sí,Carnes,No,Dato no cargado,bleach@example.org,Efectivo,2168,65-80
2579880342,Nicole,Maldonado,56,Femenino,Chicago,Medio,5,13.9,Sí,Sí,Vegetariano,Sí,Dato no cargado,fernandezmichael@example.org,Tarjeta,1791,55-64
6719579866,Sheryl,Garcia,55,Femenino,Chicago,Muy Alto,5,74.05,Sí,Sí,Carnes,Sí,216.864.9922x404,Dato no cargado,Tarjeta,16590,55-64
5412437658,Amber,Miller,56,Femenino,Chicago,Alto,5,21.48,Sí,Sí,Vegetariano,Sí,Dato no cargado,Dato no cargado,Efectivo,4137,55-64
9233052213,Christine,Villegas,68,Femenino,Chicago,Medio,5,27.5,No,No,Otro,No,Dato no cargado,Dato no cargado,Tarjeta,3235,65-80
2463356163,Kevin,Lyons,78,Masculino,Chicago,Bajo,0,0.0,Sí,No,Carnes,No,(505)251-2356,barbercatherine@example.net,Efectivo,1174,65-80
1823127520,Andrew,Hart,57,Masculino,Chicago,Muy Alto,8,83.79,No,Sí,Carnes,Sí,Dato no cargado,Dato no cargado,Efectivo,16360,55-64
2373225204,Steven,Thomas,70,Masculino,Chicago,Muy Alto,6,83.15,Sí,No,Mariscos,Sí,Dato no cargado,fischerkevin@example.net,Tarjeta,10683,65-80
9661038671,Susan,Hernandez,35,Femenino,Chicago,Muy Alto,6,50.59,Sí,Sí,Vegetariano,Sí,4443338552,Dato no cargado,Efectivo,16581,35-44
8201054390,Judith,Grant,45,Femenino,Chicago,Medio,3,28.57,Sí,No,Mariscos,No,Dato no cargado,Dato no cargado,Tarjeta,2056,45-54
7133331989,Nichole,Castillo,65,Femenino,Chicago,Muy Alto,10,91.76,Sí,Sí,Vegetariano,No,Dato no cargado,martha21@example.com,App,12047,65-80
9008400559,Denise,Evans,35,Femenino,Chicago,Bajo,3,8.13,Sí,Sí,Vegetariano,No,Dato no cargado,Dato no cargado,App,1462,35-44
1964046033,Blake,Pace,38,Masculino,Chicago,Bajo,3,9.16,Sí,Sí,Vegetariano,No,+1-393-926-3935x230,april35@example.net,Tarjeta,1481,35-44
6389864974,Adam,Bryant,47,Masculino,Chicago,Bajo,1,7.35,No,Sí,Carnes,No,Dato no cargado,matthew19@example.com,App,1454,45-54
9109870866,Nathaniel,Barnett,24,Masculino,Chicago,Alto,6,16.96,Sí,Sí,No informado,No,+1-915-742-7684x4434,Dato no cargado,Tarjeta,5097,18-24
3859898073,Andrea,Davis,63,Femenino,Chicago,Medio,4,22.5,No,Sí,No informado,No,Dato no cargado,matthewstone@example.com,Efectivo,2855,55-64
2620132317,John,Becker,58,Masculino,Chicago,Medio,2,19.34,Sí,Sí,Vegano,No,Dato no cargado,Dato no cargado,Efectivo,2869,55-64
8412721473,Erin,Preston,47,Femenino,Chicago,Alto,5,35.3,No,No,Mariscos,Sí,Dato no cargado,Dato no cargado,Efectivo,5092,45-54
5358456111,Annette,Nelson,49,Femenino,Chicago,Medio,2,17.92,Sí,Sí,Otro,No,489.449.8592,christopher35@example.net,Efectivo,1924,45-54
1682700754,Christina,Graham,64,Femenino,Chicago,Alto,6,6.89,Sí,Sí,Otro,Sí,(376)284-7144x6806,dlogan@example.com,Efectivo,8221,55-64
9470523707,Brett,Mcmillan,54,Masculino,Chicago,Bajo,1,8.23,No,No,Carnes,No,Dato no cargado,Dato no cargado,Efectivo,1500,45-54
7728372274,Logan,Johnson,50,Masculino,Chicago,Bajo,3,5.06,Sí,No,Pescado,No,Dato no cargado,belldebbie@example.org,Efectivo,1327,45-54
7962682393,Felicia,Carter,46,Femenino,Chicago,Alto,6,40.3,Sí,Sí,Carnes,Sí,680-437-4258x9083,Dato no cargado,App,8899,45-54
6739056209,Angela,Edwards,54,Femenino,Chicago,Bajo,3,6.97,Sí,Sí,Vegetariano,No,Dato no cargado,Dato no cargado,Tarjeta,1187,45-54
4514021643,Melissa,Love,74,Femenino,Chicago,Medio,4,25.07,Sí,Sí,No informado,No,001-552-882-6294x74563,ugarrett@example.net,App,2445,65-80
5024050098,Jennifer,Williams,28,Femenino,Chicago,Medio,3,11.11,No,Sí,Otro,No,Dato no cargado,Dato no cargado,Tarjeta,3137,25-34
6852325391,Robin,Lane,76,Femenino,Chicago,Alto,5,7.72,No,No,Carnes,Sí,850-528-9773,patriciawaters@example.net,Efectivo,6705,65-80
7104729072,Denise,Patel,25,Femenino,Chicago,Muy Alto,5,77.54,No,Sí,Vegano,Sí,8702507119,Dato no cargado,Efectivo,11546,25-34
9463835324,Sarah,Washington,47,Femenino,Chicago,Alto,5,29.28,Sí,Sí,Vegetariano,No,2875525742,robertallen@example.com,Tarjeta,5080,45-54
4327896974,Jared,Mills,76,Masculino,Chicago,Muy Alto,8,52.67,Sí,No,Pescado,Sí,Dato no cargado,Dato no cargado,Tarjeta,16526,65-80
7455331209,Gregory,Gonzalez,25,Masculino,Chicago,Alto,4,33.63,Sí,No,Pescado,No,244.653.6696x384,hlewis@example.com,Efectivo,8407,25-34
5101650214,Nicholas,Hayes,52,Masculino,Chicago,Muy Alto,5,23.8,Sí,No,Otro,Sí,Dato no cargado,kyle01@example.net,Efectivo,16852,45-54
4668375662,Shawn,Parker,66,Masculino,Chicago,Muy Alto,5,71.37,No,Sí,Carnes,Sí,Dato no cargado,Dato no cargado,Efectivo,17051,65-80
7022683808,Cheryl,Black,38,Femenino,Chicago,Bajo,2,6.7,Sí,No,Pescado,No,Dato no cargado,Dato no cargado,Tarjeta,1567,35-44
5735817014,Gregory,Gonzalez,52,Masculino,Chicago,Alto,5,26.77,Sí,Sí,Carnes,Sí,001-769-681-7012x1835,cbush@example.com,App,3820,45-54
1015575511,Courtney,Wang,19,Femenino,Chicago,Medio,2,20.35,No,Sí,Vegano,No,Dato no cargado,Dato no cargado,Efectivo,2442,18-24
8125843701,Madison,West,60,Femenino,Chicago,Alto,4,10.76,No,Sí,Vegetariano,Sí,Dato no cargado,Dato no cargado,App,8337,55-64
2650831268,Lisa,Lane,43,Femenino,Chicago,Medio,3,18.34,Sí,No,Otro,No,+1-821-869-2970,castrochristopher@example.com,App,2174,35-44
7451175303,Ashley,Moody,38,Femenino,Chicago,Medio,3,29.75,No,No,Otro,No,Dato no cargado,Dato no cargado,Tarjeta,3301,35-44
8013338099,Gloria,Williams,68,Femenino,Chicago,Alto,4,39.44,Sí,Sí,Otro,Sí,Dato no cargado,Dato no cargado,Tarjeta,4111,65-80
8441782033,Rachel,Espinoza,63,Femenino,Chicago,Alto,5,6.72,Sí,Sí,Mariscos,Sí,Dato no cargado,Dato no cargado,Efectivo,4611,55-64
8203479350,Olivia,Gomez,65,Femenino,Chicago,Medio,5,9.27,Sí,No,Otro,No,Dato no cargado,lgonzalez@example.com,Efectivo,2334,65-80
5254285782,Christina,Mcclain,75,Femenino,Chicago,Medio,5,21.55,Sí,No,Mariscos,No,Dato no cargado,ksoto@example.com,Tarjeta,2859,65-80
8061874515,Jeremiah,Henderson,67,Masculino,Chicago,Bajo,0,0.0,Sí,Sí,Carnes,No,Dato no cargado,nhooper@example.org,App,1516,65-80
7550139546,Megan,Perkins,35,Femenino,Chicago,Bajo,1,5.5,No,Sí,Pescado,No,7329412740,Dato no cargado,Tarjeta,1125,35-44
1805968667,Andrea,Sandoval,72,Femenino,Chicago,Alto,5,39.65,No,Sí,Otro,No,887.418.4035,Dato no cargado,Efectivo,5581,65-80
7299731371,Darryl,Anderson,61,Masculino,Chicago,Muy Alto,5,50.17,Sí,Sí,Vegano,Sí,(955)375-6740x69468,shannontaylor@example.net,Efectivo,15026,55-64
4932901870,Joseph,Anderson,63,Masculino,Chicago,Medio,5,11.54,No,Sí,Carnes,Sí,Dato no cargado,Dato no cargado,Tarjeta,1810,55-64
3880682532,Leslie,Reed,18,Femenino,Chicago,Muy Alto,9,12.13,Sí,Sí,Otro,Sí,2523507427,adamslauren@example.net,Efectivo,13300,18-24
9602236528,Danielle,Thompson,32,Femenino,Chicago,Bajo,2,9.63,Sí,No,Otro,No,Dato no cargado,fperez@example.com,Tarjeta,884,25-34
9815056399,Steven,Cooley,32,Masculino,Chicago,Alto,4,27.92,No,No,Vegano,No,Dato no cargado,Dato no cargado,Efectivo,8227,25-34
2063564831,Lisa,Williams,18,Femenino,Chicago,Muy Alto,8,31.75,No,Sí,Vegetariano,Sí,001-676-360-5264,kenneth43@example.com,Efectivo,15390,18-24
5884391502,Angela,Randall,71,Femenino,Chicago,Muy Alto,7,23.56,Sí,No,Vegano,Sí,854.621.2660x278,blane@example.com,Tarjeta,15571,65-80
1661120637,Katrina,Mejia,56,Femenino,Chicago,Medio,5,14.34,No,Sí,Carnes,Sí,Dato no cargado,sally16@example.org,Tarjeta,2634,55-64
2302403255,Willie,Phelps,37,Masculino,Chicago,Bajo,1,8.7,No,Sí,Mariscos,No,2113691108,Dato no cargado,Efectivo,1488,35-44
9733323246,Antonio,Montoya,37,Masculino,Chicago,Alto,6,55.31,No,No,Carnes,Sí,001-594-960-5895,Dato no cargado,Tarjeta,6453,35-44
6654048442,Jon,Mcguire,36,Masculino,Chicago,Muy Alto,6,27.16,Sí,No,Carnes,No,(628)815-0401x22958,Dato no cargado,Criptomoneda,9891,35-44
6900690255,Robert,Jones,54,Masculino,Chicago,Medio,2,19.39,Sí,Sí,Vegetariano,No,Dato no cargado,zbrown@example.org,Efectivo,2274,45-54
9731584225,Richard,Sanchez,37,Masculino,Chicago,Medio,5,7.09,No,No,Vegetariano,No,Dato no cargado,Dato no cargado,Efectivo,2211,35-44
7929726833,Lisa,James,46,Femenino,Chicago,Medio,5,26.14,No,No,No informado,No,Dato no cargado,Dato no cargado,Tarjeta,3427,45-54
9424481810,David,Mejia,72,Masculino,Chicago,Bajo,0,0.0,Sí,No,Mariscos,No,Dato no cargado,Dato no cargado,Tarjeta,1156,65-80
5137490437,Maria,Torres,42,Femenino,Chicago,Medio,2,26.2,No,Sí,Vegetariano,No,(753)835-5409x51363,Dato no cargado,App,2584,35-44
6798638084,Aaron,Kirk,22,Masculino,Chicago,Bajo,3,9.98,Sí,Sí,Carnes,No,Dato no cargado,Dato no cargado,Tarjeta,1361,18-24
6239170864,Anthony,Bridges,66,Masculino,Chicago,Alto,5,39.5,Sí,Sí,Otro,No,Dato no cargado,katherine97@example.org,Tarjeta,7272,65-80
2605836953,Jason,Spencer,29,Masculino,Chicago,Alto,4,10.23,No,Sí,Otro,No,315-368-7648x293,Dato no cargado,Efectivo,4145,25-34
9626202416,Carlos,Quinn,23,Masculino,Chicago,Bajo,1,9.33,No,Sí,Vegetariano,No,Dato no cargado,Dato no cargado,Efectivo,1414,18-24
2740411609,Connie,Brown,22,Femenino,Chicago,Muy Alto,6,95.27,Sí,Sí,Otro,Sí,Dato no cargado,Dato no cargado,Efectivo,15518,18-24
3253338333,Tony,Green,44,Masculino,Chicago,Muy Alto,6,32.77,No,Sí,Carnes,Sí,Dato no cargado,Dato no cargado,Efectivo,13960,35-44
9763378972,Amanda,Anderson,59,Femenino,Chicago,Medio,4,19.12,No,Sí,Vegano,No,+1-488-220-9831x0393,Dato no cargado,Tarjeta,1738,55-64
6394997489,Melissa,Patterson,32,Femenino,Chicago,Medio,4,13.11,No,Sí,Carnes,No,7639547960,Dato no cargado,Efectivo,2592,25-34
1479561482,William,Garza,74,Masculino,Chicago,Muy Alto,8,52.57,No,Sí,Vegano,Sí,Dato no cargado,brenda16@example.org,Efectivo,17987,65-80
1287814151,Stephanie,Goodman,26,Femenino,Chicago,Alto,4,29.29,Sí,Sí,Vegetariano,Sí,356-747-5470,marcmartin@example.com,Efectivo,8745,25-34
5745844242,Samantha,Mcdaniel,39,Femenino,Chicago,Medio,2,9.16,No,Sí,Vegetariano,No,498.415.4944x815,Dato no cargado,App,2812,35-44
1731517326,James,Johnson,58,Masculino,Chicago,Muy Alto,8,81.78,No,No,No informado,Sí,001-339-244-6275x08872,donovandouglas@example.com,Tarjeta,14598,55-64
7655765354,Laura,Mcclain,27,Femenino,Chicago,Medio,4,22.55,No,Sí,Mariscos,No,Dato no cargado,rhonda51@example.com,Efectivo,2063,25-34
8450355695,Maria,Petersen,51,Femenino,Chicago,Bajo,3,9.74,Sí,Sí,Pescado,No,001-851-348-4394x8444,Dato no cargado,Efectivo,1425,45-54
6505220705,Steven,Briggs,37,Masculino,Chicago,Medio,3,24.66,No,Sí,Vegano,No,Dato no cargado,Dato no cargado,Efectivo,1873,35-44
4498132611,Carrie,Stewart,27,Femenino,Chicago,Bajo,2,8.82,Sí,Sí,Vegetariano,No,001-769-676-1686x06102,gchavez@example.net,Efectivo,1480,25-34
5300167134,Haley,Leonard,67,Femenino,Chicago,Alto,6,18.27,Sí,Sí,Mariscos,No,Dato no cargado,Dato no cargado,App,5241,65-80
9906478500,George,Rowe,55,Masculino,Chicago,Alto,5,49.33,Sí,Sí,Otro,No,Dato no cargado,tjohnson@example.org,Tarjeta,5696,55-64
3947560232,Shannon,Hoffman,56,Femenino,Chicago,Medio,5,27.19,Sí,Sí,Pescado,No,212.457.1453x689,Dato no cargado,Efectivo,1648,55-64
9817638455,Benjamin,Price,37,Masculino,Chicago,Medio,3,22.89,Sí,No,Mariscos,No,Dato no cargado,fcarter@example.net,Efectivo,1616,35-44
2349590697,Veronica,Jones,36,Femenino,Chicago,Medio,5,23.85,Sí,Sí,Pescado,No,001-227-526-6731x436,christopher76@example.net,Efectivo,2792,35-44
3226715826,Matthew,Miller,53,Masculino,Chicago,Muy Alto,9,20.01,Sí,No,Vegano,Sí,001-792-316-8859x053,jkim@example.net,App,10304,45-54
2574942792,Donna,Reese,30,Femenino,Chicago,Alto,5,18.77,No,Sí,Carnes,No,+1-785-356-1462x340,shannonjennings@example.net,Efectivo,7118,25-34
8104759351,Kendra,Walker,71,Femenino,Chicago,Muy Alto,5,24.22,No,Sí,Otro,Sí,Dato no cargado,david37@example.org,Efectivo,14435,65-80
2280875150,Kenneth,Moore,74,Masculino,Chicago,Bajo,2,7.53,No,Sí,Vegano,No,845-607-1020,Dato no cargado,Tarjeta,1040,65-80
8485653966,Shannon,Braun,42,Femenino,Chicago,Medio,5,27.99,No,Sí,Pescado,No,Dato no cargado,lmcdaniel@example.net,App,2148,35-44
7022816944,Peter,Welch,66,Masculino,Chicago,Bajo,0,0.0,Sí,Sí,Vegetariano,No,657.576.2712x47157,dylanmeyer@example.com,Efectivo,1086,65-80
1347295031,Michael,Lambert,47,Masculino,Chicago,Medio,2,13.74,No,Sí,Carnes,Sí,Dato no cargado,Dato no cargado,App,2223,45-54
3445250621,Jackie,Wilson,28,Femenino,Chicago,Medio,4,17.52,Sí,Sí,Carnes,No,Dato no cargado,onewton@example.org,Efectivo,2485,25-34
6554488855,April,Lucero,20,Femenino,Chicago,Alto,6,39.32,No,Sí,Vegetariano,No,Dato no cargado,Dato no cargado,Criptomoneda,6957,18-24
5975121667,Brian,Garrett,53,Masculino,Chicago,Bajo,1,9.66,Sí,No,Carnes,No,Dato no cargado,Dato no cargado,Tarjeta,1323,45-54
7370264712,Kelsey,Baker,77,Femenino,Chicago,Medio,2,15.09,Sí,No,Vegetariano,Sí,Dato no cargado,greenaaron@example.com,App,1709,65-80
3630047061,Danielle,Rubio,65,Femenino,Chicago,Medio,5,15.38,No,Sí,Mariscos,No,Dato no cargado,richardsonashley@example.com,Efectivo,2939,65-80
5329658747,Dana,Lyons,27,Femenino,Chicago,Medio,4,21.48,No,Sí,Vegetariano,No,Dato no cargado,gordonmorgan@example.org,App,1871,25-34
6767494752,Joseph,Munoz,75,Masculino,Chicago,Medio,2,20.9,Sí,Sí,No informado,No,Dato no cargado,fernando01@example.org,Tarjeta,2364,65-80
2691178153,Danielle,Patterson,34,Femenino,Chicago,Bajo,0,0.0,Sí,Sí,Pescado,No,Dato no cargado,Dato no cargado,Efectivo,954,25-34
9876515546,Chad,Christensen,20,Masculino,Chicago,Alto,4,35.66,No,Sí,Vegetariano,Sí,001-519-875-1627,Dato no cargado,Efectivo,6984,18-24
5227828349,Arthur,Cox,74,Masculino,Chicago,Medio,4,9.2,No,Sí,Carnes,No,204-335-3894x1517,jacobbrown@example.net,Efectivo,3040,65-80
6386329670,Pamela,Hull,40,Femenino,Chicago,Medio,5,7.05,No,No,Mariscos,No,Dato no cargado,sharon91@example.net,Tarjeta,1733,35-44
8577019017,Jeremy,Estrada,31,Masculino,Chicago,Bajo,3,9.26,No,No,Vegetariano,No,Dato no cargado,normansheryl@example.net,Tarjeta,1168,25-34
7857560990,Andrea,Hamilton,29,Femenino,Chicago,Medio,3,18.25,No,Sí,Vegetariano,No,(644)728-0931x98579,debbie48@example.org,Efectivo,2117,25-34
1947739357,Ann,Robinson,46,Femenino,Chicago,Medio,3,8.72,Sí,Sí,Vegano,No,508-938-2548x055,Dato no cargado,Efectivo,2034,45-54
9645819284,Dennis,Curtis,52,Masculino,Chicago,Alto,6,44.19,No,Sí,Vegetariano,Sí,743.313.4565x831,zmiller@example.com,Efectivo,7967,45-54
6112823642,Anthony,Edwards,57,Masculino,Chicago,Bajo,2,5.71,Sí,Sí,Vegetariano,No,+1-588-971-8072x63303,Dato no cargado,Efectivo,881,55-64
3805230374,Charles,Clark,45,Masculino,Chicago,Medio,5,6.01,Sí,Sí,Vegano,No,636-665-8217x50149,laurabennett@example.com,Criptomoneda,3449,45-54
6358649284,Mark,Moore,43,Masculino,Chicago,Medio,5,21.24,No,Sí,Mariscos,No,+1-366-770-0541,Dato no cargado,Efectivo,2956,35-44
4226287306,Rebecca,Perez,67,Femenino,Chicago,Medio,5,9.87,Sí,Sí,Otro,No,Dato no cargado,Dato no cargado,Efectivo,2777,65-80
2263344317,Jason,Davis,55,Masculino,Chicago,Bajo,2,8.95,No,Sí,Carnes,No,(461)679-9609x6325,Dato no cargado,Efectivo,1123,55-64
1638321534,Nicholas,Miller,60,Masculino,Chicago,Alto,5,14.07,Sí,No,Vegetariano,Sí,+1-379-638-4801x1415,Dato no cargado,Efectivo,6535,55-64
4121407135,James,Myers,77,Masculino,Chicago,Alto,5,48.84,Sí,No,Carnes,Sí,Dato no cargado,Dato no cargado,Tarjeta,8558,65-80
6791583192,Maria,Bass,74,Femenino,Chicago,Medio,2,5.86,No,Sí,Mariscos,No,746.303.1091,amoore@example.com,Tarjeta,2910,65-80
7215153583,Claudia,Wilson,48,Femenino,Chicago,Bajo,1,8.23,Sí,Sí,Mariscos,No,+1-286-307-7320x6178,daryl74@example.net,App,1057,45-54
4130305126,Gregory,Pierce,42,Masculino,Chicago,Alto,5,31.29,Sí,No,Vegetariano,Sí,Dato no cargado,laura15@example.com,Efectivo,7173,35-44
4204948650,Brian,Jennings,55,Masculino,Chicago,Bajo,2,8.23,No,No,Carnes,No,Dato no cargado,cabreramargaret@example.net,Tarjeta,1210,55-64
8941388232,Janet,Gonzales,68,Femenino,Chicago,Muy Alto,9,31.9,No,Sí,Vegetariano,Sí,(725)325-6766,marvin75@example.net,App,13254,65-80
5886133002,Sara,Rose,45,Femenino,Chicago,Alto,6,8.39,Sí,Sí,Vegetariano,Sí,Dato no cargado,grahamdevin@example.net,Efectivo,4528,45-54
8100420507,David,Patton,31,Masculino,Chicago,Medio,2,21.7,Sí,No,Vegetariano,No,+1-733-542-4285,kelly66@example.net,Tarjeta,2530,25-34
9942933571,Andrew,Johnson,40,Masculino,Chicago,Alto,6,58.31,Sí,Sí,Vegetariano,No,Dato no cargado,Dato no cargado,Efectivo,7762,35-44
9060544459,Vincent,Cole,51,Masculino,Chicago,Medio,3,15.62,No,Sí,Carnes,Sí,574.868.1643x716,Dato no cargado,Efectivo,2285,45-54
7308717761,Sarah,Murphy,42,Femenino,Chicago,Bajo,3,6.49,No,Sí,Vegetariano,No,316-771-3317,seanmurray@example.net,Tarjeta,1337,35-44
4534430308,Ashley,Woodard,62,Femenino,Chicago,Medio,5,7.21,Sí,No,Vegetariano,Sí,3455019561,graveskaren@example.net,Tarjeta,3025,55-64
4486522557,Walter,Huber,51,Masculino,Chicago,Alto,4,54.22,Sí,No,Vegetariano,Sí,Dato no cargado,ykane@example.org,Efectivo,4010,45-54
3023399168,Michelle,Acevedo,37,Femenino,Chicago,Muy Alto,7,96.15,No,Sí,Carnes,Sí,Dato no cargado,Dato no cargado,Tarjeta,11356,35-44
8881826467,Wanda,Sanchez,39,Femenino,Chicago,Alto,5,33.73,No,No,Carnes,Sí,Dato no cargado,Dato no cargado,Tarjeta,5684,35-44
1306827591,Teresa,Mcknight,73,Femenino,Chicago,Bajo,0,0.0,Sí,No,Mariscos,No,(833)671-3574x585,webbvalerie@example.com,Efectivo,1201,65-80
2529736332,Kevin,Flores,35,Masculino,Chicago,Medio,4,16.03,No,No,Otro,No,711.872.7171,fergusoncarol@example.com,App,2951,35-44
4098961063,Andrea,White,72,Femenino,Chicago,Alto,4,14.93,No,Sí,Otro,Sí,535.900.7024x76885,moodyfrancisco@example.com,Tarjeta,5385,65-80
2952887577,Aimee,Chavez,41,Femenino,Chicago,Muy Alto,7,34.95,Sí,No,Carnes,Sí,9703297632,uchavez@example.org,Tarjeta,17562,35-44
2863756160,Andrew,Wilson,33,Masculino,Chicago,Alto,4,33.45,No,Sí,Vegetariano,Sí,Dato no cargado,rhonda63@example.org,Tarjeta,4280,25-34
3233255362,Jon,Ruiz,61,Masculino,Chicago,Muy Alto,5,82.38,Sí,Sí,No informado,Sí,Dato no cargado,Dato no cargado,Efectivo,13520,55-64
6544063167,Mary,Howe,62,Femenino,Chicago,Medio,3,9.25,Sí,Sí,Mariscos,No,363.591.7247x056,chelsea90@example.net,Tarjeta,2434,55-64
2982039310,Melissa,Foley,22,Femenino,Chicago,Muy Alto,9,50.69,No,Sí,Pescado,Sí,(800)975-5322x98838,hughesjohn@example.com,Efectivo,14429,18-24
9787117624,Jennifer,Simmons,53,Femenino,Chicago,Bajo,1,5.27,No,Sí,Carnes,No,768.342.6770x125,qsmith@example.net,Efectivo,1440,45-54
8015775567,Angela,Castro,24,Femenino,Chicago,Alto,6,35.38,Sí,Sí,Mariscos,Sí,995-378-0060x171,adriana52@example.org,Efectivo,4466,18-24
5342815588,Kyle,Montoya,66,Masculino,Chicago,Muy Alto,7,84.43,No,Sí,Otro,Sí,001-971-804-9908x74570,Dato no cargado,Criptomoneda,10972,65-80
6391627751,Sara,Ramirez,56,Femenino,Chicago,Alto,4,30.05,Sí,Sí,Carnes,Sí,(419)605-6621x0694,egarrett@example.org,Efectivo,4389,55-64
7145702684,Joshua,Hart,49,Masculino,Chicago,Medio,3,15.62,No,No,Vegetariano,No,248-701-9084,Dato no cargado,Tarjeta,3336,45-54
6219829416,Mark,Murillo,34,Masculino,Chicago,Alto,5,49.45,No,No,Otro,No,597.795.7551,donnacooper@example.org,Efectivo,4048,25-34
4008747030,Sandra,Austin,60,Femenino,Chicago,Alto,4,10.12,No,No,Vegetariano,Sí,Dato no cargado,yparker@example.com,Tarjeta,4563,55-64
6236082775,Hayden,Parker,49,Masculino,Chicago,Bajo,2,6.47,Sí,Sí,Vegano,No,001-872-953-4257x69163,hollowaymichele@example.net,Efectivo,1006,45-54
5613093606,Shelly,Johnson,77,Femenino,Chicago,Alto,4,50.47,No,No,No informado,No,Dato no cargado,Dato no cargado,App,5881,65-80
3047446769,Jacob,Lambert,68,Masculino,Chicago,Medio,4,12.36,No,Sí,Pescado,No,+1-257-680-3404x2260,andreagreen@example.net,Efectivo,2888,65-80
3897065689,Anthony,Chang,33,Masculino,Chicago,Medio,4,28.73,Sí,Sí,Carnes,No,Dato no cargado,Dato no cargado,Tarjeta,1788,25-34
5210798990,Stacy,Ellis,70,Femenino,Chicago,Medio,5,12.94,No,Sí,Carnes,No,001-546-424-5109x775,kserrano@example.org,Tarjeta,2212,65-80
5537967771,Beth,Vasquez,18,Femenino,Chicago,Bajo,3,8.32,No,Sí,Otro,No,Dato no cargado,Dato no cargado,Efectivo,983,18-24
6856712561,Cindy,Young,51,Femenino,Chicago,Alto,4,32.24,No,Sí,No informado,No,Dato no cargado,Dato no cargado,Efectivo,7478,45-54
2405728072,Linda,Calderon,73,Femenino,Chicago,Muy Alto,9,31.56,No,No,Pescado,Sí,Dato no cargado,christina62@example.net,Tarjeta,13567,65-80
1436389523,Christopher,Shaw,63,Masculino,Chicago,Medio,4,19.23,No,Sí,Otro,No,737-711-1839x08208,Dato no cargado,Tarjeta,1787,55-64
1902697901,Carla,Hendrix,48,Femenino,Chicago,Bajo,3,9.58,No,Sí,Carnes,No,797-602-3418x69266,christopherwebb@example.org,Efectivo,1001,45-54
8554543261,Anna,Joyce,43,Femenino,Chicago,Alto,4,52.9,Sí,No,Mariscos,Sí,001-328-449-8059x8343,Dato no cargado,Efectivo,3835,35-44
1843046681,Peggy,Mitchell,72,Femenino,Chicago,Muy Alto,5,95.3,Sí,No,Carnes,Sí,001-208-890-0867x06455,Dato no cargado,Efectivo,11109,65-80
4813908576,Caroline,Durham,45,Femenino,Chicago,Bajo,2,7.53,Sí,Sí,Mariscos,No,+1-730-910-3616,Dato no cargado,Efectivo,1266,45-54
8146697580,Sonya,Miller,19,Femenino,Chicago,Alto,4,45.8,Sí,Sí,Carnes,No,Dato no cargado,ebooth@example.org,Tarjeta,8827,18-24
7293949932,Alison,Dixon,43,Femenino,Chicago,Muy Alto,10,52.36,No,No,Carnes,Sí,Dato no cargado,donaldlynch@example.org,App,10043,35-44
5774506107,Wayne,Mccormick,34,Masculino,Chicago,Alto,5,46.15,No,No,Vegetariano,Sí,921.371.2728,sierrahunt@example.org,Tarjeta,8694,25-34
9581823770,Stephanie,Wilson,57,Femenino,Chicago,Bajo,2,5.87,No,No,Pescado,No,Dato no cargado,Dato no cargado,App,1090,55-64
7530505828,Amy,Wells,52,Femenino,Chicago,Alto,5,43.72,Sí,No,Vegetariano,No,Dato no cargado,dannychristian@example.net,App,3555,45-54
2108351802,Brett,Dunn,41,Masculino,Chicago,Alto,4,6.37,Sí,Sí,Vegetariano,Sí,Dato no cargado,hdavis@example.com,Efectivo,8836,35-44
8425814077,Robert,Jackson,22,Masculino,Chicago,Alto,4,23.19,No,Sí,Pescado,Sí,001-301-799-7129,Dato no cargado,App,6607,18-24
8612747444,Brooke,Smith,39,Femenino,Chicago,Bajo,0,0.0,Sí,No,Otro,No,Dato no cargado,Dato no cargado,Tarjeta,1363,35-44
6969467004,Penny,Gibson,34,Femenino,Chicago,Bajo,3,8.39,Sí,No,Mariscos,No,+1-555-457-0603x6641,nancy19@example.com,Tarjeta,1442,25-34
5254648865,Veronica,Morris,50,Femenino,Chicago,Alto,4,10.54,No,No,Vegetariano,Sí,(785)396-1996,tperry@example.org,App,5912,45-54
6923811969,Tammy,Benson,75,Femenino,Chicago,Medio,4,17.86,No,No,Vegano,No,Dato no cargado,ashley33@example.com,Tarjeta,3421,65-80
7999946683,Gary,Miller,46,Masculino,Chicago,Medio,4,28.16,Sí,Sí,Vegetariano,No,(886)769-1226x5339,Dato no cargado,App,3012,45-54
3558850925,Elizabeth,Hernandez,62,Femenino,Chicago,Alto,4,50.53,No,Sí,Carnes,Sí,Dato no cargado,Dato no cargado,App,5285,55-64
7809282757,Edward,Adams,59,Masculino,Chicago,Alto,5,45.07,Sí,Sí,Carnes,Sí,Dato no cargado,Dato no cargado,Efectivo,5268,55-64
3714326854,Sue,Johnson,48,Femenino,Chicago,Medio,4,18.66,Sí,No,Vegetariano,No,Dato no cargado,Dato no cargado,Efectivo,2135,45-54
9873472374,Jennifer,Vasquez,26,Femenino,Chicago,Muy Alto,9,99.67,Sí,Sí,Pescado,Sí,Dato no cargado,Dato no cargado,App,14769,25-34
7084060349,Christina,Green,53,Femenino,Chicago,Alto,4,48.3,Sí,No,Vegetariano,No,5799782793,smithrebecca@example.net,Tarjeta,8136,45-54
7223976629,Thomas,Dominguez,59,Masculino,Chicago,Medio,2,27.8,No,No,Carnes,No,Dato no cargado,monique59@example.com,Efectivo,2688,55-64
7657730492,Paul,Glenn,36,Masculino,Chicago,Bajo,2,8.79,Sí,No,Vegetariano,No,Dato no cargado,katiebowers@example.org,Tarjeta,1221,35-44
6158513289,Steven,Woods,66,Masculino,Chicago,Alto,5,42.7,No,Sí,Carnes,Sí,Dato no cargado,Dato no cargado,Efectivo,5834,65-80
3782188898,Douglas,Smith,21,Masculino,Chicago,Medio,3,28.79,No,Sí,Mariscos,No,756.575.1452,Dato no cargado,App,2093,18-24
5617615454,Lindsey,Hale,56,Femenino,Chicago,Medio,2,19.8,No,Sí,Carnes,No,Dato no cargado,Dato no cargado,App,2118,55-64
2406246798,Karen,Spencer,67,Femenino,Chicago,Alto,4,15.45,No,No,Vegetariano,No,+1-233-290-9078,Dato no cargado,App,7779,65-80
8402405967,Michael,Freeman,65,Masculino,Chicago,Muy Alto,7,69.13,Sí,No,Carnes,Sí,Dato no cargado,Dato no cargado,App,11211,65-80
2829781664,Kathleen,Burnett,65,Femenino,Chicago,Alto,6,9.63,Sí,Sí,Vegetariano,Sí,Dato no cargado,smithjonathon@example.org,Tarjeta,5588,65-80
1110533960,Jack,Owen,67,Masculino,Chicago,Bajo,3,5.99,No,Sí,Otro,No,605.554.2578,Dato no cargado,Criptomoneda,1131,65-80
7020655191,Kathryn,Mason,36,Femenino,Chicago,Bajo,2,9.98,No,No,Mariscos,No,+1-937-686-2494x8085,ericwright@example.org,App,1352,35-44
1550624593,April,Bradley,55,Femenino,Chicago,Alto,4,49.47,No,Sí,Otro,Sí,Dato no cargado,Dato no cargado,Tarjeta,8731,55-64
6937609381,Jessica,Nguyen,77,Femenino,Chicago,Bajo,2,7.81,Sí,No,Mariscos,No,Dato no cargado,Dato no cargado,Efectivo,1112,65-80
7756360273,Maria,Haley,71,Femenino,Chicago,Medio,4,13.62,No,No,Pescado,Sí,Dato no cargado,dhancock@example.org,Tarjeta,2814,65-80
6288797841,Anna,Powers,80,Femenino,Chicago,Medio,3,14.28,No,No,No informado,No,Dato no cargado,umontgomery@example.org,App,2276,65-80
8650187487,Bruce,Taylor,42,Masculino,Chicago,Medio,4,5.04,Sí,No,Vegetariano,No,310-880-8371,christopherstone@example.net,Tarjeta,1952,35-44
8182521593,Matthew,Blair,26,Masculino,Chicago,Medio,3,9.92,Sí,Sí,Vegetariano,No,Dato no cargado,christopher00@example.org,App,2557,25-34
2775325564,Ronald,Chen,72,Masculino,Chicago,Medio,5,18.13,No,Sí,Mariscos,No,Dato no cargado,tsilva@example.net,App,1859,65-80
8256226076,Jeffrey,Martinez,52,Masculino,Chicago,Alto,5,43.89,Sí,No,Carnes,Sí,675.764.1578x03397,Dato no cargado,Tarjeta,6790,45-54
4188138565,Alexis,Beard,55,Femenino,Chicago,Medio,5,25.02,Sí,Sí,Vegetariano,No,+1-704-362-9967x46963,Dato no cargado,Efectivo,2878,55-64
4717847441,Andrew,Rogers,35,Masculino,Chicago,Medio,4,23.12,No,No,Vegano,No,396.213.7145x42649,Dato no cargado,Efectivo,2367,35-44
1213934655,Carlos,Hall,52,Masculino,Chicago,Medio,5,6.9,Sí,Sí,Pescado,No,001-984-258-6972x238,angelajackson@example.org,Tarjeta,2270,45-54
8874632173,Brenda,Vasquez,52,Femenino,Chicago,Muy Alto,5,17.36,No,Sí,Vegetariano,Sí,938.775.8299,Dato no cargado,Tarjeta,11459,45-54
9900059888,Vicki,Huynh,80,Femenino,Chicago,Alto,5,58.6,No,No,Vegetariano,Sí,001-747-742-3937x577,Dato no cargado,Tarjeta,3927,65-80
6101762091,James,Gonzales,71,Masculino,Chicago,Alto,4,16.85,Sí,Sí,Carnes,Sí,+1-272-710-5845,Dato no cargado,Efectivo,7016,65-80
9914800093,Blake,Beck,19,Masculino,Chicago,Medio,5,19.41,No,Sí,Pescado,No,001-498-322-0416x3988,Dato no cargado,Tarjeta,3481,18-24
3410792785,Allen,Sexton,54,Masculino,Chicago,Medio,5,25.73,Sí,Sí,Vegetariano,No,Dato no cargado,williamdixon@example.com,App,1864,45-54
3265150206,Caitlin,Adams,80,Femenino,Chicago,Alto,4,35.01,Sí,Sí,Carnes,Sí,Dato no cargado,allenalexandria@example.com,Tarjeta,6955,65-80
3298062484,Holly,Chen,70,Femenino,Chicago,Alto,4,19.72,No,Sí,Mariscos,Sí,Dato no cargado,Dato no cargado,Tarjeta,4031,65-80
7692685951,Alexandra,Mcguire,18,Femenino,Chicago,Muy Alto,10,90.26,No,Sí,Vegetariano,Sí,001-237-269-8801x761,michael41@example.com,Efectivo,15651,18-24
5677045053,Karina,Crawford,57,Femenino,Chicago,Medio,4,20.51,No,Sí,Carnes,No,Dato no cargado,Dato no cargado,Tarjeta,2616,55-64
8118724337,Craig,Kim,43,Masculino,Chicago,Medio,3,23.25,No,Sí,Otro,No,Dato no cargado,lmay@example.org,Tarjeta,1722,35-44
5056443447,Randy,Vega,19,Masculino,Chicago,Alto,6,38.92,No,Sí,Mariscos,No,Dato no cargado,Dato no cargado,App,4413,18-24
9584343419,David,Williams,73,Masculino,Chicago,Bajo,1,7.58,Sí,No,Vegetariano,No,250.305.6026x3659,natalieharrell@example.org,Efectivo,1420,65-80
9016895081,Warren,Johnson,26,Masculino,Chicago,Medio,4,24.25,No,Sí,Vegetariano,No,Dato no cargado,slozano@example.org,Efectivo,1949,25-34
2176973938,Renee,Sutton,30,Femenino,Chicago,Medio,4,18.64,No,Sí,Vegetariano,Sí,Dato no cargado,samantha35@example.org,Efectivo,2036,25-34
3101842153,Denise,Turner,23,Femenino,Chicago,Muy Alto,10,62.06,No,No,Vegano,Sí,300-964-8227,Dato no cargado,Efectivo,15606,18-24
3041545544,Dorothy,Perez,32,Femenino,Chicago,Medio,5,23.07,Sí,No,Pescado,Sí,001-748-472-6737x3596,andrewmartin@example.com,App,2693,25-34
2538075050,Bobby,Davis,26,Masculino,Chicago,Alto,5,45.58,Sí,Sí,Otro,No,Dato no cargado,riveramary@example.net,App,3691,25-34
7826220566,Michael,Baker,41,Masculino,Chicago,Muy Alto,5,9.84,Sí,Sí,Otro,Sí,952-931-1165x943,Dato no cargado,App,11240,35-44
1829326917,Mark,Franklin,37,Masculino,Chicago,Muy Alto,5,68.67,No,Sí,Otro,Sí,643-576-4908x23037,jwhite@example.org,Efectivo,12625,35-44
1676168421,Breanna,Burton,77,Femenino,Chicago,Medio,3,18.21,No,Sí,Carnes,Sí,Dato no cargado,qmitchell@example.com,Efectivo,2188,65-80
2390764362,Chad,Waters,22,Masculino,Chicago,Bajo,3,6.6,No,Sí,Carnes,No,443.927.8614,kellyhaley@example.com,Efectivo,1193,18-24
5784450697,Cameron,Spears,77,Masculino,Chicago,Bajo,3,7.3,Sí,Sí,Vegetariano,No,Dato no cargado,marissa26@example.net,Tarjeta,982,65-80
9040422656,Veronica,Wall,79,Femenino,Chicago,Medio,5,28.97,Sí,Sí,Carnes,No,Dato no cargado,hburton@example.com,Tarjeta,2773,65-80
1001518755,Daryl,Brown,70,Masculino,Chicago,Medio,5,28.59,No,No,Carnes,No,(583)733-1723x145,connie04@example.org,Efectivo,2904,65-80
7032502823,Katie,Freeman,70,Femenino,Chicago,Bajo,2,9.0,No,No,Pescado,No,279-670-8447x285,david61@example.org,Efectivo,1421,65-80
4245356754,Kayla,Griffith,60,Femenino,Chicago,Medio,4,7.53,No,Sí,Vegetariano,Sí,4375777887,ffloyd@example.net,App,2451,55-64
1660131919,Alexandra,Crawford,29,Femenino,Chicago,Bajo,0,0.0,Sí,Sí,Vegano,No,001-311-801-3638x1893,twalton@example.org,App,1206,25-34
2095762019,Tracy,Brown,73,Femenino,Chicago,Alto,6,14.6,No,Sí,Pescado,Sí,Dato no cargado,javierstanley@example.org,Efectivo,6788,65-80
6669602939,Kevin,Green,66,Masculino,Chicago,Bajo,2,5.56,No,Sí,Carnes,No,259.259.2525,richard39@example.org,Tarjeta,1534,65-80
9285199831,John,Fernandez,45,Masculino,Chicago,Alto,6,22.28,Sí,No,Pescado,Sí,Dato no cargado,Dato no cargado,Efectivo,6870,45-54
8833685626,Tara,Thomas,24,Femenino,Chicago,Bajo,2,6.47,No,Sí,Carnes,No,Dato no cargado,xwhite@example.com,Efectivo,836,18-24
3687831910,Carol,Roberts,60,Femenino,Chicago,Alto,6,54.5,Sí,Sí,Vegetariano,Sí,(695)676-2916x701,Dato no cargado,Efectivo,7474,55-64
9434743977,Jennifer,Baxter,22,Femenino,Chicago,Medio,3,16.15,No,Sí,Pescado,No,(995)243-6443,Dato no cargado,Efectivo,2409,18-24
3807302199,Rachel,Lynch,37,Femenino,Chicago,Medio,4,26.27,Sí,No,Carnes,No,Dato no cargado,charlesreyes@example.org,Efectivo,3194,35-44
9245974200,Riley,Hayes,47,Masculino,Chicago,Bajo,1,8.74,No,No,Vegetariano,No,Dato no cargado,agonzalez@example.org,Tarjeta,1518,45-54
6586452615,Tracey,Andrade,32,Femenino,Chicago,Medio,5,17.28,No,No,Vegano,Sí,Dato no cargado,Dato no cargado,App,2413,25-34
7097056942,Penny,Castillo,59,Femenino,Chicago,Medio,3,29.94,No,No,Carnes,No,Dato no cargado,Dato no cargado,Tarjeta,2988,55-64
7238328717,Brian,Hill,69,Masculino,Chicago,Alto,5,39.29,No,No,Mariscos,No,Dato no cargado,jacksonantonio@example.com,App,7843,65-80
8120519877,Daniel,Evans,47,Masculino,Chicago,Medio,4,17.07,Sí,No,Vegetariano,No,509-642-4907x6246,Dato no cargado,App,2257,45-54
5728008671,Bryan,Stephens,26,Masculino,Chicago,Medio,4,29.78,Sí,Sí,Carnes,No,950.306.5441x88746,Dato no cargado,Efectivo,1701,25-34
2496593070,Richard,Johnson,20,Masculino,Chicago,Medio,2,28.7,No,No,Mariscos,No,Dato no cargado,tracy85@example.net,Efectivo,3127,18-24
8607803914,Michelle,Brown,71,Femenino,Chicago,Muy Alto,6,30.18,Sí,No,Vegano,Sí,Dato no cargado,Dato no cargado,Tarjeta,9205,65-80
8238347470,Christopher,Aguirre,44,Masculino,Chicago,Bajo,2,8.98,Sí,No,No informado,No,864.993.9710x940,Dato no cargado,Efectivo,987,35-44
7663581771,Heather,Rivera,25,Femenino,Chicago,Muy Alto,5,71.28,Sí,Sí,Mariscos,Sí,551.502.9178x572,Dato no cargado,Efectivo,10968,25-34
3597215154,Christopher,Nichols,56,Masculino,Chicago,Alto,5,54.11,No,Sí,Mariscos,No,001-893-526-0068x109,ethan22@example.net,Efectivo,8131,55-64
8746137515,William,Alexander,24,Masculino,Chicago,Medio,5,17.73,No,No,Pescado,No,(276)786-8387x0143,evansglenn@example.org,Efectivo,3212,18-24
2250991808,Lauren,Wilson,70,Femenino,Chicago,Medio,2,19.03,No,Sí,Carnes,No,Dato no cargado,Dato no cargado,App,3347,65-80
8522844928,Alexa,Velez,56,Femenino,Chicago,Muy Alto,10,23.13,No,No,Vegetariano,Sí,Dato no cargado,Dato no cargado,Tarjeta,13822,55-64
9621419224,Ian,Daniel,53,Masculino,Chicago,Medio,3,5.91,Sí,No,Mariscos,No,Dato no cargado,Dato no cargado,Tarjeta,3375,45-54
9580494978,Kimberly,Stuart,70,Femenino,Chicago,Medio,4,12.53,No,Sí,Vegetariano,Sí,Dato no cargado,Dato no cargado,App,2329,65-80
8342622550,Lisa,Randall,66,Femenino,Chicago,Muy Alto,10,63.05,Sí,Sí,Carnes,Sí,(425)743-8169x147,Dato no cargado,Tarjeta,13631,65-80
2153553600,Claudia,Thompson,41,Femenino,Chicago,Bajo,2,5.78,Sí,No,Mariscos,No,Dato no cargado,Dato no cargado,Tarjeta,1597,35-44
1826972878,Nicole,Chen,51,Femenino,Chicago,Muy Alto,9,47.93,Sí,No,Vegetariano,Sí,488.475.9565x527,mendezblake@example.org,Efectivo,16236,45-54
3149484176,Cody,Anderson,80,Masculino,Chicago,Bajo,0,0.0,Sí,No,Vegetariano,No,594-850-3415x65385,Dato no cargado,Efectivo,976,65-80
7648529655,Heather,Munoz,32,Femenino,Chicago,Medio,5,5.99,Sí,Sí,Carnes,No,Dato no cargado,Dato no cargado,Efectivo,2342,25-34
6006032512,Ryan,King,56,Masculino,Chicago,Medio,2,25.89,No,No,Vegano,No,Dato no cargado,josephbennett@example.net,Efectivo,2346,55-64
7812372204,John,Clarke,29,Masculino,Chicago,Bajo,3,6.98,No,Sí,Vegetariano,No,Dato no cargado,alexandriawalters@example.com,Tarjeta,824,25-34
8894800238,Amanda,Davis,50,Femenino,Chicago,Muy Alto,7,34.59,Sí,No,Carnes,Sí,281-224-1838,annereed@example.com,Tarjeta,13882,45-54
6481889509,Katherine,Hall,48,Femenino,Chicago,Bajo,2,9.77,Sí,No,Vegetariano,No,Dato no cargado,iburke@example.org,Tarjeta,854,45-54
3016202732,Jerry,Conley,66,Masculino,Chicago,Alto,4,58.48,No,Sí,Vegetariano,No,Dato no cargado,stephen22@example.net,App,5753,65-80
7256190993,Sherri,Farrell,53,Femenino,Chicago,Muy Alto,9,51.71,No,Sí,No informado,Sí,Dato no cargado,Dato no cargado,Tarjeta,12226,45-54
2187473055,Patricia,Dunn,40,Femenino,Chicago,Medio,2,17.32,No,No,Vegetariano,Sí,Dato no cargado,Dato no cargado,App,1865,35-44
6241062349,Scott,Morgan,67,Masculino,Chicago,Medio,4,26.68,Sí,Sí,Vegetariano,No,Dato no cargado,abigail90@example.com,Tarjeta,2038,65-80
4255199201,David,Joseph,48,Masculino,Chicago,Medio,4,6.74,No,Sí,Vegetariano,No,Dato no cargado,carterjason@example.com,Efectivo,2283,45-54
9041554047,Sydney,Patterson,38,Femenino,Chicago,Alto,4,6.44,No,Sí,Mariscos,No,Dato no cargado,luis71@example.com,App,7839,35-44
3351065638,Timothy,Savage,30,Masculino,Chicago,Alto,4,16.0,Sí,Sí,Vegetariano,No,Dato no cargado,Dato no cargado,Tarjeta,7885,25-34
9113165802,Felicia,Taylor,18,Femenino,Chicago,Medio,4,14.55,No,No,Mariscos,No,204-662-4251x07318,kaylahall@example.net,App,3248,18-24
2429710460,Ryan,Warner,21,Masculino,Chicago,Medio,4,6.65,Sí,Sí,Mariscos,No,995.718.9770,michelle31@example.net,Efectivo,2509,18-24
3764023878,Kimberly,Hobbs,77,Femenino,Chicago,Alto,5,13.82,No,No,Vegetariano,No,Dato no cargado,Dato no cargado,App,5622,65-80
1621686329,Brooke,Nelson,51,Femenino,Chicago,Bajo,2,5.72,No,Sí,Carnes,No,001-577-298-3571x470,stevenflores@example.net,App,1019,45-54
8277690297,Nathan,Sanders,61,Masculino,Chicago,Medio,3,5.82,Sí,Sí,Vegetariano,No,Dato no cargado,Dato no cargado,Tarjeta,3405,55-64
9509410913,Craig,Velez,67,Masculino,Chicago,Bajo,1,6.04,Sí,No,Vegano,No,(318)271-2117x624,Dato no cargado,Tarjeta,1061,65-80
2987078920,Erin,Lopez,43,Femenino,Chicago,Alto,5,45.04,No,No,Otro,Sí,5162330439,deniselee@example.net,Efectivo,7647,35-44
3098249631,Christopher,Pacheco,42,Masculino,Chicago,Medio,4,16.12,Sí,Sí,Vegetariano,Sí,(317)956-0298x7078,jeremygonzalez@example.com,Tarjeta,1669,35-44
4094274007,Randy,Griffin,31,Masculino,Chicago,Alto,6,56.46,No,No,Carnes,Sí,Dato no cargado,vincentjohnny@example.org,Tarjeta,6625,25-34
6464008146,Dylan,Ward,50,Masculino,Chicago,Muy Alto,5,68.9,Sí,No,Carnes,Sí,Dato no cargado,Dato no cargado,Tarjeta,15138,45-54
8093179263,Jesus,Johnson,55,Masculino,Chicago,Alto,5,14.23,Sí,No,Vegano,No,001-216-939-0820,maustin@example.net,Tarjeta,5452,55-64
3656916250,Laura,Gibson,34,Femenino,Chicago,Alto,6,30.39,No,Sí,Carnes,No,Dato no cargado,Dato no cargado,App,7298,25-34
5274006089,Laura,Thomas,65,Femenino,Chicago,Medio,4,12.2,No,Sí,Carnes,Sí,577-717-4930x4652,shawna21@example.net,App,3032,65-80
4110573421,Nicole,Fisher,76,Femenino,Chicago,Muy Alto,6,24.4,Sí,Sí,No informado,Sí,Dato no cargado,watsonandrea@example.org,Efectivo,16494,65-80
7238095915,Christine,Cook,52,Femenino,Chicago,Medio,4,5.96,No,Sí,Vegetariano,No,Dato no cargado,Dato no cargado,App,2824,45-54
9044274809,Laura,Torres,52,Femenino,Chicago,Medio,2,13.42,Sí,No,Otro,No,677-687-3330x58164,Dato no cargado,App,2102,45-54
8162715496,Calvin,Armstrong,22,Masculino,Chicago,Bajo,0,0.0,No,Sí,Carnes,No,Dato no cargado,Dato no cargado,App,1456,18-24
2178816289,Amy,Mcbride,79,Femenino,Chicago,Muy Alto,7,17.24,No,No,Carnes,Sí,Dato no cargado,Dato no cargado,Efectivo,16834,65-80
4534096467,Jared,Murphy,31,Masculino,Chicago,Medio,4,21.94,No,No,Mariscos,No,Dato no cargado,mrose@example.net,App,2334,25-34
3853234069,Brendan,Smith,59,Masculino,Chicago,Bajo,1,7.0,Sí,Sí,Pescado,No,001-558-574-1491x0250,Dato no cargado,Efectivo,1126,55-64
7555411814,Chase,Ballard,63,Masculino,Chicago,Bajo,2,9.88,No,No,Carnes,No,Dato no cargado,Dato no cargado,Tarjeta,1326,55-64
6202017883,Natasha,Jennings,50,Femenino,Chicago,Muy Alto,5,43.78,No,Sí,Carnes,Sí,416-368-5407,robertjones@example.net,Tarjeta,17538,45-54
3162040254,Scott,Fitzpatrick,71,Masculino,Chicago,Muy Alto,6,18.9,No,Sí,Carnes,Sí,Dato no cargado,Dato no cargado,App,12295,65-80
3234675380,Chloe,Lewis,23,Femenino,Chicago,Bajo,3,7.37,No,Sí,Vegetariano,No,(828)243-8386,jessica77@example.org,App,867,18-24
8724594395,Jennifer,Adams,57,Femenino,Chicago,Muy Alto,10,50.28,Sí,No,Vegetariano,Sí,Dato no cargado,Dato no cargado,Tarjeta,16492,55-64
9065342132,Lori,Gray,33,Femenino,Chicago,Bajo,1,7.2,Sí,Sí,Mariscos,No,860.938.5189,Dato no cargado,App,1554,25-34
5899984156,Ryan,Torres,58,Masculino,Chicago,Alto,4,47.84,Sí,Sí,Otro,Sí,Dato no cargado,Dato no cargado,Criptomoneda,8702,55-64
2137651678,Michael,Delacruz,36,Masculino,Chicago,Alto,5,27.5,No,Sí,Pescado,Sí,+1-993-225-7215x5199,gonzalezmelissa@example.net,Efectivo,6337,35-44
8992756218,Heather,Smith,63,Femenino,Chicago,Bajo,0,0.0,No,No,Vegetariano,No,001-393-893-3743x1736,jamesstephen@example.net,Efectivo,1442,55-64
3392652436,Latasha,Cohen,58,Femenino,Chicago,Alto,4,11.71,Sí,Sí,Pescado,Sí,Dato no cargado,hernandeznancy@example.net,Tarjeta,8735,55-64
1574058151,Alexis,Malone,74,Femenino,Chicago,Medio,3,15.35,Sí,No,Mariscos,No,Dato no cargado,karenhill@example.com,App,2048,65-80
8991964239,Danielle,Adams,48,Femenino,Chicago,Bajo,2,6.23,Sí,No,Otro,No,(218)720-8938x79687,christopher70@example.net,Efectivo,1267,45-54
2500493518,Carlos,Arellano,31,Masculino,Chicago,Medio,5,10.15,No,Sí,Carnes,No,Dato no cargado,michelledavila@example.net,Efectivo,3362,25-34
9950088288,Lisa,Morrow,30,Femenino,Chicago,Bajo,2,7.46,No,Sí,Carnes,No,Dato no cargado,Dato no cargado,Tarjeta,887,25-34
1196030879,Patricia,Stephens,55,Femenino,Chicago,Alto,5,19.11,Sí,Sí,Carnes,Sí,+1-600-873-7638x317,kimcarol@example.net,Efectivo,5618,55-64
6646855056,Scott,Lewis,24,Masculino,Chicago,Bajo,1,9.3,No,Sí,Otro,No,001-862-533-5724,yhooper@example.com,Tarjeta,1267,18-24
3768901084,Charles,Montes,42,Masculino,Chicago,Muy Alto,6,23.89,No,No,Carnes,Sí,(456)496-2999,heathersmith@example.com,App,13970,35-44
9270246399,Dawn,Daniel,68,Femenino,Chicago,Medio,5,28.39,No,Sí,Vegetariano,Sí,946.238.3678x5112,Dato no cargado,Efectivo,2497,65-80
8078245708,Robert,Lambert,65,Masculino,Chicago,Medio,4,14.22,Sí,Sí,No informado,No,609-701-7551x6152,sheppardstephen@example.net,App,2589,65-80
5491218283,Katelyn,Dennis,41,Femenino,Chicago,Alto,5,43.06,Sí,Sí,Vegetariano,No,822.771.7003,Dato no cargado,Efectivo,3701,35-44
7700539859,Ian,Martinez,55,Masculino,Chicago,Alto,5,9.28,No,No,Vegetariano,Sí,+1-803-680-6086x0756,zchurch@example.org,Tarjeta,3623,55-64
1033141252,Stephanie,Johnson,51,Femenino,Chicago,Bajo,3,7.38,Sí,Sí,Vegetariano,No,(354)337-7258x3136,tiffany86@example.org,Tarjeta,1310,45-54
8203324176,Bryan,Jones,54,Masculino,Chicago,Bajo,3,6.55,Sí,Sí,Vegetariano,No,767.940.8937x921,jonathanstephenson@example.net,Tarjeta,1557,45-54
5027337925,Crystal,Hernandez,47,Femenino,Chicago,Muy Alto,5,63.81,No,No,Carnes,Sí,Dato no cargado,Dato no cargado,Tarjeta,16305,45-54
7518775782,Tiffany,Wright,23,Femenino,Chicago,Muy Alto,9,60.41,No,Sí,Vegano,Sí,Dato no cargado,thomas06@example.net,App,11726,18-24
3280805846,Keith,Perry,33,Masculino,Chicago,Medio,5,28.66,Sí,Sí,Carnes,No,+1-957-282-2162x38773,laurieparker@example.com,Efectivo,2476,25-34
9829760398,Cody,Molina,69,Masculino,Chicago,Muy Alto,7,81.39,No,No,Pescado,Sí,001-922-821-8198x70667,Dato no cargado,Efectivo,14145,65-80
7035349951,Christine,Martinez,24,Femenino,Chicago,Medio,3,10.37,Sí,Sí,Otro,No,Dato no cargado,anthony16@example.com,Efectivo,1846,18-24
8765447816,Tony,Kelly,63,Masculino,Chicago,Alto,4,26.06,Sí,No,Vegetariano,Sí,375-745-6127,beverly14@example.com,App,5627,55-64
7165825974,Kenneth,Hernandez,68,Masculino,Chicago,Bajo,2,6.15,Sí,No,Carnes,No,Dato no cargado,Dato no cargado,Tarjeta,1052,65-80
5403510324,Heather,Hendricks,34,Femenino,Chicago,Muy Alto,8,57.1,Sí,Sí,Carnes,Sí,001-506-866-6660,Dato no cargado,Tarjeta,15720,25-34
7056842024,David,Bell,49,Masculino,Chicago,Medio,3,20.6,Sí,No,Carnes,No,Dato no cargado,Dato no cargado,Tarjeta,2575,45-54
7951820749,Kyle,Hampton,78,Masculino,Chicago,Muy Alto,7,13.21,Sí,Sí,Vegetariano,Sí,919-445-2261,ryanlindsay@example.org,Efectivo,14442,65-80
8261861030,Janet,Sullivan,24,Femenino,Chicago,Alto,4,49.66,Sí,Sí,Pescado,Sí,912.226.1661x323,Dato no cargado,App,7981,18-24
8830610301,Taylor,Rosario,46,Femenino,Chicago,Alto,4,46.74,Sí,Sí,Vegano,No,Dato no cargado,moorenicholas@example.com,Efectivo,7581,45-54
9632592561,Melissa,Estrada,59,Femenino,Chicago,Muy Alto,7,53.18,No,No,No informado,Sí,Dato no cargado,loveshelly@example.net,Efectivo,10953,55-64
9953440827,Jackie,Austin,66,Femenino,Chicago,Bajo,0,0.0,Sí,Sí,Vegetariano,No,(380)577-3337x2520,ngraham@example.org,Tarjeta,1389,65-80
9948441695,Wendy,Ramirez,39,Femenino,Chicago,Alto,6,55.21,No,Sí,Otro,Sí,Dato no cargado,tonyajones@example.net,Efectivo,6104,35-44
6848136102,Donna,Manning,21,Femenino,Chicago,Bajo,2,9.49,Sí,No,Vegano,No,Dato no cargado,bennettcaitlin@example.com,Efectivo,883,18-24
2165883683,Kimberly,Scott,74,Femenino,Chicago,Muy Alto,7,14.55,Sí,No,Carnes,Sí,(945)628-6346x3411,danielle61@example.net,Efectivo,12099,65-80
6789448659,Alyssa,Norman,24,Femenino,Chicago,Muy Alto,7,58.67,No,Sí,Mariscos,Sí,+1-737-246-3865,Dato no cargado,Efectivo,16360,18-24
7243172391,Willie,Ruiz,61,Masculino,Chicago,Alto,5,8.98,No,Sí,Carnes,Sí,Dato no cargado,Dato no cargado,Efectivo,5574,55-64
6622840063,Michelle,Smith,72,Femenino,Chicago,Medio,5,11.36,Sí,No,Carnes,No,666.882.8760x03782,Dato no cargado,Efectivo,2475,65-80
7802399223,Becky,Schmidt,42,Femenino,Chicago,Bajo,0,0.0,Sí,No,Pescado,No,+1-806-579-2277x242,Dato no cargado,Efectivo,1332,35-44
2568334904,Sharon,Smith,69,Femenino,Chicago,Alto,6,12.92,Sí,Sí,No informado,Sí,Dato no cargado,Dato no cargado,Criptomoneda,7779,65-80
6504290428,Christopher,Gomez,46,Masculino,Chicago,Bajo,0,0.0,Sí,No,Carnes,No,Dato no cargado,Dato no cargado,Efectivo,997,45-54
8446676790,Emily,Clark,56,Femenino,Chicago,Muy Alto,6,32.96,No,Sí,Vegetariano,Sí,655.420.2863,Dato no cargado,Tarjeta,12696,55-64
3817614885,Laura,Jones,19,Femenino,Chicago,Muy Alto,8,69.3,Sí,Sí,Vegetariano,Sí,+1-761-990-1747x29418,Dato no cargado,Efectivo,15575,18-24
1443614797,Kyle,Duncan,64,Masculino,Chicago,Alto,4,39.62,No,Sí,Carnes,No,Dato no cargado,marisa55@example.com,Efectivo,4345,55-64
4688553363,Connor,Taylor,58,Masculino,Chicago,Medio,4,27.82,No,No,Otro,No,Dato no cargado,Dato no cargado,Tarjeta,2080,55-64
5504196105,Katie,Huff,71,Femenino,Chicago,Muy Alto,8,27.51,No,Sí,Vegetariano,Sí,9397444242,Dato no cargado,App,15123,65-80
5078551333,Shawn,Simon,62,Masculino,Chicago,Medio,5,11.57,Sí,Sí,Vegetariano,No,Dato no cargado,bporter@example.net,App,2376,55-64
9380438386,Christopher,Gonzalez,39,Masculino,Chicago,Alto,5,53.86,Sí,Sí,Otro,Sí,Dato no cargado,nhall@example.org,Efectivo,8431,35-44
4163624812,Joseph,Jordan,62,Masculino,Chicago,Alto,4,22.35,No,Sí,Vegetariano,Sí,Dato no cargado,williamellison@example.net,Tarjeta,6073,55-64
2522712544,Dave,Cabrera,65,Masculino,Chicago,Bajo,0,0.0,Sí,Sí,Carnes,No,Dato no cargado,Dato no cargado,Efectivo,1501,65-80
5549966649,Jason,Avila,52,Masculino,Chicago,Alto,6,43.33,No,Sí,Carnes,Sí,Dato no cargado,brodriguez@example.net,App,7142,45-54
3719856191,Nicole,Baldwin,43,Femenino,Chicago,Medio,4,6.46,Sí,No,Mariscos,Sí,Dato no cargado,nelsonlisa@example.org,App,1965,35-44
7773470371,Cody,Benitez,24,Masculino,Chicago,Bajo,3,5.7,No,Sí,Carnes,No,Dato no cargado,Dato no cargado,Efectivo,965,18-24
1091062861,Jessica,Dominguez,41,Femenino,Chicago,Muy Alto,7,44.65,No,Sí,Carnes,Sí,001-260-439-3327,Dato no cargado,Efectivo,17275,35-44
4584144878,John,Conley,47,Masculino,Chicago,Bajo,3,7.55,Sí,No,Vegano,No,Dato no cargado,alicia33@example.net,Tarjeta,851,45-54
6622221695,Emily,Mitchell,78,Femenino,Chicago,Alto,6,31.93,No,No,Carnes,Sí,Dato no cargado,Dato no cargado,Efectivo,4333,65-80
4641461286,Kenneth,Peterson,21,Masculino,Chicago,Alto,5,8.32,Sí,Sí,Otro,No,204-607-7966,Dato no cargado,Efectivo,8633,18-24
6326916471,Frank,Powell,38,Masculino,Chicago,Medio,4,6.63,No,No,Vegano,No,+1-661-214-0956x797,ksmith@example.net,Efectivo,3331,35-44
4466589567,Justin,Campbell,79,Masculino,Chicago,Medio,5,12.19,Sí,Sí,Vegetariano,No,498-655-3969,Dato no cargado,Efectivo,2661,65-80
2439265956,William,Hicks,41,Masculino,Chicago,Bajo,1,7.75,No,No,Pescado,No,619-787-6748,Dato no cargado,Efectivo,1144,35-44
8441393731,Michele,Hernandez,34,Femenino,Chicago,Bajo,2,9.96,Sí,No,Vegetariano,No,Dato no cargado,usmith@example.com,Efectivo,865,25-34
7962877595,Charles,Scott,25,Masculino,Chicago,Bajo,1,7.2,No,No,Vegetariano,No,Dato no cargado,Dato no cargado,Tarjeta,1293,25-34
3759039920,Christina,Barnett,20,Femenino,Chicago,Muy Alto,7,18.15,No,Sí,No informado,Sí,Dato no cargado,tiffany16@example.org,Tarjeta,15841,18-24
5605171053,Brittney,Lee,56,Femenino,Chicago,Muy Alto,10,98.85,No,No,Carnes,Sí,(315)415-5118x3295,Dato no cargado,App,16207,55-64
8614472242,Joe,Harris,39,Masculino,Chicago,Alto,4,23.06,No,Sí,Vegetariano,Sí,Dato no cargado,leslie43@example.net,Efectivo,4189,35-44
7785686812,Tyler,Ramirez,35,Masculino,Chicago,Alto,4,35.93,Sí,No,No informado,Sí,Dato no cargado,Dato no cargado,Tarjeta,7980,35-44
1466305100,Mary,Clark,23,Femenino,Chicago,Muy Alto,10,14.46,No,Sí,Vegetariano,Sí,Dato no cargado,Dato no cargado,Criptomoneda,10510,18-24
9895478523,Roberta,Johnson,70,Femenino,Chicago,Bajo,0,0.0,Sí,Sí,Vegetariano,No,2843810180,nhumphrey@example.org,Tarjeta,903,65-80
5538582598,Mary,Gibson,20,Femenino,Chicago,Muy Alto,7,7.31,Sí,Sí,Vegetariano,Sí,280.715.4646,trevorhester@example.net,App,16037,18-24
5102618056,John,Jackson,57,Masculino,Chicago,Muy Alto,10,43.88,Sí,Sí,Vegetariano,Sí,+1-719-682-0005,Dato no cargado,Efectivo,15836,55-64
8880179270,Matthew,Chambers,21,Masculino,Chicago,Bajo,3,9.87,Sí,Sí,Vegetariano,No,579.303.0452x53495,jaclynmoreno@example.org,Efectivo,1259,18-24
1965067727,Denise,Becker,75,Femenino,Chicago,Medio,3,28.71,No,No,Otro,No,9269210896,burkeryan@example.net,Efectivo,2794,65-80
4384696270,Justin,Trujillo,24,Masculino,Chicago,Alto,4,14.42,No,Sí,Vegetariano,Sí,+1-495-940-4869,alexanderadam@example.org,App,4405,18-24
9760043705,Mandy,Holmes,39,Femenino,Chicago,Muy Alto,8,67.83,No,No,Vegetariano,Sí,711-265-0685x27974,matthew36@example.org,App,14445,35-44
3898947170,David,Duncan,66,Masculino,Chicago,Alto,6,7.04,Sí,Sí,Carnes,Sí,(613)335-4667x93105,psantos@example.com,Efectivo,7819,65-80
9538256817,Christian,Norris,20,Masculino,Chicago,Alto,6,43.41,No,Sí,Mariscos,No,9423003089,blackdustin@example.org,Efectivo,6595,18-24
9068857465,Carl,White,51,Masculino,Chicago,Medio,4,21.52,Sí,No,Vegetariano,No,+1-280-275-4134x2386,nmcdonald@example.com,Efectivo,3454,45-54
5185211818,Philip,Blake,18,Masculino,Chicago,Medio,5,28.8,Sí,Sí,Vegano,No,+1-748-951-4461x69762,ewingstephanie@example.org,App,2833,18-24
5137193856,Linda,Patterson,54,Femenino,Chicago,Medio,4,7.81,No,Sí,Vegano,No,Dato no cargado,kellerjulie@example.com,Efectivo,2887,45-54
6440776288,Joy,Wright,36,Femenino,Chicago,Alto,5,56.43,Sí,No,Mariscos,Sí,Dato no cargado,Dato no cargado,Tarjeta,4334,35-44
6673002683,Kimberly,Smith,34,Femenino,Chicago,Bajo,1,6.38,No,Sí,Mariscos,No,Dato no cargado,Dato no cargado,Efectivo,1316,25-34
7066294016,Antonio,Barnes,46,Masculino,Chicago,Bajo,0,0.0,No,No,Vegetariano,No,418.295.5079,Dato no cargado,App,1142,45-54
3046773145,Vanessa,Flores,35,Femenino,Chicago,Medio,2,27.91,No,Sí,Mariscos,No,Dato no cargado,adamsjeremy@example.com,Tarjeta,2011,35-44
6097146801,Rachel,Spencer,46,Femenino,Chicago,Bajo,1,9.4,Sí,Sí,Carnes,No,Dato no cargado,Dato no cargado,Tarjeta,1146,45-54
4860111577,Jacob,Porter,70,Masculino,Chicago,Bajo,3,6.67,Sí,No,Mariscos,No,Dato no cargado,Dato no cargado,App,902,65-80
5154789593,Kimberly,Taylor,45,Femenino,Chicago,Muy Alto,5,74.14,Sí,Sí,Pescado,Sí,Dato no cargado,tyrone83@example.net,Efectivo,10222,45-54
5082686463,Anthony,Kramer,68,Masculino,Chicago,Bajo,2,5.89,No,No,Mariscos,No,Dato no cargado,bmiles@example.net,App,968,65-80
9533876576,Chase,Crawford,80,Masculino,Chicago,Alto,6,31.98,Sí,No,Vegano,No,Dato no cargado,Dato no cargado,App,7276,65-80
3436427903,Roy,Foley,46,Masculino,Chicago,Alto,6,35.25,No,Sí,Mariscos,Sí,+1-911-831-7193x32710,lalexander@example.org,Tarjeta,6465,45-54
3468061102,Michael,Allison,49,Masculino,Chicago,Medio,4,5.56,No,No,Vegetariano,No,Dato no cargado,patriciamartin@example.org,App,2740,45-54
3445907524,Jake,Torres,72,Masculino,Chicago,Alto,4,59.99,Sí,Sí,Mariscos,Sí,Dato no cargado,Dato no cargado,Efectivo,3507,65-80
4092720574,Alvin,Jackson,38,Masculino,Chicago,Medio,5,13.66,No,Sí,Otro,No,Dato no cargado,katherinestone@example.org,App,3156,35-44
9427354683,Devon,Moore,46,Masculino,Chicago,Medio,2,28.41,No,No,Carnes,No,231-829-7751,Dato no cargado,App,2017,45-54
4540774757,Nicholas,Schmidt,48,Masculino,Chicago,Bajo,3,7.94,Sí,No,Mariscos,No,248.386.5011x73819,Dato no cargado,App,905,45-54
1439921366,Linda,Rosario,19,Femenino,Chicago,Medio,3,15.91,No,Sí,Pescado,No,Dato no cargado,Dato no cargado,Tarjeta,2298,18-24
9154846678,Todd,Harrison,60,Masculino,Chicago,Medio,4,15.36,No,Sí,Mariscos,No,Dato no cargado,Dato no cargado,Tarjeta,1691,55-64
2031926400,Anthony,Good,78,Masculino,Chicago,Medio,4,28.98,No,No,Carnes,No,Dato no cargado,Dato no cargado,Efectivo,1807,65-80
1600783078,David,Marshall,33,Masculino,Chicago,Medio,4,20.67,No,No,Mariscos,No,001-328-281-8986x0375,ashley09@example.net,App,3322,25-34
8577963750,Connie,Murray,32,Femenino,Chicago,Alto,4,48.2,No,Sí,Otro,Sí,960.912.5456x7553,browndavid@example.com,Efectivo,6260,25-34
2699118333,Derek,Smith,73,Masculino,Chicago,Bajo,2,6.34,Sí,No,Vegetariano,No,Dato no cargado,anthonynewman@example.org,Efectivo,872,65-80
4272403062,David,Stephens,29,Masculino,Chicago,Bajo,2,5.56,No,Sí,Vegetariano,No,+1-224-505-9205x3343,evansrodney@example.org,App,1205,25-34
8017321885,Brittany,Gonzalez,58,Femenino,Chicago,Medio,2,9.5,Sí,Sí,Pescado,Sí,001-428-814-6565,jefferyhughes@example.org,Tarjeta,3301,55-64
6609495751,David,Lara,59,Masculino,Chicago,Medio,5,11.49,Sí,Sí,Vegano,No,+1-383-227-5181x874,dbell@example.org,Tarjeta,1794,55-64
8867100560,Robert,Pham,75,Masculino,Chicago,Muy Alto,6,83.2,No,Sí,Vegetariano,Sí,001-473-318-7908x30938,Dato no cargado,Tarjeta,13280,65-80
9803393159,Hannah,Stewart,40,Femenino,Chicago,Bajo,0,0.0,No,Sí,Carnes,No,995.302.0610,Dato no cargado,Efectivo,894,35-44
9843965585,Felicia,Lewis,42,Femenino,Chicago,Medio,2,10.65,Sí,No,Vegetariano,No,Dato no cargado,madisonsmith@example.net,Criptomoneda,3001,35-44
6471335489,Matthew,Smith,24,Masculino,Chicago,Medio,3,10.52,No,No,Mariscos,No,(759)591-2811x275,Dato no cargado,Tarjeta,2382,18-24
9633533290,Jaclyn,Hamilton,47,Femenino,Chicago,Alto,6,36.03,No,No,Carnes,Sí,Dato no cargado,Dato no cargado,Efectivo,7681,45-54
6827915017,Benjamin,Smith,50,Masculino,Chicago,Bajo,0,0.0,Sí,No,Mariscos,No,Dato no cargado,Dato no cargado,Efectivo,1170,45-54
9120243954,Melanie,Hicks,32,Femenino,Chicago,Alto,5,29.43,No,No,Carnes,Sí,+1-720-767-7035x1599,jennifersparks@example.com,App,8867,25-34
7462554807,Kathryn,Kane,75,Femenino,Chicago,Bajo,2,5.4,Sí,No,Vegano,No,271.797.5172x398,Dato no cargado,Tarjeta,1079,65-80
9141894221,Todd,Miranda,71,Masculino,Chicago,Alto,5,51.84,Sí,No,No informado,No,Dato no cargado,Dato no cargado,Tarjeta,5441,65-80
6053165948,Victoria,Espinoza,22,Femenino,Chicago,Medio,2,11.31,No,Sí,Otro,Sí,366.418.6131x0636,Dato no cargado,App,2670,18-24
3707882231,Sharon,Gray,40,Femenino,Chicago,Medio,5,6.85,No,No,Mariscos,No,Dato no cargado,Dato no cargado,App,1850,35-44
8487886592,Amy,Jensen,74,Femenino,Chicago,Muy Alto,7,42.57,No,No,Mariscos,Sí,001-342-810-2108,Dato no cargado,Efectivo,11232,65-80
5184054736,Nicholas,Harris,52,Masculino,Chicago,Alto,5,48.21,No,No,No informado,Sí,Dato no cargado,Dato no cargado,Efectivo,4500,45-54
9650936041,Lisa,Barr,54,Femenino,Chicago,Medio,3,22.67,Sí,Sí,Vegetariano,No,(876)879-1815,Dato no cargado,Efectivo,2289,45-54
3685515992,Angela,Carroll,55,Femenino,Chicago,Muy Alto,7,53.73,Sí,Sí,Vegetariano,Sí,Dato no cargado,rbrown@example.net,Tarjeta,11999,55-64
8238084374,Brian,Mercado,58,Masculino,Chicago,Medio,5,14.04,Sí,Sí,Otro,No,Dato no cargado,catherinewilliams@example.org,App,2901,55-64
5205680331,Eric,Moore,21,Masculino,Chicago,Muy Alto,5,51.75,Sí,Sí,Vegetariano,Sí,Dato no cargado,kwallace@example.org,Efectivo,14671,18-24
4398250825,Anthony,Ortega,19,Masculino,Chicago,Muy Alto,5,76.41,No,Sí,Otro,Sí,572-901-1825x64701,Dato no cargado,Efectivo,13557,18-24
9525423626,Alisha,Baldwin,54,Femenino,Chicago,Bajo,2,5.47,Sí,Sí,No informado,No,+1-325-725-4560x4796,martin79@example.com,Tarjeta,972,45-54
2588876294,Jill,Guzman,62,Femenino,Chicago,Medio,3,25.47,No,No,Vegetariano,Sí,Dato no cargado,wallacethomas@example.net,Efectivo,3053,55-64
6373582220,Julie,Perry,74,Femenino,Chicago,Alto,6,43.83,No,No,Carnes,No,Dato no cargado,Dato no cargado,Tarjeta,4078,65-80
1458851026,Andrew,Kennedy,35,Masculino,Chicago,Alto,4,15.83,Sí,Sí,Otro,No,234-708-1319,zhernandez@example.com,Efectivo,7261,35-44
7223496867,Roy,Matthews,56,Masculino,Chicago,Bajo,1,6.32,No,Sí,Carnes,No,Dato no cargado,Dato no cargado,Tarjeta,805,55-64
7692678533,Julie,Fuentes,72,Femenino,Chicago,Bajo,1,5.42,No,No,Carnes,No,623-715-7897x6808,stacy21@example.org,Efectivo,1354,65-80
3468100218,Jordan,Moore,63,Masculino,Chicago,Muy Alto,5,95.76,No,Sí,Carnes,Sí,001-594-756-7572x8711,Dato no cargado,Efectivo,10565,55-64
4768651356,Amanda,Turner,67,Femenino,Chicago,Muy Alto,10,75.12,No,No,Carnes,Sí,(612)632-4945,hhernandez@example.net,Efectivo,16986,65-80
7663320708,Nicole,Chapman,57,Femenino,Chicago,Bajo,1,9.3,No,Sí,Vegetariano,No,+1-857-396-6909x68927,twilson@example.org,App,1057,55-64
6125551262,Cindy,Serrano,56,Femenino,Chicago,Medio,4,16.45,No,Sí,Vegetariano,No,Dato no cargado,Dato no cargado,Tarjeta,2256,55-64
7692011021,Tony,Martin,31,Masculino,Chicago,Muy Alto,7,69.5,No,Sí,Carnes,Sí,(330)852-5370x51449,Dato no cargado,Efectivo,10681,25-34
8351491401,Thomas,Herrera,56,Masculino,Chicago,Medio,3,26.83,Sí,Sí,Vegano,No,001-286-986-3131,ioliver@example.org,App,2111,55-64
4755910761,Matthew,Miller,26,Masculino,Chicago,Medio,3,5.43,No,Sí,Otro,No,982.340.2076x308,ycardenas@example.com,App,3363,25-34
1365097623,Brandon,Phillips,39,Masculino,Chicago,Bajo,3,5.23,No,No,Vegetariano,No,Dato no cargado,Dato no cargado,Efectivo,1263,35-44
7552222992,Joshua,Petersen,71,Masculino,Chicago,Medio,4,11.16,No,No,Carnes,No,(946)239-1200x394,jenkinstony@example.org,Efectivo,2356,65-80
4275261101,Ryan,York,23,Masculino,Chicago,Bajo,2,8.75,No,Sí,Mariscos,No,Dato no cargado,Dato no cargado,Tarjeta,1515,18-24
4479410205,Stefanie,Nixon,21,Femenino,Chicago,Alto,6,37.74,Sí,Sí,Pescado,Sí,Dato no cargado,Dato no cargado,Efectivo,7088,18-24
3672911638,James,Reed,67,Masculino,Chicago,Medio,2,14.26,No,Sí,Vegetariano,No,2016899973,Dato no cargado,Tarjeta,3020,65-80
5227243184,Jon,Wood,63,Masculino,Chicago,Bajo,0,0.0,Sí,Sí,Carnes,No,Dato no cargado,Dato no cargado,Efectivo,1059,55-64
2898175619,Madeline,Cole,63,Femenino,Chicago,Bajo,0,0.0,No,Sí,Carnes,No,6337270662,patricia73@example.com,Tarjeta,843,55-64
9349463709,Amanda,Nelson,24,Femenino,Chicago,Alto,4,50.71,Sí,Sí,Carnes,Sí,001-566-946-3120x5494,Dato no cargado,Efectivo,4866,18-24
6321755673,Michelle,Diaz,57,Femenino,Chicago,Medio,2,14.19,No,Sí,Pescado,No,+1-356-456-0185x18134,Dato no cargado,Tarjeta,2850,55-64
4387725726,Paula,White,50,Femenino,Chicago,Alto,5,10.49,No,Sí,Carnes,No,001-790-227-3839x811,Dato no cargado,Efectivo,8498,45-54
5333944511,Andrew,Figueroa,69,Masculino,Chicago,Alto,6,38.59,Sí,No,Carnes,No,Dato no cargado,Dato no cargado,Efectivo,5855,65-80
9337515433,Marissa,Parker,49,Femenino,Chicago,Alto,6,24.22,Sí,No,Pescado,Sí,Dato no cargado,Dato no cargado,Efectivo,5832,45-54
8841458420,Mary,Holmes,30,Femenino,Chicago,Alto,4,51.72,Sí,No,No informado,Sí,+1-823-593-9213,Dato no cargado,Efectivo,4117,25-34
4344391830,Matthew,Brown,70,Masculino,Chicago,Medio,4,17.19,Sí,No,No informado,No,3839283026,Dato no cargado,App,2313,65-80
3220653118,Angela,Hale,76,Femenino,Chicago,Bajo,2,8.53,Sí,Sí,Carnes,No,Dato no cargado,Dato no cargado,Efectivo,1348,65-80
5453979997,Abigail,Berger,74,Femenino,Chicago,Bajo,1,5.96,Sí,No,Mariscos,No,726.646.1412x485,Dato no cargado,Tarjeta,986,65-80
6770485440,Stephanie,Sloan,51,Femenino,Chicago,Medio,4,19.13,No,Sí,Mariscos,No,(537)706-7515,Dato no cargado,App,1874,45-54
9554291576,Jesse,Davidson,42,Masculino,Chicago,Bajo,2,7.02,No,No,Pescado,No,Dato no cargado,Dato no cargado,Tarjeta,1247,35-44
4133391767,James,Cruz,32,Masculino,Chicago,Alto,5,41.0,Sí,No,Carnes,No,Dato no cargado,beth81@example.com,App,4365,25-34
2419888806,Brittney,Acosta,25,Femenino,Chicago,Medio,4,14.68,Sí,Sí,Carnes,No,Dato no cargado,ybaker@example.org,Efectivo,2223,25-34
3480788274,Tonya,Gallegos,22,Femenino,Chicago,Medio,4,23.65,Sí,Sí,Mariscos,No,Dato no cargado,Dato no cargado,App,2135,18-24
7793734097,Victoria,Acosta,35,Femenino,Chicago,Bajo,3,7.77,No,Sí,Vegetariano,No,Dato no cargado,Dato no cargado,Efectivo,853,35-44
1011225863,Brandon,Hansen,48,Masculino,Chicago,Muy Alto,10,90.74,No,Sí,Otro,No,Dato no cargado,Dato no cargado,Tarjeta,15937,45-54
9047710198,Lindsay,Davis,26,Femenino,Chicago,Muy Alto,8,36.69,Sí,Sí,Vegano,Sí,Dato no cargado,Dato no cargado,Tarjeta,11582,25-34
3226009278,Mark,Logan,65,Masculino,Chicago,Muy Alto,6,16.32,No,Sí,Carnes,Sí,979-204-1686x026,phillipwheeler@example.org,App,16630,65-80
6525987378,Jennifer,Evans,40,Femenino,Chicago,Bajo,0,0.0,No,No,Carnes,No,462-843-5653,medinamaria@example.org,App,1139,35-44
6282009986,Timothy,Hayden,34,Masculino,Chicago,Muy Alto,7,6.72,Sí,Sí,No informado,Sí,Dato no cargado,Dato no cargado,Tarjeta,16841,25-34
8212526850,Beth,Gordon,36,Femenino,Chicago,Alto,5,20.6,No,No,Mariscos,No,Dato no cargado,Dato no cargado,Efectivo,4861,35-44
5082964045,James,Gibbs,20,Masculino,Chicago,Medio,5,22.59,Sí,No,Carnes,No,417-919-4118x576,Dato no cargado,Tarjeta,2053,18-24
7277823614,Anthony,Allen,39,Masculino,Chicago,Medio,3,10.55,Sí,No,Carnes,Sí,847-779-3747x074,Dato no cargado,App,2748,35-44
2104601207,Tammy,Watson,79,Femenino,Chicago,Alto,5,37.17,No,No,Carnes,Sí,Dato no cargado,elizabeth91@example.com,Efectivo,5370,65-80
6501732573,Ann,Gonzalez,55,Femenino,Chicago,Bajo,0,0.0,No,No,Vegano,No,Dato no cargado,qmarshall@example.net,Tarjeta,1245,55-64
8073367682,Brittany,Flores,40,Femenino,Chicago,Medio,4,22.47,Sí,No,Carnes,No,Dato no cargado,Dato no cargado,Tarjeta,3225,35-44
8552304952,Robin,Johnson,33,Femenino,Chicago,Bajo,2,9.79,Sí,Sí,Vegano,No,Dato no cargado,ftaylor@example.net,Tarjeta,1246,25-34
6146514161,Carmen,Campbell,48,Femenino,Chicago,Medio,4,19.11,Sí,No,Carnes,No,780.450.0265x642,Dato no cargado,Efectivo,2928,45-54
4507883159,Teresa,Hernandez,56,Femenino,Chicago,Muy Alto,9,102.76,No,Sí,Carnes,Sí,5802519991,alleneric@example.org,Tarjeta,15324,55-64
5684378987,Jill,Hunt,29,Femenino,Chicago,Medio,3,7.38,Sí,Sí,Pescado,Sí,Dato no cargado,Dato no cargado,App,2533,25-34
1469809301,Timothy,Cunningham,31,Masculino,Chicago,Alto,5,22.17,Sí,No,Mariscos,Sí,Dato no cargado,vrogers@example.org,Tarjeta,6616,25-34
2822191146,Jay,Hall,72,Masculino,Chicago,Medio,2,19.95,Sí,No,No informado,No,Dato no cargado,bryantthomas@example.net,App,2333,65-80
8739143112,Heather,Escobar,64,Femenino,Chicago,Medio,5,8.18,Sí,Sí,Mariscos,No,(675)811-4136,wleach@example.net,App,2171,55-64
4392640827,Jasmine,Mendez,19,Femenino,Chicago,Medio,3,7.15,Sí,Sí,Carnes,No,001-279-888-8194x9366,carolwhite@example.com,Tarjeta,2786,18-24
8277440848,Christian,Gilmore,42,Masculino,Chicago,Alto,5,24.56,Sí,No,Carnes,Sí,Dato no cargado,Dato no cargado,App,4378,35-44
4860887479,Suzanne,Boyd,43,Femenino,Chicago,Medio,3,8.32,Sí,Sí,No informado,No,259-671-9352x20350,Dato no cargado,App,2522,35-44
2180845948,Paul,Patel,18,Masculino,Chicago,Bajo,1,6.5,Sí,Sí,Otro,No,Dato no cargado,Dato no cargado,Tarjeta,939,18-24
7752955351,Miranda,Buchanan,18,Femenino,Chicago,Medio,4,28.54,Sí,Sí,Mariscos,No,001-819-405-2343x64227,Dato no cargado,Efectivo,2330,18-24
3627549477,Gregory,Stephens,24,Masculino,Chicago,Alto,6,19.37,No,Sí,No informado,Sí,761-798-1644x425,Dato no cargado,Tarjeta,8818,18-24
2678276347,Andrew,Hunter,23,Masculino,Chicago,Medio,5,18.25,Sí,Sí,Carnes,No,3716798357,Dato no cargado,Efectivo,1942,18-24
5179751288,Scott,Schmidt,57,Masculino,Chicago,Alto,6,9.55,Sí,No,Mariscos,Sí,Dato no cargado,fparks@example.com,App,5048,55-64
6889727970,Joshua,Velazquez,29,Masculino,Chicago,Muy Alto,6,18.49,Sí,Sí,Vegano,Sí,Dato no cargado,njohnson@example.net,Efectivo,10930,25-34
1500228324,Charles,Johnson,43,Masculino,Chicago,Bajo,1,7.17,No,Sí,Carnes,No,338-823-3547x08054,Dato no cargado,Efectivo,1131,35-44
7613797397,Thomas,Dominguez,63,Masculino,Chicago,Alto,5,25.92,No,No,Carnes,No,Dato no cargado,jamesvaldez@example.com,App,8278,55-64
9569531051,Jody,Tucker,19,Femenino,Chicago,Alto,5,40.4,Sí,Sí,Otro,Sí,+1-285-691-8473x603,mmay@example.net,Efectivo,6577,18-24
6466077547,Tina,Todd,67,Femenino,Chicago,Muy Alto,8,26.03,No,Sí,Carnes,Sí,Dato no cargado,Dato no cargado,Tarjeta,9995,65-80
1245813758,Terry,Gardner,40,Masculino,Chicago,Bajo,1,7.77,No,Sí,Carnes,No,(884)487-2251x06284,Dato no cargado,App,1177,35-44
4364526708,Brittney,Mcconnell,22,Femenino,Chicago,Alto,6,52.36,No,Sí,Pescado,Sí,Dato no cargado,Dato no cargado,Tarjeta,8813,18-24
3818914683,Yvonne,Scott,45,Femenino,Chicago,Alto,4,49.4,Sí,No,Carnes,Sí,623-765-9971x74144,Dato no cargado,Efectivo,6741,45-54
9062028075,Jordan,Harris,61,Masculino,Chicago,Medio,2,21.66,No,Sí,Carnes,Sí,701.429.8039x8699,mendezbarbara@example.com,Efectivo,3031,55-64
9334861755,Gina,Rice,43,Femenino,Chicago,Bajo,3,5.83,No,No,Carnes,No,Dato no cargado,Dato no cargado,Efectivo,926,35-44
7119956976,Edwin,Jenkins,29,Masculino,Chicago,Medio,5,15.23,Sí,No,Pescado,No,Dato no cargado,osbornjohn@example.net,Tarjeta,1882,25-34
6636843941,Steven,Brown,71,Masculino,Chicago,Medio,2,26.26,Sí,Sí,Carnes,No,Dato no cargado,gabriellefoster@example.com,Tarjeta,2213,65-80
1539709649,Vincent,Oneal,39,Masculino,Chicago,Alto,4,21.5,Sí,No,Otro,No,+1-600-360-8560x875,heather16@example.com,Tarjeta,8881,35-44
6890240063,Anthony,Wu,46,Masculino,Chicago,Medio,4,6.05,Sí,No,Mariscos,No,Dato no cargado,Dato no cargado,App,2038,45-54
1897785201,Amy,Levine,67,Femenino,Chicago,Medio,3,24.67,No,No,Carnes,Sí,Dato no cargado,charles47@example.net,App,2315,65-80
1183851649,Michael,Gonzales,76,Masculino,Chicago,Muy Alto,5,75.17,No,Sí,Pescado,Sí,Dato no cargado,Dato no cargado,Efectivo,13003,65-80
9933123409,Adam,Smith,54,Masculino,Chicago,Medio,5,19.85,Sí,No,Vegetariano,No,(349)418-2027x049,kristinsalazar@example.net,App,1631,45-54
8872092528,Michael,Yang,39,Masculino,Chicago,Medio,3,12.84,Sí,Sí,Carnes,No,5427350964,Dato no cargado,Efectivo,3093,35-44
6587537178,Diana,Russell,55,Femenino,Chicago,Bajo,2,6.54,Sí,No,Otro,No,Dato no cargado,Dato no cargado,Tarjeta,1013,55-64
4871835158,Diane,Becker,42,Femenino,Chicago,Bajo,1,6.7,Sí,Sí,Carnes,No,433-910-7261,joseph45@example.org,Tarjeta,919,35-44
7088451458,Barry,Williams,38,Masculino,Chicago,Muy Alto,6,11.34,Sí,Sí,Vegano,Sí,Dato no cargado,kim57@example.org,App,13373,35-44
5831150934,Priscilla,Hicks,18,Femenino,Chicago,Medio,3,5.47,No,Sí,No informado,No,001-420-736-0748x86790,Dato no cargado,Tarjeta,1846,18-24
5188411716,Erin,Henson,80,Femenino,Chicago,Medio,4,14.08,No,Sí,Carnes,No,001-293-406-9433x36781,Dato no cargado,Efectivo,2596,65-80
3374662487,Lisa,Rogers,28,Femenino,Chicago,Muy Alto,9,89.53,Sí,Sí,Vegano,Sí,001-433-870-7454x56938,zallen@example.com,App,17472,25-34
5935362233,Jeffrey,Brown,78,Masculino,Chicago,Muy Alto,10,23.1,Sí,Sí,Pescado,Sí,Dato no cargado,williamsonjamie@example.com,Efectivo,9979,65-80
1480850393,Joseph,Eaton,49,Masculino,Chicago,Medio,2,17.35,Sí,Sí,Vegano,No,Dato no cargado,courtneyross@example.com,Tarjeta,1638,45-54
1054686685,Daniel,Freeman,62,Masculino,Chicago,Bajo,0,0.0,No,No,Carnes,No,Dato no cargado,Dato no cargado,Efectivo,1280,55-64
6823128871,Robert,Davis,40,Masculino,Chicago,Alto,5,36.3,No,No,Pescado,Sí,Dato no cargado,Dato no cargado,App,5994,35-44
4872521694,Michael,Johnson,64,Masculino,Chicago,Muy Alto,6,29.68,Sí,No,Vegano,Sí,633-659-1474x06926,Dato no cargado,Efectivo,15243,55-64
9098746608,Michael,Abbott,65,Masculino,Chicago,Medio,3,21.78,Sí,No,Vegetariano,No,473-708-9149x69434,Dato no cargado,App,1628,65-80
5557772773,Charles,Freeman,31,Masculino,Chicago,Medio,4,15.34,Sí,Sí,Carnes,No,Dato no cargado,hallbrian@example.com,Tarjeta,2389,25-34
1417436465,Aaron,White,51,Masculino,Chicago,Muy Alto,7,61.57,Sí,Sí,Carnes,Sí,+1-887-991-4914x1414,tanya54@example.org,Tarjeta,12949,45-54
2114317366,Crystal,Howard,79,Femenino,Chicago,Alto,4,29.03,No,Sí,Carnes,Sí,001-264-449-2170,deborahhoward@example.org,App,4977,65-80
7965460607,Brandy,Jackson,22,Femenino,Chicago,Medio,4,27.45,No,Sí,Carnes,No,001-812-909-9600x62161,Dato no cargado,Tarjeta,3368,18-24
8885111529,Alyssa,Edwards,63,Femenino,Chicago,Medio,2,20.66,No,No,Mariscos,No,Dato no cargado,msullivan@example.net,Efectivo,2366,55-64
7081213036,Ashley,Price,40,Femenino,Chicago,Bajo,0,0.0,No,No,Vegano,No,+1-463-922-3634,nwallace@example.org,App,855,35-44
6709313280,Christy,Costa,28,Femenino,Chicago,Bajo,0,0.0,Sí,Sí,No informado,No,001-710-985-7065x87847,danny51@example.com,Tarjeta,1092,25-34
4072032711,Rebecca,Peters,18,Femenino,Chicago,Bajo,2,6.33,No,Sí,No informado,No,001-485-731-6489x8918,Dato no cargado,Tarjeta,1012,18-24
3855462767,Zachary,Bowers,19,Masculino,Chicago,Alto,5,22.53,No,No,Otro,No,+1-370-806-6832x3586,tracey36@example.org,Tarjeta,5844,18-24
1192650241,Regina,Johns,77,Femenino,Chicago,Alto,6,7.91,Sí,No,Vegetariano,Sí,7032735815,Dato no cargado,Tarjeta,5321,65-80
6764794940,Alexander,Sanchez,73,Masculino,Chicago,Medio,4,23.93,No,No,Vegetariano,No,+1-711-588-7201,Dato no cargado,App,2421,65-80
1769534424,Jennifer,Sanchez,49,Femenino,Chicago,Bajo,0,0.0,No,Sí,Vegetariano,No,777-910-2175x380,Dato no cargado,Tarjeta,1349,45-54
2338334796,Michael,Miller,44,Masculino,Chicago,Alto,4,24.48,No,No,Carnes,Sí,Dato no cargado,Dato no cargado,Efectivo,3911,35-44
4425081216,Robert,Burke,20,Masculino,Chicago,Medio,3,17.575,Sí,Sí,Mariscos,No,342-232-9911x9139,Dato no cargado,Efectivo,2243,18-24
8231933700,Matthew,Valencia,28,Masculino,Chicago,Medio,5,14.76,No,Sí,Pescado,No,Dato no cargado,Dato no cargado,Efectivo,2209,25-34
2845988316,Toni,Perry,63,Femenino,Chicago,Alto,5,21.22,No,No,Vegano,Sí,2183851600,ginafernandez@example.com,App,7775,55-64
5119117424,Kelsey,Malone,79,Femenino,Chicago,Medio,4,14.54,No,Sí,Carnes,No,Dato no cargado,fergusoneric@example.com,Tarjeta,1656,65-80
9538092528,Mary,Fox,53,Femenino,Chicago,Medio,4,16.41,Sí,Sí,Carnes,No,001-559-807-1016,njoseph@example.net,Efectivo,2122,45-54
6136463901,Melissa,King,45,Femenino,Chicago,Alto,5,32.23,Sí,No,Otro,No,687.964.1334,morgan66@example.org,Tarjeta,4986,45-54
3161601606,Anna,Collins,30,Femenino,Chicago,Medio,3,29.44,Sí,Sí,Vegano,No,3406708926,Dato no cargado,Tarjeta,2565,25-34
1572827654,John,Rose,57,Masculino,Chicago,Medio,3,20.99,Sí,Sí,Carnes,No,803-677-3807,Dato no cargado,Tarjeta,2372,55-64
2156991983,Becky,King,43,Femenino,Chicago,Alto,4,44.7,No,Sí,Carnes,No,3629680682,Dato no cargado,App,5231,35-44
2981028339,Steven,Rodriguez,38,Masculino,Chicago,Alto,6,54.49,No,No,No informado,Sí,+1-216-210-5568x47803,brandon46@example.org,Tarjeta,5301,35-44
6742199636,George,Smith,42,Masculino,Chicago,Bajo,3,9.24,Sí,No,Pescado,No,Dato no cargado,Dato no cargado,Efectivo,896,35-44
4082960786,Jason,Martinez,37,Masculino,Chicago,Medio,3,19.74,Sí,Sí,Otro,No,Dato no cargado,virginiajohnson@example.com,Efectivo,2305,35-44
8533341510,Patrick,Williams,25,Masculino,Chicago,Alto,6,43.57,Sí,Sí,Vegetariano,Sí,001-476-852-9877x99724,Dato no cargado,Tarjeta,7954,25-34
3907074032,Paula,Garcia,29,Femenino,Chicago,Medio,2,22.97,No,Sí,Carnes,No,Dato no cargado,amanda12@example.org,Efectivo,2420,25-34
8251009913,Mario,Roberson,19,Masculino,Chicago,Bajo,2,8.75,Sí,Sí,Mariscos,No,Dato no cargado,Dato no cargado,Tarjeta,1369,18-24
5464888540,Gina,Villegas,60,Femenino,Chicago,Muy Alto,9,43.99,Sí,Sí,No informado,Sí,Dato no cargado,Dato no cargado,Efectivo,11246,55-64
9973832043,Zachary,Vance,69,Masculino,Chicago,Bajo,2,5.53,Sí,No,Otro,No,335-413-0991x861,Dato no cargado,Efectivo,1135,65-80
7641707102,Anna,Foster,43,Femenino,Chicago,Medio,2,25.12,Sí,Sí,Carnes,No,Dato no cargado,Dato no cargado,Efectivo,1998,35-44
3559595400,Emily,Stephens,48,Femenino,Chicago,Medio,4,13.0,No,Sí,Pescado,No,262.645.0117,Dato no cargado,App,2950,45-54
3659104032,Zachary,Foster,57,Masculino,Chicago,Bajo,2,7.15,No,Sí,Vegetariano,No,Dato no cargado,comptonangel@example.net,Tarjeta,1072,55-64
6644556579,Roger,Williams,46,Masculino,Chicago,Alto,5,20.64,No,Sí,Carnes,Sí,Dato no cargado,chamilton@example.com,Tarjeta,3745,45-54
6837975356,Thomas,Torres,29,Masculino,Chicago,Alto,4,38.82,No,Sí,Carnes,Sí,Dato no cargado,Dato no cargado,Efectivo,6665,25-34
8389750357,Adam,Curtis,47,Masculino,Chicago,Alto,5,33.64,No,Sí,Mariscos,No,(689)894-7342x7549,richard34@example.net,Efectivo,5816,45-54
6700342356,Danielle,Hoffman,70,Femenino,Chicago,Bajo,3,5.48,Sí,Sí,Vegetariano,No,796-706-8457x8714,rbutler@example.org,Efectivo,1331,65-80
7833025787,Amy,Jackson,79,Femenino,Chicago,Alto,5,36.63,Sí,Sí,Mariscos,Sí,Dato no cargado,Dato no cargado,Tarjeta,8017,65-80
7029440590,Marvin,Rios,31,Masculino,Chicago,Bajo,3,8.62,No,Sí,Mariscos,No,001-458-755-5982x63826,solsen@example.com,Efectivo,916,25-34
9820014011,Cameron,Knapp,69,Masculino,Chicago,Muy Alto,10,98.62,Sí,Sí,Mariscos,Sí,Dato no cargado,jensenjames@example.org,Tarjeta,12823,65-80
2072226456,Sarah,Crawford,51,Femenino,Chicago,Bajo,1,7.82,No,Sí,Vegetariano,No,+1-582-428-3439x81962,joshua79@example.com,Efectivo,946,45-54
2407377479,Andrew,Day,48,Masculino,Chicago,Alto,5,8.17,No,No,Vegano,No,(915)903-2022x39998,Dato no cargado,Efectivo,5534,45-54
4408423851,Jason,Jones,79,Masculino,Chicago,Muy Alto,8,14.93,Sí,No,Otro,Sí,678.919.0465,mooremaria@example.com,Tarjeta,14837,65-80
5563593235,Monique,Ramirez,18,Femenino,Chicago,Medio,5,7.58,Sí,Sí,Carnes,No,Dato no cargado,Dato no cargado,Tarjeta,1979,18-24
2025737309,Gary,Bennett,28,Masculino,Chicago,Bajo,3,6.4,Sí,No,Carnes,No,360.587.6587,brent98@example.net,Tarjeta,1323,25-34
4048664376,John,Strong,71,Masculino,Chicago,Bajo,1,6.6,No,No,Carnes,No,Dato no cargado,rodriguezrobert@example.org,Efectivo,981,65-80
3128647054,Brent,Terrell,26,Masculino,Chicago,Alto,5,26.97,No,Sí,Vegetariano,Sí,Dato no cargado,melody29@example.net,Tarjeta,8333,25-34
9162632179,Christina,Nelson,28,Femenino,Chicago,Bajo,0,0.0,Sí,Sí,Mariscos,No,454.700.5452,Dato no cargado,Efectivo,1024,25-34
3367952685,Melinda,Landry,37,Femenino,Chicago,Alto,6,49.97,No,No,No informado,Sí,+1-932-631-8049x240,Dato no cargado,Efectivo,5973,35-44
7805324697,Jimmy,Pearson,37,Masculino,Chicago,Medio,4,11.24,No,No,Vegetariano,No,334-586-6819,Dato no cargado,App,1616,35-44
3348686869,Richard,Travis,35,Masculino,Chicago,Bajo,2,8.21,No,No,Pescado,No,Dato no cargado,Dato no cargado,Efectivo,1234,35-44
7846403103,Johnny,Chavez,53,Masculino,Chicago,Medio,2,8.24,Sí,No,Carnes,No,869-340-4269x13630,Dato no cargado,Efectivo,3453,45-54
8244514196,Morgan,Lewis,64,Femenino,Chicago,Medio,2,23.39,Sí,Sí,Mariscos,No,Dato no cargado,Dato no cargado,Efectivo,2953,55-64
5852564405,Sheila,Marshall,68,Femenino,Chicago,Medio,3,29.54,Sí,No,Carnes,No,Dato no cargado,esmith@example.com,Tarjeta,2269,65-80
1677541437,Jonathan,Gallegos,56,Masculino,Chicago,Alto,6,49.51,Sí,Sí,Vegetariano,Sí,6258492930,mckaymichael@example.net,Efectivo,4985,55-64
2734909435,Jillian,Acosta,50,Femenino,Chicago,Medio,5,22.43,Sí,Sí,Carnes,No,786.706.0846,Dato no cargado,Tarjeta,2108,45-54
8330593321,Gregory,Ramos,53,Masculino,Chicago,Muy Alto,6,22.94,No,Sí,Otro,Sí,2027916655,Dato no cargado,Tarjeta,11551,45-54
5353983527,Jonathan,Morris,33,Masculino,Chicago,Alto,4,32.14,No,No,Vegano,Sí,+1-612-836-5588x328,kathy52@example.com,Efectivo,4717,25-34
5084320126,Walter,Kim,39,Masculino,Chicago,Alto,6,39.26,Sí,No,Mariscos,Sí,445.955.2696x461,jessicapearson@example.com,Tarjeta,5649,35-44
4751414261,Kathryn,Giles,50,Femenino,Chicago,Medio,5,20.22,No,Sí,Vegetariano,No,001-730-431-7730x252,bondsusan@example.org,Tarjeta,2446,45-54
5178391171,Roberto,Baker,65,Masculino,Chicago,Alto,6,51.36,Sí,No,Carnes,Sí,841.499.6534x939,eddie98@example.com,Efectivo,3521,65-80
2853081959,John,Rosales,59,Masculino,Chicago,Medio,4,17.1,Sí,Sí,Otro,No,(725)495-6303,Dato no cargado,App,1780,55-64
9458620027,Jonathan,Jordan,78,Masculino,Chicago,Alto,6,37.14,No,No,Vegano,No,Dato no cargado,Dato no cargado,Efectivo,5606,65-80
4220479048,Daniel,Caldwell,26,Masculino,Chicago,Muy Alto,6,48.17,No,Sí,Otro,Sí,Dato no cargado,djennings@example.com,Tarjeta,11011,25-34
9789699083,Mark,Davis,69,Masculino,Chicago,Alto,6,13.07,No,Sí,Carnes,Sí,Dato no cargado,wilsontara@example.org,Efectivo,3944,65-80
5349481923,Bradley,White,76,Masculino,Chicago,Medio,5,9.3,No,No,Vegetariano,No,Dato no cargado,Dato no cargado,Tarjeta,1950,65-80
3598504816,Shane,Myers,30,Masculino,Chicago,Medio,2,22.22,Sí,Sí,Carnes,No,Dato no cargado,susancrawford@example.org,Tarjeta,3459,25-34
6359398315,Kendra,Jones,60,Femenino,Chicago,Muy Alto,8,54.27,Sí,No,No informado,Sí,(770)825-2613,Dato no cargado,App,16368,55-64
1673494457,Nicole,Adams,52,Femenino,Chicago,Alto,6,12.59,Sí,Sí,Carnes,Sí,Dato no cargado,william90@example.org,App,3939,45-54
7515565008,Kathleen,Gill,28,Femenino,Chicago,Medio,4,17.64,No,Sí,Carnes,No,Dato no cargado,barbara88@example.com,Efectivo,2529,25-34
8362261450,Jason,Graham,42,Masculino,Chicago,Muy Alto,9,103.13,Sí,No,Vegano,Sí,315.850.9602x093,Dato no cargado,App,15113,35-44
2301072326,Courtney,Brown,43,Femenino,Chicago,Medio,5,13.42,Sí,No,Vegetariano,No,Dato no cargado,Dato no cargado,App,3313,35-44
8766902671,Ryan,Mckenzie,49,Masculino,Chicago,Medio,3,11.84,Sí,Sí,Carnes,No,+1-732-749-9889x613,gregory28@example.com,Tarjeta,3441,45-54
3022175213,Duane,Patterson,31,Masculino,Chicago,Muy Alto,10,6.74,No,Sí,Carnes,Sí,+1-395-427-4020x13829,Dato no cargado,Efectivo,15233,25-34
1948262046,Brent,Bradley,62,Masculino,Chicago,Medio,4,27.98,No,Sí,Carnes,No,Dato no cargado,Dato no cargado,App,1919,55-64
2387414613,Tiffany,Johnson,68,Femenino,Chicago,Bajo,3,9.58,Sí,Sí,Vegetariano,No,+1-265-579-6861x236,Dato no cargado,App,869,65-80
3367704310,Wendy,Thomas,29,Femenino,Chicago,Medio,4,22.46,No,No,Vegetariano,No,+1-536-602-1870x477,Dato no cargado,Efectivo,2191,25-34
4760385504,Kyle,Carroll,74,Masculino,Chicago,Bajo,3,9.56,Sí,No,Vegetariano,No,382.994.6230x04640,Dato no cargado,Efectivo,821,65-80
2401321791,Alexander,Patterson,79,Masculino,Chicago,Medio,4,9.46,No,Sí,Vegano,No,Dato no cargado,mcgrathdakota@example.org,App,2696,65-80
8824192025,Cody,Bailey,72,Masculino,Chicago,Alto,6,11.62,Sí,Sí,Pescado,Sí,272-415-5482,Dato no cargado,Tarjeta,3998,65-80
8042650940,Craig,Smith,67,Masculino,Chicago,Alto,5,53.1,No,Sí,Pescado,Sí,643-253-3306,joseph55@example.com,Efectivo,6184,65-80
7786222794,Jamie,Jones,36,Femenino,Chicago,Medio,4,19.57,No,Sí,Carnes,Sí,330.861.2668x51879,Dato no cargado,Tarjeta,2172,35-44
1600566083,Valerie,Lee,19,Femenino,Chicago,Alto,6,26.56,No,Sí,Otro,Sí,448-853-9109x9426,Dato no cargado,App,4596,18-24
2495016079,Megan,Lee,68,Femenino,Chicago,Bajo,1,7.15,No,Sí,No informado,No,924-749-4384x6984,yweber@example.com,App,908,65-80
9510952234,Carolyn,Mason,71,Femenino,Chicago,Alto,6,8.8,No,Sí,Pescado,Sí,(761)631-8298x85319,marissa89@example.com,Efectivo,5246,65-80
7102211781,Adam,Sherman,35,Masculino,Chicago,Muy Alto,7,13.66,No,Sí,Mariscos,Sí,531.414.5913x044,Dato no cargado,Efectivo,14296,35-44
5375354357,Linda,Anderson,33,Femenino,Chicago,Medio,5,8.61,Sí,Sí,Vegetariano,No,2595454728,angelawhite@example.net,App,2960,25-34
6248947770,Julie,Ferguson,25,Femenino,Chicago,Medio,5,26.68,No,Sí,Pescado,No,Dato no cargado,gmorris@example.net,Tarjeta,1809,25-34
9229145004,Steve,Tyler,69,Masculino,Chicago,Muy Alto,6,78.84,Sí,No,No informado,Sí,202.261.0969,Dato no cargado,Efectivo,12088,65-80
6321174377,Diana,Maynard,55,Femenino,Chicago,Bajo,2,6.65,Sí,Sí,Carnes,No,Dato no cargado,huertahunter@example.org,Tarjeta,1279,55-64
3150162284,Mario,Cook,24,Masculino,Chicago,Bajo,2,8.95,No,Sí,Carnes,No,Dato no cargado,Dato no cargado,Tarjeta,1466,18-24
7121713134,Lauren,Murphy,72,Femenino,Chicago,Alto,4,23.93,No,No,Vegetariano,No,Dato no cargado,Dato no cargado,Tarjeta,5364,65-80
6472086746,Kendra,Mora,30,Femenino,Chicago,Muy Alto,7,29.57,No,Sí,Carnes,Sí,Dato no cargado,Dato no cargado,App,13388,25-34
3006112966,Tracy,Miller,65,Masculino,Chicago,Alto,6,30.95,No,Sí,Mariscos,Sí,(458)716-8637x604,Dato no cargado,App,8663,65-80
1277683972,Bernard,Davis,66,Masculino,Chicago,Bajo,1,6.96,No,Sí,Mariscos,No,325-960-0599x271,Dato no cargado,Efectivo,1498,65-80
1125791798,Dean,Ramirez,34,Masculino,Chicago,Bajo,2,7.88,Sí,No,Carnes,No,Dato no cargado,Dato no cargado,Efectivo,1116,25-34
9775430744,Cindy,Torres,44,Femenino,Chicago,Medio,5,7.99,No,No,Vegetariano,Sí,Dato no cargado,Dato no cargado,Tarjeta,1741,35-44
7486045851,Carlos,Cook,23,Masculino,Chicago,Alto,5,27.49,Sí,Sí,Mariscos,Sí,5773408534,Dato no cargado,App,7007,18-24
4353200746,Angela,Cox,71,Femenino,Chicago,Alto,4,23.19,No,Sí,Mariscos,Sí,+1-327-751-4899x4021,vwest@example.org,Tarjeta,8186,65-80
9315926417,Laura,Howard,77,Femenino,Chicago,Medio,4,6.15,Sí,Sí,Mariscos,No,Dato no cargado,Dato no cargado,App,2311,65-80
2947232305,William,Fuller,79,Masculino,Chicago,Alto,6,36.16,Sí,No,Mariscos,No,Dato no cargado,Dato no cargado,Efectivo,6698,65-80
4668522545,Timothy,Haley,33,Masculino,Chicago,Medio,5,25.66,Sí,No,Carnes,Sí,994.201.7290x891,sandrasanchez@example.com,Efectivo,3125,25-34
4333330668,Jonathan,Mcconnell,52,Masculino,Chicago,Alto,4,22.05,No,No,Pescado,No,001-969-767-4052x07863,Dato no cargado,Efectivo,8468,45-54
9906016729,Jamie,Gould,59,Masculino,Chicago,Medio,2,20.98,Sí,Sí,Carnes,No,Dato no cargado,Dato no cargado,App,2752,55-64
5145032329,Debra,Norton,21,Femenino,Chicago,Alto,6,52.95,Sí,Sí,Carnes,Sí,766-951-3408x0095,Dato no cargado,Tarjeta,5941,18-24
4192791245,Sarah,Hernandez,70,Femenino,Chicago,Muy Alto,6,10.58,No,Sí,Carnes,Sí,(801)808-0354,Dato no cargado,App,11190,65-80
7129511050,Cynthia,Pham,55,Femenino,Chicago,Alto,6,5.29,No,No,Vegano,Sí,Dato no cargado,justinbutler@example.org,Efectivo,6619,55-64
2880657409,Natalie,Mann,37,Femenino,Chicago,Muy Alto,7,47.74,Sí,Sí,Carnes,Sí,Dato no cargado,Dato no cargado,Efectivo,14709,35-44
9876704672,Richard,Allison,45,Masculino,Chicago,Medio,4,11.74,No,Sí,Vegetariano,No,438-208-5554x597,lisa60@example.com,App,2613,45-54
5666005361,Michelle,Howard,53,Femenino,Chicago,Muy Alto,8,73.38,Sí,Sí,Mariscos,Sí,Dato no cargado,qrodriguez@example.net,App,14528,45-54
6054678460,Ruben,Rodriguez,26,Masculino,Chicago,Medio,5,6.04,No,Sí,No informado,Sí,+1-498-676-7052x36287,emilymartinez@example.com,Efectivo,1800,25-34
8804564187,Nicholas,Miller,77,Masculino,Chicago,Muy Alto,7,36.22,Sí,No,Carnes,Sí,Dato no cargado,Dato no cargado,Tarjeta,10802,65-80
4608057383,Jonathan,Cruz,54,Masculino,Chicago,Alto,6,57.39,Sí,Sí,Mariscos,Sí,2313835818,gnelson@example.net,App,4024,45-54
7297011791,Nicholas,Stewart,48,Masculino,Chicago,Medio,4,24.7,Sí,Sí,Carnes,No,Dato no cargado,beckergabrielle@example.net,App,2255,45-54
5371842591,Ashley,Grant,41,Femenino,Chicago,Muy Alto,5,26.78,Sí,Sí,Carnes,Sí,881.567.7647x85927,Dato no cargado,App,13695,35-44
6049646750,Ashley,Allen,56,Femenino,Chicago,Alto,6,22.8,No,Sí,Vegano,Sí,Dato no cargado,Dato no cargado,Efectivo,6933,55-64
5851463945,Valerie,Jones,51,Femenino,Chicago,Medio,5,11.26,No,No,Mariscos,No,769.982.7881x2853,Dato no cargado,Efectivo,1626,45-54
5683650794,Paul,Medina,49,Masculino,Chicago,Muy Alto,7,6.9,No,No,Carnes,Sí,+1-674-267-2198x221,catherinewoods@example.org,Efectivo,17854,45-54
7923014252,Rodney,Whitehead,49,Masculino,Chicago,Alto,5,6.66,Sí,Sí,Vegetariano,Sí,Dato no cargado,Dato no cargado,Tarjeta,4781,45-54
2896412521,Scott,Harvey,25,Masculino,Chicago,Muy Alto,10,9.32,Sí,Sí,Vegano,Sí,001-210-720-2052x4812,Dato no cargado,App,12851,25-34
3357731126,Bradley,Orr,79,Masculino,Chicago,Alto,5,13.6,No,Sí,Carnes,Sí,Dato no cargado,Dato no cargado,Tarjeta,6954,65-80
6131986440,Justin,King,21,Masculino,Chicago,Alto,4,52.61,Sí,Sí,Carnes,No,Dato no cargado,ylewis@example.net,Efectivo,7735,18-24
7266703729,Ashley,Stark,71,Femenino,Chicago,Medio,4,20.97,No,No,No informado,No,Dato no cargado,Dato no cargado,Efectivo,2389,65-80
6264784119,Bryan,Wilson,28,Masculino,Chicago,Alto,4,33.02,Sí,Sí,Carnes,No,538.571.5868,hunterdavis@example.net,Efectivo,4212,25-34
1162773838,Brittany,Taylor,51,Femenino,Chicago,Bajo,0,0.0,Sí,No,Vegetariano,No,708.481.4674,Dato no cargado,Tarjeta,1201,45-54
4518779153,Benjamin,Beltran,25,Masculino,Chicago,Alto,5,37.74,No,Sí,Carnes,No,Dato no cargado,Dato no cargado,Efectivo,5802,25-34
7417551985,Mark,Ellis,67,Masculino,Chicago,Muy Alto,9,35.92,No,Sí,Carnes,Sí,Dato no cargado,marygriffith@example.net,App,15840,65-80
1252199807,William,Rojas,29,Masculino,Chicago,Alto,5,15.95,Sí,Sí,Vegano,Sí,(640)271-5767x9031,fpowell@example.net,Tarjeta,6851,25-34
2905452099,Danny,Watkins,76,Masculino,Chicago,Muy Alto,7,80.52,Sí,No,Mariscos,Sí,397-208-2947,robert74@example.org,Efectivo,14426,65-80
7801180691,Amber,Barnes,69,Femenino,Chicago,Bajo,3,5.07,No,Sí,Vegano,No,530.373.6672x989,Dato no cargado,Tarjeta,948,65-80
6575109287,Derrick,Brown,56,Masculino,Chicago,Alto,5,13.29,No,Sí,Vegano,Sí,(394)587-0798,jeremy00@example.org,Efectivo,8073,55-64
9459116455,Jeffrey,Smith,66,Masculino,Chicago,Alto,6,50.4,Sí,Sí,Carnes,Sí,+1-394-454-3187x7865,Dato no cargado,Tarjeta,5365,65-80
1591756286,Jasmin,Hickman,43,Femenino,Chicago,Medio,3,18.52,No,Sí,Carnes,Sí,605.313.2843x7365,ghaynes@example.net,Efectivo,2893,35-44
1069027317,Jo,Brown,63,Femenino,Chicago,Alto,4,44.36,Sí,No,Mariscos,Sí,5232000500,Dato no cargado,Efectivo,8525,55-64
8623372888,Brandon,Robinson,23,Masculino,Chicago,Medio,4,24.39,Sí,Sí,Carnes,No,498.938.9523,Dato no cargado,App,3492,18-24
3979507921,Carl,Mclean,65,Masculino,Chicago,Alto,4,32.955,No,Sí,Mariscos,No,Dato no cargado,Dato no cargado,Efectivo,5788,65-80
9928431740,Eric,Cummings,20,Masculino,Chicago,Muy Alto,7,45.8,No,Sí,Carnes,Sí,(990)554-7602x62584,paulvance@example.org,App,12316,18-24
1963404085,Jennifer,Mccall,58,Femenino,Chicago,Muy Alto,10,78.22,No,Sí,Mariscos,Sí,(396)962-5151,Dato no cargado,App,12780,55-64
5058899988,Samantha,Lawrence,73,Femenino,Chicago,Medio,3,10.98,No,Sí,Carnes,No,Dato no cargado,jacob87@example.net,Tarjeta,2019,65-80
1741832283,Mitchell,Mitchell,49,Masculino,Chicago,Medio,2,6.9,No,Sí,Otro,No,328-348-6137,Dato no cargado,App,2990,45-54
1807174408,Kaitlin,Davis,53,Femenino,Chicago,Muy Alto,7,13.7,Sí,Sí,Mariscos,No,Dato no cargado,bushjudy@example.net,App,15640,45-54
1392574404,Sabrina,Oliver,33,Femenino,Chicago,Alto,5,8.39,Sí,No,Otro,Sí,Dato no cargado,victoriawilliams@example.net,Efectivo,5057,25-34
8502753037,Adam,Smith,39,Masculino,Chicago,Muy Alto,9,94.8,Sí,No,Vegano,Sí,(756)732-4088,michaelbryan@example.com,Efectivo,11381,35-44
2742972475,Ryan,Nixon,61,Masculino,Chicago,Muy Alto,10,26.85,Sí,No,Carnes,Sí,(380)265-3876,brownjeffrey@example.net,App,14781,55-64
2957579670,Sandra,Nelson,26,Femenino,Chicago,Muy Alto,9,81.61,No,Sí,Pescado,Sí,(976)441-5813x2210,Dato no cargado,Tarjeta,9448,25-34
1615206079,Joann,Perkins,36,Femenino,Chicago,Alto,6,5.08,Sí,No,Vegetariano,Sí,837.727.8666x0795,scott11@example.org,App,7785,35-44
3013367681,Bradley,Black,47,Masculino,Chicago,Alto,5,10.96,Sí,No,Otro,No,638-396-0423,Dato no cargado,Tarjeta,6621,45-54
9261936907,Robert,Richardson,23,Masculino,Chicago,Muy Alto,5,47.93,Sí,Sí,Carnes,Sí,(300)506-4314x9318,Dato no cargado,App,15812,18-24
2783209739,Raven,Phillips,64,Femenino,Chicago,Medio,5,14.92,Sí,No,Mariscos,Sí,Dato no cargado,Dato no cargado,Tarjeta,2398,55-64
9908203906,Kristen,Carpenter,31,Femenino,Chicago,Medio,4,8.54,No,Sí,Vegetariano,No,Dato no cargado,Dato no cargado,Criptomoneda,2382,25-34
1180232446,Gary,Mcguire,28,Masculino,Chicago,Medio,4,28.25,Sí,Sí,Otro,No,Dato no cargado,james19@example.net,Tarjeta,2291,25-34
4429677390,Paul,Henderson,56,Masculino,Chicago,Medio,2,22.48,Sí,No,Carnes,No,+1-548-636-7861x0985,wbrown@example.net,App,2732,55-64
3223687972,Wanda,Erickson,59,Femenino,Chicago,Medio,3,13.91,No,No,No informado,Sí,Dato no cargado,Dato no cargado,Efectivo,3475,55-64
6609001134,Cesar,Arellano,44,Masculino,Chicago,Bajo,0,0.0,Sí,No,Vegetariano,No,807-379-0286x719,Dato no cargado,Criptomoneda,1550,35-44
7356389526,Gregory,Roberts,60,Masculino,Chicago,Alto,6,46.65,Sí,No,Mariscos,Sí,Dato no cargado,csmith@example.org,Efectivo,5272,55-64
5454064409,Alexandria,Nelson,70,Femenino,Chicago,Alto,5,56.3,Sí,Sí,Pescado,No,(891)831-0989x5992,ramirezangela@example.org,Tarjeta,5100,65-80
3105824567,Stephanie,Gibson,57,Femenino,Chicago,Alto,4,12.63,No,Sí,Mariscos,Sí,711.343.1500,benjamincallahan@example.com,Efectivo,8823,55-64
7334044046,Jessica,Graham,42,Femenino,Chicago,Alto,4,23.31,No,Sí,Vegetariano,Sí,001-895-678-1922x3745,Dato no cargado,Tarjeta,7885,35-44
4017419758,Carl,Thompson,28,Masculino,Chicago,Muy Alto,5,25.92,No,Sí,Pescado,Sí,Dato no cargado,Dato no cargado,Tarjeta,9041,25-34
4290574162,Jennifer,Green,58,Femenino,Chicago,Muy Alto,6,96.83,Sí,Sí,Pescado,Sí,Dato no cargado,michaelosborne@example.net,Efectivo,13356,55-64
6305545090,Joshua,Simmons,34,Masculino,Chicago,Medio,2,17.5,No,Sí,Vegetariano,No,(658)942-1889x612,browngregory@example.com,App,3041,25-34
2288928005,Meghan,Boone,23,Femenino,Chicago,Alto,5,22.89,Sí,Sí,Carnes,No,403-286-4589x1903,Dato no cargado,Efectivo,4623,18-24
6048175932,Rebecca,Mcneil,36,Femenino,Chicago,Alto,4,25.47,Sí,Sí,Vegano,Sí,(995)697-6736x1109,craignathan@example.com,Efectivo,6521,35-44
3994843857,Maria,James,62,Femenino,Chicago,Muy Alto,6,67.77,Sí,Sí,Carnes,Sí,Dato no cargado,heatherharrison@example.org,App,15297,55-64
4389957422,Terry,Chen,66,Masculino,Chicago,Medio,3,27.34,Sí,Sí,Vegano,No,2809056016,Dato no cargado,Efectivo,1645,65-80
2377246195,Amanda,Barrett,25,Femenino,Chicago,Alto,4,8.51,No,Sí,Otro,Sí,Dato no cargado,Dato no cargado,Efectivo,8759,25-34
2741435254,Jonathan,Watkins,46,Masculino,Chicago,Alto,4,47.3,No,Sí,Otro,Sí,Dato no cargado,gregorystephanie@example.com,Tarjeta,6758,45-54
1414678103,Paul,Payne,72,Masculino,Chicago,Bajo,1,6.42,Sí,No,Carnes,No,001-620-606-5038x9030,jorgetaylor@example.com,App,1383,65-80
6643416067,Jonathan,Morales,26,Masculino,Chicago,Alto,5,16.45,No,Sí,Vegano,Sí,(441)313-1489x3059,Dato no cargado,Efectivo,7924,25-34
2515744164,Kristen,Murphy,30,Femenino,Chicago,Medio,3,18.57,No,Sí,Vegano,No,876-261-4440,fgilbert@example.net,Efectivo,1900,25-34
6419009717,Jonathon,Fleming,75,Masculino,Chicago,Medio,3,16.2,Sí,No,Pescado,No,Dato no cargado,daniellehess@example.net,App,2014,65-80
1452251749,Mary,Bates,68,Femenino,Chicago,Muy Alto,5,41.82,Sí,Sí,Mariscos,Sí,6538196092,Dato no cargado,Efectivo,11593,65-80
7120270725,Mitchell,Medina,18,Masculino,Chicago,Alto,6,37.99,No,Sí,Vegano,Sí,458.898.0241x35890,david93@example.org,Efectivo,4935,18-24
6911557560,Kimberly,Scott,32,Femenino,Chicago,Bajo,1,8.5,No,No,Mariscos,No,Dato no cargado,julie38@example.net,Efectivo,1500,25-34
6051628882,Marie,Roth,19,Femenino,Chicago,Medio,2,20.93,No,Sí,Carnes,No,(955)612-7116,bethsanchez@example.net,Tarjeta,2886,18-24
5604092022,Michelle,Russell,28,Femenino,Chicago,Muy Alto,10,68.46,Sí,Sí,Carnes,Sí,Dato no cargado,cindy02@example.com,Tarjeta,17711,25-34
6829679552,Brenda,Gonzalez,26,Femenino,Chicago,Medio,5,27.97,No,Sí,Otro,No,+1-907-660-7881x4923,melissa96@example.net,App,2720,25-34
1356883272,Randy,Wilson,24,Masculino,Chicago,Alto,6,20.36,Sí,Sí,Mariscos,Sí,+1-324-706-8025x15717,Dato no cargado,Tarjeta,5807,18-24
4693510920,Joshua,Graves,49,Masculino,Chicago,Bajo,2,6.37,Sí,No,Mariscos,No,Dato no cargado,Dato no cargado,Efectivo,819,45-54
2065031404,Destiny,Dixon,68,Femenino,Chicago,Muy Alto,7,80.17,Sí,Sí,Vegetariano,Sí,2147698131,Dato no cargado,Efectivo,11774,65-80
3199900930,Lisa,Gentry,77,Femenino,Chicago,Muy Alto,6,47.89,Sí,No,No informado,Sí,Dato no cargado,npham@example.net,Tarjeta,17833,65-80
7442920663,Leonard,Brown,64,Masculino,Chicago,Muy Alto,8,85.72,Sí,Sí,Mariscos,Sí,Dato no cargado,robertobautista@example.com,App,10798,55-64
8915869081,Allen,Harrison,19,Masculino,Chicago,Bajo,2,7.6,No,Sí,Otro,No,Dato no cargado,njackson@example.org,Efectivo,1358,18-24
9351765086,Nathan,Clark,72,Masculino,Chicago,Muy Alto,7,6.82,Sí,No,Carnes,Sí,Dato no cargado,pedromiles@example.net,App,13485,65-80
5662174676,Corey,Henderson,80,Masculino,Chicago,Bajo,1,8.91,Sí,Sí,Mariscos,No,Dato no cargado,Dato no cargado,Tarjeta,1237,65-80
9862976486,Luke,Curry,57,Masculino,Chicago,Bajo,0,0.0,Sí,No,Vegetariano,No,Dato no cargado,vincentmccullough@example.org,Tarjeta,1225,55-64
4128625791,Todd,Brown,50,Masculino,Chicago,Medio,5,24.77,Sí,No,No informado,No,Dato no cargado,mark28@example.com,Efectivo,2116,45-54
3928011361,Danielle,Li,40,Femenino,Chicago,Bajo,2,6.63,No,Sí,Mariscos,No,Dato no cargado,Dato no cargado,Efectivo,1293,35-44
1872745172,Travis,Williamson,28,Masculino,Chicago,Alto,5,41.0,No,Sí,Carnes,No,427.878.9268x290,Dato no cargado,Efectivo,4663,25-34
2899488748,Kenneth,Lewis,22,Masculino,Chicago,Alto,6,38.82,Sí,Sí,Carnes,Sí,829.901.0316x14910,smithdavid@example.com,Efectivo,6138,18-24
7483366056,Stephanie,Reed,65,Femenino,Chicago,Alto,5,35.68,Sí,No,Vegetariano,Sí,+1-666-396-4463x34275,Dato no cargado,App,3943,65-80
6998828419,Manuel,Davis,38,Masculino,Chicago,Medio,4,29.49,Sí,No,Mariscos,No,756.752.8574x804,Dato no cargado,Tarjeta,3111,35-44
2085885792,Joseph,Rogers,43,Masculino,Chicago,Bajo,0,0.0,No,Sí,No informado,No,Dato no cargado,xgreen@example.com,App,1057,35-44
5174015719,Christopher,Estes,49,Masculino,Chicago,Alto,4,9.92,Sí,Sí,Vegano,Sí,Dato no cargado,nicole68@example.com,Efectivo,3614,45-54
8415300767,Charles,Herrera,55,Masculino,Chicago,Alto,4,28.0,No,Sí,Mariscos,No,Dato no cargado,epratt@example.org,Efectivo,6318,55-64
1921171206,Joshua,Jimenez,59,Masculino,Chicago,Medio,4,24.24,Sí,Sí,Otro,No,Dato no cargado,Dato no cargado,Tarjeta,2869,55-64
7855383664,David,Sanchez,27,Masculino,Chicago,Alto,6,24.41,No,Sí,Carnes,No,Dato no cargado,jjohnson@example.com,App,4871,25-34
1659402725,Eric,Mitchell,72,Masculino,Chicago,Bajo,0,0.0,Sí,No,No informado,No,(482)748-7761x557,xpatel@example.org,Efectivo,1075,65-80
6124128956,Alexander,Levine,51,Masculino,Chicago,Medio,5,25.5,Sí,No,Vegetariano,No,375-967-5008x2306,Dato no cargado,Efectivo,1868,45-54
5235541974,John,Graham,41,Masculino,Chicago,Bajo,2,8.53,Sí,No,Vegano,No,(837)692-0347x1097,Dato no cargado,App,821,35-44
4083359279,Alex,Woodward,49,Masculino,Chicago,Alto,5,31.61,No,Sí,Vegetariano,Sí,Dato no cargado,Dato no cargado,App,8003,45-54
1706665083,Thomas,Stevens,24,Masculino,Chicago,Bajo,1,6.29,Sí,Sí,Otro,No,399.702.2096,fpearson@example.org,Tarjeta,1019,18-24
1570006006,Sean,Jimenez,66,Masculino,Chicago,Alto,4,42.19,Sí,Sí,Carnes,No,Dato no cargado,gutierrezlori@example.net,Efectivo,6309,65-80
9503597301,Rebecca,Reid,59,Femenino,Chicago,Medio,5,12.57,No,Sí,Carnes,Sí,Dato no cargado,christinabaldwin@example.net,Efectivo,1933,55-64
6117404598,Justin,Smith,38,Masculino,Chicago,Alto,5,39.55,Sí,Sí,Vegetariano,Sí,Dato no cargado,Dato no cargado,App,7266,35-44
3731502219,Patricia,Patterson,21,Femenino,Chicago,Bajo,3,8.81,No,Sí,Pescado,No,Dato no cargado,Dato no cargado,App,936,18-24
2203038781,Bradley,Morales,46,Masculino,Chicago,Bajo,3,9.13,No,Sí,Pescado,No,001-591-226-3787,Dato no cargado,Efectivo,1352,45-54
4002317824,David,Chung,41,Masculino,Chicago,Medio,2,7.46,Sí,No,Vegano,No,841.931.9305x0069,karenmorgan@example.net,App,2140,35-44
9702802741,Rachel,Hernandez,23,Femenino,Chicago,Medio,5,19.16,No,Sí,Mariscos,No,+1-654-717-2692x219,Dato no cargado,App,3296,18-24
7531513968,Jessica,Adams,53,Femenino,Chicago,Muy Alto,7,17.78,Sí,Sí,Carnes,Sí,(935)648-3534x435,kathyjackson@example.net,App,12955,45-54
8410083072,Charlene,Harris,72,Femenino,Chicago,Medio,2,13.9,Sí,No,Pescado,No,844-392-9238x954,theresareed@example.org,Efectivo,2504,65-80
6413230684,Anthony,Kirby,75,Masculino,Chicago,Bajo,2,7.97,No,No,Carnes,No,305-588-8781x252,susan42@example.com,Efectivo,1412,65-80
1656126124,Shirley,Cooper,28,Femenino,Chicago,Bajo,0,0.0,No,Sí,Carnes,No,400-213-8826x52518,brettmatthews@example.net,App,1469,25-34
3667942069,Russell,Alexander,18,Masculino,Chicago,Medio,3,9.56,Sí,No,Vegetariano,No,Dato no cargado,Dato no cargado,Tarjeta,2178,18-24
8745652908,Laura,Calderon,40,Femenino,Chicago,Bajo,1,8.35,Sí,Sí,Carnes,No,Dato no cargado,jessicathompson@example.com,App,1042,35-44
5880145797,Timothy,Rhodes,53,Masculino,Chicago,Bajo,0,0.0,Sí,Sí,Carnes,No,Dato no cargado,Dato no cargado,Efectivo,1254,45-54
9362506777,Paul,Mcgee,71,Masculino,Chicago,Alto,6,45.22,Sí,No,Vegano,Sí,001-359-543-4757x101,debbie80@example.com,Efectivo,4020,65-80
4290414320,Rebecca,Nguyen,75,Femenino,Chicago,Bajo,3,9.1,No,No,Carnes,No,Dato no cargado,Dato no cargado,Efectivo,863,65-80
4301805593,Sonia,Nicholson,37,Femenino,Chicago,Alto,5,55.98,Sí,No,Pescado,Sí,+1-952-771-5004x51399,khamilton@example.net,App,5882,35-44
8527715219,Sean,Spears,58,Masculino,Chicago,Medio,2,22.56,No,No,Pescado,No,001-294-975-7244,Dato no cargado,Efectivo,3128,55-64
7878818522,Drew,Turner,28,Masculino,Chicago,Bajo,2,8.42,No,Sí,Carnes,No,Dato no cargado,harriscrystal@example.net,Efectivo,1327,25-34
4387166452,Steven,White,61,Masculino,Chicago,Alto,4,8.32,No,Sí,Pescado,Sí,001-546-242-9213x4747,Dato no cargado,Tarjeta,7826,55-64
4137153076,Kayla,Shields,41,Femenino,Chicago,Alto,6,13.74,Sí,No,Vegano,Sí,Dato no cargado,Dato no cargado,Tarjeta,6903,35-44
5759761714,Barry,Manning,57,Masculino,Chicago,Medio,2,8.85,No,Sí,Otro,No,637-854-3310x870,Dato no cargado,Efectivo,1663,55-64
9039661288,Seth,Montgomery,58,Masculino,Chicago,Muy Alto,5,13.31,Sí,Sí,Vegetariano,Sí,(539)296-2380x888,cameron98@example.net,Efectivo,10775,55-64
1047980874,Sean,Stanton,59,Masculino,Chicago,Bajo,2,6.38,No,Sí,Otro,No,2199892204,Dato no cargado,App,1561,55-64
3476221045,Eddie,Deleon,30,Masculino,Chicago,Medio,2,15.83,No,Sí,Pescado,No,+1-780-857-9300x186,Dato no cargado,Efectivo,1891,25-34
7286152640,Daniel,White,66,Masculino,Chicago,Medio,4,18.52,No,Sí,Vegetariano,No,Dato no cargado,simpsonhoward@example.org,Efectivo,2314,65-80
8979441020,Corey,Horne,56,Masculino,Chicago,Muy Alto,5,9.66,Sí,No,Otro,Sí,Dato no cargado,Dato no cargado,Efectivo,9180,55-64
4474875888,John,Bond,25,Masculino,Chicago,Muy Alto,9,51.24,No,Sí,Vegano,No,Dato no cargado,alan38@example.com,App,14357,25-34
9611033518,Edward,Montgomery,30,Masculino,Chicago,Medio,4,29.49,Sí,Sí,Mariscos,Sí,001-595-465-1752x0864,Dato no cargado,App,2456,25-34
3641461201,Michael,Gates,33,Masculino,Chicago,Medio,5,12.06,No,No,Vegetariano,No,845-806-8313,Dato no cargado,Efectivo,2096,25-34
8995045543,William,Moran,58,Masculino,Chicago,Medio,5,15.27,No,Sí,Otro,No,7128966333,Dato no cargado,Tarjeta,1777,55-64
5680777433,Drew,Kane,27,Masculino,Chicago,Alto,6,49.78,No,Sí,Carnes,Sí,Dato no cargado,hillkatie@example.org,Efectivo,8680,25-34
8522080878,Andrew,Barnes,31,Masculino,Chicago,Bajo,3,9.07,No,Sí,Vegetariano,No,Dato no cargado,Dato no cargado,App,1489,25-34
5876328741,Patrick,Marsh,60,Masculino,Chicago,Alto,6,49.9,Sí,No,Carnes,Sí,Dato no cargado,Dato no cargado,App,7046,55-64
8266023817,Patrick,Berg,66,Masculino,Chicago,Medio,4,23.95,No,Sí,Otro,No,Dato no cargado,jamesdavis@example.com,Efectivo,2375,65-80
3165440111,Troy,Lee,41,Masculino,Chicago,Alto,4,27.96,No,No,Carnes,No,Dato no cargado,carterdavid@example.com,Tarjeta,6688,35-44
2026410321,Vincent,Johnson,61,Masculino,Chicago,Medio,2,15.04,No,Sí,Carnes,No,Dato no cargado,Dato no cargado,Tarjeta,2295,55-64
1005452306,Andrew,Sanchez,49,Masculino,Chicago,Medio,5,10.56,No,Sí,Mariscos,No,Dato no cargado,vsingh@example.org,Efectivo,2875,45-54
4798729163,Bryan,Rodriguez,18,Masculino,Chicago,Alto,5,30.61,Sí,Sí,Vegano,Sí,Dato no cargado,berryjon@example.com,App,8980,18-24
1201334906,Dylan,Torres,59,Masculino,Chicago,Bajo,1,8.85,No,No,Carnes,No,Dato no cargado,Dato no cargado,Tarjeta,1277,55-64
7761100005,Craig,Ballard,33,Masculino,Chicago,Bajo,2,5.61,No,No,Mariscos,No,Dato no cargado,Dato no cargado,Efectivo,817,25-34
3596720287,Tammy,Hill,42,Femenino,Chicago,Medio,4,20.09,Sí,No,Otro,No,Dato no cargado,Dato no cargado,Efectivo,2333,35-44
5512448811,Phillip,Becker,71,Masculino,Chicago,Muy Alto,8,6.95,No,Sí,Carnes,Sí,442.945.3956x0105,sandersjerry@example.org,App,15714,65-80
4091608595,Frank,Mitchell,58,Masculino,Chicago,Alto,5,55.31,Sí,Sí,Vegano,Sí,Dato no cargado,Dato no cargado,Tarjeta,4241,55-64
8631177201,Anthony,Walls,41,Masculino,Chicago,Muy Alto,10,36.82,Sí,No,Otro,Sí,Dato no cargado,iholt@example.org,Tarjeta,14131,35-44
1761588643,Danny,Gallagher,70,Masculino,Chicago,Muy Alto,10,63.38,No,Sí,Mariscos,Sí,+1-217-700-9429x2355,Dato no cargado,Tarjeta,10039,65-80
9068916300,Sarah,Schultz,63,Femenino,Chicago,Bajo,1,8.93,Sí,No,Carnes,No,Dato no cargado,Dato no cargado,App,1336,55-64
7774406867,Melanie,Jackson,41,Femenino,Chicago,Bajo,0,0.0,Sí,Sí,Mariscos,No,317-509-5204x82098,Dato no cargado,Efectivo,1564,35-44
9135903314,Heather,Farmer,54,Femenino,Chicago,Alto,6,6.83,Sí,No,Mariscos,Sí,Dato no cargado,Dato no cargado,Efectivo,6373,45-54
3476563115,Danny,Barry,18,Masculino,Chicago,Alto,6,12.57,No,Sí,Pescado,Sí,+1-520-495-8404x68876,Dato no cargado,Tarjeta,5251,18-24
6806422489,Randy,Perez,78,Masculino,Chicago,Medio,3,16.45,Sí,Sí,Vegetariano,No,Dato no cargado,amyserrano@example.net,App,3490,65-80
4241751556,Tracy,Fowler,59,Femenino,Chicago,Muy Alto,10,101.34,No,No,Pescado,Sí,Dato no cargado,Dato no cargado,App,13403,55-64
7699971723,Melissa,Day,56,Femenino,Chicago,Alto,4,13.19,No,No,Carnes,No,+1-915-987-3965x6577,Dato no cargado,App,4458,55-64
9156301387,Brianna,Smith,39,Femenino,Chicago,Alto,4,52.63,Sí,Sí,Mariscos,Sí,+1-426-219-6761x4101,wbenitez@example.org,App,7420,35-44
8741304368,Michael,Ruiz,27,Masculino,Chicago,Bajo,2,5.62,No,Sí,Vegano,No,7764648854,sullivanvickie@example.com,Efectivo,851,25-34
2838321816,Tina,Smith,75,Femenino,Chicago,Alto,5,52.09,No,No,Pescado,Sí,(588)708-3382x4209,Dato no cargado,Efectivo,3832,65-80
4327357022,Kari,Phillips,69,Femenino,Chicago,Alto,5,28.89,Sí,Sí,Carnes,No,Dato no cargado,zalvarado@example.net,Efectivo,5995,65-80
1715110804,Sonya,Hall,19,Femenino,Chicago,Bajo,2,7.43,Sí,Sí,Vegetariano,No,Dato no cargado,Dato no cargado,Efectivo,1024,18-24
5737564340,Andrea,Rivera,33,Femenino,Chicago,Muy Alto,10,31.13,No,No,Carnes,Sí,354.313.5940x283,dylan54@example.com,Efectivo,14330,25-34
6580427322,Raymond,Mcdowell,43,Masculino,Chicago,Muy Alto,9,27.4,Sí,Sí,Otro,No,Dato no cargado,Dato no cargado,App,11981,35-44
3919315148,Jamie,Rogers,36,Femenino,Chicago,Medio,3,11.91,Sí,No,Mariscos,No,Dato no cargado,Dato no cargado,Efectivo,2239,35-44
4408903107,Rachel,Middleton,30,Femenino,Chicago,Medio,2,21.39,No,Sí,Mariscos,No,Dato no cargado,walkerlisa@example.org,Efectivo,3281,25-34
9264377780,Jessica,Thompson,56,Femenino,Chicago,Muy Alto,5,61.67,No,No,Vegetariano,Sí,608-508-1898,Dato no cargado,Tarjeta,17672,55-64
4147069306,Garrett,Sanchez,65,Masculino,Chicago,Medio,3,6.32,Sí,No,No informado,No,Dato no cargado,Dato no cargado,Efectivo,2975,65-80
9769466392,Alyssa,Campos,27,Femenino,Chicago,Medio,3,12.04,No,No,Vegano,No,Dato no cargado,Dato no cargado,Tarjeta,1655,25-34
1839522247,Erik,Johnson,29,Masculino,Chicago,Muy Alto,8,54.53,Sí,Sí,Vegetariano,Sí,001-293-618-9509,bhoward@example.org,App,12955,25-34
1791382644,Brandon,Beck,38,Masculino,Chicago,Medio,5,18.02,No,Sí,Vegetariano,No,659-237-8153x05526,powersjose@example.org,Tarjeta,1865,35-44
8233192374,Kelly,Petersen,44,Femenino,Chicago,Muy Alto,7,85.82,No,Sí,Vegetariano,Sí,(661)695-5102x3591,Dato no cargado,Efectivo,12242,35-44
1159071944,Julia,Hale,62,Femenino,Chicago,Medio,4,25.21,No,Sí,Mariscos,No,Dato no cargado,luisweber@example.net,Efectivo,1678,55-64
6255110825,Terry,Navarro,33,Masculino,Chicago,Alto,6,36.39,No,Sí,Otro,Sí,+1-214-332-7817x740,oconnorjason@example.com,Tarjeta,7461,25-34
6821113146,Molly,Chapman,77,Femenino,Chicago,Alto,4,29.68,Sí,No,Vegetariano,Sí,513-694-6313x63248,Dato no cargado,App,7176,65-80
9266605491,Kelsey,Flores,45,Femenino,Chicago,Alto,4,45.9,Sí,Sí,Mariscos,Sí,(963)572-1858,rwilliams@example.org,Tarjeta,8565,45-54
7798241428,Steven,Tanner,42,Masculino,Chicago,Alto,4,22.9,No,Sí,Mariscos,Sí,710.235.0871x40291,holly97@example.org,Efectivo,4915,35-44
1502393558,Tammy,Sullivan,76,Femenino,Chicago,Medio,5,29.96,Sí,Sí,Vegano,No,+1-486-645-0098x317,Dato no cargado,Efectivo,1804,65-80
5749236808,Kristin,Meyers,19,Femenino,Chicago,Medio,4,29.29,Sí,Sí,Vegetariano,No,Dato no cargado,daniel24@example.com,App,1847,18-24
3066770841,Danielle,Barton,29,Femenino,Chicago,Alto,4,42.03,No,No,Carnes,Sí,491-456-5151,kgrant@example.net,Tarjeta,4271,25-34
2994047442,Amy,Branch,31,Femenino,Chicago,Medio,5,22.3,Sí,No,Vegetariano,No,001-868-651-9374x983,rrichardson@example.net,Efectivo,3325,25-34
8109891300,Cathy,Reeves,64,Femenino,Chicago,Medio,5,25.39,No,No,Carnes,No,Dato no cargado,Dato no cargado,Tarjeta,3075,55-64
6676450587,Matthew,Kelley,50,Masculino,Chicago,Medio,4,21.53,No,Sí,Vegetariano,No,Dato no cargado,Dato no cargado,Tarjeta,3308,45-54
2212069537,Aaron,Chavez,32,Masculino,Chicago,Alto,4,17.21,No,Sí,Carnes,Sí,Dato no cargado,Dato no cargado,App,8820,25-34
2881342606,Mary,King,21,Femenino,Chicago,Alto,5,16.54,Sí,Sí,Pescado,Sí,Dato no cargado,Dato no cargado,Tarjeta,5362,18-24
1641889887,Tara,Montoya,51,Femenino,Chicago,Alto,6,37.87,Sí,Sí,Pescado,Sí,001-324-548-8876,simonjulie@example.org,App,5511,45-54
7914010874,Virginia,Ruiz,37,Femenino,Chicago,Bajo,2,6.57,No,Sí,Vegetariano,No,Dato no cargado,meganhoward@example.net,Efectivo,1538,35-44
5580715652,Elizabeth,Williams,38,Femenino,Chicago,Alto,6,26.02,Sí,No,Pescado,Sí,Dato no cargado,Dato no cargado,Tarjeta,7189,35-44
7202879915,Cynthia,Mayer,31,Femenino,Chicago,Medio,5,14.01,Sí,No,Carnes,No,443.309.8506x537,arobinson@example.com,Efectivo,2386,25-34
7271837118,Christina,Schultz,27,Femenino,Chicago,Medio,2,17.02,Sí,Sí,Carnes,No,Dato no cargado,Dato no cargado,Criptomoneda,2985,25-34
5513676403,Andrew,Hunt,28,Masculino,Chicago,Alto,5,17.94,No,No,No informado,Sí,(625)319-5196x8017,Dato no cargado,Tarjeta,5880,25-34
8457268473,Veronica,Sullivan,39,Femenino,Chicago,Alto,5,36.8,Sí,Sí,Vegetariano,Sí,(937)734-0241x160,theodore81@example.org,Tarjeta,4909,35-44
3208422084,Dylan,Jackson,72,Masculino,Chicago,Bajo,2,7.72,No,No,Vegano,No,824-828-2428x14294,Dato no cargado,Efectivo,1206,65-80
3209589489,Shaun,Harris,52,Masculino,Chicago,Alto,4,9.82,Sí,No,Pescado,Sí,Dato no cargado,david80@example.com,Efectivo,6064,45-54
1911648705,Antonio,Grant,18,Masculino,Chicago,Medio,2,15.86,No,Sí,Carnes,No,966.792.3036,Dato no cargado,Efectivo,2443,18-24
2086680310,Christina,Hunt,53,Femenino,Chicago,Medio,3,8.46,No,No,Vegano,No,Dato no cargado,Dato no cargado,Efectivo,3460,45-54
9754446168,Paula,Sims,22,Femenino,Chicago,Muy Alto,7,8.93,Sí,Sí,Mariscos,Sí,Dato no cargado,wisesteven@example.org,Tarjeta,16576,18-24
3161931577,Tina,Harrington,59,Femenino,Chicago,Muy Alto,7,53.35,No,No,Vegetariano,Sí,319-693-9470x724,Dato no cargado,Tarjeta,9938,55-64
3784783625,Christopher,Munoz,66,Masculino,Chicago,Bajo,0,0.0,No,Sí,Pescado,No,+1-918-616-9304,Dato no cargado,Tarjeta,1175,65-80
3219862116,Jordan,Mccall,54,Masculino,Chicago,Medio,5,10.02,Sí,No,Otro,No,Dato no cargado,Dato no cargado,App,2063,45-54
2914554078,Ronald,Taylor,49,Masculino,Chicago,Alto,6,44.71,Sí,No,Otro,No,609-221-2963x3557,Dato no cargado,Tarjeta,5742,45-54
6124563547,Joe,Patel,73,Masculino,Chicago,Alto,5,34.38,No,No,Vegano,Sí,Dato no cargado,feliciaowens@example.net,App,8454,65-80
9292636884,Veronica,Lucero,27,Femenino,Chicago,Medio,5,12.82,Sí,Sí,Vegetariano,No,778-907-2055x2652,Dato no cargado,Tarjeta,3088,25-34
4889978691,Jason,Dean,26,Masculino,Chicago,Medio,2,5.92,No,No,Carnes,No,Dato no cargado,Dato no cargado,Efectivo,3050,25-34
2056853355,Jesse,Reed,32,Masculino,Chicago,Bajo,3,6.02,Sí,No,Pescado,No,Dato no cargado,singhrobert@example.org,App,1134,25-34
2378507697,Karen,Robles,68,Femenino,Chicago,Alto,5,59.52,Sí,No,Carnes,Sí,Dato no cargado,Dato no cargado,Tarjeta,7907,65-80
5889794652,Margaret,Rodriguez,61,Femenino,Chicago,Muy Alto,7,68.65,Sí,Sí,Vegano,Sí,Dato no cargado,cherylsullivan@example.org,Tarjeta,17550,55-64
8845255956,Dennis,Singh,76,Masculino,Chicago,Medio,2,27.66,Sí,No,Vegetariano,No,Dato no cargado,sherijoyce@example.com,Efectivo,2807,65-80
4473306055,Jennifer,Lopez,32,Femenino,Chicago,Bajo,2,6.85,Sí,Sí,Carnes,No,Dato no cargado,anitaford@example.com,App,1135,25-34
1856778208,Gregory,Jones,34,Masculino,Chicago,Bajo,1,5.31,Sí,Sí,Carnes,No,387-471-6242x13702,Dato no cargado,Tarjeta,1574,25-34
4261977356,Michael,Reynolds,47,Masculino,Chicago,Muy Alto,9,74.57,Sí,Sí,Vegetariano,Sí,(667)716-5330x50323,austinbrian@example.com,Tarjeta,11893,45-54
1891381682,Scott,Davis,74,Masculino,Chicago,Bajo,1,5.3,Sí,No,Otro,No,Dato no cargado,robertcarson@example.com,Efectivo,1195,65-80
1457988738,David,Thomas,24,Masculino,Chicago,Medio,3,26.15,No,No,Carnes,No,Dato no cargado,Dato no cargado,Tarjeta,1627,18-24
7542604726,Jonathan,Williams,27,Masculino,Chicago,Bajo,2,7.64,Sí,Sí,Vegano,No,Dato no cargado,Dato no cargado,Efectivo,1351,25-34
4287687478,Aaron,Flores,68,Masculino,Chicago,Medio,5,26.33,Sí,Sí,No informado,No,Dato no cargado,campbellerika@example.net,Tarjeta,3429,65-80
8706438472,Samantha,Stewart,80,Femenino,Chicago,Bajo,1,8.73,Sí,No,Mariscos,No,825.678.7610x0728,bethhancock@example.net,Tarjeta,1388,65-80
8696935879,Deborah,Ward,59,Femenino,Chicago,Alto,4,6.42,No,No,Carnes,Sí,(567)548-1782x7267,Dato no cargado,Efectivo,3720,55-64
5440351015,John,Brown,20,Masculino,Chicago,Medio,3,16.44,Sí,Sí,Vegano,No,Dato no cargado,Dato no cargado,Efectivo,2961,18-24
7377696905,Brian,Jones,71,Masculino,Chicago,Bajo,3,8.63,Sí,No,Vegetariano,No,001-337-465-1430,kimberlysellers@example.org,Efectivo,985,65-80
3496697192,Tina,Spencer,50,Femenino,Chicago,Medio,5,24.69,No,No,Vegano,No,Dato no cargado,Dato no cargado,Efectivo,2323,45-54
6661427336,Jamie,Jensen,34,Masculino,Chicago,Medio,4,17.66,Sí,No,Carnes,No,Dato no cargado,Dato no cargado,App,2552,25-34
5377604860,David,Gonzalez,49,Masculino,Chicago,Bajo,1,5.18,No,No,Pescado,No,Dato no cargado,olivia27@example.net,Efectivo,1394,45-54
1394235376,Eric,Hernandez,63,Masculino,Chicago,Medio,5,25.41,No,Sí,Carnes,No,Dato no cargado,Dato no cargado,Tarjeta,1966,55-64
1379088056,Bailey,Gross,76,Femenino,Chicago,Medio,5,11.3,No,Sí,Vegetariano,Sí,(912)406-5354x52705,ogonzalez@example.net,Tarjeta,3176,65-80
7204980367,Gabriela,Valdez,44,Femenino,Chicago,Alto,4,12.87,No,Sí,Mariscos,No,646.850.5234,hermantina@example.com,App,4168,35-44
3886955525,Gregory,Davis,33,Masculino,Chicago,Medio,3,17.07,No,Sí,Carnes,No,Dato no cargado,jonesalicia@example.org,Tarjeta,2646,25-34
7723662655,Nathan,Nelson,54,Masculino,Chicago,Medio,5,18.04,Sí,No,Otro,No,001-352-214-2710,gellison@example.net,App,2967,45-54
3486504625,Richard,Nguyen,72,Masculino,Chicago,Muy Alto,10,95.23,Sí,No,Mariscos,Sí,760-493-4245x125,Dato no cargado,Efectivo,16272,65-80
7393250879,Felicia,Harris,55,Femenino,Chicago,Muy Alto,9,11.8,Sí,Sí,Vegetariano,Sí,(245)457-0347,Dato no cargado,Tarjeta,10497,55-64
9456944029,Kimberly,Williams,78,Femenino,Chicago,Alto,6,45.19,Sí,Sí,Vegano,Sí,(937)875-4571x150,Dato no cargado,Efectivo,5825,65-80
9570157526,Kyle,Marks,49,Masculino,Chicago,Alto,5,32.46,Sí,No,Otro,Sí,Dato no cargado,Dato no cargado,Efectivo,4782,45-54
5455048748,Tiffany,Gray,55,Femenino,Chicago,Medio,2,24.31,Sí,No,Mariscos,No,Dato no cargado,jonathonmartin@example.org,Tarjeta,2183,55-64
2916728422,Marc,Alvarez,23,Masculino,Chicago,Alto,6,35.06,No,Sí,Vegetariano,Sí,Dato no cargado,yriggs@example.com,Tarjeta,3681,18-24
3133234079,Philip,Chavez,49,Masculino,Chicago,Medio,3,11.22,Sí,Sí,Carnes,No,+1-926-404-9608x9860,garrettchelsea@example.org,Efectivo,2173,45-54
2233203084,Brenda,Hardy,36,Femenino,Chicago,Bajo,0,0.0,Sí,Sí,Vegetariano,No,Dato no cargado,Dato no cargado,Tarjeta,1256,35-44
4114469844,Michael,Baird,56,Masculino,Chicago,Alto,4,40.19,No,Sí,Mariscos,Sí,(716)892-3168,franciscoriley@example.com,App,5891,55-64
6700029200,Valerie,Davis,64,Femenino,Chicago,Bajo,0,0.0,Sí,No,Vegetariano,No,6359592030,lewiskenneth@example.com,Tarjeta,1197,55-64
8453233454,Jon,Stewart,80,Masculino,Chicago,Medio,4,21.14,Sí,No,Mariscos,No,Dato no cargado,emilyrhodes@example.com,App,2612,65-80
9763943705,Eric,Wolfe,76,Masculino,Chicago,Muy Alto,8,65.01,No,No,Vegetariano,Sí,Dato no cargado,Dato no cargado,App,14260,65-80
2084083707,Alexis,Wright,77,Femenino,Chicago,Muy Alto,7,7.93,Sí,No,Mariscos,Sí,Dato no cargado,Dato no cargado,Efectivo,13962,65-80
3537868976,Bradley,Martinez,31,Masculino,Chicago,Medio,4,17.34,Sí,Sí,Carnes,No,Dato no cargado,Dato no cargado,Tarjeta,3249,25-34
9395351774,Joseph,Moore,42,Masculino,Chicago,Bajo,0,0.0,Sí,No,Carnes,No,+1-256-816-1937x831,icurtis@example.net,Efectivo,1512,35-44
9699361254,Benjamin,Frederick,33,Masculino,Chicago,Muy Alto,9,37.92,Sí,No,Otro,Sí,Dato no cargado,Dato no cargado,App,13640,25-34
1062966273,Elizabeth,Salazar,46,Femenino,Chicago,Muy Alto,8,63.38,No,Sí,Otro,Sí,572-421-8376,Dato no cargado,Efectivo,10533,45-54
4401573612,Donald,Ross,75,Masculino,Chicago,Alto,5,57.92,No,No,Carnes,Sí,835.284.2994,joshuamorrow@example.com,Tarjeta,7967,65-80
8182541746,Robert,Schwartz,52,Masculino,Chicago,Alto,4,35.8,Sí,Sí,Mariscos,Sí,956-582-1231x5422,dedwards@example.org,Tarjeta,6549,45-54
3914231895,Carmen,Leonard,61,Femenino,Chicago,Bajo,1,9.97,No,Sí,Vegetariano,No,Dato no cargado,james37@example.org,App,873,55-64
5808769393,Matthew,Holloway,72,Masculino,Chicago,Medio,3,19.72,Sí,No,Carnes,Sí,Dato no cargado,vyoder@example.net,Tarjeta,2930,65-80
1932901824,Christopher,Wilson,39,Masculino,Chicago,Medio,4,21.45,No,Sí,Vegetariano,No,Dato no cargado,Dato no cargado,Efectivo,3092,35-44
6306659694,Dakota,Myers,72,Masculino,Chicago,Medio,3,7.25,Sí,Sí,Carnes,Sí,(834)501-1010x53151,Dato no cargado,Efectivo,2350,65-80
6167646708,Benjamin,Lloyd,52,Masculino,Chicago,Muy Alto,7,74.44,Sí,No,Otro,Sí,Dato no cargado,Dato no cargado,Tarjeta,11987,45-54
1338882832,Steven,Lane,35,Masculino,Chicago,Bajo,3,6.28,No,Sí,Carnes,No,Dato no cargado,Dato no cargado,Efectivo,813,35-44
5386637801,Stephanie,Johnston,75,Femenino,Chicago,Alto,4,47.46,Sí,Sí,Mariscos,No,Dato no cargado,gibbsmary@example.net,Tarjeta,7743,65-80
7364506926,Donna,Wilson,54,Femenino,Chicago,Muy Alto,6,49.78,Sí,No,Vegetariano,Sí,+1-313-893-0729,Dato no cargado,Tarjeta,12750,45-54
5169624957,Jaime,Freeman,32,Femenino,Chicago,Alto,6,12.91,Sí,Sí,Carnes,No,+1-843-934-2357x25486,Dato no cargado,Efectivo,7517,25-34
5322359258,Brian,Perry,72,Masculino,Chicago,Muy Alto,5,33.28,Sí,No,Otro,Sí,Dato no cargado,Dato no cargado,Efectivo,14508,65-80
9105079674,Melissa,Perry,22,Femenino,Chicago,Muy Alto,5,84.37,No,Sí,Pescado,Sí,Dato no cargado,davisedwin@example.net,Tarjeta,15386,18-24
7940878005,Sabrina,Watson,57,Femenino,Chicago,Muy Alto,10,15.55,Sí,Sí,Otro,Sí,Dato no cargado,jay68@example.org,Tarjeta,16892,55-64
7454380175,Elizabeth,Lawson,75,Femenino,Chicago,Medio,4,27.96,No,No,Otro,Sí,(247)938-5634,theresahunt@example.org,App,3191,65-80
1948937453,Teresa,Shields,70,Femenino,Chicago,Medio,4,14.35,Sí,Sí,Carnes,No,001-285-600-1332x8228,kristina93@example.org,App,1711,65-80
2401220813,Tracy,Williamson,26,Femenino,Chicago,Muy Alto,6,20.67,No,Sí,Vegetariano,Sí,Dato no cargado,Dato no cargado,Efectivo,10548,25-34
5839949187,Lance,Harris,18,Masculino,Chicago,Medio,2,7.96,No,Sí,Pescado,No,001-950-243-3121x0658,Dato no cargado,Efectivo,2792,18-24
6132068458,Jacob,Taylor,77,Masculino,Chicago,Bajo,2,9.52,Sí,No,Otro,No,Dato no cargado,richard16@example.com,Efectivo,1080,65-80
1147617239,Michael,Mccoy,38,Masculino,Chicago,Medio,4,9.92,Sí,No,Mariscos,Sí,001-572-282-2044x362,Dato no cargado,Efectivo,2896,35-44
4129590603,Thomas,Gentry,34,Masculino,Chicago,Muy Alto,5,12.42,No,Sí,Vegano,Sí,Dato no cargado,Dato no cargado,App,17167,25-34
5035616611,William,Thompson,73,Masculino,Chicago,Muy Alto,6,24.37,No,Sí,Mariscos,Sí,Dato no cargado,hudsonroger@example.org,Efectivo,11592,65-80
8934292253,John,Anderson,49,Masculino,Chicago,Medio,5,17.57,Sí,Sí,Carnes,No,769.421.4241,Dato no cargado,Efectivo,2002,45-54
8792981656,Patty,Nichols,72,Femenino,Chicago,Bajo,1,8.72,No,Sí,Vegetariano,No,Dato no cargado,Dato no cargado,Efectivo,1263,65-80
8664760500,Kim,Cameron,30,Femenino,Chicago,Medio,2,22.45,No,Sí,Carnes,No,359-806-7243x73165,carolyn35@example.net,Efectivo,2072,25-34
8486541975,Joshua,Parker,25,Masculino,Chicago,Medio,5,17.31,Sí,Sí,Vegetariano,No,534.240.4783x058,brianhunter@example.net,Tarjeta,3307,25-34
7390043735,Joshua,Thomas,54,Masculino,Chicago,Alto,5,30.29,No,No,Vegetariano,Sí,Dato no cargado,Dato no cargado,Efectivo,5505,45-54
8517357684,Bonnie,Myers,35,Femenino,Chicago,Medio,5,12.35,No,Sí,Carnes,No,Dato no cargado,susan73@example.com,Efectivo,3280,35-44
9417116826,Larry,Sandoval,56,Masculino,Chicago,Muy Alto,9,69.93,No,No,Carnes,Sí,917-761-1941x28850,Dato no cargado,Efectivo,10481,55-64
1553155490,Susan,Mendoza,40,Femenino,Chicago,Bajo,0,0.0,Sí,Sí,Carnes,No,723-771-1023,tporter@example.net,Efectivo,1004,35-44
3347715190,Oscar,Lee,70,Masculino,Chicago,Muy Alto,8,68.63,Sí,Sí,Vegetariano,Sí,859-661-1189x25519,kfisher@example.org,Efectivo,16265,65-80
6700521446,Benjamin,Patel,23,Masculino,Chicago,Muy Alto,6,8.25,Sí,Sí,Carnes,Sí,+1-846-493-5712x58180,morgan43@example.org,Efectivo,9911,18-24
8108763502,Stephanie,Johnson,54,Femenino,Chicago,Alto,5,19.84,No,Sí,Carnes,Sí,634-925-9886,rickbrown@example.net,App,5415,45-54
2550511237,Michael,Edwards,29,Masculino,Chicago,Alto,5,45.03,No,Sí,No informado,Sí,Dato no cargado,grossbenjamin@example.org,Tarjeta,3622,25-34
1061266588,Richard,Lloyd,63,Masculino,Chicago,Alto,5,13.19,No,Sí,Vegetariano,No,Dato no cargado,Dato no cargado,Efectivo,3552,55-64
1601683984,Zachary,Mccoy,40,Masculino,Chicago,Medio,2,9.94,No,Sí,Vegetariano,Sí,001-764-510-1083x3871,Dato no cargado,Tarjeta,1664,35-44
4372386632,Joshua,Murphy,42,Masculino,Chicago,Muy Alto,7,63.21,No,Sí,Vegano,Sí,(843)476-8921x167,Dato no cargado,Efectivo,10192,35-44
8440776496,Cindy,Cobb,45,Femenino,Chicago,Bajo,1,6.44,Sí,No,Carnes,No,(331)207-8098,hicksyolanda@example.com,Efectivo,1221,45-54
4587839741,Kimberly,Chavez,78,Femenino,Chicago,Muy Alto,6,59.33,No,Sí,Vegetariano,Sí,Dato no cargado,Dato no cargado,Efectivo,17442,65-80
7032388799,Jeff,Cooper,31,Masculino,Chicago,Muy Alto,9,65.79,No,Sí,Vegetariano,Sí,540.409.8298,rachelholt@example.net,Tarjeta,12162,25-34
3409640440,Mary,Willis,69,Femenino,Chicago,Medio,3,17.67,No,Sí,Carnes,No,Dato no cargado,Dato no cargado,App,2328,65-80
1028834177,Lisa,Sullivan,28,Femenino,Chicago,Medio,3,21.83,No,Sí,Carnes,No,958-227-8453x300,gsimmons@example.com,Efectivo,2227,25-34
8311872268,Keith,Welch,59,Masculino,Chicago,Bajo,2,8.8,No,No,Carnes,No,001-630-760-0877,michelle11@example.net,App,879,55-64
8497052444,Michael,Roberts,73,Masculino,Chicago,Bajo,2,9.06,Sí,No,Pescado,No,Dato no cargado,Dato no cargado,Efectivo,1019,65-80
9366141694,Susan,Harmon,32,Femenino,Chicago,Medio,4,5.24,No,Sí,Otro,No,Dato no cargado,Dato no cargado,Tarjeta,2393,25-34
5229174084,Michael,Jenkins,37,Masculino,Chicago,Medio,2,19.19,Sí,No,Otro,Sí,Dato no cargado,hlarson@example.org,Efectivo,3188,35-44
9298095107,Ryan,Smith,32,Masculino,Chicago,Alto,6,40.93,No,Sí,Mariscos,Sí,638-776-8154x273,Dato no cargado,Tarjeta,8212,25-34
9921699273,Erica,Rice,79,Femenino,Chicago,Bajo,0,0.0,No,No,Carnes,No,(348)997-7467,Dato no cargado,App,1188,65-80
1335454449,Jared,Garcia,61,Masculino,Chicago,Bajo,3,9.34,No,Sí,Otro,No,Dato no cargado,nguyenemma@example.org,Efectivo,941,55-64
8197340689,Joshua,Rosales,25,Masculino,Chicago,Muy Alto,9,76.06,No,Sí,Mariscos,Sí,001-661-893-3687x707,Dato no cargado,Tarjeta,9504,25-34
6580604174,Benjamin,Alexander,43,Masculino,Chicago,Alto,6,17.13,No,No,Vegano,Sí,386-668-4919x7244,Dato no cargado,Efectivo,6438,35-44
9127852657,Erin,Obrien,29,Femenino,Chicago,Medio,5,10.55,Sí,Sí,Carnes,Sí,Dato no cargado,Dato no cargado,App,3419,25-34
8131455756,Bradley,Tucker,80,Masculino,Chicago,Muy Alto,8,104.01,No,No,Mariscos,Sí,Dato no cargado,rachel70@example.net,App,12692,65-80
6774514149,Lauren,Snyder,38,Femenino,Chicago,Bajo,1,7.76,No,No,Vegetariano,No,Dato no cargado,troy16@example.com,Tarjeta,1041,35-44
2377469224,Katherine,Bell,29,Femenino,Chicago,Alto,6,5.39,Sí,Sí,Carnes,No,Dato no cargado,Dato no cargado,Efectivo,7950,25-34
9159876163,Sarah,Hardy,29,Femenino,Chicago,Alto,6,35.52,No,Sí,Carnes,Sí,7399381165,Dato no cargado,Tarjeta,6912,25-34
6413407687,Lauren,Cook,19,Femenino,Chicago,Alto,4,17.6,Sí,Sí,Mariscos,Sí,948.590.0345,Dato no cargado,Efectivo,5839,18-24
6372506646,Jordan,Ferguson,27,Masculino,Chicago,Medio,5,10.5,No,Sí,No informado,No,821.346.0616x73423,cindy27@example.net,Tarjeta,3073,25-34
1192969175,Sarah,Moore,47,Femenino,Chicago,Medio,5,7.53,Sí,Sí,Otro,No,8593908087,josephjones@example.org,App,2885,45-54
3381691296,Kyle,Cook,25,Masculino,Chicago,Medio,5,26.35,Sí,Sí,Vegetariano,No,Dato no cargado,jonesleah@example.com,Efectivo,2622,25-34
6353758928,Erin,Chase,52,Femenino,Chicago,Alto,6,16.31,Sí,No,Pescado,Sí,Dato no cargado,pamela49@example.org,Tarjeta,6853,45-54
8710334610,Christine,Quinn,80,Femenino,Chicago,Muy Alto,7,18.58,No,No,Vegetariano,Sí,Dato no cargado,Dato no cargado,App,17057,65-80
2953863961,John,Edwards,49,Masculino,Chicago,Alto,6,35.5,No,No,Pescado,Sí,+1-591-792-1128,Dato no cargado,App,6663,45-54
5260523439,Rachel,Ross,20,Femenino,Chicago,Medio,4,28.36,Sí,Sí,Carnes,No,Dato no cargado,sallen@example.org,App,1653,18-24
1164504900,Renee,Logan,55,Femenino,Chicago,Alto,4,11.16,Sí,Sí,Vegano,Sí,Dato no cargado,butlerjessica@example.org,Tarjeta,4303,55-64
8438520404,Roy,Brown,43,Masculino,Chicago,Bajo,1,6.78,Sí,No,Vegetariano,No,3923706392,bharris@example.net,App,1109,35-44
3136984143,Daniel,Bailey,76,Masculino,Chicago,Bajo,0,0.0,No,No,Vegetariano,No,Dato no cargado,adamkelly@example.com,App,1550,65-80
5745338247,Robert,Ward,76,Masculino,Chicago,Medio,3,13.15,Sí,No,Vegetariano,No,391.698.6242x614,wilsondaniel@example.org,Efectivo,1788,65-80
8303966961,Daniel,Newman,40,Masculino,Chicago,Muy Alto,6,69.23,No,Sí,Vegetariano,Sí,Dato no cargado,Dato no cargado,App,11772,35-44
6722035083,Julie,Zavala,63,Femenino,Chicago,Alto,5,27.75,Sí,Sí,Vegano,No,Dato no cargado,wallsjamie@example.org,Tarjeta,5680,55-64
5844171168,Ashley,Green,20,Femenino,Chicago,Medio,4,5.29,No,Sí,Vegetariano,No,Dato no cargado,Dato no cargado,Tarjeta,2974,18-24
2635436629,Patrick,Wright,32,Masculino,Chicago,Medio,3,12.49,No,Sí,Vegano,Sí,547-408-3858,Dato no cargado,Efectivo,2833,25-34
3301175286,Isaac,Davis,76,Masculino,Chicago,Medio,4,25.64,Sí,No,Vegetariano,Sí,Dato no cargado,kristinescott@example.com,App,2054,65-80
8197884940,John,Arias,34,Masculino,Chicago,Alto,4,42.97,Sí,No,Carnes,Sí,(974)642-5337,phillipsmicheal@example.com,Efectivo,6269,25-34
3271810528,Steven,Sullivan,31,Masculino,Chicago,Medio,4,29.22,No,Sí,Mariscos,No,(967)867-1889x5799,dianabowen@example.org,Efectivo,1887,25-34
2939605341,Judith,Wong,62,Femenino,Chicago,Medio,5,20.76,No,Sí,Otro,No,Dato no cargado,rhodeslaura@example.com,Efectivo,2089,55-64
5075917481,Cody,Wilson,19,Masculino,Chicago,Medio,5,6.43,Sí,Sí,Otro,No,Dato no cargado,terrydouglas@example.com,Tarjeta,2964,18-24
2676338980,Scott,Thomas,73,Masculino,Chicago,Bajo,2,6.92,Sí,No,Vegetariano,No,Dato no cargado,hortonmichael@example.org,App,1374,65-80
2012034523,Angie,Rowe,39,Femenino,Chicago,Alto,4,51.0,No,Sí,Carnes,No,Dato no cargado,walkerjamie@example.com,App,7133,35-44
5103162544,Kevin,Smith,77,Masculino,Chicago,Muy Alto,6,72.32,Sí,Sí,Carnes,Sí,(882)639-7219,Dato no cargado,Tarjeta,13807,65-80
3922334868,Shane,Hess,55,Masculino,Chicago,Medio,5,27.3,No,No,Carnes,No,987.805.2881,richard54@example.com,App,1967,55-64
7659496134,David,Goodman,79,Masculino,Chicago,Bajo,3,7.6,No,No,Mariscos,No,Dato no cargado,Dato no cargado,Tarjeta,1354,65-80
6708196810,Jacob,Jackson,31,Masculino,Chicago,Muy Alto,8,27.47,No,No,Vegetariano,Sí,Dato no cargado,terrymorrow@example.org,Efectivo,9888,25-34
3505651251,Christina,Mcgee,57,Femenino,Chicago,Alto,6,11.84,Sí,Sí,Carnes,No,001-411-663-1089x75326,Dato no cargado,Efectivo,5220,55-64
8768199216,Michael,Martin,43,Masculino,Chicago,Alto,5,5.37,No,Sí,Vegetariano,No,Dato no cargado,Dato no cargado,App,7531,35-44
9539979154,Jimmy,Warren,28,Masculino,Chicago,Medio,2,19.7,No,Sí,Vegetariano,No,001-826-317-0431x6581,Dato no cargado,Tarjeta,3066,25-34
7598186836,Timothy,James,36,Masculino,Chicago,Medio,2,10.57,No,Sí,Vegetariano,No,Dato no cargado,leonardcourtney@example.org,Tarjeta,3443,35-44
8249244683,Nicole,Johnson,48,Femenino,Chicago,Alto,4,56.27,Sí,Sí,Vegetariano,No,Dato no cargado,birdpatricia@example.org,App,4904,45-54
6294297230,Allison,Bird,52,Femenino,Chicago,Muy Alto,7,49.2,No,No,Mariscos,No,2668239444,Dato no cargado,Tarjeta,9588,45-54
6505786272,Jennifer,Anderson,33,Femenino,Chicago,Muy Alto,9,69.36,Sí,No,Carnes,Sí,925-972-1848,nwilliams@example.com,Efectivo,10705,25-34
9114346734,Ashley,Jordan,34,Femenino,Chicago,Alto,4,43.61,Sí,Sí,Otro,Sí,Dato no cargado,Dato no cargado,Tarjeta,5523,25-34
7083067988,Theresa,Robinson,19,Femenino,Chicago,Bajo,2,5.61,No,Sí,Vegetariano,No,Dato no cargado,Dato no cargado,Tarjeta,1474,18-24
6787580727,Cindy,Shah,30,Femenino,Chicago,Medio,3,21.54,No,Sí,Vegano,No,887-477-0617,Dato no cargado,Tarjeta,3406,25-34
6059488803,Amanda,Smith,59,Femenino,Chicago,Bajo,1,5.31,No,Sí,Mariscos,No,Dato no cargado,Dato no cargado,Efectivo,1096,55-64
3034708132,Kurt,Kim,35,Masculino,Chicago,Medio,4,14.3,Sí,Sí,Carnes,No,Dato no cargado,courtney92@example.net,App,2627,35-44
5386868563,Sonya,Kennedy,20,Femenino,Chicago,Bajo,2,7.23,No,Sí,Vegetariano,No,659.376.3699,Dato no cargado,Tarjeta,1074,18-24
9492935196,Troy,Wilson,19,Masculino,Chicago,Medio,4,27.21,Sí,Sí,Vegetariano,Sí,(764)339-0913x173,Dato no cargado,Tarjeta,1917,18-24
4638292954,Kyle,Barry,76,Masculino,Chicago,Bajo,0,0.0,No,No,Vegano,No,2427148919,hollowaycorey@example.net,Efectivo,1292,65-80
5043030920,David,Sims,29,Masculino,Chicago,Muy Alto,8,7.74,No,Sí,Otro,Sí,Dato no cargado,aaronnewton@example.net,Tarjeta,11420,25-34
6875760028,Heidi,Higgins,20,Femenino,Chicago,Muy Alto,8,71.31,Sí,Sí,Pescado,Sí,Dato no cargado,Dato no cargado,Efectivo,14914,18-24
1378134712,David,Parks,21,Masculino,Chicago,Alto,5,35.09,Sí,Sí,Mariscos,Sí,Dato no cargado,eford@example.org,Tarjeta,7868,18-24
7669124006,Nathan,Lowery,63,Masculino,Chicago,Medio,5,23.2,Sí,Sí,Carnes,No,Dato no cargado,Dato no cargado,App,1974,55-64
3755618874,Melissa,Johnson,27,Femenino,Chicago,Medio,5,21.98,Sí,Sí,Carnes,No,Dato no cargado,Dato no cargado,App,3250,25-34
4454487559,Ray,Williams,24,Masculino,Chicago,Medio,4,8.44,Sí,Sí,Pescado,No,Dato no cargado,Dato no cargado,App,2588,18-24
4799083636,Kayla,Phillips,43,Femenino,Chicago,Medio,4,24.12,No,No,Pescado,No,Dato no cargado,Dato no cargado,Efectivo,1847,35-44
8104390575,Nicole,Knight,59,Femenino,Chicago,Muy Alto,5,25.48,Sí,Sí,Pescado,Sí,Dato no cargado,kyleschroeder@example.net,Tarjeta,14611,55-64
5871107480,David,Allen,61,Masculino,Chicago,Alto,6,32.97,No,No,Pescado,Sí,Dato no cargado,Dato no cargado,Tarjeta,4337,55-64
3962452613,Edwin,Fernandez,74,Masculino,Chicago,Medio,4,13.24,Sí,Sí,Mariscos,No,216.570.1827,garrettmichelle@example.net,Tarjeta,2321,65-80
1937614470,Tara,Green,28,Femenino,Chicago,Bajo,0,0.0,No,Sí,Otro,No,Dato no cargado,fwalker@example.com,Efectivo,1596,25-34
8388975352,Marc,Ferguson,26,Masculino,Chicago,Medio,2,5.84,No,Sí,Vegetariano,No,Dato no cargado,bentonharry@example.org,Efectivo,2958,25-34
7080764576,Christopher,Aguirre,77,Masculino,Chicago,Alto,5,18.63,No,No,Otro,Sí,Dato no cargado,kjarvis@example.com,Tarjeta,6421,65-80
3245260270,Samuel,Silva,52,Masculino,Chicago,Bajo,2,7.18,No,No,Carnes,No,4123631427,Dato no cargado,App,1458,45-54
9506363475,Cassidy,Robertson,78,Femenino,Chicago,Muy Alto,7,95.74,No,No,Carnes,Sí,Dato no cargado,wschultz@example.net,Tarjeta,13978,65-80
7824021560,Leah,Rice,75,Femenino,Chicago,Alto,6,45.78,Sí,Sí,Otro,Sí,682-428-6840,jonathan98@example.net,Efectivo,8262,65-80
4794051620,Jason,Wilson,53,Masculino,Chicago,Bajo,3,9.84,No,Sí,Carnes,No,Dato no cargado,williamssteve@example.org,Tarjeta,1594,45-54
5980276724,Connie,Nicholson,37,Femenino,Chicago,Alto,5,27.13,Sí,No,Carnes,Sí,Dato no cargado,josephcook@example.com,App,7423,35-44
7307173065,Rebecca,Clark,54,Femenino,Chicago,Muy Alto,8,47.82,No,No,No informado,Sí,8344268119,dawn35@example.com,App,10307,45-54
2591376682,Christopher,Ferrell,75,Masculino,Chicago,Alto,6,59.06,No,No,Carnes,Sí,(254)745-1801,Dato no cargado,Efectivo,8098,65-80
5931947375,Jennifer,Roy,48,Femenino,Chicago,Medio,5,26.03,Sí,Sí,Carnes,No,Dato no cargado,nglenn@example.org,Tarjeta,2906,45-54
3602486829,Danielle,Stewart,26,Femenino,Chicago,Medio,2,5.09,No,Sí,Mariscos,No,291-589-9239x59913,Dato no cargado,App,3358,25-34
9412142507,Seth,Lee,60,Masculino,Chicago,Bajo,1,6.88,No,Sí,Carnes,No,001-459-614-1083x63408,Dato no cargado,Efectivo,1361,55-64
2225124755,Cheyenne,Lin,31,Femenino,Chicago,Muy Alto,8,75.63,Sí,Sí,Pescado,Sí,Dato no cargado,Dato no cargado,Tarjeta,15677,25-34
3787895119,Tamara,Combs,73,Femenino,Chicago,Medio,3,5.55,No,Sí,Vegetariano,No,Dato no cargado,Dato no cargado,App,1648,65-80
3078393766,Roberto,Smith,71,Masculino,Chicago,Muy Alto,10,66.69,No,No,Vegano,Sí,Dato no cargado,Dato no cargado,App,14954,65-80
3547412200,Ryan,Davis,49,Masculino,Chicago,Medio,3,29.24,Sí,Sí,Vegano,No,Dato no cargado,Dato no cargado,Tarjeta,2537,45-54
5918148433,Melanie,Hodge,78,Femenino,Chicago,Medio,3,17.12,No,Sí,Otro,No,Dato no cargado,leeandrea@example.org,Tarjeta,1872,65-80
5641539068,Amanda,Mendoza,64,Femenino,Chicago,Medio,3,22.9,Sí,No,Vegetariano,No,555.869.1295x5577,michelle76@example.org,App,3298,55-64
1113870637,Alan,Munoz,59,Masculino,Chicago,Medio,4,20.4,No,Sí,Vegetariano,No,Dato no cargado,ybates@example.org,App,2913,55-64
7469293591,Troy,Heath,22,Masculino,Chicago,Alto,4,36.05,No,No,Vegetariano,Sí,813-367-7271x6863,Dato no cargado,Efectivo,6949,18-24
3506204532,John,Thomas,67,Masculino,Chicago,Alto,5,29.62,Sí,Sí,Mariscos,Sí,Dato no cargado,vrobinson@example.net,App,5336,65-80
9475505437,James,Bailey,29,Masculino,Chicago,Medio,2,10.46,No,Sí,Otro,No,Dato no cargado,debrakirby@example.com,Tarjeta,1712,25-34
9411765836,Megan,Lynch,55,Femenino,Chicago,Medio,2,19.04,No,Sí,Carnes,No,6022232846,masonkathryn@example.com,Efectivo,2722,55-64
4297864575,Jennifer,Jacobs,29,Femenino,Chicago,Alto,5,15.5,Sí,Sí,No informado,No,302.711.4540,Dato no cargado,Criptomoneda,4924,25-34
4941292832,Andrea,Jones,24,Femenino,Chicago,Medio,3,24.15,No,Sí,Carnes,No,Dato no cargado,Dato no cargado,Tarjeta,2574,18-24
3856763483,Amy,Jacobs,72,Femenino,Chicago,Alto,6,37.85,Sí,Sí,Pescado,No,Dato no cargado,brooksandrea@example.org,Tarjeta,7553,65-80
9096071469,John,Brown,52,Masculino,Chicago,Medio,4,15.32,No,Sí,Pescado,No,513.662.3329x1946,grantjeanette@example.org,App,2022,45-54
9050856851,Casey,Scott,52,Masculino,Chicago,Alto,4,9.98,No,No,Carnes,Sí,001-428-728-8265,hudsonrhonda@example.org,App,7485,45-54
1037707143,Samantha,Davis,52,Femenino,Chicago,Bajo,2,8.81,No,Sí,Vegano,No,001-947-698-4189x986,fmoore@example.net,Tarjeta,1436,45-54
5641051170,Hector,Garza,30,Masculino,Chicago,Alto,4,31.63,Sí,Sí,Otro,No,(862)295-6329x11783,mitchellryan@example.com,App,6072,25-34
1932921278,Kelly,Allen,30,Femenino,Chicago,Alto,6,25.66,No,Sí,Carnes,No,Dato no cargado,Dato no cargado,Tarjeta,6567,25-34
9430997415,Stephanie,Adams,67,Femenino,Chicago,Bajo,2,8.54,No,Sí,Mariscos,No,457.333.1585x903,Dato no cargado,Efectivo,1592,65-80
1442826314,Michelle,Hernandez,30,Femenino,Chicago,Muy Alto,7,7.59,No,Sí,Carnes,Sí,359-383-0920x2018,stacey12@example.com,Tarjeta,14760,25-34
2561924266,Brian,Taylor,34,Masculino,Chicago,Bajo,3,7.83,Sí,No,Vegetariano,No,+1-717-802-1054,Dato no cargado,Tarjeta,1150,25-34
1432549348,Justin,Johnson,31,Masculino,Chicago,Medio,4,17.61,No,No,Carnes,No,Dato no cargado,anthonynguyen@example.org,Efectivo,1909,25-34
5934042475,Rachel,Santiago,69,Femenino,Chicago,Alto,6,58.35,Sí,Sí,Carnes,Sí,Dato no cargado,Dato no cargado,Efectivo,4079,65-80
5813534059,Thomas,Hayes,50,Masculino,Chicago,Medio,5,23.73,Sí,No,Mariscos,No,001-886-773-2239x9656,Dato no cargado,Tarjeta,2908,45-54
7049586255,Andre,Fernandez,44,Masculino,Chicago,Alto,4,32.81,No,No,Vegetariano,Sí,768.869.4704x9344,Dato no cargado,App,5833,35-44
1109673244,Melissa,Griffith,70,Femenino,Chicago,Alto,4,48.72,Sí,Sí,Vegetariano,Sí,Dato no cargado,loridixon@example.com,App,7935,65-80
2545797952,Kyle,Davis,58,Masculino,Chicago,Medio,4,15.24,No,No,Carnes,No,Dato no cargado,vwatkins@example.com,App,2532,55-64
4021322191,Melanie,Blankenship,27,Femenino,Chicago,Medio,5,16.97,No,Sí,Carnes,No,Dato no cargado,Dato no cargado,Efectivo,2214,25-34
3166860023,Christina,Briggs,30,Femenino,Chicago,Alto,6,8.02,No,Sí,Vegano,Sí,Dato no cargado,Dato no cargado,App,5493,25-34
2928097540,Laurie,Hoover,32,Femenino,Chicago,Alto,5,40.8,Sí,No,Vegetariano,Sí,(691)735-7457x019,Dato no cargado,App,7873,25-34
5719001545,Carrie,Ellis,23,Femenino,Chicago,Alto,5,42.67,No,Sí,Vegano,Sí,222-264-6857x8646,Dato no cargado,Tarjeta,8349,18-24
2911979713,Briana,Hahn,35,Femenino,Chicago,Bajo,0,0.0,Sí,Sí,Mariscos,No,001-669-555-8247x350,Dato no cargado,Tarjeta,921,35-44
7272132968,Diana,Jefferson,58,Femenino,Chicago,Alto,6,42.24,Sí,No,Vegano,Sí,Dato no cargado,Dato no cargado,Efectivo,8953,55-64
7018648122,Margaret,Ward,41,Femenino,Chicago,Alto,6,59.14,Sí,No,Vegetariano,Sí,001-676-700-9237x165,Dato no cargado,Efectivo,8351,35-44
9851551233,Donald,Johnson,79,Masculino,Chicago,Muy Alto,8,83.63,Sí,No,Pescado,Sí,663.651.7231,Dato no cargado,Efectivo,17623,65-80
1777846023,Nicholas,Farrell,67,Masculino,Chicago,Muy Alto,6,42.48,Sí,Sí,Vegano,Sí,Dato no cargado,Dato no cargado,Criptomoneda,13564,65-80
8809871735,Brenda,Kim,25,Femenino,Chicago,Muy Alto,9,25.37,No,No,Carnes,Sí,Dato no cargado,Dato no cargado,Efectivo,12263,25-34
6989624736,Haley,Mckee,68,Femenino,Chicago,Alto,6,9.52,Sí,No,Vegano,Sí,+1-484-784-9521,Dato no cargado,Efectivo,6952,65-80
4481415390,Lisa,Pace,21,Femenino,Chicago,Bajo,3,5.89,Sí,Sí,Pescado,No,376-211-6467x7683,manningamy@example.com,Tarjeta,1338,18-24
8572137003,Luis,Smith,59,Masculino,Chicago,Muy Alto,5,35.89,Sí,Sí,Carnes,Sí,470.391.3479,Dato no cargado,Tarjeta,15701,55-64
5574575788,James,Ferrell,30,Masculino,Chicago,Medio,4,10.6,No,Sí,Mariscos,No,Dato no cargado,ycurtis@example.com,Tarjeta,3459,25-34
4352408091,Christopher,Crawford,54,Masculino,Chicago,Alto,5,47.2,Sí,No,Carnes,Sí,Dato no cargado,Dato no cargado,App,4740,45-54
9462806178,Jason,Hoffman,73,Masculino,Chicago,Muy Alto,7,67.14,Sí,No,Vegetariano,Sí,457.725.1393,smithsamantha@example.net,App,15518,65-80
4308407878,Joshua,Martin,35,Masculino,Chicago,Medio,2,15.99,No,No,Carnes,No,Dato no cargado,Dato no cargado,Tarjeta,1843,35-44
2801493906,Linda,Alexander,78,Femenino,Chicago,Medio,2,6.34,No,No,Pescado,No,Dato no cargado,anthonyramirez@example.net,Tarjeta,2907,65-80
9757827766,Richard,Stanley,40,Masculino,Chicago,Medio,4,14.1,Sí,Sí,Pescado,No,Dato no cargado,brandon21@example.net,Tarjeta,2851,35-44
5136607835,Dominique,Steele,77,Femenino,Chicago,Medio,4,8.61,Sí,Sí,Carnes,No,Dato no cargado,Dato no cargado,Efectivo,2970,65-80
4638575113,Ian,Ferguson,43,Masculino,Chicago,Alto,4,24.39,Sí,Sí,Carnes,No,475.456.9896,Dato no cargado,Efectivo,8804,35-44
9074244869,Kayla,Pratt,33,Femenino,Chicago,Alto,6,49.7,No,Sí,Mariscos,No,Dato no cargado,Dato no cargado,Tarjeta,5166,25-34
2818381356,Scott,Phillips,23,Masculino,Chicago,Alto,5,10.99,Sí,Sí,Vegano,No,Dato no cargado,Dato no cargado,App,5255,18-24
7339824309,Brett,Miller,37,Masculino,Chicago,Muy Alto,7,49.9,No,Sí,Mariscos,Sí,Dato no cargado,Dato no cargado,App,15565,35-44
9174259566,Bryan,Howard,51,Masculino,Chicago,Alto,4,58.54,No,Sí,Pescado,Sí,(623)733-5571,bianca95@example.net,App,7480,45-54
9650944765,Corey,Williams,53,Masculino,Chicago,Bajo,1,8.15,No,Sí,Vegano,No,(243)503-5538x99689,Dato no cargado,Efectivo,1339,45-54
6037168610,Tara,Diaz,48,Femenino,Chicago,Muy Alto,6,32.69,No,No,Mariscos,Sí,Dato no cargado,ibrooks@example.com,Tarjeta,16482,45-54
6684731034,Cole,Miller,59,Masculino,Chicago,Medio,2,29.61,Sí,Sí,Mariscos,No,Dato no cargado,ramirezlaura@example.net,Efectivo,2204,55-64
4298479493,Douglas,Smith,69,Masculino,Chicago,Bajo,1,8.4,No,Sí,Otro,No,2936724340,anthonymorrison@example.net,App,1337,65-80
8608203236,Mary,Brooks,45,Femenino,Chicago,Alto,5,52.94,Sí,Sí,Mariscos,Sí,Dato no cargado,tlawson@example.com,Tarjeta,5643,45-54
1798483374,John,James,19,Masculino,Chicago,Medio,3,11.95,No,Sí,Carnes,No,Dato no cargado,wilsonjohn@example.com,Tarjeta,3389,18-24
7213328054,Brianna,Rodriguez,58,Femenino,Chicago,Alto,5,11.5,Sí,Sí,Carnes,Sí,746.611.6850x5927,riverajuan@example.com,Efectivo,4526,55-64
2556100457,Charlotte,Gross,54,Femenino,Chicago,Medio,3,25.66,Sí,No,Pescado,No,203-550-5765,Dato no cargado,Tarjeta,3360,45-54
3538581660,Henry,Young,46,Masculino,Chicago,Alto,4,55.62,No,Sí,Carnes,No,912-583-5523x32700,Dato no cargado,App,8975,45-54
6145458987,Elizabeth,Bailey,25,Femenino,Chicago,Medio,4,26.95,Sí,Sí,No informado,Sí,801-561-8321x79117,simonnicholas@example.org,Efectivo,2508,25-34
9195949248,Aaron,Thomas,32,Masculino,Chicago,Medio,3,12.44,No,No,No informado,No,(602)462-6736,harrisbrooke@example.org,Tarjeta,1946,25-34
7692375192,Chad,Coleman,74,Masculino,Chicago,Bajo,3,8.7,No,No,Pescado,No,Dato no cargado,Dato no cargado,Tarjeta,1415,65-80
7485728824,Alexander,Goodwin,49,Masculino,Chicago,Alto,6,42.47,No,Sí,Carnes,Sí,Dato no cargado,ihanna@example.net,Efectivo,4869,45-54
5986954186,Karen,Hardin,49,Femenino,Chicago,Alto,4,52.58,Sí,Sí,Vegetariano,Sí,6526482220,philipstrickland@example.org,Tarjeta,5537,45-54
4254556460,John,Anderson,79,Masculino,Chicago,Alto,5,56.02,Sí,No,Otro,Sí,Dato no cargado,sydney85@example.net,App,5600,65-80
6843137425,Derrick,Collins,33,Masculino,Chicago,Bajo,1,8.73,Sí,Sí,Mariscos,No,Dato no cargado,gonzalesstephanie@example.com,Tarjeta,1471,25-34
9573276057,Lauren,Mcdonald,23,Femenino,Chicago,Medio,4,6.04,No,Sí,Vegano,No,Dato no cargado,Dato no cargado,Tarjeta,2626,18-24
9929387132,Jennifer,Johnson,57,Femenino,Chicago,Alto,5,28.31,Sí,Sí,Vegano,Sí,Dato no cargado,Dato no cargado,Efectivo,5639,55-64
2269041320,Cole,Meyer,49,Masculino,Chicago,Medio,3,24.55,No,Sí,Carnes,No,8587360904,Dato no cargado,Tarjeta,2279,45-54
6082707337,Harry,Henry,19,Masculino,Chicago,Medio,3,12.38,Sí,Sí,Vegano,No,966.610.6968x85689,heatherguzman@example.org,Efectivo,2865,18-24
4651911764,Heather,Scott,25,Femenino,Chicago,Bajo,1,5.8,Sí,Sí,Vegetariano,No,Dato no cargado,Dato no cargado,App,1395,25-34
5653652250,Daniel,Elliott,70,Masculino,Chicago,Muy Alto,8,55.14,Sí,No,Carnes,Sí,Dato no cargado,Dato no cargado,App,11997,65-80
8869123941,Joseph,Ware,70,Masculino,Chicago,Alto,5,54.56,Sí,Sí,Carnes,Sí,Dato no cargado,pmueller@example.org,Criptomoneda,3511,65-80
3527258525,Jessica,West,53,Femenino,Chicago,Medio,4,9.1,Sí,Sí,Mariscos,No,Dato no cargado,paulphillips@example.com,Efectivo,3324,45-54
8754350767,Justin,Sanford,72,Masculino,Chicago,Bajo,2,6.84,No,No,Carnes,No,Dato no cargado,Dato no cargado,Tarjeta,875,65-80
1354289787,Justin,Middleton,59,Masculino,Chicago,Alto,4,53.18,Sí,Sí,Mariscos,Sí,Dato no cargado,johncoleman@example.com,Efectivo,4990,55-64
5604055120,Samantha,Howard,75,Femenino,Chicago,Muy Alto,7,38.55,Sí,No,Carnes,Sí,+1-746-282-1764,Dato no cargado,App,17846,65-80
8958564999,Gabriel,Henson,67,Masculino,Chicago,Alto,5,35.5,Sí,Sí,Pescado,Sí,Dato no cargado,Dato no cargado,Efectivo,8107,65-80
1599464678,Omar,Marsh,55,Masculino,Chicago,Alto,5,37.37,Sí,Sí,No informado,Sí,+1-501-736-2103,Dato no cargado,App,7129,55-64
4649297119,Susan,Klein,66,Femenino,Chicago,Bajo,1,9.5,Sí,No,Vegetariano,No,515-798-1336x70372,zmurphy@example.net,Efectivo,903,65-80
9934677282,John,Williams,76,Masculino,Chicago,Bajo,3,9.21,No,No,Carnes,No,Dato no cargado,Dato no cargado,Efectivo,1267,65-80
3026897060,Amanda,Lewis,35,Femenino,Chicago,Medio,4,18.36,No,No,Vegano,No,Dato no cargado,camachobarbara@example.com,Efectivo,2665,35-44
2554851828,Carl,Jordan,64,Masculino,Chicago,Medio,3,13.43,No,Sí,Otro,Sí,Dato no cargado,carterisabel@example.net,Tarjeta,2124,55-64
9963991398,Michael,Johnson,20,Masculino,Chicago,Alto,5,27.34,Sí,Sí,Vegetariano,Sí,Dato no cargado,carmen58@example.net,Efectivo,3817,18-24
7185179917,Keith,Giles,77,Masculino,Chicago,Bajo,2,6.3,No,No,Mariscos,No,Dato no cargado,Dato no cargado,Efectivo,1506,65-80
3476497538,John,Irwin,39,Masculino,Chicago,Bajo,0,0.0,Sí,No,Otro,No,Dato no cargado,Dato no cargado,Efectivo,1102,35-44
8480530923,Shannon,Nelson,66,Femenino,Chicago,Bajo,3,6.49,Sí,No,Vegetariano,No,Dato no cargado,ritaedwards@example.com,Tarjeta,1370,65-80
8865957665,Brittney,Webb,24,Femenino,Chicago,Bajo,1,8.26,No,Sí,Vegetariano,No,+1-562-312-5063x56682,Dato no cargado,App,900,18-24
8594220487,Douglas,Martin,19,Masculino,Chicago,Bajo,1,5.58,No,Sí,Vegano,No,Dato no cargado,Dato no cargado,App,1385,18-24
1483240056,Anthony,Murphy,47,Masculino,Chicago,Alto,5,49.01,No,No,Mariscos,No,Dato no cargado,Dato no cargado,Efectivo,7366,45-54
8889964892,Ashley,Frye,25,Femenino,Chicago,Muy Alto,7,28.1,Sí,Sí,Mariscos,Sí,422.799.8207x7005,hvalentine@example.org,App,15079,25-34
5633103603,Kevin,Nelson,29,Masculino,Chicago,Bajo,2,5.61,Sí,Sí,Carnes,No,001-692-946-0495,potterjulia@example.org,Efectivo,1431,25-34
2684104567,Tina,Acevedo,24,Femenino,Chicago,Alto,4,26.39,No,Sí,No informado,Sí,Dato no cargado,Dato no cargado,Tarjeta,8959,18-24
1349227244,Danny,Oneill,31,Masculino,Chicago,Medio,3,23.97,No,Sí,Pescado,No,Dato no cargado,Dato no cargado,Tarjeta,2864,25-34
5700774530,Jacob,Golden,19,Masculino,Chicago,Muy Alto,7,27.5,Sí,Sí,Pescado,Sí,Dato no cargado,ericthornton@example.org,Tarjeta,10837,18-24
1417410239,Brandon,Bailey,26,Masculino,Chicago,Alto,4,55.56,No,Sí,Pescado,No,001-889-625-6637x83142,Dato no cargado,Criptomoneda,6885,25-34
8531118333,Jill,Moore,62,Femenino,Chicago,Muy Alto,7,51.42,No,No,Vegetariano,Sí,+1-440-729-0756x4729,Dato no cargado,Tarjeta,12514,55-64
9266144191,Raymond,Zimmerman,53,Masculino,Chicago,Bajo,0,0.0,Sí,No,Vegetariano,No,646-376-2097x67414,scottluis@example.org,App,1316,45-54
9114630460,Hannah,Wood,48,Femenino,Chicago,Medio,2,6.37,Sí,Sí,Vegano,No,798-694-9704x837,nking@example.org,App,2663,45-54
4456193555,Jeffrey,Koch,27,Masculino,Chicago,Alto,4,36.07,Sí,No,Vegano,Sí,(458)273-0008x2910,patrickturner@example.com,Tarjeta,5264,25-34
4078864180,Deborah,Schroeder,53,Femenino,Chicago,Medio,2,7.72,No,Sí,No informado,No,Dato no cargado,Dato no cargado,Efectivo,2336,45-54
8038719145,Ashley,Wood,56,Femenino,Chicago,Medio,5,28.56,Sí,Sí,Pescado,No,Dato no cargado,sdavis@example.org,Efectivo,2172,55-64
4294684247,David,Klein,35,Masculino,Chicago,Medio,4,25.6,Sí,No,Vegano,No,Dato no cargado,Dato no cargado,App,1893,35-44
8274530390,Crystal,Brown,28,Femenino,Chicago,Bajo,0,0.0,Sí,Sí,Carnes,No,Dato no cargado,Dato no cargado,Tarjeta,1029,25-34
7420945161,Mark,Hopkins,22,Masculino,Chicago,Alto,5,30.09,No,No,Pescado,No,(366)558-0494x2426,katrina19@example.net,App,6419,18-24
9283085713,Amy,Jones,62,Femenino,Chicago,Alto,6,25.96,Sí,Sí,Carnes,Sí,001-258-589-6490x2802,Dato no cargado,Tarjeta,4436,55-64
8466137093,Cameron,Johnson,23,Masculino,Chicago,Bajo,3,5.52,Sí,Sí,Vegetariano,No,(291)541-1331,Dato no cargado,Tarjeta,912,18-24
8573798920,Jamie,Gonzalez,26,Femenino,Chicago,Alto,5,26.13,No,Sí,Carnes,Sí,+1-488-444-6808x678,Dato no cargado,Efectivo,7620,25-34
7510701005,Melissa,Powell,29,Femenino,Chicago,Alto,5,24.27,Sí,Sí,No informado,Sí,Dato no cargado,Dato no cargado,Efectivo,4049,25-34
8251373202,John,Olson,53,Masculino,Chicago,Alto,6,35.0,No,No,Pescado,Sí,Dato no cargado,Dato no cargado,Tarjeta,6986,45-54
3556329609,Kendra,Moss,20,Femenino,Chicago,Muy Alto,5,50.64,No,Sí,Vegano,Sí,Dato no cargado,Dato no cargado,Efectivo,9164,18-24
9181014286,Jessica,Lopez,24,Femenino,Chicago,Muy Alto,7,22.3,Sí,Sí,Carnes,Sí,001-548-971-5029,Dato no cargado,App,15527,18-24
3467506024,Sharon,Page,54,Femenino,Chicago,Alto,6,32.955,No,No,Carnes,Sí,726.912.6550,Dato no cargado,Tarjeta,3859,45-54
2993491419,Colleen,Collins,46,Femenino,Chicago,Medio,4,24.2,No,Sí,Mariscos,No,Dato no cargado,wward@example.com,Tarjeta,2791,45-54
8373547961,Kevin,Steele,63,Masculino,Chicago,Muy Alto,7,34.61,No,No,Vegano,Sí,265-351-5037x195,charlesrhodes@example.com,App,15921,55-64
8757585120,Kimberly,Stark,76,Femenino,Chicago,Medio,5,9.77,No,Sí,Carnes,No,Dato no cargado,joseph26@example.org,App,2960,65-80
5903276945,Carol,Farmer,34,Femenino,Chicago,Bajo,0,0.0,Sí,No,Carnes,No,Dato no cargado,vjordan@example.com,Efectivo,862,25-34
7251025592,Sandra,Beck,80,Femenino,Chicago,Alto,5,24.34,No,No,No informado,Sí,Dato no cargado,dennis95@example.org,App,6113,65-80
7380955073,James,Wang,61,Masculino,Chicago,Medio,3,9.04,Sí,Sí,Vegetariano,No,Dato no cargado,Dato no cargado,Efectivo,3352,55-64
3206955437,Erin,Patterson,35,Femenino,Chicago,Bajo,1,9.1,Sí,No,Vegetariano,No,Dato no cargado,peterscassandra@example.net,App,894,35-44
2477770938,Hayden,Mayo,23,Masculino,Chicago,Muy Alto,7,73.42,Sí,Sí,Otro,Sí,763-868-7926,michaelarellano@example.org,App,16979,18-24
8864247524,Todd,Vargas,27,Masculino,Chicago,Muy Alto,9,52.41,No,Sí,Pescado,Sí,001-403-492-8744,Dato no cargado,Tarjeta,11361,25-34
7818568548,Amber,Bryant,80,Femenino,Chicago,Medio,2,11.24,Sí,Sí,Carnes,No,Dato no cargado,Dato no cargado,Tarjeta,2040,65-80
1160913827,Sherry,Figueroa,24,Femenino,Chicago,Medio,4,19.48,Sí,Sí,Carnes,No,Dato no cargado,Dato no cargado,Efectivo,3020,18-24
2210637886,Kelli,Finley,42,Femenino,Chicago,Alto,6,11.22,Sí,Sí,Carnes,Sí,Dato no cargado,andersongerald@example.com,App,7221,35-44
9723826842,Amber,Castaneda,70,Femenino,Chicago,Medio,4,13.76,Sí,Sí,Vegetariano,No,Dato no cargado,crystalcooper@example.net,Tarjeta,1790,65-80
3579583244,John,Mack,56,Masculino,Chicago,Medio,2,29.65,Sí,Sí,Carnes,No,919.586.5599,floydvirginia@example.org,Efectivo,2486,55-64
1809283659,Christopher,Wallace,22,Masculino,Chicago,Muy Alto,10,5.59,No,No,Vegetariano,Sí,576.228.2978,Dato no cargado,Tarjeta,10946,18-24
2210565696,Tracy,Little,50,Femenino,Chicago,Muy Alto,9,77.23,No,No,Carnes,Sí,+1-788-625-0654x68269,Dato no cargado,Efectivo,10258,45-54
2504540807,David,Larson,34,Masculino,Chicago,Alto,4,33.8,Sí,Sí,Carnes,No,(598)952-3371x4241,Dato no cargado,Efectivo,5183,25-34
5927990650,Jeffery,Garcia,60,Masculino,Chicago,Muy Alto,9,80.89,Sí,Sí,Vegetariano,Sí,Dato no cargado,michael20@example.net,Efectivo,9132,55-64
8137764127,Laura,Franklin,61,Femenino,Chicago,Bajo,0,0.0,Sí,Sí,Pescado,No,Dato no cargado,Dato no cargado,Tarjeta,961,55-64
4580671460,Martha,Jordan,75,Femenino,Chicago,Muy Alto,8,9.89,Sí,Sí,Carnes,Sí,Dato no cargado,lanetracy@example.com,App,14251,65-80
4242579642,Mark,Keller,51,Masculino,Chicago,Muy Alto,8,36.14,No,Sí,Otro,Sí,Dato no cargado,holtlawrence@example.com,Efectivo,9458,45-54
3983456023,Kimberly,Perez,56,Femenino,Chicago,Muy Alto,7,80.56,Sí,No,Otro,Sí,Dato no cargado,huertarichard@example.org,Efectivo,12574,55-64
9002512712,Jacob,Brown,19,Masculino,Chicago,Alto,6,36.35,Sí,Sí,No informado,Sí,001-696-839-6074x01989,Dato no cargado,Tarjeta,7653,18-24
7074707335,Jeanne,Hunter,74,Femenino,Chicago,Medio,3,16.6,Sí,No,Carnes,No,(709)719-7891x577,Dato no cargado,Efectivo,2838,65-80
7647058121,Robert,Mathews,28,Masculino,Chicago,Alto,6,43.57,No,No,Vegetariano,Sí,Dato no cargado,Dato no cargado,Tarjeta,4564,25-34
2650901331,Barbara,Brooks,76,Femenino,Chicago,Medio,4,15.17,No,Sí,Carnes,Sí,975-861-6445x67074,Dato no cargado,Tarjeta,3137,65-80
8283104901,Amy,Johnson,45,Femenino,Chicago,Medio,2,23.23,No,Sí,Pescado,Sí,001-711-767-7697x79994,Dato no cargado,App,1843,45-54
8218033876,Connie,Rivera,61,Femenino,Chicago,Medio,4,16.71,No,Sí,Otro,No,Dato no cargado,reyeswilliam@example.com,Tarjeta,2619,55-64
9661361196,Casey,Page,80,Masculino,Chicago,Muy Alto,8,30.01,Sí,Sí,Mariscos,Sí,Dato no cargado,Dato no cargado,Efectivo,13061,65-80
3964619803,Tracey,Holland,28,Femenino,Chicago,Alto,6,34.94,No,Sí,Vegetariano,No,+1-710-243-7138x882,Dato no cargado,Criptomoneda,8178,25-34
4220365953,Thomas,Maxwell,41,Masculino,Chicago,Medio,3,17.68,No,No,Carnes,No,424.820.1628x089,Dato no cargado,Efectivo,1931,35-44
9808411557,Sandra,Torres,69,Femenino,Chicago,Medio,4,11.45,Sí,Sí,Pescado,No,Dato no cargado,hsnyder@example.org,App,3048,65-80
3222043334,Jason,Jones,70,Masculino,Chicago,Muy Alto,6,92.22,Sí,Sí,No informado,Sí,001-237-651-2695x04467,Dato no cargado,Tarjeta,12397,65-80
1983447031,Mario,Robinson,66,Masculino,Chicago,Medio,2,9.65,No,No,Otro,No,+1-786-786-7083x4158,Dato no cargado,Tarjeta,2152,65-80
9506273832,Rhonda,Sosa,57,Femenino,Chicago,Bajo,0,0.0,Sí,No,Carnes,No,Dato no cargado,lowerymiranda@example.org,Efectivo,844,55-64
5744076853,Diane,Lucas,18,Femenino,Chicago,Medio,3,9.68,Sí,No,Vegetariano,No,(220)850-7859x4992,donnacameron@example.org,Tarjeta,2793,18-24
3267547234,Christopher,Hodges,20,Masculino,Chicago,Medio,2,14.02,Sí,Sí,Otro,No,Dato no cargado,tracyreeves@example.org,Tarjeta,3144,18-24
3781569954,Christopher,Graham,69,Masculino,Chicago,Bajo,0,0.0,No,No,Vegetariano,No,Dato no cargado,Dato no cargado,Tarjeta,927,65-80
1832997778,Daniel,West,50,Masculino,Chicago,Muy Alto,9,69.63,Sí,Sí,Vegetariano,Sí,Dato no cargado,rebecca88@example.org,Efectivo,13367,45-54
1126884405,Jerry,Cox,77,Masculino,Chicago,Alto,6,40.29,Sí,No,Vegetariano,No,(953)284-3209,skim@example.com,Tarjeta,4658,65-80
7839819230,Brian,Gilbert,54,Masculino,Chicago,Muy Alto,9,20.88,No,No,Vegetariano,No,284-844-5636x934,Dato no cargado,Efectivo,13716,45-54
4843660761,Jason,Gonzalez,19,Masculino,Chicago,Muy Alto,7,76.11,No,Sí,Vegetariano,Sí,Dato no cargado,karen96@example.net,App,17028,18-24
4975339279,Carolyn,Nelson,72,Femenino,Chicago,Alto,4,11.68,No,Sí,Carnes,Sí,+1-912-974-3486x67041,katherine66@example.org,Efectivo,4742,65-80
4514830868,Sherry,Hampton,30,Femenino,Chicago,Alto,4,41.61,Sí,Sí,Carnes,Sí,Dato no cargado,folson@example.org,Efectivo,3774,25-34
2277649215,Sarah,Wyatt,30,Femenino,Chicago,Medio,5,14.65,Sí,Sí,Otro,No,001-360-236-0384x442,jlee@example.net,App,1831,25-34
6893167206,Terri,Walters,29,Femenino,Chicago,Bajo,1,6.33,Sí,Sí,Vegano,No,3342757648,patricia38@example.net,App,912,25-34
2724208527,Eric,Morales,44,Masculino,Chicago,Muy Alto,7,41.33,No,Sí,Carnes,Sí,916.290.5931x5214,christian63@example.org,App,11010,35-44
4959482779,Crystal,Rollins,37,Femenino,Chicago,Alto,4,31.66,No,Sí,Vegetariano,No,001-262-755-5172x992,Dato no cargado,Tarjeta,4727,35-44
3631989114,Alejandro,Kim,46,Masculino,Chicago,Muy Alto,7,31.17,No,No,Mariscos,Sí,306-608-4403x9674,Dato no cargado,App,10928,45-54
9678917545,Miguel,Williams,74,Masculino,Chicago,Muy Alto,9,41.21,No,No,Pescado,Sí,Dato no cargado,melissasmith@example.net,Efectivo,16650,65-80
3577508675,Patrick,Jordan,36,Masculino,Chicago,Medio,3,25.61,No,Sí,Pescado,No,Dato no cargado,torresdavid@example.org,App,2623,35-44
3761607938,Brian,Moore,32,Masculino,Chicago,Alto,5,56.89,No,Sí,Carnes,Sí,Dato no cargado,coliver@example.com,Tarjeta,5811,25-34
1322344974,Dustin,Taylor,52,Masculino,Chicago,Medio,3,24.96,No,No,Pescado,No,Dato no cargado,Dato no cargado,Efectivo,3278,45-54
6448436558,Todd,Gill,71,Masculino,Chicago,Bajo,0,0.0,Sí,No,Vegano,No,(610)752-2446,Dato no cargado,Tarjeta,837,65-80
2372798445,Jennifer,Nelson,47,Femenino,Chicago,Alto,5,36.97,No,No,Carnes,Sí,+1-344-624-1868x99543,carrilloricky@example.net,Tarjeta,7924,45-54
9205885404,William,Thomas,38,Masculino,Chicago,Medio,2,19.56,Sí,Sí,Vegetariano,No,Dato no cargado,Dato no cargado,Efectivo,2057,35-44
1701477759,Crystal,Rojas,61,Femenino,Chicago,Alto,5,23.25,No,No,Carnes,No,Dato no cargado,Dato no cargado,Tarjeta,7579,55-64
7969674420,Robert,Sherman,28,Masculino,Chicago,Bajo,2,7.79,No,Sí,Mariscos,No,Dato no cargado,Dato no cargado,Tarjeta,1156,25-34
5280312345,David,Matthews,65,Masculino,Chicago,Medio,4,21.9,Sí,No,Vegetariano,No,+1-938-670-4739,Dato no cargado,Efectivo,2965,65-80
2630110128,Thomas,Miller,74,Masculino,Chicago,Muy Alto,8,65.59,Sí,No,Mariscos,Sí,+1-851-316-8351x11702,michellewilliams@example.org,Efectivo,17219,65-80
9579359717,Latasha,Mullins,41,Femenino,Chicago,Alto,6,27.42,No,Sí,Mariscos,Sí,Dato no cargado,robin90@example.com,Tarjeta,4669,35-44
8025153371,Derek,Walsh,67,Masculino,Chicago,Medio,5,14.1,Sí,Sí,Carnes,No,757-998-1914,victor54@example.org,Tarjeta,2005,65-80
5590077509,Douglas,Hopkins,55,Masculino,Chicago,Alto,6,18.71,Sí,Sí,Otro,Sí,+1-995-767-8876x8983,kevindunn@example.net,Efectivo,8476,55-64
6012067717,Robin,Pope,27,Femenino,Chicago,Medio,5,14.56,Sí,Sí,Otro,No,Dato no cargado,Dato no cargado,Efectivo,2786,25-34
4870516577,Steven,Benitez,76,Masculino,Chicago,Muy Alto,9,86.22,No,No,Vegetariano,Sí,(861)589-1148x090,Dato no cargado,App,14775,65-80
4482548488,Julia,Welch,60,Femenino,Chicago,Muy Alto,7,64.39,Sí,Sí,Vegetariano,Sí,Dato no cargado,richard82@example.com,Efectivo,11541,55-64
8063812593,Donald,Johnson,28,Masculino,Chicago,Medio,4,11.03,Sí,Sí,Pescado,No,6709289792,lindsayshah@example.org,Efectivo,1920,25-34
8106906538,Brenda,Brown,47,Femenino,Chicago,Alto,4,11.23,No,Sí,Mariscos,Sí,Dato no cargado,Dato no cargado,Tarjeta,4862,45-54
9379906181,Pamela,Hall,74,Femenino,Chicago,Bajo,0,0.0,No,No,Carnes,No,Dato no cargado,Dato no cargado,Tarjeta,1131,65-80
3802822089,Angela,Arroyo,52,Femenino,Chicago,Alto,6,10.19,Sí,Sí,Pescado,No,(305)695-1082x9692,Dato no cargado,Efectivo,5092,45-54
3316277000,Elizabeth,Pittman,69,Femenino,Chicago,Alto,6,27.17,No,Sí,Mariscos,No,001-271-741-4011x35675,ryanbeltran@example.org,Efectivo,3703,65-80
8853079811,Tamara,Griffin,77,Femenino,Chicago,Bajo,1,6.18,Sí,No,Otro,No,(243)658-6543x11668,Dato no cargado,Tarjeta,1057,65-80
4553644223,Tracey,Flynn,57,Femenino,Chicago,Bajo,1,6.96,No,Sí,Carnes,No,295.679.7926x321,Dato no cargado,Efectivo,1348,55-64
