id_yelp,nombre,preferencia_cliente,categorias,calificacion,cantidad_resenas,precio,telefono,direccion,ciudad,codigo_postal,latitud,longitud,cerrado,url_yelp,nivel_precio
apyIymDFbUK7u-Y3V5kmkA,Bavette's Bar & Boeuf,Carnes,"Steakhouses, Seafood, Bars",4.6,3569,$$$$,(312) 624-8154,"218 W Kinzie, Chicago, IL 60654",Chicago,60654,41.889295011779424,-87.63489302317039,False,https://www.yelp.com/biz/bavettes-bar-and-boeuf-chicago?adjust_creative=SzinwiLH3jdq-oS1oNeLxg&utm_campaign=yelp_api_v3&utm_medium=api_v3_business_search&utm_source=SzinwiLH3jdq-oS1oNeLxg,4.0
T_egMuf7xJHLdldzPqOaSQ,Qing Xiang Yuan Dumplings,Carnes,"Chinese, Barbeque",4.4,2207,$$,(312) 799-1118,"2002 S Wentworth Ave, Ste 103, Chicago, IL 60616",Chicago,60616,41.85505,-87.63219,False,https://www.yelp.com/biz/qing-xiang-yuan-dumplings-chicago-3?adjust_creative=SzinwiLH3jdq-oS1oNeLxg&utm_campaign=yelp_api_v3&utm_medium=api_v3_business_search&utm_source=SzinwiLH3jdq-oS1oNeLxg,2.0
UK5Xb8xqUOUBi5vQu0bQXQ,Maple & Ash,Carnes,"Steakhouses, Seafood, Breakfast & Brunch",4.2,2551,$$$$,(312) 944-8888,"8 W Maple St, Chicago, IL 60610",Chicago,60610,41.9021130633339,-87.6286945502972,False,https://www.yelp.com/biz/maple-and-ash-chicago?adjust_creative=SzinwiLH3jdq-oS1oNeLxg&utm_campaign=yelp_api_v3&utm_medium=api_v3_business_search&utm_source=SzinwiLH3jdq-oS1oNeLxg,4.0
8wARj6QqmnSkUqLwoBCn7w,Gibsons Italia,Carnes,"Steakhouses, Italian, Seafood",4.3,1151,$$$,(312) 414-1100,"233 N Canal St, Chicago, IL 60606",Chicago,60606,41.88660415612635,-87.63957346218746,False,https://www.yelp.com/biz/gibsons-italia-chicago-2?adjust_creative=SzinwiLH3jdq-oS1oNeLxg&utm_campaign=yelp_api_v3&utm_medium=api_v3_business_search&utm_source=SzinwiLH3jdq-oS1oNeLxg,3.0
2tKMs0DbdxPSl2JeCJUEKw,"Joe's Seafood, Prime Steak & Stone Crab",Carnes,"Seafood, Steakhouses",4.4,3291,$$$$,(312) 379-5637,"60 E Grand Ave, Chicago, IL 60611",Chicago,60611,41.891974848629204,-87.62563823270841,False,https://www.yelp.com/biz/joes-seafood-prime-steak-and-stone-crab-chicago?adjust_creative=SzinwiLH3jdq-oS1oNeLxg&utm_campaign=yelp_api_v3&utm_medium=api_v3_business_search&utm_source=SzinwiLH3jdq-oS1oNeLxg,4.0
LPwAwxEjetjdNh7Uadro3g,Smoque BBQ,Carnes,Barbeque,4.3,4909,$$,(773) 545-7427,"3800 N Pulaski Rd, Ste 2, Chicago, IL 60641",Chicago,60641,41.95021,-87.72795,False,https://www.yelp.com/biz/smoque-bbq-chicago?adjust_creative=SzinwiLH3jdq-oS1oNeLxg&utm_campaign=yelp_api_v3&utm_medium=api_v3_business_search&utm_source=SzinwiLH3jdq-oS1oNeLxg,2.0
zFbAbx4GJfu1GByUG6rDOw,La Grande Boucherie,Carnes,"Steakhouses, French, Cocktail Bars",4.3,640,$$$$,(312) 624-3014,"431 N Dearborn St, Chicago, IL 60654",Chicago,60654,41.89029,-87.62935,False,https://www.yelp.com/biz/la-grande-boucherie-chicago-3?adjust_creative=SzinwiLH3jdq-oS1oNeLxg&utm_campaign=yelp_api_v3&utm_medium=api_v3_business_search&utm_source=SzinwiLH3jdq-oS1oNeLxg,4.0
VPJk-SEWSWS_nGoQvM-COw,Penumbra,Carnes,"Wine Bars, Seafood, Steakhouses",4.8,1036,$$$,(773) 772-2343,"3309 W Fullerton Ave, Chicago, IL 60647",Chicago,60647,41.924459,-87.710898,False,https://www.yelp.com/biz/penumbra-chicago?adjust_creative=SzinwiLH3jdq-oS1oNeLxg&utm_campaign=yelp_api_v3&utm_medium=api_v3_business_search&utm_source=SzinwiLH3jdq-oS1oNeLxg,3.0
dux6UvpMGJuHquFA3JfR3A,Green Street Smoked Meats,Carnes,"Barbeque, Cocktail Bars, Beer Bar",4.4,2361,$$,(312) 754-0431,"112 N Green St, Chicago, IL 60607",Chicago,60607,41.88367058013238,-87.648907,False,https://www.yelp.com/biz/green-street-smoked-meats-chicago?adjust_creative=SzinwiLH3jdq-oS1oNeLxg&utm_campaign=yelp_api_v3&utm_medium=api_v3_business_search&utm_source=SzinwiLH3jdq-oS1oNeLxg,2.0
sNQglz_HoXgnUi1KTN3Iew,Gibsons Bar & Steakhouse,Carnes,"Steakhouses, Bars, American",4.1,2898,$$$,(312) 266-8999,"1028 N Rush St, Chicago, IL 60611",Chicago,60611,41.90140222026569,-87.62808609999999,False,https://www.yelp.com/biz/gibsons-bar-and-steakhouse-chicago?adjust_creative=SzinwiLH3jdq-oS1oNeLxg&utm_campaign=yelp_api_v3&utm_medium=api_v3_business_search&utm_source=SzinwiLH3jdq-oS1oNeLxg,3.0
UKs05XWhbP0riI8O0Kv36w,Boeufhaus,Carnes,"Brasseries, Cocktail Bars, Steakhouses",4.2,507,$$$,(773) 661-2116,"1012 N Western Ave, Chicago, IL 60622",Chicago,60622,41.899831,-87.687487,False,https://www.yelp.com/biz/boeufhaus-chicago?adjust_creative=SzinwiLH3jdq-oS1oNeLxg&utm_campaign=yelp_api_v3&utm_medium=api_v3_business_search&utm_source=SzinwiLH3jdq-oS1oNeLxg,3.0
nthd0P5BLaEQp36cf9CtWg,S&T Steak House,Carnes,"Steakhouses, Seafood, Sandwiches",4.9,58,,(773) 799-8399,"2246 W Armitage Ave, Chicago, IL 60647",Chicago,60647,41.91776060200568,-87.68436580896378,False,https://www.yelp.com/biz/s-and-t-steak-house-chicago?adjust_creative=SzinwiLH3jdq-oS1oNeLxg&utm_campaign=yelp_api_v3&utm_medium=api_v3_business_search&utm_source=SzinwiLH3jdq-oS1oNeLxg,
YghqKXYrA7mvQkkrhMYSHw,Chubby Cattle BBQ | Chicago,Carnes,"Barbeque, Japanese, Steakhouses",4.5,488,$$$$,(464) 242-1735,"2162 S Archer Ave, Chicago, IL 60616",Chicago,60616,41.85347,-87.63456,False,https://www.yelp.com/biz/chubby-cattle-bbq-chicago-chicago-21?adjust_creative=SzinwiLH3jdq-oS1oNeLxg&utm_campaign=yelp_api_v3&utm_medium=api_v3_business_search&utm_source=SzinwiLH3jdq-oS1oNeLxg,4.0
jEA0_tz77CM_cAd9bEw4NA,Offset BBQ,Carnes,Barbeque,4.7,305,$$,(773) 360-7753,"1720 N California Ave, Chicago, IL 60647",Chicago,60647,41.912809,-87.697383,False,https://www.yelp.com/biz/offset-bbq-chicago-2?adjust_creative=SzinwiLH3jdq-oS1oNeLxg&utm_campaign=yelp_api_v3&utm_medium=api_v3_business_search&utm_source=SzinwiLH3jdq-oS1oNeLxg,2.0
ZbXgwfVDjb2tz08FGWmSAA,Folklore Argentine Grill,Carnes,"Argentine, Steakhouses, Comfort Food",3.9,860,$$,(773) 292-1600,"2100 W Division St, Chicago, IL 60622",Chicago,60622,41.9034461975098,-87.6799240112305,False,https://www.yelp.com/biz/folklore-argentine-grill-chicago?adjust_creative=SzinwiLH3jdq-oS1oNeLxg&utm_campaign=yelp_api_v3&utm_medium=api_v3_business_search&utm_source=SzinwiLH3jdq-oS1oNeLxg,2.0
TpnJu57_NYEjgJyL6klurg,Perilla korean steakhouse,Carnes,"Steakhouses, Korean, Cocktail Bars",4.1,232,$$$$,(312) 236-9300,"225 N Wabash Ave, Chicago, IL 60601",Chicago,60601,41.88655,-87.62604,False,https://www.yelp.com/biz/perilla-korean-steakhouse-chicago?adjust_creative=SzinwiLH3jdq-oS1oNeLxg&utm_campaign=yelp_api_v3&utm_medium=api_v3_business_search&utm_source=SzinwiLH3jdq-oS1oNeLxg,4.0
_O2_9HL-pnb3ZvOOfjRDuA,Shinhwa Korean Steakhouse,Carnes,"Korean, Steakhouses, Seafood",4.4,212,$$$,(312) 291-9034,"2407 S Wentworth Ave, Chicago, IL 60616",Chicago,60616,41.848907604834096,-87.63163323570596,False,https://www.yelp.com/biz/shinhwa-korean-steakhouse-chicago-3?adjust_creative=SzinwiLH3jdq-oS1oNeLxg&utm_campaign=yelp_api_v3&utm_medium=api_v3_business_search&utm_source=SzinwiLH3jdq-oS1oNeLxg,3.0
kJjbElns3_GTNIklRVbHPQ,Remington's,Carnes,"American, Steakhouses, Seafood",4.3,1062,$$$,(312) 782-6000,"20 N Michigan Ave, Chicago, IL 60602",Chicago,60602,41.88266,-87.62499,False,https://www.yelp.com/biz/remingtons-chicago?adjust_creative=SzinwiLH3jdq-oS1oNeLxg&utm_campaign=yelp_api_v3&utm_medium=api_v3_business_search&utm_source=SzinwiLH3jdq-oS1oNeLxg,3.0
0p-Wi2pmihlcntw4dOfveQ,Qing Xiang Yuan Dumplings,Carnes,"Dim Sum, Barbeque, Coffee & Tea",4.6,31,,,"2018 W Division St, Chicago, IL 60622",Chicago,60622,41.903345,-87.678091,False,https://www.yelp.com/biz/qing-xiang-yuan-dumplings-chicago-7?adjust_creative=SzinwiLH3jdq-oS1oNeLxg&utm_campaign=yelp_api_v3&utm_medium=api_v3_business_search&utm_source=SzinwiLH3jdq-oS1oNeLxg,
KML-ctMyeT9OkmEO_zjQmw,Bazaar Meat by José Andrés,Carnes,Steakhouses,4.3,244,$$$$,(312) 820-6601,"120 N Wacker Dr, Chicago, IL 60606",Chicago,60606,41.8840009,-87.63722299999999,False,https://www.yelp.com/biz/bazaar-meat-by-jos%C3%A9-andr%C3%A9s-chicago-2?adjust_creative=SzinwiLH3jdq-oS1oNeLxg&utm_campaign=yelp_api_v3&utm_medium=api_v3_business_search&utm_source=SzinwiLH3jdq-oS1oNeLxg,4.0
3Q_N0K28SRJbPy2sz0QqVw,Prime & Provisions Steakhouse,Carnes,"American, Seafood, Steakhouses",4.2,1721,$$$$,(312) 726-7777,"222 N LaSalle St, Chicago, IL 60601",Chicago,60601,41.886691904806014,-87.63297008166786,False,https://www.yelp.com/biz/prime-and-provisions-steakhouse-chicago-7?adjust_creative=SzinwiLH3jdq-oS1oNeLxg&utm_campaign=yelp_api_v3&utm_medium=api_v3_business_search&utm_source=SzinwiLH3jdq-oS1oNeLxg,4.0
vofANrgotem6XRBBf5sc7A,Jake Melnick's Corner Tap,Carnes,"Sports Bars, Barbeque, Chicken Wings",3.8,1721,$$,(312) 266-0400,"41 E Superior St, Chicago, IL 60611",Chicago,60611,41.89555497057399,-87.62651245888121,False,https://www.yelp.com/biz/jake-melnicks-corner-tap-chicago-2?adjust_creative=SzinwiLH3jdq-oS1oNeLxg&utm_campaign=yelp_api_v3&utm_medium=api_v3_business_search&utm_source=SzinwiLH3jdq-oS1oNeLxg,2.0
PtqCsmnOow_ByOkj38eB8w,The Evie,Carnes,"American, Sushi Bars, Steakhouses",4.5,341,$$$,(312) 701-3300,"537 N Michigan Ave, Chicago, IL 60611",Chicago,60611,41.892207051940055,-87.62390403884024,False,https://www.yelp.com/biz/the-evie-chicago?adjust_creative=SzinwiLH3jdq-oS1oNeLxg&utm_campaign=yelp_api_v3&utm_medium=api_v3_business_search&utm_source=SzinwiLH3jdq-oS1oNeLxg,3.0
J553xKA41NRmEROrQ1R_6w,Wagyu House Chicago,Carnes,"Hot Pot, Japanese, Barbeque",4.5,878,$$$$,(464) 768-8224,"1147 S Delano Ct E, Chicago, IL 60605",Chicago,60605,41.86824,-87.63217,False,https://www.yelp.com/biz/wagyu-house-chicago-chicago-5?adjust_creative=SzinwiLH3jdq-oS1oNeLxg&utm_campaign=yelp_api_v3&utm_medium=api_v3_business_search&utm_source=SzinwiLH3jdq-oS1oNeLxg,4.0
z_3LfLCLWSM8vaNvWOwUjA,Smoke Daddy,Carnes,Barbeque,4.0,555,$$,(773) 227-2583,"3636 N Clark St, Chicago, IL 60613",Chicago,60613,41.947986,-87.657552,False,https://www.yelp.com/biz/smoke-daddy-chicago-2?adjust_creative=SzinwiLH3jdq-oS1oNeLxg&utm_campaign=yelp_api_v3&utm_medium=api_v3_business_search&utm_source=SzinwiLH3jdq-oS1oNeLxg,2.0
nO8Yrt4l4JLSvCAkkwrk1Q,Gyu-Kaku Japanese BBQ,Carnes,"Japanese, Barbeque, Asian Fusion",4.2,2098,$$,(312) 266-8929,"210 E Ohio St, Chicago, IL 60611",Chicago,60611,41.89281,-87.62223,False,https://www.yelp.com/biz/gyu-kaku-japanese-bbq-chicago?adjust_creative=SzinwiLH3jdq-oS1oNeLxg&utm_campaign=yelp_api_v3&utm_medium=api_v3_business_search&utm_source=SzinwiLH3jdq-oS1oNeLxg,2.0
b1Uha3s_caUgBrOmflt8xw,Wu's Korean BBQ,Carnes,"Barbeque, Korean, Cocktail Bars",4.5,29,,(312) 837-3200,"403 E Illinois St, Chicago, IL 60611",Chicago,60611,41.890986402568934,-87.6172576,False,https://www.yelp.com/biz/wus-korean-bbq-chicago?adjust_creative=SzinwiLH3jdq-oS1oNeLxg&utm_campaign=yelp_api_v3&utm_medium=api_v3_business_search&utm_source=SzinwiLH3jdq-oS1oNeLxg,
A9yx4wG6VlIaVJdm40twRw,Ocean Prime,Carnes,"Seafood, Steakhouses, Cocktail Bars",4.4,472,$$$$,(312) 428-4344,"87 E Wacker Dr, Chicago, IL 60601",Chicago,60601,41.88781270743207,-87.625254635582,False,https://www.yelp.com/biz/ocean-prime-chicago?adjust_creative=SzinwiLH3jdq-oS1oNeLxg&utm_campaign=yelp_api_v3&utm_medium=api_v3_business_search&utm_source=SzinwiLH3jdq-oS1oNeLxg,4.0
h3zEUwyZ9xX63ljpJzsQ5Q,Dēliz,Carnes,"Italian, Steakhouses, Cocktail Bars",4.4,93,,(773) 477-0000,"1840 W North Ave, Chicago, IL 60622",Chicago,60622,41.910701639679814,-87.67424031789,False,https://www.yelp.com/biz/d%C4%93liz-chicago-2?adjust_creative=SzinwiLH3jdq-oS1oNeLxg&utm_campaign=yelp_api_v3&utm_medium=api_v3_business_search&utm_source=SzinwiLH3jdq-oS1oNeLxg,
RknsNPtkyrnOZDb3fwCRow,Trino,Carnes,Steakhouses,4.7,50,,(312) 446-9043,"738 W Randolph St, Chicago, IL 60661",Chicago,60661,41.88484755482354,-87.64722123742104,False,https://www.yelp.com/biz/trino-chicago?adjust_creative=SzinwiLH3jdq-oS1oNeLxg&utm_campaign=yelp_api_v3&utm_medium=api_v3_business_search&utm_source=SzinwiLH3jdq-oS1oNeLxg,
WQ_7k_-4YlkjaSay7LgN6w,Tre Dita,Carnes,"Italian, Bars, Steakhouses",4.3,394,$$$$,(312) 725-1724,"401 E Wacker Dr, Chicago, IL 60601",Chicago,60601,41.88738,-87.61745,False,https://www.yelp.com/biz/tre-dita-chicago?adjust_creative=SzinwiLH3jdq-oS1oNeLxg&utm_campaign=yelp_api_v3&utm_medium=api_v3_business_search&utm_source=SzinwiLH3jdq-oS1oNeLxg,4.0
E974TODU6F-HCzUS02nXiQ,Tortoise Supper Club,Carnes,"Supper Clubs, Seafood, Steakhouses",4.2,800,$$$,(312) 755-1700,"350 N State St, Chicago, IL 60654",Chicago,60654,41.888770105961974,-87.62848221273698,False,https://www.yelp.com/biz/tortoise-supper-club-chicago-2?adjust_creative=SzinwiLH3jdq-oS1oNeLxg&utm_campaign=yelp_api_v3&utm_medium=api_v3_business_search&utm_source=SzinwiLH3jdq-oS1oNeLxg,3.0
VikWqZa32i70Qp-ETzw_lw,Hugo's Frog Bar & Fish House,Carnes,"Seafood, Steakhouses, Wine Bars",4.1,1330,$$$$,(312) 640-0999,"1024 N Rush St, Chicago, IL 60611",Chicago,60611,41.90121087998868,-87.6279725116386,False,https://www.yelp.com/biz/hugos-frog-bar-and-fish-house-chicago?adjust_creative=SzinwiLH3jdq-oS1oNeLxg&utm_campaign=yelp_api_v3&utm_medium=api_v3_business_search&utm_source=SzinwiLH3jdq-oS1oNeLxg,4.0
YwtWMD-Fz2WH9smEeQnqWw,Iron Age Korean Steakhouse,Carnes,"Korean, Barbeque, Bars",3.9,777,$$$,(773) 697-7622,"1265 N Milwaukee Ave, Chicago, IL 60622",Chicago,60622,41.90489515012891,-87.66865167262249,False,https://www.yelp.com/biz/iron-age-korean-steakhouse-chicago-6?adjust_creative=SzinwiLH3jdq-oS1oNeLxg&utm_campaign=yelp_api_v3&utm_medium=api_v3_business_search&utm_source=SzinwiLH3jdq-oS1oNeLxg,3.0
65-YoAsiOo1-1jPQxvZsog,El Che Steakhouse & Bar,Carnes,"Argentine, Steakhouses, Seafood",4.2,563,$$$$,(312) 265-1130,"845 W Washington Blvd, Chicago, IL 60607",Chicago,60607,41.8829851,-87.6491649,False,https://www.yelp.com/biz/el-che-steakhouse-and-bar-chicago?adjust_creative=SzinwiLH3jdq-oS1oNeLxg&utm_campaign=yelp_api_v3&utm_medium=api_v3_business_search&utm_source=SzinwiLH3jdq-oS1oNeLxg,4.0
FiDxI03abCAfA4pgl1NJ1w,Butcher & The Bear,Carnes,"Steakhouses, Seafood, Burgers",4.4,187,$$$$,(312) 955-0306,"2721 N Halsted St, Chicago, IL 60614",Chicago,60614,41.93223470574105,-87.648727,False,https://www.yelp.com/biz/butcher-and-the-bear-chicago?adjust_creative=SzinwiLH3jdq-oS1oNeLxg&utm_campaign=yelp_api_v3&utm_medium=api_v3_business_search&utm_source=SzinwiLH3jdq-oS1oNeLxg,4.0
KomhK0JD5cleEW55YTw7MQ,Sun Wah Bar-B-Que,Carnes,"Barbeque, Cantonese",3.9,2099,$$,(773) 769-1254,"5039 N Broadway, Chicago, IL 60640",Chicago,60640,41.97397223722014,-87.65959888546972,False,https://www.yelp.com/biz/sun-wah-bar-b-que-chicago-2?adjust_creative=SzinwiLH3jdq-oS1oNeLxg&utm_campaign=yelp_api_v3&utm_medium=api_v3_business_search&utm_source=SzinwiLH3jdq-oS1oNeLxg,2.0
AHpwEeyDT_brMzF5cYQpag,RL Restaurant,Carnes,"New American, Steakhouses, Sandwiches",4.2,1064,$$,(312) 475-1100,"115 E Chicago Ave, Chicago, IL 60611",Chicago,60611,41.896527839952554,-87.62490467361069,False,https://www.yelp.com/biz/rl-restaurant-chicago?adjust_creative=SzinwiLH3jdq-oS1oNeLxg&utm_campaign=yelp_api_v3&utm_medium=api_v3_business_search&utm_source=SzinwiLH3jdq-oS1oNeLxg,2.0
H3KB1EigcCQU9sbQCi-6kg,Mon Ami Gabi,Carnes,"French, Modern European, Steakhouses",4.1,1038,$$$,(773) 348-8886,"2300 N Lincoln Park W, Chicago, IL 60614",Chicago,60614,41.924093,-87.636974,False,https://www.yelp.com/biz/mon-ami-gabi-chicago?adjust_creative=SzinwiLH3jdq-oS1oNeLxg&utm_campaign=yelp_api_v3&utm_medium=api_v3_business_search&utm_source=SzinwiLH3jdq-oS1oNeLxg,3.0
e9Gx0S7ojgg2Y7BrITiADA,PERILLA korean fare,Carnes,"Korean, Barbeque, Asian Fusion",4.1,406,$$$,(312) 243-3344,"401 N Milwaukee Ave, Chicago, IL 60654",Chicago,60654,41.88942,-87.64452,False,https://www.yelp.com/biz/perilla-korean-fare-chicago?adjust_creative=SzinwiLH3jdq-oS1oNeLxg&utm_campaign=yelp_api_v3&utm_medium=api_v3_business_search&utm_source=SzinwiLH3jdq-oS1oNeLxg,3.0
WA8Fuuv9zRfZ8H8YkeYxsg,Aloha Eats,Carnes,"Hawaiian, Barbeque",4.1,1132,$$,(773) 935-6828,"2534 N Clark St, Chicago, IL 60614",Chicago,60614,41.92873960498253,-87.64252209846221,False,https://www.yelp.com/biz/aloha-eats-chicago?adjust_creative=SzinwiLH3jdq-oS1oNeLxg&utm_campaign=yelp_api_v3&utm_medium=api_v3_business_search&utm_source=SzinwiLH3jdq-oS1oNeLxg,2.0
XsGNjQODQGHMUPKrS_xEnA,The Capital Grille,Carnes,"Wine Bars, Seafood, Steakhouses",4.4,1037,$$$,(312) 337-9400,"633 N Saint Clair St, Chicago, IL 60611",Chicago,60611,41.89350943489024,-87.62249196501462,False,https://www.yelp.com/biz/the-capital-grille-chicago-4?adjust_creative=SzinwiLH3jdq-oS1oNeLxg&utm_campaign=yelp_api_v3&utm_medium=api_v3_business_search&utm_source=SzinwiLH3jdq-oS1oNeLxg,3.0
GZdevx3pW3QFRgIZm-KtUA,The Chicago Firehouse Restaurant,Carnes,"Steakhouses, New American, Seafood",3.8,925,$$$,(312) 786-1401,"1401 S Michigan Ave, Chicago, IL 60605",Chicago,60605,41.86393135887502,-87.62389637381315,False,https://www.yelp.com/biz/the-chicago-firehouse-restaurant-chicago?adjust_creative=SzinwiLH3jdq-oS1oNeLxg&utm_campaign=yelp_api_v3&utm_medium=api_v3_business_search&utm_source=SzinwiLH3jdq-oS1oNeLxg,3.0
WLcAdMilB7fDFIZLa2vI_w,STK Steakhouse,Carnes,"Steakhouses, New American, Cocktail Bars",3.8,2091,$$$$,(312) 340-5636,"9 W Kinzie St, Chicago, IL 60654",Chicago,60654,41.889026,-87.628642,False,https://www.yelp.com/biz/stk-steakhouse-chicago-4?adjust_creative=SzinwiLH3jdq-oS1oNeLxg&utm_campaign=yelp_api_v3&utm_medium=api_v3_business_search&utm_source=SzinwiLH3jdq-oS1oNeLxg,4.0
ISK4YPxKYvG9PzmxBE6CJg,Bistronomic,Carnes,"New American, French, Steakhouses",4.0,858,$$,(312) 944-8400,"840 N Wabash Ave, Chicago, IL 60611",Chicago,60611,41.8979072566376,-87.6272430870994,False,https://www.yelp.com/biz/bistronomic-chicago?adjust_creative=SzinwiLH3jdq-oS1oNeLxg&utm_campaign=yelp_api_v3&utm_medium=api_v3_business_search&utm_source=SzinwiLH3jdq-oS1oNeLxg,2.0
pPnsqvWyyVM0LuxmOXwghg,Chicago Oyster House,Carnes,"Seafood, Steakhouses, Bars",3.6,393,$$$,(312) 225-8833,"1933 S Indiana Ave, Chicago, IL 60616",Chicago,60616,41.85577,-87.62194,False,https://www.yelp.com/biz/chicago-oyster-house-chicago?adjust_creative=SzinwiLH3jdq-oS1oNeLxg&utm_campaign=yelp_api_v3&utm_medium=api_v3_business_search&utm_source=SzinwiLH3jdq-oS1oNeLxg,3.0
P9bOthqe35wgUmJR0TNMBw,So Gong Dong Korea Tofu & BBQ,Carnes,"Korean, Barbeque, Noodles",4.5,28,,(331) 631-1237,"2411 W North Ave, Chicago, IL 60647",Chicago,60647,41.909998,-87.687587,False,https://www.yelp.com/biz/so-gong-dong-korea-tofu-and-bbq-chicago-2?adjust_creative=SzinwiLH3jdq-oS1oNeLxg&utm_campaign=yelp_api_v3&utm_medium=api_v3_business_search&utm_source=SzinwiLH3jdq-oS1oNeLxg,
JMWtBuuNmTXqoBs06Wt_7w,RPM Steak,Carnes,"Steakhouses, Bars, Desserts",4.2,1892,$$$$,(312) 284-4990,"66 W Kinzie St, Chicago, IL 60654",Chicago,60654,41.88940266225163,-87.63061391510885,False,https://www.yelp.com/biz/rpm-steak-chicago-2?adjust_creative=SzinwiLH3jdq-oS1oNeLxg&utm_campaign=yelp_api_v3&utm_medium=api_v3_business_search&utm_source=SzinwiLH3jdq-oS1oNeLxg,4.0
eNX0-bvk4oYgEM7z8RMRMQ,Chicago Chop House,Carnes,"Steakhouses, Wine Bars",3.6,1214,$$$$,(312) 787-7100,"60 W Ontario St, Chicago, IL 60654",Chicago,60654,41.893488,-87.630455,False,https://www.yelp.com/biz/chicago-chop-house-chicago?adjust_creative=SzinwiLH3jdq-oS1oNeLxg&utm_campaign=yelp_api_v3&utm_medium=api_v3_business_search&utm_source=SzinwiLH3jdq-oS1oNeLxg,4.0
uyUKtGWLYgu-RLjlNImy0A,Tango Sur,Carnes,"Latin American, Steakhouses, Argentine",4.0,2786,$$$,(773) 477-5466,"3763 N Southport Ave, Chicago, IL 60613",Chicago,60613,41.9507843879442,-87.6639031774259,False,https://www.yelp.com/biz/tango-sur-chicago?adjust_creative=SzinwiLH3jdq-oS1oNeLxg&utm_campaign=yelp_api_v3&utm_medium=api_v3_business_search&utm_source=SzinwiLH3jdq-oS1oNeLxg,3.0
rqkwkONaQdzR8Lg7foEHGg,Hawksmoor,Carnes,"Steakhouses, Seafood, Venues & Event Spaces",4.2,306,$$$$,(872) 272-4240,"500 N La Salle Dr, Chicago, IL 60654",Chicago,60654,41.89099,-87.632943,False,https://www.yelp.com/biz/hawksmoor-chicago-4?adjust_creative=SzinwiLH3jdq-oS1oNeLxg&utm_campaign=yelp_api_v3&utm_medium=api_v3_business_search&utm_source=SzinwiLH3jdq-oS1oNeLxg,4.0
cuGkFLdPWfFX9hm2bcBHkQ,Twin Anchors Restaurant & Tavern,Carnes,"American, Barbeque, Cocktail Bars",4.1,1078,$$,(312) 266-1616,"1655 N Sedgwick St, Chicago, IL 60614",Chicago,60614,41.912703,-87.638385,False,https://www.yelp.com/biz/twin-anchors-restaurant-and-tavern-chicago?adjust_creative=SzinwiLH3jdq-oS1oNeLxg&utm_campaign=yelp_api_v3&utm_medium=api_v3_business_search&utm_source=SzinwiLH3jdq-oS1oNeLxg,2.0
fFX6L_QDexlgoYoCigJyPw,Canton Regio,Carnes,"Mexican, Steakhouses",4.1,787,$$,(312) 733-3045,"1510 W 18th St, Chicago, IL 60608",Chicago,60608,41.85800689268994,-87.66424954639703,False,https://www.yelp.com/biz/canton-regio-chicago-4?adjust_creative=SzinwiLH3jdq-oS1oNeLxg&utm_campaign=yelp_api_v3&utm_medium=api_v3_business_search&utm_source=SzinwiLH3jdq-oS1oNeLxg,2.0
Ld11LQCqA5c6Ic7ezUDlSA,Asador Bastian,Carnes,"Spanish, Bars, Steakhouses",4.0,184,$$$$,(312) 800-8935,"214 W Erie St, Chicago, IL 60654",Chicago,60654,41.89410401536601,-87.63488701719666,False,https://www.yelp.com/biz/asador-bastian-chicago?adjust_creative=SzinwiLH3jdq-oS1oNeLxg&utm_campaign=yelp_api_v3&utm_medium=api_v3_business_search&utm_source=SzinwiLH3jdq-oS1oNeLxg,4.0
1iTfxLbeWIKgaGQ_a2I_MA,Wilma's Famous BBQ & Tavern,Carnes,"Barbeque, Chicken Wings, Beer Bar",3.3,271,$$,(312) 269-5580,"17 N Wabash Ave, Fl 2, Chicago, IL 60602",Chicago,60602,41.882681543958064,-87.62585296643222,False,https://www.yelp.com/biz/wilmas-famous-bbq-and-tavern-chicago?adjust_creative=SzinwiLH3jdq-oS1oNeLxg&utm_campaign=yelp_api_v3&utm_medium=api_v3_business_search&utm_source=SzinwiLH3jdq-oS1oNeLxg,2.0
f1neY8Zd9xld7BB7G7mC0Q,Steak 48,Carnes,"Steakhouses, Seafood, Bars",4.3,1156,$$$$,(312) 266-4848,"615 N Wabash Ave, Chicago, IL 60611",Chicago,60611,41.893,-87.62637,False,https://www.yelp.com/biz/steak-48-chicago?adjust_creative=SzinwiLH3jdq-oS1oNeLxg&utm_campaign=yelp_api_v3&utm_medium=api_v3_business_search&utm_source=SzinwiLH3jdq-oS1oNeLxg,4.0
DwJwTn1MMhkUk6umLeM5MQ,Daebak,Carnes,"Korean, Barbeque",3.9,114,$$,(312) 722-6923,"1266 N Milwaukee Ave, Chicago, IL 60622",Chicago,60622,41.90466,-87.66894,False,https://www.yelp.com/biz/daebak-chicago?adjust_creative=SzinwiLH3jdq-oS1oNeLxg&utm_campaign=yelp_api_v3&utm_medium=api_v3_business_search&utm_source=SzinwiLH3jdq-oS1oNeLxg,2.0
JZxTdRGnRFQbEbiz_P50sg,Michael Jordan's Steak House - Chicago,Carnes,"Steakhouses, Bars, Burgers",3.9,1486,$$$,(312) 321-8823,"505 N Michigan Ave, Chicago, IL 60611",Chicago,60611,41.8912043,-87.6239424,False,https://www.yelp.com/biz/michael-jordans-steak-house-chicago-chicago?adjust_creative=SzinwiLH3jdq-oS1oNeLxg&utm_campaign=yelp_api_v3&utm_medium=api_v3_business_search&utm_source=SzinwiLH3jdq-oS1oNeLxg,3.0
1uCccflo784cPZ38cwHTbQ,Aloha Hawaiian BBQ,Carnes,"Hawaiian, Juice Bars & Smoothies, Barbeque",4.8,32,,(773) 801-1302,"2825 W Cermak Rd, Chicago, IL 60623",Chicago,60623,41.85169848692866,-87.6965465,False,https://www.yelp.com/biz/aloha-hawaiian-bbq-chicago?adjust_creative=SzinwiLH3jdq-oS1oNeLxg&utm_campaign=yelp_api_v3&utm_medium=api_v3_business_search&utm_source=SzinwiLH3jdq-oS1oNeLxg,
Zfg9w_eNXjTsgrE-wR5mzA,Sophia Steak - Chicago,Carnes,"Steakhouses, Cocktail Bars, Sandwiches",4.2,130,,(773) 569-3522,"748 N State St, Chicago, IL 60654",Chicago,60654,41.89613,-87.62836,False,https://www.yelp.com/biz/sophia-steak-chicago-chicago-2?adjust_creative=SzinwiLH3jdq-oS1oNeLxg&utm_campaign=yelp_api_v3&utm_medium=api_v3_business_search&utm_source=SzinwiLH3jdq-oS1oNeLxg,
CQ75CQSyrsmb-S3UAwCHpw,Wildfire,Carnes,"American, Steakhouses, Seafood",3.9,1309,$$$,(312) 787-9000,"159 W Erie St, Chicago, IL 60654",Chicago,60654,41.8938172904842,-87.6333183422685,False,https://www.yelp.com/biz/wildfire-chicago?adjust_creative=SzinwiLH3jdq-oS1oNeLxg&utm_campaign=yelp_api_v3&utm_medium=api_v3_business_search&utm_source=SzinwiLH3jdq-oS1oNeLxg,3.0
rgHFY55p10VVur7N3s-z5Q,Roka Akor - Chicago,Carnes,"Sushi Bars, Japanese, Steakhouses",4.2,1575,$$$$,(312) 477-7652,"456 N Clark St, Chicago, IL 60654",Chicago,60654,41.890688971869025,-87.6313456,False,https://www.yelp.com/biz/roka-akor-chicago-chicago?adjust_creative=SzinwiLH3jdq-oS1oNeLxg&utm_campaign=yelp_api_v3&utm_medium=api_v3_business_search&utm_source=SzinwiLH3jdq-oS1oNeLxg,4.0
VcuTGkMtZSJugVsdKx7OOQ,Chubby Skewers | Chicago,Carnes,"Barbeque, Chinese, Seafood",4.3,79,,(773) 985-3017,"2017B S Wells St, Chicago, IL 60616",Chicago,60616,41.854755,-87.632587,False,https://www.yelp.com/biz/chubby-skewers-chicago-chicago-3?adjust_creative=SzinwiLH3jdq-oS1oNeLxg&utm_campaign=yelp_api_v3&utm_medium=api_v3_business_search&utm_source=SzinwiLH3jdq-oS1oNeLxg,
l6sShHJj-N6uCjImDm4hDQ,Carson's,Carnes,"Barbeque, Steakhouses, American",4.1,473,$$$,(312) 280-9200,"465 E Illinois St, Chicago, IL 60611",Chicago,60611,41.8909851,-87.6149193,False,https://www.yelp.com/biz/carsons-chicago-10?adjust_creative=SzinwiLH3jdq-oS1oNeLxg&utm_campaign=yelp_api_v3&utm_medium=api_v3_business_search&utm_source=SzinwiLH3jdq-oS1oNeLxg,3.0
97bXHc0req3PB3tbJU-EZg,Fioretta,Carnes,"Italian, Steakhouses",4.1,267,,(312) 897-5011,"318 N Sangamon, Chicago, IL 60607",Chicago,60607,41.88728184337336,-87.6513303,False,https://www.yelp.com/biz/fioretta-chicago?adjust_creative=SzinwiLH3jdq-oS1oNeLxg&utm_campaign=yelp_api_v3&utm_medium=api_v3_business_search&utm_source=SzinwiLH3jdq-oS1oNeLxg,
Zf8UChC029wKYwn9oeTtuw,Adalina Prime,Carnes,Steakhouses,3.8,85,,(312) 690-3333,"360 N Green St, Chicago, IL 60607",Chicago,60607,41.88864545744424,-87.64886971516192,False,https://www.yelp.com/biz/adalina-prime-chicago?adjust_creative=SzinwiLH3jdq-oS1oNeLxg&utm_campaign=yelp_api_v3&utm_medium=api_v3_business_search&utm_source=SzinwiLH3jdq-oS1oNeLxg,
p9TVco6JdcBxt_c_TtPcgw,Swift & Sons Steakhouse,Carnes,"American, Steakhouses",4.2,975,$$$$,(312) 733-9420,"1000 West Fulton Market, Chicago, IL 60607",Chicago,60607,41.887232,-87.652747,False,https://www.yelp.com/biz/swift-and-sons-steakhouse-chicago?adjust_creative=SzinwiLH3jdq-oS1oNeLxg&utm_campaign=yelp_api_v3&utm_medium=api_v3_business_search&utm_source=SzinwiLH3jdq-oS1oNeLxg,4.0
lwNElggrXoP53TUcx5BGHA,SGD Dubu So Gong Dong Tofu & Korean BBQ,Carnes,"Korean, Barbeque, Seafood",3.9,78,$$,(773) 362-8702,"711 W Jackson Blvd, Chicago, IL 60661",Chicago,60661,41.87774,-87.64471,False,https://www.yelp.com/biz/sgd-dubu-so-gong-dong-tofu-and-korean-bbq-chicago?adjust_creative=SzinwiLH3jdq-oS1oNeLxg&utm_campaign=yelp_api_v3&utm_medium=api_v3_business_search&utm_source=SzinwiLH3jdq-oS1oNeLxg,2.0
43rd1LKcZRIunySzbMsyLQ,Fogo de Chão,Carnes,"Brazilian, Steakhouses, Seafood",4.1,2408,$$$,(312) 932-9330,"661 N Lasalle Dr, Chicago, IL 60654",Chicago,60654,41.894207923377735,-87.632327,False,https://www.yelp.com/biz/fogo-de-ch%C3%A3o-chicago-7?adjust_creative=SzinwiLH3jdq-oS1oNeLxg&utm_campaign=yelp_api_v3&utm_medium=api_v3_business_search&utm_source=SzinwiLH3jdq-oS1oNeLxg,3.0
6QABjKWmTF9sVKFhWlww7Q,Bonyeon,Carnes,"Korean, Steakhouses",4.7,15,,(872) 318-2194,"651 W Washington Blvd, Chicago, IL 60661",Chicago,60661,41.88277717702647,-87.64447163790464,False,https://www.yelp.com/biz/bonyeon-chicago?adjust_creative=SzinwiLH3jdq-oS1oNeLxg&utm_campaign=yelp_api_v3&utm_medium=api_v3_business_search&utm_source=SzinwiLH3jdq-oS1oNeLxg,
NzTK1ZgqdzzOCbgxXWtvOg,Gyu-Kaku Japanese BBQ,Carnes,"Japanese, Barbeque, Asian Fusion",4.1,628,$$,(312) 982-2840,"1364 W Randolph St, Chicago, IL 60607",Chicago,60607,41.884454,-87.661355,False,https://www.yelp.com/biz/gyu-kaku-japanese-bbq-chicago-3?adjust_creative=SzinwiLH3jdq-oS1oNeLxg&utm_campaign=yelp_api_v3&utm_medium=api_v3_business_search&utm_source=SzinwiLH3jdq-oS1oNeLxg,2.0
eBJTUe8eTQhucEx0nWLiiQ,KFire Korean BBQ,Carnes,"Korean, Barbeque, Bubble Tea",4.5,141,$$,(773) 572-0323,"2528 N Milwaukee Ave, Chicago, IL 60647",Chicago,60647,41.92695,-87.70439,False,https://www.yelp.com/biz/kfire-korean-bbq-chicago-8?adjust_creative=SzinwiLH3jdq-oS1oNeLxg&utm_campaign=yelp_api_v3&utm_medium=api_v3_business_search&utm_source=SzinwiLH3jdq-oS1oNeLxg,2.0
kEaW60jpNInK1MzFJMIC7A,Harry Caray's Italian Steakhouse - River North,Carnes,"Italian, Steakhouses, Bars",4.0,1133,$$$,(312) 828-0966,"33 W Kinzie St, Chicago, IL 60654",Chicago,60654,41.889099,-87.629334,False,https://www.yelp.com/biz/harry-carays-italian-steakhouse-river-north-chicago-2?adjust_creative=SzinwiLH3jdq-oS1oNeLxg&utm_campaign=yelp_api_v3&utm_medium=api_v3_business_search&utm_source=SzinwiLH3jdq-oS1oNeLxg,3.0
l0fOf4HYlPqGthBmPWNOKQ,The Bull Moose,Carnes,"Steakhouses, Wine Bars, Cocktail Bars",5.0,4,,,"2020 N Halsted St, Chicago, IL 60614",Chicago,60614,41.918808,-87.648874,False,https://www.yelp.com/biz/the-bull-moose-chicago?adjust_creative=SzinwiLH3jdq-oS1oNeLxg&utm_campaign=yelp_api_v3&utm_medium=api_v3_business_search&utm_source=SzinwiLH3jdq-oS1oNeLxg,
NcyUf4CkNB3vW01tN9pu1g,Gyu-Kaku Japanese BBQ,Carnes,"Japanese, Barbeque, Asian Fusion",4.3,398,$$,(773) 687-8110,"2813 N Broadway, Chicago, IL 60657",Chicago,60657,41.9333192,-87.64440010326273,False,https://www.yelp.com/biz/gyu-kaku-japanese-bbq-chicago-6?adjust_creative=SzinwiLH3jdq-oS1oNeLxg&utm_campaign=yelp_api_v3&utm_medium=api_v3_business_search&utm_source=SzinwiLH3jdq-oS1oNeLxg,2.0
jsXtfVrcn7FrX06q3j_Xmg,Gene & Georgetti,Carnes,"Italian, Steakhouses, Seafood",3.7,1245,$$$,(312) 527-3718,"500 N Franklin St, Chicago, IL 60654",Chicago,60654,41.89091,-87.63581,False,https://www.yelp.com/biz/gene-and-georgetti-chicago-6?adjust_creative=SzinwiLH3jdq-oS1oNeLxg&utm_campaign=yelp_api_v3&utm_medium=api_v3_business_search&utm_source=SzinwiLH3jdq-oS1oNeLxg,3.0
-Y2t3_v79zwx1dryE9wu-A,Wasai BBQ,Carnes,Barbeque,4.0,23,,(312) 449-2625,"2237 S Wentworth Ave, 2 Fl, Chicago, IL 60616",Chicago,60616,41.8517942,-87.6318202,False,https://www.yelp.com/biz/wasai-bbq-chicago?adjust_creative=SzinwiLH3jdq-oS1oNeLxg&utm_campaign=yelp_api_v3&utm_medium=api_v3_business_search&utm_source=SzinwiLH3jdq-oS1oNeLxg,
Pcg4FtfbvSMMwrYuE1yVjQ,Mastro's Steakhouse,Carnes,Steakhouses,4.0,1634,$$$$,(312) 521-5100,"520 N Dearborn St, Chicago, IL 60654",Chicago,60654,41.891435,-87.62985996753957,False,https://www.yelp.com/biz/mastros-steakhouse-chicago?adjust_creative=SzinwiLH3jdq-oS1oNeLxg&utm_campaign=yelp_api_v3&utm_medium=api_v3_business_search&utm_source=SzinwiLH3jdq-oS1oNeLxg,4.0
bFWnNX0WIxrx13J_7xleeg,BLVD Steakhouse,Carnes,"New American, Steakhouses, Seafood",3.8,833,$$$$,(312) 526-3116,"817 W Lake St, Chicago, IL 60607",Chicago,60607,41.885403,-87.648212,False,https://www.yelp.com/biz/blvd-steakhouse-chicago-2?adjust_creative=SzinwiLH3jdq-oS1oNeLxg&utm_campaign=yelp_api_v3&utm_medium=api_v3_business_search&utm_source=SzinwiLH3jdq-oS1oNeLxg,4.0
yDOAiNbl7LUI3kTDFu1ZDw,Sun Rey Cafe,Carnes,"Breakfast & Brunch, Barbeque",4.6,89,,(773) 770-9080,"1357 N Western Ave, Chicago, IL 60622",Chicago,60622,41.90653307029972,-87.68683176487684,False,https://www.yelp.com/biz/sun-rey-cafe-chicago?adjust_creative=SzinwiLH3jdq-oS1oNeLxg&utm_campaign=yelp_api_v3&utm_medium=api_v3_business_search&utm_source=SzinwiLH3jdq-oS1oNeLxg,
ucumjVxIwPKJYQyN3yWVwA,Tavern on Rush,Carnes,"Seafood, Steakhouses, Cocktail Bars",3.8,118,,(312) 664-9600,"1015 N Rush St, Chicago, IL 60611",Chicago,60611,41.90136974755646,-87.62755528092384,False,https://www.yelp.com/biz/tavern-on-rush-chicago-4?adjust_creative=SzinwiLH3jdq-oS1oNeLxg&utm_campaign=yelp_api_v3&utm_medium=api_v3_business_search&utm_source=SzinwiLH3jdq-oS1oNeLxg,
olT3-oFfj5jCuv49M6gZgQ,Chicago Cut Steakhouse,Carnes,Steakhouses,3.8,2073,$$$$,(312) 329-1800,"300 N Lasalle, Chicago, IL 60654",Chicago,60654,41.8879719146942,-87.6333480203605,False,https://www.yelp.com/biz/chicago-cut-steakhouse-chicago?adjust_creative=SzinwiLH3jdq-oS1oNeLxg&utm_campaign=yelp_api_v3&utm_medium=api_v3_business_search&utm_source=SzinwiLH3jdq-oS1oNeLxg,4.0
LU-NBsbLAwvzKlopsVeB7w,Weber Grill Restaurant,Carnes,"Barbeque, Steakhouses, Seafood",3.7,2114,$$,(312) 467-9696,"539 N State St, Chicago, IL 60654",Chicago,60654,41.8918845,-87.6278923,False,https://www.yelp.com/biz/weber-grill-restaurant-chicago?adjust_creative=SzinwiLH3jdq-oS1oNeLxg&utm_campaign=yelp_api_v3&utm_medium=api_v3_business_search&utm_source=SzinwiLH3jdq-oS1oNeLxg,2.0
TtxqRQi-4KVHzfPN_4Tk1w,Jiang Niu BBQ,Carnes,Barbeque,4.0,46,,(312) 929-3201,"1523 N Kingsbury St, Chicago, IL 60642",Chicago,60642,41.908919,-87.652015,False,https://www.yelp.com/biz/jiang-niu-bbq-chicago?adjust_creative=SzinwiLH3jdq-oS1oNeLxg&utm_campaign=yelp_api_v3&utm_medium=api_v3_business_search&utm_source=SzinwiLH3jdq-oS1oNeLxg,
sLvY0gboC9sXnGWK6ED-xw,The Alston,Carnes,"Steakhouses, Venues & Event Spaces, Seafood",4.0,94,,(312) 548-2556,"750 N State St, Fl 3, Chicago, IL 60654",Chicago,60654,41.89628918413717,-87.62832840332383,False,https://www.yelp.com/biz/the-alston-chicago?adjust_creative=SzinwiLH3jdq-oS1oNeLxg&utm_campaign=yelp_api_v3&utm_medium=api_v3_business_search&utm_source=SzinwiLH3jdq-oS1oNeLxg,
UOy5ee3c_wUNWqfR0u18NQ,Amano Bistro,Carnes,"Italian, Seafood, Steakhouses",4.6,63,,(773) 936-0658,"4229 N Lincoln Ave, Chicago, IL 60618",Chicago,60618,41.958534,-87.68144,False,https://www.yelp.com/biz/amano-bistro-chicago-2?adjust_creative=SzinwiLH3jdq-oS1oNeLxg&utm_campaign=yelp_api_v3&utm_medium=api_v3_business_search&utm_source=SzinwiLH3jdq-oS1oNeLxg,
5zrksL0drFQBc8_zByiq_g,Rosebud Steakhouse,Carnes,"Steakhouses, Italian, Seafood",4.1,542,$$$$,(312) 397-1000,"192 E Walton Pl, Chicago, IL 60611",Chicago,60611,41.90025184519904,-87.622146,False,https://www.yelp.com/biz/rosebud-steakhouse-chicago-4?adjust_creative=SzinwiLH3jdq-oS1oNeLxg&utm_campaign=yelp_api_v3&utm_medium=api_v3_business_search&utm_source=SzinwiLH3jdq-oS1oNeLxg,4.0
jQcaehu_CEUXPOCVZ4MSfg,Milt's Barbecue for the Perplexed,Carnes,"Barbeque, Kosher, Salad",3.7,378,$$,(773) 661-6384,"3411 N Broadway St, Chicago, IL 60657",Chicago,60657,41.9436696024963,-87.6448920107288,False,https://www.yelp.com/biz/milts-barbecue-for-the-perplexed-chicago-4?adjust_creative=SzinwiLH3jdq-oS1oNeLxg&utm_campaign=yelp_api_v3&utm_medium=api_v3_business_search&utm_source=SzinwiLH3jdq-oS1oNeLxg,2.0
EFbXRCyUZnB-BMPP_LxkVQ,Susu,Carnes,"Steakhouses, Mediterranean, Asian Fusion",4.0,22,,(312) 248-8097,"652 W Randolph St, Chicago, IL 60661",Chicago,60661,41.88484,-87.64487,False,https://www.yelp.com/biz/susu-chicago?adjust_creative=SzinwiLH3jdq-oS1oNeLxg&utm_campaign=yelp_api_v3&utm_medium=api_v3_business_search&utm_source=SzinwiLH3jdq-oS1oNeLxg,
3Yw8i4DTPR5a7SpQJMMS9Q,The Tonk,Carnes,"Barbeque, Bars, Music Venues",3.6,1045,$$,(312) 226-7427,"1213 W 18th St, Chicago, IL 60608",Chicago,60608,41.857798,-87.656763,False,https://www.yelp.com/biz/the-tonk-chicago?adjust_creative=SzinwiLH3jdq-oS1oNeLxg&utm_campaign=yelp_api_v3&utm_medium=api_v3_business_search&utm_source=SzinwiLH3jdq-oS1oNeLxg,2.0
uuzHIvHMrH4ysQzj1Wp6wA,Benihana,Carnes,"Sushi Bars, Teppanyaki, Steakhouses",3.3,879,$$$,(312) 780-3110,"875 N Michigan Ave, Chicago, IL 60611",Chicago,60611,41.898820982178776,-87.62319377054213,False,https://www.yelp.com/biz/benihana-chicago-4?adjust_creative=SzinwiLH3jdq-oS1oNeLxg&utm_campaign=yelp_api_v3&utm_medium=api_v3_business_search&utm_source=SzinwiLH3jdq-oS1oNeLxg,3.0
kbNwT6ifWRCtNGwOMujKDA,Lucky Dorr,Carnes,"Beer Bar, Barbeque, Venues & Event Spaces",4.4,47,$$,(773) 388-8249,"1101 W Waveland Ave, Chicago, IL 60613",Chicago,60613,41.948832393606004,-87.65717157053396,False,https://www.yelp.com/biz/lucky-dorr-chicago?adjust_creative=SzinwiLH3jdq-oS1oNeLxg&utm_campaign=yelp_api_v3&utm_medium=api_v3_business_search&utm_source=SzinwiLH3jdq-oS1oNeLxg,2.0
VafY2u6YqUdnPwhty9RMCQ,Chicago Kalbi,Carnes,"Korean, Barbeque, Japanese",4.0,387,$$$,(773) 604-8183,"3752 W Lawrence Ave, Chicago, IL 60625",Chicago,60625,41.9685599,-87.72277,False,https://www.yelp.com/biz/chicago-kalbi-chicago-2?adjust_creative=SzinwiLH3jdq-oS1oNeLxg&utm_campaign=yelp_api_v3&utm_medium=api_v3_business_search&utm_source=SzinwiLH3jdq-oS1oNeLxg,3.0
kQZcmpy3qNYMIHeq-sbOKQ,Tierra Y Fuego,Carnes,"Mexican, Steakhouses, Breakfast & Brunch",4.8,22,,(773) 961-7138,"4100 N Kedzie Ave, Chicago, IL 60618",Chicago,60618,41.95594681053844,-87.7082942,False,https://www.yelp.com/biz/tierra-y-fuego-chicago?adjust_creative=SzinwiLH3jdq-oS1oNeLxg&utm_campaign=yelp_api_v3&utm_medium=api_v3_business_search&utm_source=SzinwiLH3jdq-oS1oNeLxg,
Q9trwKeFr6mKWATU96gWBw,Mart Anthony's,Carnes,"Italian, Steakhouses, Pizza",4.1,495,$$,(312) 421-4292,"1200 W Hubbard St, Chicago, IL 60642",Chicago,60642,41.8901272762288,-87.6575369306537,False,https://www.yelp.com/biz/mart-anthonys-chicago?adjust_creative=SzinwiLH3jdq-oS1oNeLxg&utm_campaign=yelp_api_v3&utm_medium=api_v3_business_search&utm_source=SzinwiLH3jdq-oS1oNeLxg,2.0
iYYtlXIMl20b2i2fto-jOw,Grill on 21,Carnes,"Steakhouses, Breakfast & Brunch, American",4.2,91,$$$,(312) 634-0000,"208 S Lasalle St, Fl 21, The LaSalle Chicago, Chicago, IL 60601",Chicago,60601,41.879076,-87.632647,False,https://www.yelp.com/biz/grill-on-21-chicago-2?adjust_creative=SzinwiLH3jdq-oS1oNeLxg&utm_campaign=yelp_api_v3&utm_medium=api_v3_business_search&utm_source=SzinwiLH3jdq-oS1oNeLxg,3.0
ytFpgrsKQ-RoWpBIB05OJw,Formento's,Carnes,"Italian, Venues & Event Spaces, Steakhouses",4.0,894,$$$,(312) 690-7295,"925 W Randolph St, Chicago, IL 60607",Chicago,60607,41.88404,-87.65081,False,https://www.yelp.com/biz/formentos-chicago?adjust_creative=SzinwiLH3jdq-oS1oNeLxg&utm_campaign=yelp_api_v3&utm_medium=api_v3_business_search&utm_source=SzinwiLH3jdq-oS1oNeLxg,3.0
UmumgsnMBHjvVEzZMQxtRg,Bop N Grill,Carnes,"Burgers, Korean, Barbeque",4.1,993,$$,(773) 654-3224,"6604 N Sheridan Rd, Chicago, IL 60626",Chicago,60626,42.002840213503,-87.661120406701,False,https://www.yelp.com/biz/bop-n-grill-chicago-2?adjust_creative=SzinwiLH3jdq-oS1oNeLxg&utm_campaign=yelp_api_v3&utm_medium=api_v3_business_search&utm_source=SzinwiLH3jdq-oS1oNeLxg,2.0
d770VgA5S44qERqWS7WCFQ,Lillie's Q,Carnes,"Barbeque, Southern",3.5,1084,$$,(773) 295-1270,"417 N Ashland Ave, Chicago, IL 60622",Chicago,60622,41.8893958,-87.6667024,False,https://www.yelp.com/biz/lillies-q-chicago?adjust_creative=SzinwiLH3jdq-oS1oNeLxg&utm_campaign=yelp_api_v3&utm_medium=api_v3_business_search&utm_source=SzinwiLH3jdq-oS1oNeLxg,2.0
P79nO0OiDaGkUGqEi87fxQ,Soul & Smoke Avondale,Carnes,"Barbeque, Soul Food, Caterers",3.7,116,$$,(773) 648-7610,"3057 N Rockwell St, Chicago, IL 60618",Chicago,60618,41.93752168770827,-87.69155083030478,False,https://www.yelp.com/biz/soul-and-smoke-avondale-chicago-3?adjust_creative=SzinwiLH3jdq-oS1oNeLxg&utm_campaign=yelp_api_v3&utm_medium=api_v3_business_search&utm_source=SzinwiLH3jdq-oS1oNeLxg,2.0
9A4bFJkHaPaRspPqJvkjeg,Mirabella Italian Cuisine & Bar,Carnes,"Steakhouses, Italian, Bars",4.1,227,$$,(773) 463-1962,"3454 W Addison St, Chicago, IL 60618",Chicago,60618,41.94668,-87.71481,False,https://www.yelp.com/biz/mirabella-italian-cuisine-and-bar-chicago-3?adjust_creative=SzinwiLH3jdq-oS1oNeLxg&utm_campaign=yelp_api_v3&utm_medium=api_v3_business_search&utm_source=SzinwiLH3jdq-oS1oNeLxg,2.0
9dp345PgHiq7IJDwagZpHg,Corazon Tequilero,Carnes,"Mexican, Seafood, Steakhouses",4.8,6,,(708) 831-5175,"3235 N Central Ave, Chicago, IL 60641",Chicago,60641,41.93973138518178,-87.76622917503119,False,https://www.yelp.com/biz/corazon-tequilero-chicago?adjust_creative=SzinwiLH3jdq-oS1oNeLxg&utm_campaign=yelp_api_v3&utm_medium=api_v3_business_search&utm_source=SzinwiLH3jdq-oS1oNeLxg,
KFNk35nSCX8IRum2aJdRag,El Nandu Restaurant,Carnes,"Latin American, Argentine, Steakhouses",3.9,419,$$,(773) 278-0900,"2731 W Fullerton Ave, Chicago, IL 60647",Chicago,60647,41.92452,-87.6962099,False,https://www.yelp.com/biz/el-nandu-restaurant-chicago?adjust_creative=SzinwiLH3jdq-oS1oNeLxg&utm_campaign=yelp_api_v3&utm_medium=api_v3_business_search&utm_source=SzinwiLH3jdq-oS1oNeLxg,2.0
kaK0pZ_YEYprwQZPiQhURg,Briny Swine Smokehouse & Oyster Bar,Carnes,"Barbeque, Smokehouse, Seafood",3.8,142,,(773) 698-6012,"2577 N Clark St, Chicago, IL 60614",Chicago,60614,41.929972663048865,-87.64289756090191,False,https://www.yelp.com/biz/briny-swine-smokehouse-and-oyster-bar-chicago-2?adjust_creative=SzinwiLH3jdq-oS1oNeLxg&utm_campaign=yelp_api_v3&utm_medium=api_v3_business_search&utm_source=SzinwiLH3jdq-oS1oNeLxg,
CacV51UrPVMjTxZ4yyjILg,Gao's Kabob Sports Grill,Carnes,"Barbeque, Chinese, Seafood",3.8,194,$$,(312) 526-3836,"232 W 22nd Pl, Chicago, IL 60616",Chicago,60616,41.852276,-87.633509,False,https://www.yelp.com/biz/gaos-kabob-sports-grill-chicago-2?adjust_creative=SzinwiLH3jdq-oS1oNeLxg&utm_campaign=yelp_api_v3&utm_medium=api_v3_business_search&utm_source=SzinwiLH3jdq-oS1oNeLxg,2.0
rnjz2KNgsQ2YaC_kjeuuAQ,Kinzie Chophouse,Carnes,"Steakhouses, New American, Desserts",3.9,996,$$$$,(312) 822-0191,"400 N Wells St, Chicago, IL 60654",Chicago,60654,41.8893789,-87.634279,False,https://www.yelp.com/biz/kinzie-chophouse-chicago-23?adjust_creative=SzinwiLH3jdq-oS1oNeLxg&utm_campaign=yelp_api_v3&utm_medium=api_v3_business_search&utm_source=SzinwiLH3jdq-oS1oNeLxg,4.0
0O6C15ThnFaKmyeYWbLEJQ,Heffer BBQ,Carnes,"Barbeque, Burgers, Chicken Wings",4.4,23,,,"2101 S Carpenter St, Chicago, IL 60608",Chicago,60608,41.85344187005077,-87.65286329999999,False,https://www.yelp.com/biz/heffer-bbq-chicago?adjust_creative=SzinwiLH3jdq-oS1oNeLxg&utm_campaign=yelp_api_v3&utm_medium=api_v3_business_search&utm_source=SzinwiLH3jdq-oS1oNeLxg,
6KU3ylSh27qiiBa-a9vOGQ,Union,Carnes,"Japanese, Sushi Bars, Barbeque",4.0,1307,$$,(312) 662-4888,"1457 N Halsted St, Chicago, IL 60642",Chicago,60642,41.907691460092984,-87.64790177010781,False,https://www.yelp.com/biz/union-chicago-6?adjust_creative=SzinwiLH3jdq-oS1oNeLxg&utm_campaign=yelp_api_v3&utm_medium=api_v3_business_search&utm_source=SzinwiLH3jdq-oS1oNeLxg,2.0
Sx0CL_h4JitfC1qlsKAuMw,Daebak Korean BBQ,Carnes,"Korean, Barbeque",3.5,838,$$$,(312) 631-3913,"2017 S Wells St, Fl 2, Chicago, IL 60616",Chicago,60616,41.8548019,-87.632522,False,https://www.yelp.com/biz/daebak-korean-bbq-chicago-3?adjust_creative=SzinwiLH3jdq-oS1oNeLxg&utm_campaign=yelp_api_v3&utm_medium=api_v3_business_search&utm_source=SzinwiLH3jdq-oS1oNeLxg,3.0
jQKdqHbV1MhivawvvA24dQ,Jerk Modern Jamaican Grill,Carnes,"Barbeque, Bars, Caribbean",3.5,488,$$,(312) 763-2870,"811 W Chicago Ave, Chicago, IL 60642",Chicago,60642,41.896272,-87.648309,False,https://www.yelp.com/biz/jerk-modern-jamaican-grill-chicago?adjust_creative=SzinwiLH3jdq-oS1oNeLxg&utm_campaign=yelp_api_v3&utm_medium=api_v3_business_search&utm_source=SzinwiLH3jdq-oS1oNeLxg,2.0
xlX-nO0SaNwjGueCsgV-0g,Dimo's Pizza,Carnes,"Pizza, Barbeque, Italian",3.9,1122,$,(773) 525-4580,"3463 N Clark St, Chicago, IL 60657",Chicago,60657,41.94521,-87.65467,False,https://www.yelp.com/biz/dimos-pizza-chicago-2?adjust_creative=SzinwiLH3jdq-oS1oNeLxg&utm_campaign=yelp_api_v3&utm_medium=api_v3_business_search&utm_source=SzinwiLH3jdq-oS1oNeLxg,1.0
2lfTEF7zALaPLx4qQwVXFw,Bub City,Carnes,"Barbeque, Bars, Music Venues",3.7,1325,$$,(312) 610-4200,"435 N Clark St, Chicago, IL 60654",Chicago,60654,41.8903402,-87.6308922,False,https://www.yelp.com/biz/bub-city-chicago?adjust_creative=SzinwiLH3jdq-oS1oNeLxg&utm_campaign=yelp_api_v3&utm_medium=api_v3_business_search&utm_source=SzinwiLH3jdq-oS1oNeLxg,2.0
10m2q7UrnMNWwTYq2FXsZA,Leon's Best BBQ & Grill,Carnes,"Barbeque, Seafood, Sandwiches",4.0,2,,(773) 891-4804,"2537 S Wabash Ave, Chicago, IL 60616",Chicago,60616,41.846463012073414,-87.62490437308197,False,https://www.yelp.com/biz/leons-best-bbq-and-grill-chicago?adjust_creative=SzinwiLH3jdq-oS1oNeLxg&utm_campaign=yelp_api_v3&utm_medium=api_v3_business_search&utm_source=SzinwiLH3jdq-oS1oNeLxg,
a3T4A05m8csinllU07vcDg,Boulevard Sports Lounge,Carnes,"Sports Bars, Barbeque",3.9,130,$$,(773) 687-8456,"2645 W North Ave, Chicago, IL 60647",Chicago,60647,41.909963,-87.693842,False,https://www.yelp.com/biz/boulevard-sports-lounge-chicago?adjust_creative=SzinwiLH3jdq-oS1oNeLxg&utm_campaign=yelp_api_v3&utm_medium=api_v3_business_search&utm_source=SzinwiLH3jdq-oS1oNeLxg,2.0
4WIqUf_ImmLhQtRKEFROqw,Tai Ho Yee Food Company,Carnes,"Barbeque, Cantonese",4.2,35,$,(312) 225-9828,"2422 S Wentworth Ave, Chicago, IL 60616",Chicago,60616,41.8483651159139,-87.6321445423279,False,https://www.yelp.com/biz/tai-ho-yee-food-company-chicago?adjust_creative=SzinwiLH3jdq-oS1oNeLxg&utm_campaign=yelp_api_v3&utm_medium=api_v3_business_search&utm_source=SzinwiLH3jdq-oS1oNeLxg,1.0
9-wt77qJQbtxYCp8t5iRLg,Hon Kee BBQ & Seafood,Carnes,"Barbeque, Seafood, Cantonese",3.9,364,$$,(773) 878-6650,"5009 N Winthrop Ave, Chicago, IL 60640",Chicago,60640,41.97367647637678,-87.65762776441782,False,https://www.yelp.com/biz/hon-kee-bbq-and-seafood-chicago?adjust_creative=SzinwiLH3jdq-oS1oNeLxg&utm_campaign=yelp_api_v3&utm_medium=api_v3_business_search&utm_source=SzinwiLH3jdq-oS1oNeLxg,2.0
qN-JQU24tZJniMm34slBFg,Torali Italian - Steak,Carnes,"Italian, Steakhouses, Cocktail Bars",4.1,76,$$$,(312) 573-5160,"160 East Pearson Street At Water Tower Pl, Fl 12, Chicago, IL 60611",Chicago,60611,41.8977683,-87.6223811,False,https://www.yelp.com/biz/torali-italian-steak-chicago-2?adjust_creative=SzinwiLH3jdq-oS1oNeLxg&utm_campaign=yelp_api_v3&utm_medium=api_v3_business_search&utm_source=SzinwiLH3jdq-oS1oNeLxg,3.0
_ciIdBqKb1l0pm9CRsCCXQ,Brazilian Bowl,Carnes,"Steakhouses, Juice Bars & Smoothies, Brazilian",3.9,571,,(773) 964-9834,"3204 N Broadway, Chicago, IL 60657",Chicago,60657,41.94028,-87.64463,False,https://www.yelp.com/biz/brazilian-bowl-fresh-grill-chicago?adjust_creative=SzinwiLH3jdq-oS1oNeLxg&utm_campaign=yelp_api_v3&utm_medium=api_v3_business_search&utm_source=SzinwiLH3jdq-oS1oNeLxg,
UH881XoEcglrE1NR7dhr9w,Erie Cafe,Carnes,"Steakhouses, American",3.6,437,$$$,(312) 266-2300,"536 W Erie St, Chicago, IL 60654",Chicago,60654,41.894152,-87.6427357,False,https://www.yelp.com/biz/erie-cafe-chicago-2?adjust_creative=SzinwiLH3jdq-oS1oNeLxg&utm_campaign=yelp_api_v3&utm_medium=api_v3_business_search&utm_source=SzinwiLH3jdq-oS1oNeLxg,3.0
dMEr_XitO-5S_ezNC6EYZQ,Morton's The Steakhouse,Carnes,"Steakhouses, American, Bars",3.7,625,$$$,(312) 201-0410,"65 E Wacker Pl, Chicago, IL 60601",Chicago,60601,41.88652420043945,-87.62554237390648,False,https://www.yelp.com/biz/mortons-the-steakhouse-chicago-3?adjust_creative=SzinwiLH3jdq-oS1oNeLxg&utm_campaign=yelp_api_v3&utm_medium=api_v3_business_search&utm_source=SzinwiLH3jdq-oS1oNeLxg,3.0
xM3rdKK2YiazFDD4GnjZ8A,Stetsons Modern Steak + Sushi,Carnes,"Sushi Bars, Steakhouses, Seafood",4.0,235,$$$,(312) 239-4491,"151 E Wacker Dr, Chicago, IL 60601",Chicago,60601,41.8873352808554,-87.6220776735412,False,https://www.yelp.com/biz/stetsons-modern-steak-sushi-chicago-2?adjust_creative=SzinwiLH3jdq-oS1oNeLxg&utm_campaign=yelp_api_v3&utm_medium=api_v3_business_search&utm_source=SzinwiLH3jdq-oS1oNeLxg,3.0
zQnbP2dJoro12dk66RUXBA,Blackwood BBQ,Carnes,"Barbeque, Salad, Sandwiches",4.1,408,$$,(312) 621-9663,"307 W Lake St, Chicago, IL 60606",Chicago,60606,41.885604,-87.63594,False,https://www.yelp.com/biz/blackwood-bbq-chicago?adjust_creative=SzinwiLH3jdq-oS1oNeLxg&utm_campaign=yelp_api_v3&utm_medium=api_v3_business_search&utm_source=SzinwiLH3jdq-oS1oNeLxg,2.0
7EJZIpyEvqVkhwgHiiKYww,Happy Cattle,Carnes,"Korean, Hot Pot, Barbeque",4.5,11,,(312) 763-6275,"2023 S Jefferson St, Unit M, Chicago, IL 60616",Chicago,60616,41.854957,-87.641572,False,https://www.yelp.com/biz/happy-cattle-chicago?adjust_creative=SzinwiLH3jdq-oS1oNeLxg&utm_campaign=yelp_api_v3&utm_medium=api_v3_business_search&utm_source=SzinwiLH3jdq-oS1oNeLxg,
Nq5521Fiu-xm1III-RdG_Q,Blackwood BBQ,Carnes,"Barbeque, Tacos, Sandwiches",4.2,19,,,"251 E Huron St, Feinberg Pavilion - Fl 2, Chicago, IL 60611",Chicago,60611,41.89483,-87.62118,False,https://www.yelp.com/biz/blackwood-bbq-chicago-12?adjust_creative=SzinwiLH3jdq-oS1oNeLxg&utm_campaign=yelp_api_v3&utm_medium=api_v3_business_search&utm_source=SzinwiLH3jdq-oS1oNeLxg,
gf3RHn3pdwZrumdt5Au8-A,KFire Korean BBQ,Carnes,"Korean, Barbeque, Caterers",4.4,20,,(773) 800-1324,"1241 N Clybourn Ave, Chicago, IL 60610",Chicago,60610,41.904762,-87.640515,False,https://www.yelp.com/biz/kfire-korean-bbq-chicago-6?adjust_creative=SzinwiLH3jdq-oS1oNeLxg&utm_campaign=yelp_api_v3&utm_medium=api_v3_business_search&utm_source=SzinwiLH3jdq-oS1oNeLxg,
OQP1QLWKhPlwmWFYq_ytFg,3LP,Carnes,"Chinese, American, Barbeque",3.7,54,,,"964 W 31st St, Chicago, IL 60608",Chicago,60608,41.838155096882595,-87.6512729,False,https://www.yelp.com/biz/3lp-chicago?adjust_creative=SzinwiLH3jdq-oS1oNeLxg&utm_campaign=yelp_api_v3&utm_medium=api_v3_business_search&utm_source=SzinwiLH3jdq-oS1oNeLxg,
34C7qV4KzeOyRWZId6pl_g,Smith & Wollensky - Chicago,Carnes,"Steakhouses, Seafood, New American",3.7,1340,$$$$,(312) 670-9900,"318 N State St, Chicago, IL 60654",Chicago,60654,41.887935,-87.628523,False,https://www.yelp.com/biz/smith-and-wollensky-chicago-chicago-2?adjust_creative=SzinwiLH3jdq-oS1oNeLxg&utm_campaign=yelp_api_v3&utm_medium=api_v3_business_search&utm_source=SzinwiLH3jdq-oS1oNeLxg,4.0
XkhxVTNUb098Gpv5qNKZBA,Kababish - BBQ & Grill,Carnes,"Indian, Pakistani, Barbeque",4.6,104,,(312) 218-4443,"1554 N Larrabee St, Chicago, IL 60610",Chicago,60610,41.91049,-87.6436,False,https://www.yelp.com/biz/kababish-bbq-and-grill-chicago?adjust_creative=SzinwiLH3jdq-oS1oNeLxg&utm_campaign=yelp_api_v3&utm_medium=api_v3_business_search&utm_source=SzinwiLH3jdq-oS1oNeLxg,
Mnfr146Brl4PvvDdKv8LsA,Old Crow Smokehouse,Carnes,Barbeque,3.3,570,$$,(224) 477-2821,"3506 N Clark St, Chicago, IL 60657",Chicago,60657,41.9458068,-87.6555576,False,https://www.yelp.com/biz/old-crow-smokehouse-chicago?adjust_creative=SzinwiLH3jdq-oS1oNeLxg&utm_campaign=yelp_api_v3&utm_medium=api_v3_business_search&utm_source=SzinwiLH3jdq-oS1oNeLxg,2.0
4cnau4JZDHb5V00MMzNSAQ,The Palm - Chicago,Carnes,"Steakhouses, Seafood",3.4,178,,(312) 616-1000,"323 E Wacker Dr, Chicago, IL 60601",Chicago,60601,41.8874577,-87.6195718,False,https://www.yelp.com/biz/the-palm-chicago-chicago-3?adjust_creative=SzinwiLH3jdq-oS1oNeLxg&utm_campaign=yelp_api_v3&utm_medium=api_v3_business_search&utm_source=SzinwiLH3jdq-oS1oNeLxg,
9JMlIcZ5B5xsY4HT9q2kSQ,Just Turkey,Carnes,"American, Barbeque, Turkish",3.1,152,$$,(773) 924-0000,"4353 S Cottage Grove, Chicago, IL 60653",Chicago,60653,41.8156705,-87.6065551,False,https://www.yelp.com/biz/just-turkey-chicago?adjust_creative=SzinwiLH3jdq-oS1oNeLxg&utm_campaign=yelp_api_v3&utm_medium=api_v3_business_search&utm_source=SzinwiLH3jdq-oS1oNeLxg,2.0
VRQM8wETDRUcgAMk5lEk9A,New Great Wall BBQ,Carnes,"Barbeque, Cantonese",4.1,73,,(312) 285-2890,"2127 S China Pl, Chicago, IL 60616",Chicago,60616,41.85444,-87.63322,False,https://www.yelp.com/biz/new-great-wall-bbq-chicago-2?adjust_creative=SzinwiLH3jdq-oS1oNeLxg&utm_campaign=yelp_api_v3&utm_medium=api_v3_business_search&utm_source=SzinwiLH3jdq-oS1oNeLxg,
dxO2DBvh5f4l7kw58Dh7gQ,Avenida Del Sabor,Carnes,"Latin American, Steakhouses",3.7,18,$$,(773) 930-5370,"5805 W Diversey Ave, Chicago, IL 60639",Chicago,60639,41.9309890077167,-87.771413885057,False,https://www.yelp.com/biz/avenida-del-sabor-chicago?adjust_creative=SzinwiLH3jdq-oS1oNeLxg&utm_campaign=yelp_api_v3&utm_medium=api_v3_business_search&utm_source=SzinwiLH3jdq-oS1oNeLxg,2.0
x5jeYKd5yvMO9lqq0egZpg,BBQ King House,Carnes,"Chinese, Barbeque, Juice Bars & Smoothies",3.7,343,$$,(312) 326-1219,"2148 S Archer Ave, Chicago, IL 60616",Chicago,60616,41.8537290561613,-87.63410603271787,False,https://www.yelp.com/biz/bbq-king-house-chicago-5?adjust_creative=SzinwiLH3jdq-oS1oNeLxg&utm_campaign=yelp_api_v3&utm_medium=api_v3_business_search&utm_source=SzinwiLH3jdq-oS1oNeLxg,2.0
zpLIsXCEitY8zMbW4wQELw,Brasa Roja,Carnes,"Colombian, Steakhouses, Spanish",3.4,186,$$,(773) 481-5936,"3556 N Pulaski Rd, Chicago, IL 60641",Chicago,60641,41.9461541666152,-87.7276231342307,False,https://www.yelp.com/biz/brasa-roja-chicago-2?adjust_creative=SzinwiLH3jdq-oS1oNeLxg&utm_campaign=yelp_api_v3&utm_medium=api_v3_business_search&utm_source=SzinwiLH3jdq-oS1oNeLxg,2.0
DAE3azUkMWz5b1uzoB2_og,North Center Prime,Carnes,"Steakhouses, Desserts, Soup",3.9,34,,(773) 799-8103,"4138 N Lincoln Ave, Chicago, IL 60618",Chicago,60618,41.956995,-87.681021,False,https://www.yelp.com/biz/north-center-prime-chicago?adjust_creative=SzinwiLH3jdq-oS1oNeLxg&utm_campaign=yelp_api_v3&utm_medium=api_v3_business_search&utm_source=SzinwiLH3jdq-oS1oNeLxg,
D2etrACLyKAs4uxzVl2Ofw,Shula's Steak House,Carnes,"Steakhouses, Seafood, American",3.4,240,$$$$,(312) 670-0778,"301 E N Water St, Chicago, IL 60611",Chicago,60611,41.889274,-87.620204,False,https://www.yelp.com/biz/shulas-steak-house-chicago-2?adjust_creative=SzinwiLH3jdq-oS1oNeLxg&utm_campaign=yelp_api_v3&utm_medium=api_v3_business_search&utm_source=SzinwiLH3jdq-oS1oNeLxg,4.0
Ka1t42ZaY14SelQTRGNvYA,Blackwood BBQ,Carnes,"Barbeque, Breakfast & Brunch",4.1,58,$$,(312) 487-4802,"233 N Michigan Ave, Chicago, IL 60601",Chicago,60601,41.887087,-87.623094,False,https://www.yelp.com/biz/blackwood-bbq-chicago-8?adjust_creative=SzinwiLH3jdq-oS1oNeLxg&utm_campaign=yelp_api_v3&utm_medium=api_v3_business_search&utm_source=SzinwiLH3jdq-oS1oNeLxg,2.0
TpnjRqTs_mDu-GTi69exIw,Old Soul Kitchen,Carnes,"Comfort Food, Barbeque, Tacos",5.0,1,,(331) 200-1335,"324 North Leavitt St, Chicago, IL 60612",Chicago,60612,41.887836781483344,-87.68263329999999,False,https://www.yelp.com/biz/old-soul-kitchen-chicago?adjust_creative=SzinwiLH3jdq-oS1oNeLxg&utm_campaign=yelp_api_v3&utm_medium=api_v3_business_search&utm_source=SzinwiLH3jdq-oS1oNeLxg,
HMvOM1CTJjRsNBv9k9Ot8w,Babygold Barbecue,Carnes,"Barbeque, Breakfast & Brunch, Sandwiches",4.7,6,,,"433 W Van Buren St, Chicago, IL 60607",Chicago,60607,41.87662,-87.63821,False,https://www.yelp.com/biz/babygold-barbecue-chicago?adjust_creative=SzinwiLH3jdq-oS1oNeLxg&utm_campaign=yelp_api_v3&utm_medium=api_v3_business_search&utm_source=SzinwiLH3jdq-oS1oNeLxg,
_n3OmwreEGPQmiHKklsD8w,San Soo Gab San,Carnes,"Korean, Barbeque, Pan Asian",3.4,1490,$$,(773) 334-1589,"5247 N Western Ave, Chicago, IL 60625",Chicago,60625,41.9775897881067,-87.6887278533035,False,https://www.yelp.com/biz/san-soo-gab-san-chicago?adjust_creative=SzinwiLH3jdq-oS1oNeLxg&utm_campaign=yelp_api_v3&utm_medium=api_v3_business_search&utm_source=SzinwiLH3jdq-oS1oNeLxg,2.0
PM2x7AR27Ouj0ByjWh_O3Q,Jiang Niu,Carnes,"Korean, Barbeque, Chinese",3.7,147,$$$,(312) 846-1225,"2300 S Archer Ave, Ste 107, Chicago, IL 60616",Chicago,60616,41.8510749,-87.6391238,False,https://www.yelp.com/biz/jiang-niu-chicago?adjust_creative=SzinwiLH3jdq-oS1oNeLxg&utm_campaign=yelp_api_v3&utm_medium=api_v3_business_search&utm_source=SzinwiLH3jdq-oS1oNeLxg,3.0
pJgBt4TXjJqlKoHpTXwBhA,The Avenue Que and Kitchen,Carnes,"Chicken Wings, Barbeque, Desserts",4.3,10,,(872) 813-2931,"5248 W Chicago Ave, Chicago, IL 60651",Chicago,60651,41.89511816603191,-87.75745889999999,False,https://www.yelp.com/biz/the-avenue-que-and-kitchen-chicago?adjust_creative=SzinwiLH3jdq-oS1oNeLxg&utm_campaign=yelp_api_v3&utm_medium=api_v3_business_search&utm_source=SzinwiLH3jdq-oS1oNeLxg,
uKsmkLZETXitUV9RW5bP3g,City's Edge Chicago,Carnes,"Barbeque, New American, Cocktail Bars",4.3,153,$$,(773) 930-4711,"5310 W Devon Ave, Chicago, IL 60646",Chicago,60646,41.9975928291085,-87.7612422779202,False,https://www.yelp.com/biz/citys-edge-chicago-chicago?adjust_creative=SzinwiLH3jdq-oS1oNeLxg&utm_campaign=yelp_api_v3&utm_medium=api_v3_business_search&utm_source=SzinwiLH3jdq-oS1oNeLxg,2.0
D3YYc7j3D_OEzV7ngH9Clw,Chicago All Fired Up,Carnes,"Food Stands, Barbeque",4.8,4,$,(773) 708-4561,"Chicago, IL 60601",Chicago,60601,41.88626,-87.62231,False,https://www.yelp.com/biz/chicago-all-fired-up-chicago?adjust_creative=SzinwiLH3jdq-oS1oNeLxg&utm_campaign=yelp_api_v3&utm_medium=api_v3_business_search&utm_source=SzinwiLH3jdq-oS1oNeLxg,1.0
NjOhrICS1KSvXvvPWXgzfA,Friend BBQ,Carnes,"Chinese, Barbeque, Hot Pot",4.0,50,,(312) 624-8153,"2358 S Wentworth Ave, Chicago, IL 60616",Chicago,60616,41.84931,-87.63224,False,https://www.yelp.com/biz/friend-bbq-chicago-7?adjust_creative=SzinwiLH3jdq-oS1oNeLxg&utm_campaign=yelp_api_v3&utm_medium=api_v3_business_search&utm_source=SzinwiLH3jdq-oS1oNeLxg,
k-197hza8QEKjvmZlQoMvA,Artango Bar & Steakhouse,Carnes,"Argentine, Bars, Steakhouses",3.4,421,$$,(872) 208-7441,"4767 N Lincoln Ave, Chicago, IL 60625",Chicago,60625,41.9684363770331,-87.6883043595245,False,https://www.yelp.com/biz/artango-bar-and-steakhouse-chicago-2?adjust_creative=SzinwiLH3jdq-oS1oNeLxg&utm_campaign=yelp_api_v3&utm_medium=api_v3_business_search&utm_source=SzinwiLH3jdq-oS1oNeLxg,2.0
PVf_DfBnt-IxPBbpSavsYw,Chef Daddy's,Carnes,"Soul Food, Barbeque",3.6,114,$,(773) 423-6443,"5944 W Lake St, Chicago, IL 60644",Chicago,60644,41.888097120654,-87.7740612283067,False,https://www.yelp.com/biz/chef-daddys-chicago-2?adjust_creative=SzinwiLH3jdq-oS1oNeLxg&utm_campaign=yelp_api_v3&utm_medium=api_v3_business_search&utm_source=SzinwiLH3jdq-oS1oNeLxg,1.0
58ntl-frEEB-SF_wvOuCPw,Evita Argentinian Steakhouse,Carnes,"Steakhouses, Kosher, Argentine",3.6,79,$$$$,(224) 521-3631,"6255 McCormick Blvd, Chicago, IL 60659",Chicago,60659,41.995081180169336,-87.71177740000002,False,https://www.yelp.com/biz/evita-argentinian-steakhouse-chicago-2?adjust_creative=SzinwiLH3jdq-oS1oNeLxg&utm_campaign=yelp_api_v3&utm_medium=api_v3_business_search&utm_source=SzinwiLH3jdq-oS1oNeLxg,4.0
sU4fq-TWOhvJcjFI5GLL3w,The Grillroom Chophouse & Wine Bar,Carnes,"Steakhouses, Seafood, Wine Bars",3.4,389,$$$$,(312) 960-0000,"33 W Monroe St, Chicago, IL 60603",Chicago,60603,41.88037,-87.62858,False,https://www.yelp.com/biz/the-grillroom-chophouse-and-wine-bar-chicago-2?adjust_creative=SzinwiLH3jdq-oS1oNeLxg&utm_campaign=yelp_api_v3&utm_medium=api_v3_business_search&utm_source=SzinwiLH3jdq-oS1oNeLxg,4.0
XfNkwQuyJeH8EujkFm02tw,D'Nuez,Carnes,"Mexican, Steakhouses",3.5,132,$$,(312) 255-7364,"2000 W 18th St, Chicago, IL 60608",Chicago,60608,41.8579099,-87.67615,False,https://www.yelp.com/biz/d-nuez-chicago-8?adjust_creative=SzinwiLH3jdq-oS1oNeLxg&utm_campaign=yelp_api_v3&utm_medium=api_v3_business_search&utm_source=SzinwiLH3jdq-oS1oNeLxg,2.0
PHrCt1bR8I1UGOxz3UXV_A,Brother George's BBQ,Carnes,"Food Trucks, Barbeque",5.0,1,,(815) 690-1151,"Chicago, IL 60606",Chicago,60606,41.8816,-87.63676,False,https://www.yelp.com/biz/brother-georges-bbq-chicago?adjust_creative=SzinwiLH3jdq-oS1oNeLxg&utm_campaign=yelp_api_v3&utm_medium=api_v3_business_search&utm_source=SzinwiLH3jdq-oS1oNeLxg,
FsaYqqX1QlWYR1MTYf_kzQ,Las Tablas,Carnes,Steakhouses,3.1,537,$$,(773) 202-0999,"4920 W Irving Park Rd, Chicago, IL 60641",Chicago,60641,41.95373,-87.750767,False,https://www.yelp.com/biz/las-tablas-chicago-2?adjust_creative=SzinwiLH3jdq-oS1oNeLxg&utm_campaign=yelp_api_v3&utm_medium=api_v3_business_search&utm_source=SzinwiLH3jdq-oS1oNeLxg,2.0
vFp-CJ4HqRfcANeFfQvSvA,Seoul Grill,Carnes,"Korean, Barbeque, Food Delivery Services",5.0,2,,,"850 W Superior St, Chicago, IL 60642",Chicago,60642,41.895751,-87.649578,False,https://www.yelp.com/biz/seoul-grill-chicago?adjust_creative=SzinwiLH3jdq-oS1oNeLxg&utm_campaign=yelp_api_v3&utm_medium=api_v3_business_search&utm_source=SzinwiLH3jdq-oS1oNeLxg,
nUJFVQobQmlAFhyp79A0SQ,Ron of Japan,Carnes,"Japanese, Steakhouses",2.8,448,$$$,(312) 644-6500,"230 E Ontario St, Chicago, IL 60611",Chicago,60611,41.89374777382928,-87.62133018977276,False,https://www.yelp.com/biz/ron-of-japan-chicago-2?adjust_creative=SzinwiLH3jdq-oS1oNeLxg&utm_campaign=yelp_api_v3&utm_medium=api_v3_business_search&utm_source=SzinwiLH3jdq-oS1oNeLxg,3.0
sBuii1hMLpDWwTI7-XwTmA,Windy City Ribs,Carnes,"Barbeque, American, Whiskey Bars",3.1,151,$$,(312) 794-5901,"67 E Cermak Rd, Chicago, IL 60616",Chicago,60616,41.85265,-87.62438,False,https://www.yelp.com/biz/windy-city-ribs-chicago?adjust_creative=SzinwiLH3jdq-oS1oNeLxg&utm_campaign=yelp_api_v3&utm_medium=api_v3_business_search&utm_source=SzinwiLH3jdq-oS1oNeLxg,2.0
8vqQZqnr6el95FcvVQ7EFA,Woo Chon Restaurant,Carnes,"Korean, Barbeque",4.1,230,$$$,(773) 728-8001,"5744 N California Ave, Chicago, IL 60659",Chicago,60659,41.9862647,-87.6994549,False,https://www.yelp.com/biz/woo-chon-restaurant-chicago-2?adjust_creative=SzinwiLH3jdq-oS1oNeLxg&utm_campaign=yelp_api_v3&utm_medium=api_v3_business_search&utm_source=SzinwiLH3jdq-oS1oNeLxg,3.0
BC_iXLVOQvMuNoW3EkCD6A,Bro-N-Laws Bar-B-Q,Carnes,Barbeque,3.1,78,$,(773) 227-8344,"3820 W Chicago Ave, Chicago, IL 60654",Chicago,60654,41.89569,-87.72207,False,https://www.yelp.com/biz/bro-n-laws-bar-b-q-chicago-2?adjust_creative=SzinwiLH3jdq-oS1oNeLxg&utm_campaign=yelp_api_v3&utm_medium=api_v3_business_search&utm_source=SzinwiLH3jdq-oS1oNeLxg,1.0
KuCt5PnJhEGhDy2KKCgVMg,Earl's BBQ,Carnes,"Donuts, Barbeque, Burgers",3.7,467,$$,(773) 628-7870,"4835 N Austin, Chicago, IL 60630",Chicago,60630,41.9687919460585,-87.778013125062,False,https://www.yelp.com/biz/earls-bbq-chicago-2?adjust_creative=SzinwiLH3jdq-oS1oNeLxg&utm_campaign=yelp_api_v3&utm_medium=api_v3_business_search&utm_source=SzinwiLH3jdq-oS1oNeLxg,2.0
6ubKPcNioOO-5i52N422nw,Blackwood BBQ,Carnes,"Barbeque, Sandwiches",3.9,45,$$,(312) 487-4817,"211 W Adams st, Chicago, IL 60606",Chicago,60606,41.879036,-87.634491,False,https://www.yelp.com/biz/blackwood-bbq-chicago-10?adjust_creative=SzinwiLH3jdq-oS1oNeLxg&utm_campaign=yelp_api_v3&utm_medium=api_v3_business_search&utm_source=SzinwiLH3jdq-oS1oNeLxg,2.0
p8nvZAnNOqW8ojfhTnj0Kw,Toons Bar & Grill,Carnes,"Bars, Burgers, Barbeque",3.9,301,$$,(773) 935-1919,"3857 N Southport Ave, Chicago, IL 60613",Chicago,60613,41.952431,-87.663841,False,https://www.yelp.com/biz/toons-bar-and-grill-chicago-3?adjust_creative=SzinwiLH3jdq-oS1oNeLxg&utm_campaign=yelp_api_v3&utm_medium=api_v3_business_search&utm_source=SzinwiLH3jdq-oS1oNeLxg,2.0
oda25GDqmwS4Hdp_IarIaA,Honey 1 BBQ,Carnes,Barbeque,3.6,136,$$,(773) 285-9455,"746 E 43rd St, Chicago, IL 60653",Chicago,60653,41.81708,-87.60707,False,https://www.yelp.com/biz/honey-1-bbq-chicago-3?adjust_creative=SzinwiLH3jdq-oS1oNeLxg&utm_campaign=yelp_api_v3&utm_medium=api_v3_business_search&utm_source=SzinwiLH3jdq-oS1oNeLxg,2.0
yKVQTt7xA-2dtMK9HgUDUg,Coleman's Bar-B-Que No 2,Carnes,"Barbeque, Seafood, Chicken Wings",3.0,92,$$,(773) 287-0363,"5754 W Chicago Ave, Chicago, IL 60651",Chicago,60651,41.894871,-87.769992,False,https://www.yelp.com/biz/colemans-bar-b-que-no-2-chicago?adjust_creative=SzinwiLH3jdq-oS1oNeLxg&utm_campaign=yelp_api_v3&utm_medium=api_v3_business_search&utm_source=SzinwiLH3jdq-oS1oNeLxg,2.0
MJ37ZWXqbFQOuh8CrtK0KQ,Indian Street Food,Carnes,"Indian, Breakfast & Brunch, Barbeque",5.0,1,,(773) 856-3531,"2437 W Devon Ave, Chicago, IL 60659",Chicago,60659,41.997511,-87.691406,False,https://www.yelp.com/biz/indian-street-food-chicago?adjust_creative=SzinwiLH3jdq-oS1oNeLxg&utm_campaign=yelp_api_v3&utm_medium=api_v3_business_search&utm_source=SzinwiLH3jdq-oS1oNeLxg,
CIKAQ3Bvn7JC0w3Q9-z9Fw,Uncle Remus Saucy Fried Chicken,Carnes,"Chicken Wings, Barbeque",2.0,3,,,"2537 S Wabash Ave, Chicago, IL 60616",Chicago,60616,41.84640625715586,-87.62488859999999,False,https://www.yelp.com/biz/uncle-remus-saucy-fried-chicken-chicago-2?adjust_creative=SzinwiLH3jdq-oS1oNeLxg&utm_campaign=yelp_api_v3&utm_medium=api_v3_business_search&utm_source=SzinwiLH3jdq-oS1oNeLxg,
xIQMi6KD2B6SpqJNoEi1tw,Huafeng,Carnes,"Chinese, Barbeque, Seafood",4.5,6,,(312) 366-2115,"208 W 24th St, Chicago, IL 60616",Chicago,60616,41.849300989413436,-87.63238989999999,False,https://www.yelp.com/biz/huafeng-chicago?adjust_creative=SzinwiLH3jdq-oS1oNeLxg&utm_campaign=yelp_api_v3&utm_medium=api_v3_business_search&utm_source=SzinwiLH3jdq-oS1oNeLxg,
BbAPGoGHCNXsg3PnZK0nfw,Mexico Steak House,Carnes,"Steakhouses, Mexican",3.7,94,$$,(773) 254-5151,"2983 S Archer Ave, Chicago, IL 60608",Chicago,60608,41.84016,-87.66043,False,https://www.yelp.com/biz/mexico-steak-house-chicago?adjust_creative=SzinwiLH3jdq-oS1oNeLxg&utm_campaign=yelp_api_v3&utm_medium=api_v3_business_search&utm_source=SzinwiLH3jdq-oS1oNeLxg,2.0
HVWCb4pQSPIqu1aOYHNp4g,Mr. Gee's,Carnes,"Greek, Barbeque",3.7,111,$,(773) 235-1166,"4436 W Fullerton, Chicago, IL 60639",Chicago,60639,41.9246826171875,-87.7380599975586,False,https://www.yelp.com/biz/mr-gees-chicago?adjust_creative=SzinwiLH3jdq-oS1oNeLxg&utm_campaign=yelp_api_v3&utm_medium=api_v3_business_search&utm_source=SzinwiLH3jdq-oS1oNeLxg,1.0
OxvfhDDhdMgb8dvt50Zzkw,Big Daddy's Hawaiian BBQ,Carnes,"Hawaiian, Barbeque, Chicken Wings",3.4,5,,(323) 238-3320,"4131 N Rockwell St, Chicago, IL 60618",Chicago,60618,41.956732,-87.692963,False,https://www.yelp.com/biz/big-daddys-hawaiian-bbq-chicago?adjust_creative=SzinwiLH3jdq-oS1oNeLxg&utm_campaign=yelp_api_v3&utm_medium=api_v3_business_search&utm_source=SzinwiLH3jdq-oS1oNeLxg,
epOvUIFJEm9rdlxwA1jV8A,Sabor A Café,Carnes,"Steakhouses, Colombian",3.7,279,$$,(773) 878-6327,"2435 W Peterson Ave, Chicago, IL 60659",Chicago,60659,41.990297,-87.691057,False,https://www.yelp.com/biz/sabor-a-caf%C3%A9-chicago-chicago?adjust_creative=SzinwiLH3jdq-oS1oNeLxg&utm_campaign=yelp_api_v3&utm_medium=api_v3_business_search&utm_source=SzinwiLH3jdq-oS1oNeLxg,2.0
dp6vmmfvp4GBnuwF0gZiZw,Mary's Bar-B-Que,Carnes,"Barbeque, Desserts, Burgers",2.9,38,$,,"3220 W Grand Ave, Chicago, IL 60651",Chicago,60651,41.898867,-87.707297,False,https://www.yelp.com/biz/marys-bar-b-que-chicago?adjust_creative=SzinwiLH3jdq-oS1oNeLxg&utm_campaign=yelp_api_v3&utm_medium=api_v3_business_search&utm_source=SzinwiLH3jdq-oS1oNeLxg,1.0
RquSdj6i5eA5EOvZj00u6A,Soul & Smoke West Loop,Carnes,"Soul Food, Comfort Food, Barbeque",3.4,18,,(847) 859-2732,"500 W Madison St, Fl 1, Chicago, IL 60661",Chicago,60661,41.88201266264728,-87.64064838965497,False,https://www.yelp.com/biz/soul-and-smoke-west-loop-chicago?adjust_creative=SzinwiLH3jdq-oS1oNeLxg&utm_campaign=yelp_api_v3&utm_medium=api_v3_business_search&utm_source=SzinwiLH3jdq-oS1oNeLxg,
U59_LXAFKY3zFmB9-qMv6A,El G-Fe,Carnes,"Bars, Seafood, Steakhouses",3.8,17,,(773) 306-0685,"4820 S Cicero Ave, Chicago, IL 60638",Chicago,60638,41.805085045511774,-87.74349762883553,False,https://www.yelp.com/biz/el-g-fe-chicago-2?adjust_creative=SzinwiLH3jdq-oS1oNeLxg&utm_campaign=yelp_api_v3&utm_medium=api_v3_business_search&utm_source=SzinwiLH3jdq-oS1oNeLxg,
fQCVQyUNAsDZmdjebXwY3Q,Sheffield's Wine & Beer Garden,Carnes,"Bars, Barbeque",3.7,845,$$,(773) 281-4989,"3258 N Sheffield Ave, Chicago, IL 60657",Chicago,60657,41.94161,-87.65455,False,https://www.yelp.com/biz/sheffields-wine-and-beer-garden-chicago?adjust_creative=SzinwiLH3jdq-oS1oNeLxg&utm_campaign=yelp_api_v3&utm_medium=api_v3_business_search&utm_source=SzinwiLH3jdq-oS1oNeLxg,2.0
g2mcv0d6dImTU8W8Y1UnjA,TNT Rooftop Restaurant,Carnes,"Seafood, Steakhouses, American",3.4,43,,(773) 417-4529,"5405 W Madison St, Chicago, IL 60644",Chicago,60644,41.88006,-87.76046,False,https://www.yelp.com/biz/tnt-rooftop-restaurant-chicago?adjust_creative=SzinwiLH3jdq-oS1oNeLxg&utm_campaign=yelp_api_v3&utm_medium=api_v3_business_search&utm_source=SzinwiLH3jdq-oS1oNeLxg,
Cgdp0b6Jspow1BmFxTPYsA,Beefee,Carnes,"Steakhouses, Burgers, Hot Dogs",3.6,12,,(773) 745-0414,"5846 W North Ave, Chicago, IL 60639",Chicago,60639,41.9096,-87.77215,False,https://www.yelp.com/biz/beefee-chicago?adjust_creative=SzinwiLH3jdq-oS1oNeLxg&utm_campaign=yelp_api_v3&utm_medium=api_v3_business_search&utm_source=SzinwiLH3jdq-oS1oNeLxg,
aD-aTvLqZ8qwtt_eia4Kng,El Berrinches Restaurant,Carnes,"Seafood, Steakhouses, Mexican",3.8,6,,(312) 754-0189,"1519 West 18th St, Chicago, IL 60608",Chicago,60608,41.857606,-87.66456,False,https://www.yelp.com/biz/el-berrinches-restaurant-chicago-2?adjust_creative=SzinwiLH3jdq-oS1oNeLxg&utm_campaign=yelp_api_v3&utm_medium=api_v3_business_search&utm_source=SzinwiLH3jdq-oS1oNeLxg,
3Dnj4b6MYpG-YlHfrLoQdQ,United Grill,Carnes,"Breakfast & Brunch, Steakhouses, Burgers",4.3,40,$,(773) 237-2982,"4803 W Armitage Ave, Chicago, IL 60639",Chicago,60639,41.91683329103797,-87.74635388243989,False,https://www.yelp.com/biz/united-grill-chicago-2?adjust_creative=SzinwiLH3jdq-oS1oNeLxg&utm_campaign=yelp_api_v3&utm_medium=api_v3_business_search&utm_source=SzinwiLH3jdq-oS1oNeLxg,1.0
j_2JD8QSpbF-pzUGcIqzwA,Fireplace Inn,Carnes,"Barbeque, Sports Bars, American",2.9,544,$$,(312) 847-3947,"1448 N Wells St, Chicago, IL 60610",Chicago,60610,41.9091339111328,-87.6350021362305,False,https://www.yelp.com/biz/fireplace-inn-chicago?adjust_creative=SzinwiLH3jdq-oS1oNeLxg&utm_campaign=yelp_api_v3&utm_medium=api_v3_business_search&utm_source=SzinwiLH3jdq-oS1oNeLxg,2.0
qrzEI2XUVmrN2ku8qjH1tw,Khan BBQ,Carnes,"Barbeque, Indian, Pakistani",3.5,292,$$,(773) 338-2800,"2401 W Devon Ave, Chicago, IL 60659",Chicago,60659,41.9974746704102,-87.6902923583984,False,https://www.yelp.com/biz/khan-bbq-chicago?adjust_creative=SzinwiLH3jdq-oS1oNeLxg&utm_campaign=yelp_api_v3&utm_medium=api_v3_business_search&utm_source=SzinwiLH3jdq-oS1oNeLxg,2.0
s5sGTd8EwJYLG-qf1W5DtQ,The L Station Chophouse,Carnes,"Steakhouses, Bars",3.3,9,,(312) 366-2195,"455 W North Ave, Chicago, IL 60610",Chicago,60610,41.91082626493539,-87.64081201899451,False,https://www.yelp.com/biz/the-l-station-chophouse-chicago-2?adjust_creative=SzinwiLH3jdq-oS1oNeLxg&utm_campaign=yelp_api_v3&utm_medium=api_v3_business_search&utm_source=SzinwiLH3jdq-oS1oNeLxg,
sOql0u6r1zXFB0HbO97nGw,Zhengxin Chicken Steak,Carnes,Steakhouses,4.2,14,,(312) 285-2479,"2002 S Wentworth Ave, Ste B6, Chicago, IL 60616",Chicago,60616,41.855100857514365,-87.632132,False,https://www.yelp.com/biz/zhengxin-chicken-steak-chicago?adjust_creative=SzinwiLH3jdq-oS1oNeLxg&utm_campaign=yelp_api_v3&utm_medium=api_v3_business_search&utm_source=SzinwiLH3jdq-oS1oNeLxg,
XvO3cxQGjXi-ZKp8Nxas6A,Rickette’s,Carnes,"Barbeque, Fish & Chips, Chicken Wings",3.3,78,,(312) 265-1369,"1514 W Taylor St, Chicago, IL 60607",Chicago,60607,41.8694873,-87.664795,False,https://www.yelp.com/biz/rickette-s-chicago?adjust_creative=SzinwiLH3jdq-oS1oNeLxg&utm_campaign=yelp_api_v3&utm_medium=api_v3_business_search&utm_source=SzinwiLH3jdq-oS1oNeLxg,
IWQ5RzeHSL2_92pD7Zmxdg,Taco Pros,Carnes,"Tacos, Desserts, Barbeque",3.4,64,,(312) 285-2992,"833 W Chicago Ave, Fl 1, Chicago, IL 60642",Chicago,60642,41.896139,-87.649338,False,https://www.yelp.com/biz/taco-pros-chicago-27?adjust_creative=SzinwiLH3jdq-oS1oNeLxg&utm_campaign=yelp_api_v3&utm_medium=api_v3_business_search&utm_source=SzinwiLH3jdq-oS1oNeLxg,
B80Ih3kg9bu36xarpmMiSQ,Oishii Grill,Carnes,"Barbeque, Hot Pot, Sushi Bars",4.5,2,,(312) 248-8477,"2101 S Jefferson St, Chicago, IL 60616",Chicago,60616,41.8540055269045,-87.64160758933524,False,https://www.yelp.com/biz/oishii-grill-chicago?adjust_creative=SzinwiLH3jdq-oS1oNeLxg&utm_campaign=yelp_api_v3&utm_medium=api_v3_business_search&utm_source=SzinwiLH3jdq-oS1oNeLxg,
7StPHdmTHUeTQ9HEykPzQw,CFA Clubhouse,Carnes,"Pizza, Brazilian, Barbeque",5.0,4,,(773) 906-5920,"6122 N Clark St, Chicago, IL 60660",Chicago,60660,41.9932767,-87.6703349,False,https://www.yelp.com/biz/cfa-clubhouse-chicago?adjust_creative=SzinwiLH3jdq-oS1oNeLxg&utm_campaign=yelp_api_v3&utm_medium=api_v3_business_search&utm_source=SzinwiLH3jdq-oS1oNeLxg,
TrbqSkd98zU0jRpj1ZfTJw,Char Crust,Carnes,"Cajun/Creole, Meat Shops, Barbeque",5.0,1,,(773) 528-0600,"3017 N Lincoln Ave, Chicago, IL 60657",Chicago,60657,41.9368167221546,-87.6645610481501,False,https://www.yelp.com/biz/char-crust-chicago?adjust_creative=SzinwiLH3jdq-oS1oNeLxg&utm_campaign=yelp_api_v3&utm_medium=api_v3_business_search&utm_source=SzinwiLH3jdq-oS1oNeLxg,
5uU90yU08MRWONgUwKGAzg,Hunan Grill,Carnes,"Chinese, Barbeque",4.0,2,,(312) 866-7770,"2252 S Canal St, Fl 2 Ste 209 A, Chicago, IL 60616",Chicago,60616,41.85122265879103,-87.63869079999999,False,https://www.yelp.com/biz/hunan-grill-chicago?adjust_creative=SzinwiLH3jdq-oS1oNeLxg&utm_campaign=yelp_api_v3&utm_medium=api_v3_business_search&utm_source=SzinwiLH3jdq-oS1oNeLxg,
twlvTua8JkmhgtY-6LnbsQ,Tony's Philly Steak,Carnes,Steakhouses,3.8,5,,(773) 952-4774,"4355 S Cottage Grove Ave, Chicago, IL 60653",Chicago,60653,41.815223,-87.606138,False,https://www.yelp.com/biz/tonys-philly-steak-chicago-3?adjust_creative=SzinwiLH3jdq-oS1oNeLxg&utm_campaign=yelp_api_v3&utm_medium=api_v3_business_search&utm_source=SzinwiLH3jdq-oS1oNeLxg,
DQudA1BXKkgmxphB6r841g,Sam's Chicken & Ribs,Carnes,Barbeque,3.0,165,$,(773) 764-0803,"1102 W Granville Ave, Chicago, IL 60660",Chicago,60660,41.9946365,-87.6584816,False,https://www.yelp.com/biz/sams-chicken-and-ribs-chicago?adjust_creative=SzinwiLH3jdq-oS1oNeLxg&utm_campaign=yelp_api_v3&utm_medium=api_v3_business_search&utm_source=SzinwiLH3jdq-oS1oNeLxg,1.0
ESyDB2ssOvHzMpALZlziiw,Robinson's No. 1 Ribs,Carnes,Barbeque,2.5,105,$,(312) 258-8477,"225 S Canal St, Chicago, IL 60606",Chicago,60606,41.878518,-87.638852,False,https://www.yelp.com/biz/robinsons-no-1-ribs-chicago-2?adjust_creative=SzinwiLH3jdq-oS1oNeLxg&utm_campaign=yelp_api_v3&utm_medium=api_v3_business_search&utm_source=SzinwiLH3jdq-oS1oNeLxg,1.0
e105ptFvbunZze1dUSFdrQ,Grill City,Carnes,"Fast Food, Filipino, Barbeque",2.6,69,$$,(773) 295-1658,"5033 N Elston Ave, Chicago, IL 60630",Chicago,60630,41.9728355407715,-87.7455368041992,False,https://www.yelp.com/biz/grill-city-chicago?adjust_creative=SzinwiLH3jdq-oS1oNeLxg&utm_campaign=yelp_api_v3&utm_medium=api_v3_business_search&utm_source=SzinwiLH3jdq-oS1oNeLxg,2.0
98r9JB-cSRrlwXIiVzDkpg,Westside Grill,Carnes,Barbeque,5.0,1,,,"2804 W Roosevelt Rd, Chicago, IL 60612",Chicago,60612,41.8667732,-87.6961937,False,https://www.yelp.com/biz/westside-grill-chicago-2?adjust_creative=SzinwiLH3jdq-oS1oNeLxg&utm_campaign=yelp_api_v3&utm_medium=api_v3_business_search&utm_source=SzinwiLH3jdq-oS1oNeLxg,
x3zQFrA9xCR4GuEDYoxojQ,El G-Fe,Carnes,"Seafood, Steakhouses",3.2,77,,(773) 565-4669,"4253 W 47th St, Chicago, IL 60632",Chicago,60632,41.80764,-87.73061,False,https://www.yelp.com/biz/el-g-fe-chicago?adjust_creative=SzinwiLH3jdq-oS1oNeLxg&utm_campaign=yelp_api_v3&utm_medium=api_v3_business_search&utm_source=SzinwiLH3jdq-oS1oNeLxg,
X42YLvdNNYZApVaBZ0_aXg,Wa Kaoyu,Carnes,"Barbeque, Chinese",3.3,6,,,"2230 S Wentworth Ave, Chicago, IL 60616",Chicago,60616,41.85196755722772,-87.63229946057017,False,https://www.yelp.com/biz/wa-kaoyu-chicago?adjust_creative=SzinwiLH3jdq-oS1oNeLxg&utm_campaign=yelp_api_v3&utm_medium=api_v3_business_search&utm_source=SzinwiLH3jdq-oS1oNeLxg,
CI50hWVLz9bHC78cJt1rDQ,Gibson's,Carnes,"Bars, Steakhouses",5.0,1,,,"1901 W Madison St, Chicago, IL 60612",Chicago,60612,41.88091592386159,-87.67420322208922,False,https://www.yelp.com/biz/gibsons-chicago-3?adjust_creative=SzinwiLH3jdq-oS1oNeLxg&utm_campaign=yelp_api_v3&utm_medium=api_v3_business_search&utm_source=SzinwiLH3jdq-oS1oNeLxg,
aCZfz3dWD94LhQEyO5EF5g,May St. Cafe's,Carnes,"Latin American, Steakhouses",5.0,1,,(312) 421-4442,"1146 W Cermak Rd, Chicago, IL 60608",Chicago,60608,41.8527,-87.65488,False,https://www.yelp.com/biz/may-st-cafes-chicago?adjust_creative=SzinwiLH3jdq-oS1oNeLxg&utm_campaign=yelp_api_v3&utm_medium=api_v3_business_search&utm_source=SzinwiLH3jdq-oS1oNeLxg,
-buKDj4GNYPrqYu3fBmJxw,Old Habits,Carnes,Barbeque,4.0,2,,,"2959 N California Ave, Chicago, IL 60618",Chicago,60618,41.9356115032906,-87.6975934579968,False,https://www.yelp.com/biz/old-habits-chicago?adjust_creative=SzinwiLH3jdq-oS1oNeLxg&utm_campaign=yelp_api_v3&utm_medium=api_v3_business_search&utm_source=SzinwiLH3jdq-oS1oNeLxg,
C4JO6-pZ9E1mkk-5Q0RXLw,Bar Laberinto,Carnes,"Latin American, Venues & Event Spaces, Steakhouses",3.0,4,,,"738 W Randolph St, Chicago, IL 60661",Chicago,60661,41.88485,-87.647194,False,https://www.yelp.com/biz/bar-laberinto-chicago?adjust_creative=SzinwiLH3jdq-oS1oNeLxg&utm_campaign=yelp_api_v3&utm_medium=api_v3_business_search&utm_source=SzinwiLH3jdq-oS1oNeLxg,
ZCMQ-MymcPk9GTZEUeINZQ,Blackwood BBQ,Carnes,Barbeque,3.8,5,,(312) 265-0372,"222 W Merchandise Mart Plz, Chicago, IL 60654",Chicago,60654,41.88837,-87.63536,False,https://www.yelp.com/biz/blackwood-bbq-chicago-11?adjust_creative=SzinwiLH3jdq-oS1oNeLxg&utm_campaign=yelp_api_v3&utm_medium=api_v3_business_search&utm_source=SzinwiLH3jdq-oS1oNeLxg,
rjj4qQ4H2XwQdUcOcvrFzw,Alice's Bar-B-Que,Carnes,Barbeque,2.9,182,$$,(773) 924-3843,"65 E 43rd St, Chicago, IL 60653",Chicago,60653,41.8163798,-87.6241377,False,https://www.yelp.com/biz/alices-bar-b-que-chicago?adjust_creative=SzinwiLH3jdq-oS1oNeLxg&utm_campaign=yelp_api_v3&utm_medium=api_v3_business_search&utm_source=SzinwiLH3jdq-oS1oNeLxg,2.0
W-r3zbNXfLNPhYhtHModLA,Elevated Subs,Carnes,"Sandwiches, Barbeque",5.0,1,,(312) 476-9830,"135 N Kedzie Ave, Chicago, IL 60612",Chicago,60612,41.88406074746578,-87.70570049999999,False,https://www.yelp.com/biz/elevated-subs-chicago-5?adjust_creative=SzinwiLH3jdq-oS1oNeLxg&utm_campaign=yelp_api_v3&utm_medium=api_v3_business_search&utm_source=SzinwiLH3jdq-oS1oNeLxg,
prrpsSXc4L0HvUpI1IBHmQ,Tikal Restaurant,Carnes,"Seafood, Steakhouses",4.7,3,,(773) 865-3909,"3216 W Lawrence Ave, Chicago, IL 60625",Chicago,60625,41.96864429712588,-87.70926232944781,False,https://www.yelp.com/biz/tikal-restaurant-chicago?adjust_creative=SzinwiLH3jdq-oS1oNeLxg&utm_campaign=yelp_api_v3&utm_medium=api_v3_business_search&utm_source=SzinwiLH3jdq-oS1oNeLxg,
nxjcfH4-Pgl1FxAaGPOfsQ,Porkchop,Carnes,Barbeque,2.1,20,,(312) 733-9333,"1132 W Grand Ave, Chicago, IL 60642",Chicago,60642,41.89139979056318,-87.65598082000942,False,https://www.yelp.com/biz/porkchop-chicago-18?adjust_creative=SzinwiLH3jdq-oS1oNeLxg&utm_campaign=yelp_api_v3&utm_medium=api_v3_business_search&utm_source=SzinwiLH3jdq-oS1oNeLxg,
BCu48ghagHOgtT3Gmsatcw,6 Corners BBQ Fest,Carnes,"Festivals, Barbeque",2.6,22,$$,,"4041 N Milwaukee Ave, Chicago, IL 60641",Chicago,60641,41.9544838,-87.748499,False,https://www.yelp.com/biz/6-corners-bbq-fest-chicago?adjust_creative=SzinwiLH3jdq-oS1oNeLxg&utm_campaign=yelp_api_v3&utm_medium=api_v3_business_search&utm_source=SzinwiLH3jdq-oS1oNeLxg,2.0
n4W5U1rjz2-UaTPlkalYOQ,BBQ King 88,Carnes,"Chinese, Barbeque",3.3,6,,,"2105 S Jefferson St, Chicago, IL 60616",Chicago,60616,41.853995,-87.641487,False,https://www.yelp.com/biz/bbq-king-88-chicago-2?adjust_creative=SzinwiLH3jdq-oS1oNeLxg&utm_campaign=yelp_api_v3&utm_medium=api_v3_business_search&utm_source=SzinwiLH3jdq-oS1oNeLxg,
zVWQibDqtLV_g1Bl3blADQ,Jimmie Gs on Kedzie,Carnes,"Barbeque, Soul Food",2.5,2,,(773) 940-1543,"307 S Kedzie Ave, Chicago, IL 60612",Chicago,60612,41.87704977789523,-87.7057537,False,https://www.yelp.com/biz/jimmie-gs-on-kedzie-chicago-2?adjust_creative=SzinwiLH3jdq-oS1oNeLxg&utm_campaign=yelp_api_v3&utm_medium=api_v3_business_search&utm_source=SzinwiLH3jdq-oS1oNeLxg,
TsFqeKbVN7TY7GdGVjKLZQ,Corral House Bar & Grill,Carnes,"Barbeque, Pizza, Sports Bars",4.2,5,,(708) 967-2182,"5527 N Milwaukee Ave, Chicago, IL 60630",Chicago,60630,41.98248095209774,-87.773602232337,False,https://www.yelp.com/biz/corral-house-bar-and-grill-chicago?adjust_creative=SzinwiLH3jdq-oS1oNeLxg&utm_campaign=yelp_api_v3&utm_medium=api_v3_business_search&utm_source=SzinwiLH3jdq-oS1oNeLxg,
M7woV2YjB7mm_XH95ayEcw,Pinoy Soul Cafe,Carnes,"Comfort Food, Barbeque, Asian Fusion",,0,,(773) 770-9080,"1357 N Western Ave, Chicago, IL 60622",Chicago,60622,41.906552,-87.686764,False,https://www.yelp.com/biz/pinoy-soul-cafe-chicago?adjust_creative=SzinwiLH3jdq-oS1oNeLxg&utm_campaign=yelp_api_v3&utm_medium=api_v3_business_search&utm_source=SzinwiLH3jdq-oS1oNeLxg,
P7NcNd0vrPLpL3One3V07Q,Great Chicago Food & Beverage,Carnes,"Kosher, Chinese, Barbeque",3.5,46,$,(773) 465-9030,"3149 W Devon Ave, Chicago, IL 60659",Chicago,60659,41.9972618,-87.7088599,False,https://www.yelp.com/biz/great-chicago-food-and-beverage-chicago-2?adjust_creative=SzinwiLH3jdq-oS1oNeLxg&utm_campaign=yelp_api_v3&utm_medium=api_v3_business_search&utm_source=SzinwiLH3jdq-oS1oNeLxg,1.0
P1sQD2q_36lN_Mcvibo7Yg,Gus Uncle Remus & Guilty Pleasurez Bakery,Carnes,"Chicken Wings, Barbeque, Bakeries",2.5,21,,(773) 688-5619,"4731 W Madison St, Chicago, IL 60644",Chicago,60644,41.88033717835215,-87.7440776,False,https://www.yelp.com/biz/gus-uncle-remus-and-guilty-pleasurez-bakery-chicago?adjust_creative=SzinwiLH3jdq-oS1oNeLxg&utm_campaign=yelp_api_v3&utm_medium=api_v3_business_search&utm_source=SzinwiLH3jdq-oS1oNeLxg,
M_SHmR8bK9fV7q3mY1lADQ,I 94 Rib and Grill,Carnes,"Barbeque, Chicken Wings, Sandwiches",3.3,14,$$$$,(872) 818-7391,"325 W 47th St, Chicago, IL 60609",Chicago,60609,41.8089333,-87.6343231,False,https://www.yelp.com/biz/i-94-rib-and-grill-chicago?adjust_creative=SzinwiLH3jdq-oS1oNeLxg&utm_campaign=yelp_api_v3&utm_medium=api_v3_business_search&utm_source=SzinwiLH3jdq-oS1oNeLxg,4.0
1827vWU4Km8yHjZ6vaRoCA,Uptown Pizza & BBQ,Carnes,"Pizza, Barbeque",3.3,213,$,(773) 275-5390,"1031 W Wilson Ave, Chicago, IL 60640",Chicago,60640,41.965204,-87.656021,False,https://www.yelp.com/biz/uptown-pizza-and-bbq-chicago-2?adjust_creative=SzinwiLH3jdq-oS1oNeLxg&utm_campaign=yelp_api_v3&utm_medium=api_v3_business_search&utm_source=SzinwiLH3jdq-oS1oNeLxg,1.0
bHXu5G5hEoOXM1B6BYaHFQ,Porkchop,Carnes,"Bars, American, Barbeque",2.2,65,,(773) 739-9006,"6341 N Broadway, Chicago, IL 60660",Chicago,60660,41.99760728085922,-87.66015652567148,False,https://www.yelp.com/biz/porkchop-chicago-19?adjust_creative=SzinwiLH3jdq-oS1oNeLxg&utm_campaign=yelp_api_v3&utm_medium=api_v3_business_search&utm_source=SzinwiLH3jdq-oS1oNeLxg,
FZL87vEn4P7IVG7tnm_T_g,JD's Barbecue,Carnes,Barbeque,,0,,(773) 937-7108,"850 W Superior St, Chicago, IL 60642",Chicago,60642,41.895735,-87.64958,False,https://www.yelp.com/biz/jds-barbecue-chicago?adjust_creative=SzinwiLH3jdq-oS1oNeLxg&utm_campaign=yelp_api_v3&utm_medium=api_v3_business_search&utm_source=SzinwiLH3jdq-oS1oNeLxg,
dFcXXGzpaBnJqVjJa8sExw,Blowing Smoke BBQ,Carnes,Barbeque,,0,,(312) 880-8880,"131 N Clinton St, ​Chicago French Market, Chicago, IL 60661",Chicago,60661,41.884089,-87.640541,False,https://www.yelp.com/biz/blowing-smoke-bbq-chicago?adjust_creative=SzinwiLH3jdq-oS1oNeLxg&utm_campaign=yelp_api_v3&utm_medium=api_v3_business_search&utm_source=SzinwiLH3jdq-oS1oNeLxg,
r8uAAlGdtDjfnKLDMwngog,Dickey's Barbecue Pit,Carnes,"Barbeque, American, Food Delivery Services",1.7,9,,(312) 478-7499,"4131 N Rockwell St, Chicago, IL 60618",Chicago,60618,41.956787,-87.692983,False,https://www.yelp.com/biz/dickeys-barbecue-pit-chicago-5?adjust_creative=SzinwiLH3jdq-oS1oNeLxg&utm_campaign=yelp_api_v3&utm_medium=api_v3_business_search&utm_source=SzinwiLH3jdq-oS1oNeLxg,
kgST_0Mqz72vIn-sYbMzpQ,Uncle Tommy's BBQ,Carnes,"Food Trucks, Barbeque",,0,,(708) 953-5168,"Chicago, IL 60607",Chicago,60607,41.87497132249663,-87.65151276803229,False,https://www.yelp.com/biz/uncle-tommys-bbq-chicago-2?adjust_creative=SzinwiLH3jdq-oS1oNeLxg&utm_campaign=yelp_api_v3&utm_medium=api_v3_business_search&utm_source=SzinwiLH3jdq-oS1oNeLxg,
p68euYC4JfIPezsT6vTs5Q,Bar BQ Tonight,Carnes,"Indian, Pakistani, Barbeque",3.6,8,,(872) 348-1999,"2525 W Devon Ave, Chicago, IL 60659",Chicago,60659,41.9975955467608,-87.69339959999999,False,https://www.yelp.com/biz/bar-bq-tonight-chicago?adjust_creative=SzinwiLH3jdq-oS1oNeLxg&utm_campaign=yelp_api_v3&utm_medium=api_v3_business_search&utm_source=SzinwiLH3jdq-oS1oNeLxg,
ckBCr-WuhMp8ds_vcyqeWw,Nuestro Mexico Lindo,Carnes,"Mexican, Barbeque",2.3,3,,(312) 953-8932,"2839 S Pulaski, Chicago, IL 60623",Chicago,60623,41.8393846,-87.7241367,False,https://www.yelp.com/biz/nuestro-mexico-lindo-chicago?adjust_creative=SzinwiLH3jdq-oS1oNeLxg&utm_campaign=yelp_api_v3&utm_medium=api_v3_business_search&utm_source=SzinwiLH3jdq-oS1oNeLxg,
-FRZTyjfuu0RZRyLNpyxzQ,Uncle John's BBQ,Carnes,Barbeque,,0,,(773) 306-1380,"947 W Addison St, Chicago, IL 60613",Chicago,60613,41.947090651980766,-87.6538161,False,https://www.yelp.com/biz/uncle-johns-bbq-chicago-5?adjust_creative=SzinwiLH3jdq-oS1oNeLxg&utm_campaign=yelp_api_v3&utm_medium=api_v3_business_search&utm_source=SzinwiLH3jdq-oS1oNeLxg,
i6-AADHLFNlUCTPgZgsnXw,Wigwam At the Union League,Carnes,"American, Steakhouses",,0,,,"70-98 W Monroe St, Chicago, IL 60603",Chicago,60603,41.8807056794022,-87.6308399943107,False,https://www.yelp.com/biz/wigwam-at-the-union-league-chicago?adjust_creative=SzinwiLH3jdq-oS1oNeLxg&utm_campaign=yelp_api_v3&utm_medium=api_v3_business_search&utm_source=SzinwiLH3jdq-oS1oNeLxg,
pLzG9tW2f4NvqrjPtsiMhw,Korean Polish BBQ @ Maria's,Carnes,Barbeque,5.0,1,,(815) 520-3725,"960 W 31st St, Chicago, IL 60608",Chicago,60608,41.838188,-87.651161,False,https://www.yelp.com/biz/korean-polish-bbq-marias-chicago?adjust_creative=SzinwiLH3jdq-oS1oNeLxg&utm_campaign=yelp_api_v3&utm_medium=api_v3_business_search&utm_source=SzinwiLH3jdq-oS1oNeLxg,
DZ9k8tS17crWo7B71x6iGA,AB Food and Drinks,Carnes,"Desserts, Barbeque",,0,,(888) 440-0518,"122 S Michigan Ave, Chicago, IL 60603",Chicago,60603,41.87975246354299,-87.624623,False,https://www.yelp.com/biz/ab-food-and-drinks-chicago?adjust_creative=SzinwiLH3jdq-oS1oNeLxg&utm_campaign=yelp_api_v3&utm_medium=api_v3_business_search&utm_source=SzinwiLH3jdq-oS1oNeLxg,
Kj06QpgXxhpVzsz12PRGfA,Porkchop,Carnes,Barbeque,1.6,5,,(773) 493-9333,"1625 N Halsted St, Chicago, IL 60614",Chicago,60614,41.9117,-87.64793,False,https://www.yelp.com/biz/porkchop-chicago-15?adjust_creative=SzinwiLH3jdq-oS1oNeLxg&utm_campaign=yelp_api_v3&utm_medium=api_v3_business_search&utm_source=SzinwiLH3jdq-oS1oNeLxg,
Xsy0WVBot8bBf_V6-EpCnw,Avenida Sabor,Carnes,"Latin American, Steakhouses",4.5,2,,(872) 212-9772,"4393 N Elston Ave, Chicago, IL 60641",Chicago,60641,41.96074007112095,-87.72911828834307,False,https://www.yelp.com/biz/avenida-sabor-chicago?adjust_creative=SzinwiLH3jdq-oS1oNeLxg&utm_campaign=yelp_api_v3&utm_medium=api_v3_business_search&utm_source=SzinwiLH3jdq-oS1oNeLxg,
IrgZs2KXaCov-3QZPBdUiA,Smokeheads,Carnes,"Barbeque, Food Delivery Services",1.3,3,,(312) 432-6583,"1441 W Willow St, Chicago, IL 60642",Chicago,60642,41.914006,-87.663182,False,https://www.yelp.com/biz/smokeheads-chicago-2?adjust_creative=SzinwiLH3jdq-oS1oNeLxg&utm_campaign=yelp_api_v3&utm_medium=api_v3_business_search&utm_source=SzinwiLH3jdq-oS1oNeLxg,
-CnnDlEyb5jA6XXJzCSQkA,Umamicue,Carnes,Barbeque,,0,,,"125 S Clark St, Chicago, IL 60603",Chicago,60603,41.87978403450647,-87.63063345104456,False,https://www.yelp.com/biz/umamicue-chicago-2?adjust_creative=SzinwiLH3jdq-oS1oNeLxg&utm_campaign=yelp_api_v3&utm_medium=api_v3_business_search&utm_source=SzinwiLH3jdq-oS1oNeLxg,
OYUscWMtG4dS3xnDmExjpQ,JD's BBQ,Carnes,Barbeque,1.0,2,,,"3220 W Grand Ave, Chicago, IL 60651",Chicago,60651,41.898867,-87.707297,False,https://www.yelp.com/biz/jds-bbq-chicago-2?adjust_creative=SzinwiLH3jdq-oS1oNeLxg&utm_campaign=yelp_api_v3&utm_medium=api_v3_business_search&utm_source=SzinwiLH3jdq-oS1oNeLxg,
zF9o33BVqLUOcCmnuB2eQw,Handlebar,Vegetariano,"Vegetarian, Bars, Vegan",4.1,1804,$$,(773) 384-9546,"2311 W North Ave, Chicago, IL 60647",Chicago,60647,41.9100899,-87.6853,False,https://www.yelp.com/biz/handlebar-chicago?adjust_creative=SzinwiLH3jdq-oS1oNeLxg&utm_campaign=yelp_api_v3&utm_medium=api_v3_business_search&utm_source=SzinwiLH3jdq-oS1oNeLxg,2.0
NOKQi1saEWWp-cbUhkUtFQ,Velvet Taco,Vegetariano,"New American, Tacos, Vegetarian",4.2,1925,$$,(312) 763-2654,"1110 N State St, Chicago, IL 60610",Chicago,60610,41.90224,-87.62851,False,https://www.yelp.com/biz/velvet-taco-gold-coast-chicago-2?adjust_creative=SzinwiLH3jdq-oS1oNeLxg&utm_campaign=yelp_api_v3&utm_medium=api_v3_business_search&utm_source=SzinwiLH3jdq-oS1oNeLxg,2.0
90-6FQYDxKp516WnO_jMpg,Galit,Vegetariano,"Mediterranean, Middle Eastern, Vegetarian",4.1,553,$$$$,(773) 360-8755,"2429 N Lincoln Ave, Chicago, IL 60614",Chicago,60614,41.9261880718568,-87.6496120914817,False,https://www.yelp.com/biz/galit-chicago?adjust_creative=SzinwiLH3jdq-oS1oNeLxg&utm_campaign=yelp_api_v3&utm_medium=api_v3_business_search&utm_source=SzinwiLH3jdq-oS1oNeLxg,4.0
g2jQ6p5Wo-oQPvBVNLxStw,PLANTA Queen Chicago,Vegetariano,"Sushi Bars, Asian Fusion, Vegetarian",4.3,666,$$,(630) 691-7238,"413 N Clark St, Chicago, IL 60654",Chicago,60654,41.88978,-87.63087,False,https://www.yelp.com/biz/planta-queen-chicago-chicago-4?adjust_creative=SzinwiLH3jdq-oS1oNeLxg&utm_campaign=yelp_api_v3&utm_medium=api_v3_business_search&utm_source=SzinwiLH3jdq-oS1oNeLxg,2.0
Leed_L3l2U8tKBdJwj8CyQ,True Food Kitchen,Vegetariano,"New American, Vegetarian, Salad",4.2,1277,$$,(312) 204-6981,"1 West Erie St, Unit A, Fl 1, Chicago, IL 60654",Chicago,60654,41.893954,-87.628365,False,https://www.yelp.com/biz/true-food-kitchen-chicago-5?adjust_creative=SzinwiLH3jdq-oS1oNeLxg&utm_campaign=yelp_api_v3&utm_medium=api_v3_business_search&utm_source=SzinwiLH3jdq-oS1oNeLxg,2.0
O6uWHgJzylSjWjPSJKGhnQ,Sultan's Market,Vegetariano,"Middle Eastern, Vegetarian, Mediterranean",4.1,1451,$,(773) 235-3072,"2057 W North Ave, Chicago, IL 60647",Chicago,60647,41.9102951,-87.6792215,False,https://www.yelp.com/biz/sultans-market-chicago?adjust_creative=SzinwiLH3jdq-oS1oNeLxg&utm_campaign=yelp_api_v3&utm_medium=api_v3_business_search&utm_source=SzinwiLH3jdq-oS1oNeLxg,1.0
e3vMzk7zt_3hLCJxv0E64Q,Brightwok Kitchen,Vegetariano,"Asian Fusion, Gluten-Free, Vegetarian",4.4,255,$$,(312) 366-2999,"631 N State St, Chicago, IL 60654",Chicago,60654,41.89363538214076,-87.6279255,False,https://www.yelp.com/biz/brightwok-kitchen-chicago-5?adjust_creative=SzinwiLH3jdq-oS1oNeLxg&utm_campaign=yelp_api_v3&utm_medium=api_v3_business_search&utm_source=SzinwiLH3jdq-oS1oNeLxg,2.0
TwPU-ROBN9Hi7v6deHD12g,The Green Ape Gourmet Vegan,Vegetariano,Vegetarian,4.4,18,,,"1310 N Milwaukee Ave, Chicago, IL 60622",Chicago,60622,41.90542364578976,-87.6699,False,https://www.yelp.com/biz/the-green-ape-gourmet-vegan-chicago?adjust_creative=SzinwiLH3jdq-oS1oNeLxg&utm_campaign=yelp_api_v3&utm_medium=api_v3_business_search&utm_source=SzinwiLH3jdq-oS1oNeLxg,
yYAJAUfqnN3rQw7S8Cj12Q,Brightwok Kitchen,Vegetariano,"Asian Fusion, Gluten-Free, Vegetarian",4.5,675,$$,(312) 583-0729,"21 E Adams St, Chicago, IL 60603",Chicago,60603,41.87937161274302,-87.62675030330459,False,https://www.yelp.com/biz/brightwok-kitchen-chicago-7?adjust_creative=SzinwiLH3jdq-oS1oNeLxg&utm_campaign=yelp_api_v3&utm_medium=api_v3_business_search&utm_source=SzinwiLH3jdq-oS1oNeLxg,2.0
5EKXV0tyMc_Sko7O4U5uZg,Annapurna,Vegetariano,"Indian, Vegetarian",3.5,315,$,(773) 764-1858,"2600 W Devon Ave, Chicago, IL 60659",Chicago,60659,41.99774452345464,-87.69513621159055,False,https://www.yelp.com/biz/annapurna-chicago?adjust_creative=SzinwiLH3jdq-oS1oNeLxg&utm_campaign=yelp_api_v3&utm_medium=api_v3_business_search&utm_source=SzinwiLH3jdq-oS1oNeLxg,1.0
meibjSM1ucjgxMQE36Cj3w,Thattu,Vegetariano,"Indian, Vegetarian, Cocktail Bars",4.1,154,,(773) 754-0199,"2601 W Fletcher St, Chicago, IL 60618",Chicago,60618,41.93839561390341,-87.69310981035231,False,https://www.yelp.com/biz/thattu-chicago-2?adjust_creative=SzinwiLH3jdq-oS1oNeLxg&utm_campaign=yelp_api_v3&utm_medium=api_v3_business_search&utm_source=SzinwiLH3jdq-oS1oNeLxg,
0dsmnEYaTVsT2OglrlWTmg,Alice & Friends' Vegan Kitchen,Vegetariano,"Vegetarian, Vegan, Asian Fusion",4.5,549,$$,(773) 275-8797,"5812 N Broadway, Chicago, IL 60660",Chicago,60660,41.98747,-87.66049,False,https://www.yelp.com/biz/alice-and-friends-vegan-kitchen-chicago-2?adjust_creative=SzinwiLH3jdq-oS1oNeLxg&utm_campaign=yelp_api_v3&utm_medium=api_v3_business_search&utm_source=SzinwiLH3jdq-oS1oNeLxg,2.0
qMWue331PWctcrOqIGmXFg,Ragadan,Vegetariano,"Vegetarian, Burgers, Middle Eastern",4.5,115,$$,(773) 654-1788,"4409 N Broadway, Chicago, IL 60640",Chicago,60640,41.962151,-87.655128,False,https://www.yelp.com/biz/ragadan-chicago?adjust_creative=SzinwiLH3jdq-oS1oNeLxg&utm_campaign=yelp_api_v3&utm_medium=api_v3_business_search&utm_source=SzinwiLH3jdq-oS1oNeLxg,2.0
1rK4BOluoU7z92prhZvzaA,The Black Vegan,Vegetariano,"Vegan, Vegetarian",4.0,14,,(773) 639-0896,"2300 S Kedzie Ave, Chicago, IL 60623",Chicago,60623,41.84982,-87.70552,False,https://www.yelp.com/biz/the-black-vegan-chicago-2?adjust_creative=SzinwiLH3jdq-oS1oNeLxg&utm_campaign=yelp_api_v3&utm_medium=api_v3_business_search&utm_source=SzinwiLH3jdq-oS1oNeLxg,
pF4jHr4uyUzTYOdAp0G0mg,Quesadilla La Reyna Del Sur,Vegetariano,"Mexican, Vegetarian",4.2,607,$,(773) 235-8807,"2237 N Western Ave, Chicago, IL 60647",Chicago,60647,41.92281320703311,-87.6873001,False,https://www.yelp.com/biz/quesadilla-la-reyna-del-sur-chicago-2?adjust_creative=SzinwiLH3jdq-oS1oNeLxg&utm_campaign=yelp_api_v3&utm_medium=api_v3_business_search&utm_source=SzinwiLH3jdq-oS1oNeLxg,1.0
0lbMnxIqYSeiXacea56DTg,Bombay Eats,Vegetariano,"Indian, Vegetarian, Wraps",4.0,416,$,(312) 955-0733,"330 E Ohio St, Chicago, IL 60611",Chicago,60611,41.89278,-87.61897,False,https://www.yelp.com/biz/bombay-eats-chicago-30?adjust_creative=SzinwiLH3jdq-oS1oNeLxg&utm_campaign=yelp_api_v3&utm_medium=api_v3_business_search&utm_source=SzinwiLH3jdq-oS1oNeLxg,1.0
3NeJcGGOSGn2xbNzx6SBFA,Relish Chicago Hot Dogs,Vegetariano,"Hot Dogs, Shaved Ice, Vegetarian",4.6,112,$,(312) 620-3299,"315 S Michigan Ave, Chicago, IL 60603",Chicago,60603,41.87807,-87.624,False,https://www.yelp.com/biz/relish-chicago-hot-dogs-chicago-2?adjust_creative=SzinwiLH3jdq-oS1oNeLxg&utm_campaign=yelp_api_v3&utm_medium=api_v3_business_search&utm_source=SzinwiLH3jdq-oS1oNeLxg,1.0
LlBuAYOAbdofrPzXn21W-g,Kale My Name,Vegetariano,"Vegetarian, Vegan, Cocktail Bars",4.5,417,$$,(872) 208-7125,"3300 W Montrose Ave, Chicago, IL 60618",Chicago,60618,41.961351,-87.7109115,False,https://www.yelp.com/biz/kale-my-name-chicago-2?adjust_creative=SzinwiLH3jdq-oS1oNeLxg&utm_campaign=yelp_api_v3&utm_medium=api_v3_business_search&utm_source=SzinwiLH3jdq-oS1oNeLxg,2.0
T-ubQUulebAjdTx95vvKVg,Veggie House,Vegetariano,"Vegan, Vegetarian, Juice Bars & Smoothies",4.5,249,$$,(312) 326-9966,"2109 S China Pl, Chicago, IL 60616",Chicago,60616,41.8546324184978,-87.63279389109691,False,https://www.yelp.com/biz/veggie-house-chicago-2?adjust_creative=SzinwiLH3jdq-oS1oNeLxg&utm_campaign=yelp_api_v3&utm_medium=api_v3_business_search&utm_source=SzinwiLH3jdq-oS1oNeLxg,2.0
Se4i-S2mGaGWKNmIgHa0aA,Can't believe it's not meat,Vegetariano,"Vegetarian, Comfort Food, Vegan",4.1,117,$$,(312) 624-9986,"226 W Chicage Ave, Chicago, IL 60654",Chicago,60654,41.89680337899262,-87.63535151533996,False,https://www.yelp.com/biz/can-t-believe-its-not-meat-river-north-chicago?adjust_creative=SzinwiLH3jdq-oS1oNeLxg&utm_campaign=yelp_api_v3&utm_medium=api_v3_business_search&utm_source=SzinwiLH3jdq-oS1oNeLxg,2.0
l-_sDyPCS43_dWl7qnhgUA,Hong Huah,Vegetariano,"Chinese, Seafood, Vegetarian",4.0,127,$,(773) 889-4800,"5924 W Fullerton Ave, Chicago, IL 60639",Chicago,60639,41.9241333007812,-87.7743301391602,False,https://www.yelp.com/biz/hong-huah-chicago?adjust_creative=SzinwiLH3jdq-oS1oNeLxg&utm_campaign=yelp_api_v3&utm_medium=api_v3_business_search&utm_source=SzinwiLH3jdq-oS1oNeLxg,1.0
lu843HPnwHmxNWg_98HmtQ,IDOF Fresh Mediterranean,Vegetariano,"Mediterranean, Halal, Vegetarian",3.9,212,$,(773) 672-2780,"851 W Belmont Ave, Chicago, IL 60657",Chicago,60657,41.93966,-87.65133,False,https://www.yelp.com/biz/idof-fresh-mediterranean-chicago-12?adjust_creative=SzinwiLH3jdq-oS1oNeLxg&utm_campaign=yelp_api_v3&utm_medium=api_v3_business_search&utm_source=SzinwiLH3jdq-oS1oNeLxg,1.0
wXp__hdga76Lkc6vX_O8dQ,Amitabul,Vegetariano,"Vegan, Korean, Vegetarian",4.4,571,$$,(773) 774-0276,"6207 N Milwaukee Ave, Chicago, IL 60646",Chicago,60646,41.99412,-87.78443,False,https://www.yelp.com/biz/amitabul-chicago-5?adjust_creative=SzinwiLH3jdq-oS1oNeLxg&utm_campaign=yelp_api_v3&utm_medium=api_v3_business_search&utm_source=SzinwiLH3jdq-oS1oNeLxg,2.0
fOWZ5ufVYEqpCjpJBsFEXw,Kimchi Pop,Vegetariano,"Korean, Gluten-Free, Vegetarian",4.3,46,,(773) 654-3466,"4429 N Broadway, Chicago, IL 60640",Chicago,60640,41.96256534807549,-87.65542538772223,False,https://www.yelp.com/biz/kimchi-pop-chicago-3?adjust_creative=SzinwiLH3jdq-oS1oNeLxg&utm_campaign=yelp_api_v3&utm_medium=api_v3_business_search&utm_source=SzinwiLH3jdq-oS1oNeLxg,
AxeLcznJw9Z9RJPJ2EV1PA,Velvet Taco,Vegetariano,"New American, Tacos, Vegetarian",3.9,148,$$,(708) 512-4882,"910 W Randolph St, Chicago, IL 60607",Chicago,60607,41.884644,-87.65037,False,https://www.yelp.com/biz/velvet-taco-chicago-8?adjust_creative=SzinwiLH3jdq-oS1oNeLxg&utm_campaign=yelp_api_v3&utm_medium=api_v3_business_search&utm_source=SzinwiLH3jdq-oS1oNeLxg,2.0
VLlWsbYXcJdUPn6hCdP3xA,Den Den Restaurant,Vegetariano,"Vegetarian, Eritrean",4.5,165,$$,(773) 973-4752,"6635 N Clark St, Chicago, IL 60626",Chicago,60626,42.0028237,-87.6720684,False,https://www.yelp.com/biz/den-den-restaurant-chicago?adjust_creative=SzinwiLH3jdq-oS1oNeLxg&utm_campaign=yelp_api_v3&utm_medium=api_v3_business_search&utm_source=SzinwiLH3jdq-oS1oNeLxg,2.0
yMoYavwsj4nQIZQJosR85A,Lucy's Cafe,Vegetariano,"Vegetarian, Breakfast & Brunch, American",4.1,145,$$,(773) 665-0227,"2100 W Roscoe St, Chicago, IL 60618",Chicago,60618,41.94347,-87.68105,False,https://www.yelp.com/biz/lucys-cafe-chicago-2?adjust_creative=SzinwiLH3jdq-oS1oNeLxg&utm_campaign=yelp_api_v3&utm_medium=api_v3_business_search&utm_source=SzinwiLH3jdq-oS1oNeLxg,2.0
Oxz8zBbPYFxJ54BkSieEPg,Velvet Taco,Vegetariano,"Tacos, New American, Vegetarian",3.9,160,$$,(872) 999-8228,"2309 N Lincoln Ave, Chicago, IL 60614",Chicago,60614,41.92403,-87.64657,False,https://www.yelp.com/biz/velvet-taco-chicago-9?adjust_creative=SzinwiLH3jdq-oS1oNeLxg&utm_campaign=yelp_api_v3&utm_medium=api_v3_business_search&utm_source=SzinwiLH3jdq-oS1oNeLxg,2.0
FZmJR3gRAEqlctYX7EskfA,IDOF Fresh Mediterranean,Vegetariano,"Mediterranean, Halal, Vegetarian",3.6,44,,(312) 722-6997,"600 E Grand Ave, Chicago, IL 60611",Chicago,60611,41.891301,-87.606845,False,https://www.yelp.com/biz/idof-fresh-mediterranean-chicago-7?adjust_creative=SzinwiLH3jdq-oS1oNeLxg&utm_campaign=yelp_api_v3&utm_medium=api_v3_business_search&utm_source=SzinwiLH3jdq-oS1oNeLxg,
fdYJPKM1FuZt4zErtS11ig,Uru Swati,Vegetariano,"Indian, Vegetarian",3.8,646,$,(773) 381-1010,"2629 W Devon Ave, Chicago, IL 60659",Chicago,60659,41.99736,-87.69573,False,https://www.yelp.com/biz/uru-swati-chicago?adjust_creative=SzinwiLH3jdq-oS1oNeLxg&utm_campaign=yelp_api_v3&utm_medium=api_v3_business_search&utm_source=SzinwiLH3jdq-oS1oNeLxg,1.0
3U36iE6Ir_dg3NodDxGzew,IDOF Fresh Mediterranean,Vegetariano,"Mediterranean, Halal, Vegetarian",3.7,80,$$,(312) 428-3990,"1129 W Taylor St, Chicago, IL 60607",Chicago,60607,41.86918,-87.65541,False,https://www.yelp.com/biz/idof-fresh-mediterranean-chicago-5?adjust_creative=SzinwiLH3jdq-oS1oNeLxg&utm_campaign=yelp_api_v3&utm_medium=api_v3_business_search&utm_source=SzinwiLH3jdq-oS1oNeLxg,2.0
4ECBK15z86rdy9KP-qMREQ,Kopi A Travelers Cafe,Vegetariano,"Coffee & Tea, Sandwiches, Vegetarian",3.9,629,$$,(773) 989-5674,"5317 N Clark St, Chicago, IL 60640",Chicago,60640,41.978589998256346,-87.66818909832148,False,https://www.yelp.com/biz/kopi-a-travelers-cafe-chicago?adjust_creative=SzinwiLH3jdq-oS1oNeLxg&utm_campaign=yelp_api_v3&utm_medium=api_v3_business_search&utm_source=SzinwiLH3jdq-oS1oNeLxg,2.0
7mrkLMMFfo0h-QwBBV654g,Veggitopia,Vegetariano,"Vegan, Vegetarian",3.8,5,,(708) 677-1100,"850 W Superior St, Chicago, IL 60642",Chicago,60642,41.89573,-87.64965,False,https://www.yelp.com/biz/veggitopia-chicago?adjust_creative=SzinwiLH3jdq-oS1oNeLxg&utm_campaign=yelp_api_v3&utm_medium=api_v3_business_search&utm_source=SzinwiLH3jdq-oS1oNeLxg,
4y6DadV1fkRrXXDwESWUEw,Plant B,Vegetariano,"Burgers, Vegetarian, Food Delivery Services",3.9,8,,(773) 935-3647,"2464 N Lincoln Ave, Chicago, IL 60614",Chicago,60614,41.926729,-87.650935,False,https://www.yelp.com/biz/plant-b-chicago?adjust_creative=SzinwiLH3jdq-oS1oNeLxg&utm_campaign=yelp_api_v3&utm_medium=api_v3_business_search&utm_source=SzinwiLH3jdq-oS1oNeLxg,
heyzupRbqxesZeyPxQANyQ,IDOF Fresh Mediterranean,Vegetariano,"Mediterranean, Halal, Vegetarian",4.0,95,$,(312) 535-7431,"60 E Jackson Blvd, Chicago, IL 60604",Chicago,60604,41.87837295077063,-87.62561534444768,False,https://www.yelp.com/biz/idof-fresh-mediterranean-chicago-10?adjust_creative=SzinwiLH3jdq-oS1oNeLxg&utm_campaign=yelp_api_v3&utm_medium=api_v3_business_search&utm_source=SzinwiLH3jdq-oS1oNeLxg,1.0
Y7dqd7fADXj1BOvhRUnYrg,El Faro Restaurant,Vegetariano,"Mexican, Vegetarian, Juice Bars & Smoothies",4.0,210,$,(773) 277-1155,"3936 W 31st St, Chicago, IL 60623",Chicago,60623,41.83706,-87.72347,False,https://www.yelp.com/biz/el-faro-restaurant-chicago-2?adjust_creative=SzinwiLH3jdq-oS1oNeLxg&utm_campaign=yelp_api_v3&utm_medium=api_v3_business_search&utm_source=SzinwiLH3jdq-oS1oNeLxg,1.0
ykjmmRpK_6lmTIRMVPPl9g,Machetes Big Quesadillas,Vegetariano,"Mexican, Vegan, Vegetarian",4.1,79,$,(773) 321-9143,"4888 S Archer Ave, Chicago, IL 60632",Chicago,60632,41.80462,-87.72026,False,https://www.yelp.com/biz/machetes-big-quesadillas-chicago-2?adjust_creative=SzinwiLH3jdq-oS1oNeLxg&utm_campaign=yelp_api_v3&utm_medium=api_v3_business_search&utm_source=SzinwiLH3jdq-oS1oNeLxg,1.0
vxy-Ikt7d2n3LrUky4SWhQ,I Dream of Falafel,Vegetariano,"Mediterranean, Halal, Vegetarian",3.4,84,$,(312) 559-3333,"555 W Monroe St, Chicago, IL 60661",Chicago,60661,41.880276,-87.642035,False,https://www.yelp.com/biz/i-dream-of-falafel-chicago-28?adjust_creative=SzinwiLH3jdq-oS1oNeLxg&utm_campaign=yelp_api_v3&utm_medium=api_v3_business_search&utm_source=SzinwiLH3jdq-oS1oNeLxg,1.0
46pMibx7GjXvmn3_NY4vBw,Peach's Restaurant,Vegetariano,"American, Vegetarian, Sandwiches",3.5,546,$$,(773) 966-5801,"4652 S King Dr, Chicago, IL 60653",Chicago,60653,41.8095192033352,-87.6169375968778,False,https://www.yelp.com/biz/peachs-restaurant-chicago?adjust_creative=SzinwiLH3jdq-oS1oNeLxg&utm_campaign=yelp_api_v3&utm_medium=api_v3_business_search&utm_source=SzinwiLH3jdq-oS1oNeLxg,2.0
Slyue4yX4gFEAGmrvpgBCg,Vegan World Cafe,Vegetariano,"Vegetarian, Vegan, Soul Food",4.4,25,,(773) 729-2188,"1206 N Central Ave, Chicago, IL 60651",Chicago,60651,41.9024663,-87.76585279999999,False,https://www.yelp.com/biz/vegan-world-cafe-chicago?adjust_creative=SzinwiLH3jdq-oS1oNeLxg&utm_campaign=yelp_api_v3&utm_medium=api_v3_business_search&utm_source=SzinwiLH3jdq-oS1oNeLxg,
raFG--NLFB5SpI8Akw-Gkw,IncrediBOWLS Chicago,Vegetariano,"Salad, Gluten-Free, Vegetarian",3.5,2,,(773) 799-8644,"1143 N California Ave, Chicago, IL 60622",Chicago,60622,41.90238069999999,-87.6966107,False,https://www.yelp.com/biz/incredibowls-chicago-chicago?adjust_creative=SzinwiLH3jdq-oS1oNeLxg&utm_campaign=yelp_api_v3&utm_medium=api_v3_business_search&utm_source=SzinwiLH3jdq-oS1oNeLxg,
cDTWUTvgwWVJJ2s8f2B_FQ,Cumin Club Indian Kitchen,Vegetariano,"Indian, Vegetarian, Vegan",3.2,17,,(708) 580-0436,"831 N Sedgwick St, Chicago, IL 60610",Chicago,60610,41.89735,-87.63844,False,https://www.yelp.com/biz/cumin-club-indian-kitchen-chicago-2?adjust_creative=SzinwiLH3jdq-oS1oNeLxg&utm_campaign=yelp_api_v3&utm_medium=api_v3_business_search&utm_source=SzinwiLH3jdq-oS1oNeLxg,
Rf-2tXWIJnnLcAjTFc-Lhw,Freshii,Vegetariano,"Vegetarian, Salad, Fast Food",2.7,126,$,(312) 202-9009,"835 N Michigan Ave, Chicago, IL 60611",Chicago,60611,41.898247,-87.622826,False,https://www.yelp.com/biz/freshii-chicago-3?adjust_creative=SzinwiLH3jdq-oS1oNeLxg&utm_campaign=yelp_api_v3&utm_medium=api_v3_business_search&utm_source=SzinwiLH3jdq-oS1oNeLxg,1.0
a2nu5vdYxkg2mb4QAthZUw,Falafel  Dream,Vegetariano,"Middle Eastern, Halal, Vegetarian",3.9,146,$,(773) 625-0000,"3950 N Harlem Ave, Chicago, IL 60634",Chicago,60634,41.95221,-87.80747,False,https://www.yelp.com/biz/falafel-dream-chicago?adjust_creative=SzinwiLH3jdq-oS1oNeLxg&utm_campaign=yelp_api_v3&utm_medium=api_v3_business_search&utm_source=SzinwiLH3jdq-oS1oNeLxg,1.0
smLd2mr0Wn7KSOVZNFLC3g,Udupi Palace Restaurant,Vegetariano,"Vegetarian, Indian",3.4,451,$$,(773) 338-2152,"2543 W Devon Ave, Chicago, IL 60659",Chicago,60659,41.99739,-87.69398,False,https://www.yelp.com/biz/udupi-palace-restaurant-chicago?adjust_creative=SzinwiLH3jdq-oS1oNeLxg&utm_campaign=yelp_api_v3&utm_medium=api_v3_business_search&utm_source=SzinwiLH3jdq-oS1oNeLxg,2.0
vMV2C7DaJ7J57FFlTw5sqg,Arya Bhavan,Vegetariano,"Vegetarian, Vegan, Gluten-Free",3.6,288,$$,(773) 274-5800,"2508 W Devon Ave, Chicago, IL 60659",Chicago,60659,41.99785826801568,-87.6928086,False,https://www.yelp.com/biz/arya-bhavan-chicago?adjust_creative=SzinwiLH3jdq-oS1oNeLxg&utm_campaign=yelp_api_v3&utm_medium=api_v3_business_search&utm_source=SzinwiLH3jdq-oS1oNeLxg,2.0
UiJwliYzVMk55Ivhw3oq7A,Freshii,Vegetariano,"Fast Food, Salad, Vegetarian",2.9,240,$$,(312) 233-3399,"200 East Randolph Dr, Ste No LL03, Chicago, IL 60601",Chicago,60601,41.8852480897807,-87.6215350627899,False,https://www.yelp.com/biz/freshii-chicago-23?adjust_creative=SzinwiLH3jdq-oS1oNeLxg&utm_campaign=yelp_api_v3&utm_medium=api_v3_business_search&utm_source=SzinwiLH3jdq-oS1oNeLxg,2.0
wKH0EcDIuUEwPKH5awnTGA,Shaily’s Rasoi,Vegetariano,"Indian, Vegetarian",5.0,2,,(872) 888-4900,"400 S Financial Pl, Chicago, IL 60605",Chicago,60605,41.8767456415881,-87.63324455767298,False,https://www.yelp.com/biz/shaily-s-rasoi-chicago?adjust_creative=SzinwiLH3jdq-oS1oNeLxg&utm_campaign=yelp_api_v3&utm_medium=api_v3_business_search&utm_source=SzinwiLH3jdq-oS1oNeLxg,
Wu1j-o4cl_mvrLWMhP_pWQ,Freshii,Vegetariano,"Salad, Vegetarian, Fast Food",1.6,8,$,(312) 996-4540,"828 S Wolcott Ave, Chicago, IL 60612",Chicago,60612,41.8711021,-87.6744165,False,https://www.yelp.com/biz/freshii-chicago-36?adjust_creative=SzinwiLH3jdq-oS1oNeLxg&utm_campaign=yelp_api_v3&utm_medium=api_v3_business_search&utm_source=SzinwiLH3jdq-oS1oNeLxg,1.0
DgqeSrtsSS7ayAaElUS4tw,Sukhadia's Sweets and Snacks,Vegetariano,"Indian, Vegetarian, Desserts",3.0,1,,(773) 338-5400,"2559 W Devon Ave, Chicago, IL 60659",Chicago,60659,41.997488,-87.694529,False,https://www.yelp.com/biz/sukhadias-sweets-and-snacks-chicago-5?adjust_creative=SzinwiLH3jdq-oS1oNeLxg&utm_campaign=yelp_api_v3&utm_medium=api_v3_business_search&utm_source=SzinwiLH3jdq-oS1oNeLxg,
ZFBWD_UFTcZAGYQYH6q9JQ,della bowls,Vegetariano,"Food Delivery Services, Vegetarian",,0,,(877) 989-7333,"Chicago, IL 60612",Chicago,60612,41.88037457177102,-87.68777061252487,False,https://www.yelp.com/biz/della-bowls-chicago?adjust_creative=SzinwiLH3jdq-oS1oNeLxg&utm_campaign=yelp_api_v3&utm_medium=api_v3_business_search&utm_source=SzinwiLH3jdq-oS1oNeLxg,
aF3o07JJeFul08iNuaN5SA,Zest,Vegetariano,Vegetarian,,0,,(312) 321-8766,"505 N Michigan Ave, Chicago, IL 60611",Chicago,60611,41.8912506,-87.6239471,False,https://www.yelp.com/biz/zest-chicago?adjust_creative=SzinwiLH3jdq-oS1oNeLxg&utm_campaign=yelp_api_v3&utm_medium=api_v3_business_search&utm_source=SzinwiLH3jdq-oS1oNeLxg,
CjvQNRRmGXSh_lDcj2TORw,Pho-Sho,Vegetariano,"Food Delivery Services, Seafood, Vegetarian",,0,,(872) 206-9450,"Chicago, IL 60618",Chicago,60618,41.94703443622061,-87.70249669190564,False,https://www.yelp.com/biz/pho-sho-chicago?adjust_creative=SzinwiLH3jdq-oS1oNeLxg&utm_campaign=yelp_api_v3&utm_medium=api_v3_business_search&utm_source=SzinwiLH3jdq-oS1oNeLxg,
FpNtd1Tu0P8IfrQScoowJA,lulubowls,Vegetariano,"Gluten-Free, Vegetarian, Hawaiian",,0,,,"825 N Sedgwick St, Chicago, IL 60610",Chicago,60610,41.89725777371559,-87.6385525,False,https://www.yelp.com/biz/lulubowls-chicago-2?adjust_creative=SzinwiLH3jdq-oS1oNeLxg&utm_campaign=yelp_api_v3&utm_medium=api_v3_business_search&utm_source=SzinwiLH3jdq-oS1oNeLxg,
8Wb2NE457zBKBrkKMoDhow,Crazy Vegan Food,Vegetariano,"Vegetarian, Falafel, Vegan",,0,,(224) 804-8541,"2537 S Wabash Ave, Chicago, IL 60616",Chicago,60616,41.84641,-87.62487,False,https://www.yelp.com/biz/crazy-vegan-food-chicago?adjust_creative=SzinwiLH3jdq-oS1oNeLxg&utm_campaign=yelp_api_v3&utm_medium=api_v3_business_search&utm_source=SzinwiLH3jdq-oS1oNeLxg,
CdEcQ9Vf4rGmN6zBD5XEDQ,IncrediBOWLS,Vegetariano,"Vegetarian, Gluten-Free, Salad",,0,,,"2537 S Wabash Ave, Chicago, IL 60616",Chicago,60616,41.84641,-87.62487,False,https://www.yelp.com/biz/incredibowls-chicago?adjust_creative=SzinwiLH3jdq-oS1oNeLxg&utm_campaign=yelp_api_v3&utm_medium=api_v3_business_search&utm_source=SzinwiLH3jdq-oS1oNeLxg,
pwBZWIWlJoVUgxi00aArCQ,Jenny’s Tofu,Vegetariano,"Food Delivery Services, Vegetarian, Gluten-Free",1.0,2,,(872) 888-8160,"5426 N Broadway, Chicago, IL 60640",Chicago,60640,41.980850998471794,-87.66038163457708,False,https://www.yelp.com/biz/jenny-s-tofu-chicago-2?adjust_creative=SzinwiLH3jdq-oS1oNeLxg&utm_campaign=yelp_api_v3&utm_medium=api_v3_business_search&utm_source=SzinwiLH3jdq-oS1oNeLxg,
yE_ZaokJPVdYFUTXshg95A,House of Different Flavors Featuring - Penda Chakula,Vegetariano,"Vegetarian, Food Delivery Services, Vegan",,0,,(312) 539-2290,"Chicago, IL 60616",Chicago,60616,41.85284,-87.62862,False,https://www.yelp.com/biz/house-of-different-flavors-featuring-penda-chakula-chicago?adjust_creative=SzinwiLH3jdq-oS1oNeLxg&utm_campaign=yelp_api_v3&utm_medium=api_v3_business_search&utm_source=SzinwiLH3jdq-oS1oNeLxg,
zF9o33BVqLUOcCmnuB2eQw,Handlebar,Vegano,"Vegetarian, Bars, Vegan",4.1,1804,$$,(773) 384-9546,"2311 W North Ave, Chicago, IL 60647",Chicago,60647,41.9100899,-87.6853,False,https://www.yelp.com/biz/handlebar-chicago?adjust_creative=SzinwiLH3jdq-oS1oNeLxg&utm_campaign=yelp_api_v3&utm_medium=api_v3_business_search&utm_source=SzinwiLH3jdq-oS1oNeLxg,2.0
3nOO3B9xoASM9XLzJfbHDg,ArePA George,Vegano,"Colombian, Empanadas, Vegan",4.4,203,$$,(773) 969-7945,"1552 N Kedzie Ave, Chicago, IL 60651",Chicago,60651,41.90987,-87.70737,False,https://www.yelp.com/biz/arepa-george-chicago?adjust_creative=SzinwiLH3jdq-oS1oNeLxg&utm_campaign=yelp_api_v3&utm_medium=api_v3_business_search&utm_source=SzinwiLH3jdq-oS1oNeLxg,2.0
pbpnSu09fVWBDrGm9AwX3Q,Beacon Doughnuts,Vegano,"Donuts, Vegan",4.7,308,$,(773) 698-2839,"810 W Armitage Ave, Chicago, IL 60614",Chicago,60614,41.91834,-87.64908,False,https://www.yelp.com/biz/beacon-doughnuts-chicago?adjust_creative=SzinwiLH3jdq-oS1oNeLxg&utm_campaign=yelp_api_v3&utm_medium=api_v3_business_search&utm_source=SzinwiLH3jdq-oS1oNeLxg,1.0
2RdztKoD58P1BLWb08evrA,Penelope's Vegan Taqueria,Vegano,Vegan,4.5,243,,(312) 265-0400,"230 W Chicago Ave, Chicago, IL 60610",Chicago,60610,41.89685,-87.63547,False,https://www.yelp.com/biz/penelopes-vegan-taqueria-chicago?adjust_creative=SzinwiLH3jdq-oS1oNeLxg&utm_campaign=yelp_api_v3&utm_medium=api_v3_business_search&utm_source=SzinwiLH3jdq-oS1oNeLxg,
hktq74cO458J8FcVZhkSqQ,Panadería Nuevo Leon,Vegano,"Bakeries, Vegan",4.4,200,$,(312) 243-5977,"1634 W 18th St, Chicago, IL 60608",Chicago,60608,41.857915932726,-87.667585046552,False,https://www.yelp.com/biz/panader%C3%ADa-nuevo-leon-chicago?adjust_creative=SzinwiLH3jdq-oS1oNeLxg&utm_campaign=yelp_api_v3&utm_medium=api_v3_business_search&utm_source=SzinwiLH3jdq-oS1oNeLxg,1.0
xdGsJNbXR9A6hSfkqzoAOA,Indian Paradise,Vegano,"Indian, Vegan, Halal",4.6,125,$$,(773) 698-6783,"2257 W North Ave, Chicago, IL 60647",Chicago,60647,41.91013,-87.68461,False,https://www.yelp.com/biz/indian-paradise-chicago?adjust_creative=SzinwiLH3jdq-oS1oNeLxg&utm_campaign=yelp_api_v3&utm_medium=api_v3_business_search&utm_source=SzinwiLH3jdq-oS1oNeLxg,2.0
9Um0VdIot6ugCd1yoBN-9g,Pick Me Up Cafe,Vegano,"New American, Vegan, Breakfast & Brunch",3.8,1131,$$,(773) 248-6613,"4882 N Clark St, Chicago, IL 60640",Chicago,60640,41.97124,-87.66808,False,https://www.yelp.com/biz/pick-me-up-cafe-chicago?adjust_creative=SzinwiLH3jdq-oS1oNeLxg&utm_campaign=yelp_api_v3&utm_medium=api_v3_business_search&utm_source=SzinwiLH3jdq-oS1oNeLxg,2.0
KwSQO5F_k-EUvjTilnKEiQ,Ingrained,Vegano,"Desserts, Vegan, Ice Cream & Frozen Yogurt",4.7,217,,(312) 248-2862,"108 W Chicago Ave, Chicago, IL 60654",Chicago,60654,41.89680076084194,-87.63163121999845,False,https://www.yelp.com/biz/ingrained-chicago-3?adjust_creative=SzinwiLH3jdq-oS1oNeLxg&utm_campaign=yelp_api_v3&utm_medium=api_v3_business_search&utm_source=SzinwiLH3jdq-oS1oNeLxg,
ZuenhTy_EnYsyVL8gpGfxQ,Elephant + Vine,Vegano,Vegan,4.4,92,,(312) 546-9742,"2315 N Lincoln Ave, Chicago, IL 60614",Chicago,60614,41.92431571292884,-87.64662294027266,False,https://www.yelp.com/biz/elephant-vine-chicago?adjust_creative=SzinwiLH3jdq-oS1oNeLxg&utm_campaign=yelp_api_v3&utm_medium=api_v3_business_search&utm_source=SzinwiLH3jdq-oS1oNeLxg,
vLJWv1h65uTVFNJ6ppShYA,Penelope’s Vegan Taqueria,Vegano,"Vegan, Tacos, Coffee & Tea",4.6,30,,(872) 342-3851,"1165 W 18th St, Chicago, IL 60608",Chicago,60608,41.8578105581199,-87.6557211,False,https://www.yelp.com/biz/penelope-s-vegan-taqueria-chicago?adjust_creative=SzinwiLH3jdq-oS1oNeLxg&utm_campaign=yelp_api_v3&utm_medium=api_v3_business_search&utm_source=SzinwiLH3jdq-oS1oNeLxg,
r04gyxwV5DnciEyxIIfu-Q,Vaca's Creamery,Vegano,"Ice Cream & Frozen Yogurt, Desserts, Vegan",4.5,223,$,,"1436 W Blackhawk St, Chicago, IL 60642",Chicago,60642,41.90712599152853,-87.66421849999999,False,https://www.yelp.com/biz/vacas-creamery-chicago-2?adjust_creative=SzinwiLH3jdq-oS1oNeLxg&utm_campaign=yelp_api_v3&utm_medium=api_v3_business_search&utm_source=SzinwiLH3jdq-oS1oNeLxg,1.0
7ecjD4UgucouFvWYpxtPhw,Arepa George Cantina,Vegano,"Colombian, Empanadas, Vegan",4.5,21,,(773) 746-4315,"3329 W Armitage Ave, Chicago, IL 60647",Chicago,60647,41.917222662121866,-87.71130169999999,False,https://www.yelp.com/biz/arepa-george-cantina-chicago?adjust_creative=SzinwiLH3jdq-oS1oNeLxg&utm_campaign=yelp_api_v3&utm_medium=api_v3_business_search&utm_source=SzinwiLH3jdq-oS1oNeLxg,
0dsmnEYaTVsT2OglrlWTmg,Alice & Friends' Vegan Kitchen,Vegano,"Vegetarian, Vegan, Asian Fusion",4.5,549,$$,(773) 275-8797,"5812 N Broadway, Chicago, IL 60660",Chicago,60660,41.98747,-87.66049,False,https://www.yelp.com/biz/alice-and-friends-vegan-kitchen-chicago-2?adjust_creative=SzinwiLH3jdq-oS1oNeLxg&utm_campaign=yelp_api_v3&utm_medium=api_v3_business_search&utm_source=SzinwiLH3jdq-oS1oNeLxg,2.0
1rK4BOluoU7z92prhZvzaA,The Black Vegan,Vegano,"Vegan, Vegetarian",4.0,14,,(773) 639-0896,"2300 S Kedzie Ave, Chicago, IL 60623",Chicago,60623,41.84982,-87.70552,False,https://www.yelp.com/biz/the-black-vegan-chicago-2?adjust_creative=SzinwiLH3jdq-oS1oNeLxg&utm_campaign=yelp_api_v3&utm_medium=api_v3_business_search&utm_source=SzinwiLH3jdq-oS1oNeLxg,
hdbgjftOAsDmMuScSAvFCA,Logan Vegan,Vegano,"Vegan, Ice Cream & Frozen Yogurt, Coffee & Tea",4.6,46,,(773) 904-8971,"2535 N Kedzie Ave, Chicago, IL 60647",Chicago,60647,41.92763123903483,-87.70671203145741,False,https://www.yelp.com/biz/logan-vegan-chicago?adjust_creative=SzinwiLH3jdq-oS1oNeLxg&utm_campaign=yelp_api_v3&utm_medium=api_v3_business_search&utm_source=SzinwiLH3jdq-oS1oNeLxg,
om-vqH8GMpteU9xlSymPaQ,Loving Heart,Vegano,"Vegan, Cafes, Live/Raw Food",4.7,237,$$,(773) 561-5399,"838 W Montrose Ave, Chicago, IL 60613",Chicago,60613,41.9619233,-87.6515285,False,https://www.yelp.com/biz/loving-heart-chicago?adjust_creative=SzinwiLH3jdq-oS1oNeLxg&utm_campaign=yelp_api_v3&utm_medium=api_v3_business_search&utm_source=SzinwiLH3jdq-oS1oNeLxg,2.0
8wJBOhO5o1fnWwVMoMiXcA,Fancy Plants Cafe,Vegano,"Vegan, Coffee & Tea, Breakfast & Brunch",4.4,150,$$,(773) 857-1588,"613 W Briar St, Chicago, IL 60657",Chicago,60657,41.93905712521164,-87.64490257803966,False,https://www.yelp.com/biz/fancy-plants-cafe-chicago-2?adjust_creative=SzinwiLH3jdq-oS1oNeLxg&utm_campaign=yelp_api_v3&utm_medium=api_v3_business_search&utm_source=SzinwiLH3jdq-oS1oNeLxg,2.0
LlBuAYOAbdofrPzXn21W-g,Kale My Name,Vegano,"Vegetarian, Vegan, Cocktail Bars",4.5,417,$$,(872) 208-7125,"3300 W Montrose Ave, Chicago, IL 60618",Chicago,60618,41.961351,-87.7109115,False,https://www.yelp.com/biz/kale-my-name-chicago-2?adjust_creative=SzinwiLH3jdq-oS1oNeLxg&utm_campaign=yelp_api_v3&utm_medium=api_v3_business_search&utm_source=SzinwiLH3jdq-oS1oNeLxg,2.0
l2TqxcL6uTkl0L_nagg2Pg,Penelope's Vegan Taqueria,Vegano,"Vegan, Tacos",4.5,102,$$,(773) 754-7192,"5204 N Clark St, Chicago, IL 60640",Chicago,60640,41.976493,-87.668661,False,https://www.yelp.com/biz/penelopes-vegan-taqueria-chicago-2?adjust_creative=SzinwiLH3jdq-oS1oNeLxg&utm_campaign=yelp_api_v3&utm_medium=api_v3_business_search&utm_source=SzinwiLH3jdq-oS1oNeLxg,2.0
89tZ6uoPgMktsiP9P6eq2g,Vegan Plate,Vegano,"Thai, Vegan",4.6,306,$$,(773) 472-8208,"1550 W Fullerton Ave, Chicago, IL 60614",Chicago,60614,41.9254188537598,-87.6677169799805,False,https://www.yelp.com/biz/vegan-plate-chicago?adjust_creative=SzinwiLH3jdq-oS1oNeLxg&utm_campaign=yelp_api_v3&utm_medium=api_v3_business_search&utm_source=SzinwiLH3jdq-oS1oNeLxg,2.0
J8789d4jxTpvKreXwrW4KQ,FARE,Vegano,"New American, Vegan, Gluten-Free",4.0,48,,(607) 438-3273,"71 S Franklin St, Chicago, IL 60606",Chicago,60606,41.8809208,-87.6360351,False,https://www.yelp.com/biz/fare-chicago-33?adjust_creative=SzinwiLH3jdq-oS1oNeLxg&utm_campaign=yelp_api_v3&utm_medium=api_v3_business_search&utm_source=SzinwiLH3jdq-oS1oNeLxg,
JzjPyNtuAyhlvYNk75Rz5Q,Urban Vegan,Vegano,Vegan,4.2,553,$$,(773) 404-1109,"1601 W Montrose Ave, Chicago, IL 60613",Chicago,60613,41.9614372155492,-87.669335813659,False,https://www.yelp.com/biz/urban-vegan-chicago-2?adjust_creative=SzinwiLH3jdq-oS1oNeLxg&utm_campaign=yelp_api_v3&utm_medium=api_v3_business_search&utm_source=SzinwiLH3jdq-oS1oNeLxg,2.0
T-ubQUulebAjdTx95vvKVg,Veggie House,Vegano,"Vegan, Vegetarian, Juice Bars & Smoothies",4.5,249,$$,(312) 326-9966,"2109 S China Pl, Chicago, IL 60616",Chicago,60616,41.8546324184978,-87.63279389109691,False,https://www.yelp.com/biz/veggie-house-chicago-2?adjust_creative=SzinwiLH3jdq-oS1oNeLxg&utm_campaign=yelp_api_v3&utm_medium=api_v3_business_search&utm_source=SzinwiLH3jdq-oS1oNeLxg,2.0
Se4i-S2mGaGWKNmIgHa0aA,Can't believe it's not meat,Vegano,"Vegetarian, Comfort Food, Vegan",4.1,117,$$,(312) 624-9986,"226 W Chicage Ave, Chicago, IL 60654",Chicago,60654,41.89680337899262,-87.63535151533996,False,https://www.yelp.com/biz/can-t-believe-its-not-meat-river-north-chicago?adjust_creative=SzinwiLH3jdq-oS1oNeLxg&utm_campaign=yelp_api_v3&utm_medium=api_v3_business_search&utm_source=SzinwiLH3jdq-oS1oNeLxg,2.0
NOnr4-fnq0uxqILDFJbdnw,Café Más,Vegano,"Coffee & Tea, Vegan, Salad",4.8,16,,(773) 564-9087,"2310 W Foster Ave, Chicago, IL 60625",Chicago,60625,41.97605776244088,-87.6873079865483,False,https://www.yelp.com/biz/caf%C3%A9-m%C3%A1s-chicago?adjust_creative=SzinwiLH3jdq-oS1oNeLxg&utm_campaign=yelp_api_v3&utm_medium=api_v3_business_search&utm_source=SzinwiLH3jdq-oS1oNeLxg,
i4dZiuVEzWZPTIOZWIMG7w,Saigon Sisters,Vegano,"Vietnamese, Vegan, Sandwiches",3.3,204,$,(312) 496-0094,"131 N Clinton St, Chicago, IL 60661",Chicago,60661,41.8839476,-87.6410751,False,https://www.yelp.com/biz/saigon-sisters-chicago?adjust_creative=SzinwiLH3jdq-oS1oNeLxg&utm_campaign=yelp_api_v3&utm_medium=api_v3_business_search&utm_source=SzinwiLH3jdq-oS1oNeLxg,1.0
JS1bVJRmADc6SOB-iZ5rhQ,Andy's Thai Kitchen,Vegano,"Thai, Vegan, Gluten-Free",3.7,533,$$,(773) 549-7821,"950 W Diversey Pkwy, Chicago, IL 60614",Chicago,60614,41.93281,-87.653411,False,https://www.yelp.com/biz/andys-thai-kitchen-chicago-2?adjust_creative=SzinwiLH3jdq-oS1oNeLxg&utm_campaign=yelp_api_v3&utm_medium=api_v3_business_search&utm_source=SzinwiLH3jdq-oS1oNeLxg,2.0
wXp__hdga76Lkc6vX_O8dQ,Amitabul,Vegano,"Vegan, Korean, Vegetarian",4.4,571,$$,(773) 774-0276,"6207 N Milwaukee Ave, Chicago, IL 60646",Chicago,60646,41.99412,-87.78443,False,https://www.yelp.com/biz/amitabul-chicago-5?adjust_creative=SzinwiLH3jdq-oS1oNeLxg&utm_campaign=yelp_api_v3&utm_medium=api_v3_business_search&utm_source=SzinwiLH3jdq-oS1oNeLxg,2.0
ChYBFc47Q84yh4MrOSHM7Q,Protein Bar & Kitchen,Vegano,"New American, Vegan, Gluten-Free",3.8,154,$$,(773) 472-1500,"1953 N Clybourn Ave, Chicago, IL 60614",Chicago,60614,41.9169518,-87.657318,False,https://www.yelp.com/biz/protein-bar-chicago-11?adjust_creative=SzinwiLH3jdq-oS1oNeLxg&utm_campaign=yelp_api_v3&utm_medium=api_v3_business_search&utm_source=SzinwiLH3jdq-oS1oNeLxg,2.0
wMhG0PouKKXiZ5zYalxJMw,Yvolina's Tamales,Vegano,"Vegan, Mexican, Meat Shops",4.5,249,$,(312) 731-3167,"814 W 18th St, Chicago, IL 60608",Chicago,60608,41.85831,-87.64727,False,https://www.yelp.com/biz/yvolinas-tamales-chicago?adjust_creative=SzinwiLH3jdq-oS1oNeLxg&utm_campaign=yelp_api_v3&utm_medium=api_v3_business_search&utm_source=SzinwiLH3jdq-oS1oNeLxg,1.0
CufBiFXd-QUB76VbRC8TEA,Runaway Cow,Vegano,"Ice Cream & Frozen Yogurt, Vegan, Desserts",4.8,65,,(312) 846-1626,"608 W 31st St, Chicago, IL 60616",Chicago,60616,41.838274561219905,-87.6418672,False,https://www.yelp.com/biz/runaway-cow-chicago?adjust_creative=SzinwiLH3jdq-oS1oNeLxg&utm_campaign=yelp_api_v3&utm_medium=api_v3_business_search&utm_source=SzinwiLH3jdq-oS1oNeLxg,
t3Gg5wW9wxHO4s9tGBArQQ,Protein Bar & Kitchen,Vegano,"New American, Vegan, Gluten-Free",4.0,440,$$,(312) 967-0016,"235 S Franklin St, Chicago, IL 60606",Chicago,60606,41.8791274,-87.63507299999999,False,https://www.yelp.com/biz/protein-bar-chicago?adjust_creative=SzinwiLH3jdq-oS1oNeLxg&utm_campaign=yelp_api_v3&utm_medium=api_v3_business_search&utm_source=SzinwiLH3jdq-oS1oNeLxg,2.0
YyANYhsZLKTRyZB8Vix4oQ,Dynamic African Restaurant Cuisine,Vegano,"African, Vegan",3.7,31,$$,(773) 728-0082,"1127 W Thorndale Ave, Chicago, IL 60660",Chicago,60660,41.9896445,-87.6592858,False,https://www.yelp.com/biz/dynamic-african-restaurant-cuisine-chicago?adjust_creative=SzinwiLH3jdq-oS1oNeLxg&utm_campaign=yelp_api_v3&utm_medium=api_v3_business_search&utm_source=SzinwiLH3jdq-oS1oNeLxg,2.0
5UvsmAKCasjiHSN7ZFbi6g,Mixed Greens,Vegano,"Salad, Vegan, Sandwiches",3.8,52,$,(312) 422-0701,"175 N Franklin St, Chicago, IL 60606",Chicago,60606,41.8854097833549,-87.635215423537,False,https://www.yelp.com/biz/mixed-greens-chicago-4?adjust_creative=SzinwiLH3jdq-oS1oNeLxg&utm_campaign=yelp_api_v3&utm_medium=api_v3_business_search&utm_source=SzinwiLH3jdq-oS1oNeLxg,1.0
2fZ02ae7kZG9PW0vKjtTRQ,Protein Bar & Kitchen,Vegano,"New American, Vegan, Gluten-Free",3.9,289,$,(312) 629-3609,"10 W Lake St, Chicago, IL 60601",Chicago,60601,41.8859706,-87.62867980000001,False,https://www.yelp.com/biz/protein-bar-and-kitchen-chicago-9?adjust_creative=SzinwiLH3jdq-oS1oNeLxg&utm_campaign=yelp_api_v3&utm_medium=api_v3_business_search&utm_source=SzinwiLH3jdq-oS1oNeLxg,1.0
qYai52o8BsmULUrw9UbISA,Jujin Broadway Breakfast And Coffee,Vegano,"Coffee & Tea, Breakfast & Brunch, Vegan",4.0,24,,,"2845 N Broadway, Chicago, IL 60657",Chicago,60657,41.93401738351097,-87.64422506121475,False,https://www.yelp.com/biz/jujin-broadway-breakfast-and-coffee-chicago?adjust_creative=SzinwiLH3jdq-oS1oNeLxg&utm_campaign=yelp_api_v3&utm_medium=api_v3_business_search&utm_source=SzinwiLH3jdq-oS1oNeLxg,
ax-3aOMpoJD9jaoU75g96A,Protein Bar & Kitchen,Vegano,"Vegan, New American, Gluten-Free",4.1,295,$$,(312) 527-0450,"352 N Clark St, Chicago, IL 60654",Chicago,60654,41.8889455786121,-87.6312258839607,False,https://www.yelp.com/biz/protein-bar-chicago-4?adjust_creative=SzinwiLH3jdq-oS1oNeLxg&utm_campaign=yelp_api_v3&utm_medium=api_v3_business_search&utm_source=SzinwiLH3jdq-oS1oNeLxg,2.0
KNaF3lDkAdLWlhzFa7gYDQ,Dos Bros Fresh Mexican Grill,Vegano,"Mexican, Gluten-Free, Vegan",4.5,16,,(773) 904-7297,"3944 N Sheridan Rd, Chicago, IL 60613",Chicago,60613,41.95405,-87.654885,False,https://www.yelp.com/biz/dos-bros-fresh-mexican-grill-chicago?adjust_creative=SzinwiLH3jdq-oS1oNeLxg&utm_campaign=yelp_api_v3&utm_medium=api_v3_business_search&utm_source=SzinwiLH3jdq-oS1oNeLxg,
7mrkLMMFfo0h-QwBBV654g,Veggitopia,Vegano,"Vegan, Vegetarian",3.8,5,,(708) 677-1100,"850 W Superior St, Chicago, IL 60642",Chicago,60642,41.89573,-87.64965,False,https://www.yelp.com/biz/veggitopia-chicago?adjust_creative=SzinwiLH3jdq-oS1oNeLxg&utm_campaign=yelp_api_v3&utm_medium=api_v3_business_search&utm_source=SzinwiLH3jdq-oS1oNeLxg,
ykjmmRpK_6lmTIRMVPPl9g,Machetes Big Quesadillas,Vegano,"Mexican, Vegan, Vegetarian",4.1,79,$,(773) 321-9143,"4888 S Archer Ave, Chicago, IL 60632",Chicago,60632,41.80462,-87.72026,False,https://www.yelp.com/biz/machetes-big-quesadillas-chicago-2?adjust_creative=SzinwiLH3jdq-oS1oNeLxg&utm_campaign=yelp_api_v3&utm_medium=api_v3_business_search&utm_source=SzinwiLH3jdq-oS1oNeLxg,1.0
1ukE2y-MzEnG-SM3p8Mq0Q,Protein Bar & Kitchen,Vegano,"New American, Vegan, Gluten-Free",4.1,183,$,(312) 265-0532,"221 W Washington St, Chicago, IL 60606",Chicago,60606,41.8830833,-87.634531,False,https://www.yelp.com/biz/protein-bar-chicago-3?adjust_creative=SzinwiLH3jdq-oS1oNeLxg&utm_campaign=yelp_api_v3&utm_medium=api_v3_business_search&utm_source=SzinwiLH3jdq-oS1oNeLxg,1.0
Slyue4yX4gFEAGmrvpgBCg,Vegan World Cafe,Vegano,"Vegetarian, Vegan, Soul Food",4.4,25,,(773) 729-2188,"1206 N Central Ave, Chicago, IL 60651",Chicago,60651,41.9024663,-87.76585279999999,False,https://www.yelp.com/biz/vegan-world-cafe-chicago?adjust_creative=SzinwiLH3jdq-oS1oNeLxg&utm_campaign=yelp_api_v3&utm_medium=api_v3_business_search&utm_source=SzinwiLH3jdq-oS1oNeLxg,
Q-1mu0T9frPhBUzOmdWWwA,Chicago Raw,Vegano,"Juice Bars & Smoothies, Vegan, Acai Bowls",4.0,3,,(312) 666-2729,"325 N Hoyne, Ste 323, Chicago, IL 60612",Chicago,60612,41.887444,-87.678859,False,https://www.yelp.com/biz/chicago-raw-chicago-7?adjust_creative=SzinwiLH3jdq-oS1oNeLxg&utm_campaign=yelp_api_v3&utm_medium=api_v3_business_search&utm_source=SzinwiLH3jdq-oS1oNeLxg,
cDTWUTvgwWVJJ2s8f2B_FQ,Cumin Club Indian Kitchen,Vegano,"Indian, Vegetarian, Vegan",3.2,17,,(708) 580-0436,"831 N Sedgwick St, Chicago, IL 60610",Chicago,60610,41.89735,-87.63844,False,https://www.yelp.com/biz/cumin-club-indian-kitchen-chicago-2?adjust_creative=SzinwiLH3jdq-oS1oNeLxg&utm_campaign=yelp_api_v3&utm_medium=api_v3_business_search&utm_source=SzinwiLH3jdq-oS1oNeLxg,
zuluqyTEM_AFQ10JdXivmA,GreenBites,Vegano,"Vegan, Personal Chefs, Caterers",3.3,24,,(773) 706-2100,"2537 S Wabash, Chicago, IL 60616",Chicago,60616,41.8463923,-87.62488859999999,False,https://www.yelp.com/biz/greenbites-chicago?adjust_creative=SzinwiLH3jdq-oS1oNeLxg&utm_campaign=yelp_api_v3&utm_medium=api_v3_business_search&utm_source=SzinwiLH3jdq-oS1oNeLxg,
Xy50t3M6TmzZ9D57vx6_Eg,Sweet Vegan Bakes,Vegano,"Custom Cakes, Vegan, Cupcakes",2.7,7,,,"50 E Chicago Ave, Chicago, IL 60611",Chicago,60611,41.89687975359815,-87.6262253,False,https://www.yelp.com/biz/sweet-vegan-bakes-chicago-2?adjust_creative=SzinwiLH3jdq-oS1oNeLxg&utm_campaign=yelp_api_v3&utm_medium=api_v3_business_search&utm_source=SzinwiLH3jdq-oS1oNeLxg,
vMV2C7DaJ7J57FFlTw5sqg,Arya Bhavan,Vegano,"Vegetarian, Vegan, Gluten-Free",3.6,288,$$,(773) 274-5800,"2508 W Devon Ave, Chicago, IL 60659",Chicago,60659,41.99785826801568,-87.6928086,False,https://www.yelp.com/biz/arya-bhavan-chicago?adjust_creative=SzinwiLH3jdq-oS1oNeLxg&utm_campaign=yelp_api_v3&utm_medium=api_v3_business_search&utm_source=SzinwiLH3jdq-oS1oNeLxg,2.0
-EdydGwbdaqcDFBpaMNYbQ,The Little India,Vegano,"Indian, Pakistani, Vegan",3.4,309,$$,(773) 728-7012,"1109 W Bryn Mawr Ave, Chicago, IL 60660",Chicago,60660,41.9834136962891,-87.6584548950195,False,https://www.yelp.com/biz/the-little-india-chicago?adjust_creative=SzinwiLH3jdq-oS1oNeLxg&utm_campaign=yelp_api_v3&utm_medium=api_v3_business_search&utm_source=SzinwiLH3jdq-oS1oNeLxg,2.0
Nq4hBZfdFGCxP_V0WUR77Q,Thank God 4 Raw Vegan Treats,Vegano,"Vegan, Bakeries, Desserts",5.0,1,,(773) 879-4208,"Chicago, IL 60644",Chicago,60644,41.8815159,-87.7629122,False,https://www.yelp.com/biz/thank-god-4-raw-vegan-treats-chicago?adjust_creative=SzinwiLH3jdq-oS1oNeLxg&utm_campaign=yelp_api_v3&utm_medium=api_v3_business_search&utm_source=SzinwiLH3jdq-oS1oNeLxg,
PV17p0u7v-IaQnVYJzfEaA,Rawk N' Vegan,Vegano,"Vegan, Live/Raw Food, Caterers",,0,,(312) 775-2012,"917 N Ashland Ave, Chicago, IL 60622",Chicago,60622,41.898455,-87.667034,False,https://www.yelp.com/biz/rawk-n-vegan-chicago-2?adjust_creative=SzinwiLH3jdq-oS1oNeLxg&utm_campaign=yelp_api_v3&utm_medium=api_v3_business_search&utm_source=SzinwiLH3jdq-oS1oNeLxg,
tux_lk5V2Q3_a2Uf7VLkCA,Latin Vegan,Vegano,"Food Delivery Services, Latin American, Vegan",3.5,2,,(773) 961-7399,"Chicago, IL 60625",Chicago,60625,41.97340756892787,-87.70008139518816,False,https://www.yelp.com/biz/latin-vegan-chicago?adjust_creative=SzinwiLH3jdq-oS1oNeLxg&utm_campaign=yelp_api_v3&utm_medium=api_v3_business_search&utm_source=SzinwiLH3jdq-oS1oNeLxg,
elKBwW5gAVoHXXB5zSf3LA,lulubowls,Vegano,"Hawaiian, Gluten-Free, Vegan",2.5,11,,(312) 535-7520,"4131 Rockwell St, Chicago, IL 60618",Chicago,60618,41.95673,-87.69294,False,https://www.yelp.com/biz/lulubowls-chicago?adjust_creative=SzinwiLH3jdq-oS1oNeLxg&utm_campaign=yelp_api_v3&utm_medium=api_v3_business_search&utm_source=SzinwiLH3jdq-oS1oNeLxg,
O7VTNLjnDXXge8s-cpUXig,Chicago Not Dogs,Vegano,Vegan,,0,,(312) 278-7386,"804 W Montrose Ave, Chicago, IL 60641",Chicago,60641,41.962032040753705,-87.65019509999999,False,https://www.yelp.com/biz/chicago-not-dogs-chicago-2?adjust_creative=SzinwiLH3jdq-oS1oNeLxg&utm_campaign=yelp_api_v3&utm_medium=api_v3_business_search&utm_source=SzinwiLH3jdq-oS1oNeLxg,
mWHYySx0f_470vf0P19KTw,Raw,Vegano,Vegan,,0,,(312) 666-2729,"320 N Damen Ave, Chicago, IL 60622",Chicago,60622,41.88743,-87.67717,False,https://www.yelp.com/biz/raw-chicago-4?adjust_creative=SzinwiLH3jdq-oS1oNeLxg&utm_campaign=yelp_api_v3&utm_medium=api_v3_business_search&utm_source=SzinwiLH3jdq-oS1oNeLxg,
jvKZLmsXmH3n5dweRT0SLw,Meeks Vegan Kitchen,Vegano,Vegan,,0,,,"804 W Montrose Ave, Chicago, IL 60613",Chicago,60613,41.962017,-87.650255,False,https://www.yelp.com/biz/meeks-vegan-kitchen-chicago?adjust_creative=SzinwiLH3jdq-oS1oNeLxg&utm_campaign=yelp_api_v3&utm_medium=api_v3_business_search&utm_source=SzinwiLH3jdq-oS1oNeLxg,
SNHIkA2FvfR9vTopKwKo-A,Briana's Kitchen,Vegano,Vegan,,0,,,"3825 W N Ave, Chicago, IL 60651",Chicago,60651,41.90973,-87.72273,False,https://www.yelp.com/biz/brianas-kitchen-chicago?adjust_creative=SzinwiLH3jdq-oS1oNeLxg&utm_campaign=yelp_api_v3&utm_medium=api_v3_business_search&utm_source=SzinwiLH3jdq-oS1oNeLxg,
8Wb2NE457zBKBrkKMoDhow,Crazy Vegan Food,Vegano,"Vegetarian, Falafel, Vegan",,0,,(224) 804-8541,"2537 S Wabash Ave, Chicago, IL 60616",Chicago,60616,41.84641,-87.62487,False,https://www.yelp.com/biz/crazy-vegan-food-chicago?adjust_creative=SzinwiLH3jdq-oS1oNeLxg&utm_campaign=yelp_api_v3&utm_medium=api_v3_business_search&utm_source=SzinwiLH3jdq-oS1oNeLxg,
yE_ZaokJPVdYFUTXshg95A,House of Different Flavors Featuring - Penda Chakula,Vegano,"Vegetarian, Food Delivery Services, Vegan",,0,,(312) 539-2290,"Chicago, IL 60616",Chicago,60616,41.85284,-87.62862,False,https://www.yelp.com/biz/house-of-different-flavors-featuring-penda-chakula-chicago?adjust_creative=SzinwiLH3jdq-oS1oNeLxg&utm_campaign=yelp_api_v3&utm_medium=api_v3_business_search&utm_source=SzinwiLH3jdq-oS1oNeLxg,
riT822EnU7y_5eCuJsd9sA,Cindy's Rooftop,Mariscos,"New American, Seafood, Breakfast & Brunch",4.1,2891,$$$,(312) 792-3502,"12 S Michigan Ave, Chicago, IL 60603",Chicago,60603,41.8816894031196,-87.6250061730162,False,https://www.yelp.com/biz/cindys-rooftop-chicago?adjust_creative=SzinwiLH3jdq-oS1oNeLxg&utm_campaign=yelp_api_v3&utm_medium=api_v3_business_search&utm_source=SzinwiLH3jdq-oS1oNeLxg,3.0
apyIymDFbUK7u-Y3V5kmkA,Bavette's Bar & Boeuf,Mariscos,"Steakhouses, Seafood, Bars",4.6,3569,$$$$,(312) 624-8154,"218 W Kinzie, Chicago, IL 60654",Chicago,60654,41.889295011779424,-87.63489302317039,False,https://www.yelp.com/biz/bavettes-bar-and-boeuf-chicago?adjust_creative=SzinwiLH3jdq-oS1oNeLxg&utm_campaign=yelp_api_v3&utm_medium=api_v3_business_search&utm_source=SzinwiLH3jdq-oS1oNeLxg,4.0
UK5Xb8xqUOUBi5vQu0bQXQ,Maple & Ash,Mariscos,"Steakhouses, Seafood, Breakfast & Brunch",4.2,2551,$$$$,(312) 944-8888,"8 W Maple St, Chicago, IL 60610",Chicago,60610,41.9021130633339,-87.6286945502972,False,https://www.yelp.com/biz/maple-and-ash-chicago?adjust_creative=SzinwiLH3jdq-oS1oNeLxg&utm_campaign=yelp_api_v3&utm_medium=api_v3_business_search&utm_source=SzinwiLH3jdq-oS1oNeLxg,4.0
8wARj6QqmnSkUqLwoBCn7w,Gibsons Italia,Mariscos,"Steakhouses, Italian, Seafood",4.3,1151,$$$,(312) 414-1100,"233 N Canal St, Chicago, IL 60606",Chicago,60606,41.88660415612635,-87.63957346218746,False,https://www.yelp.com/biz/gibsons-italia-chicago-2?adjust_creative=SzinwiLH3jdq-oS1oNeLxg&utm_campaign=yelp_api_v3&utm_medium=api_v3_business_search&utm_source=SzinwiLH3jdq-oS1oNeLxg,3.0
2tKMs0DbdxPSl2JeCJUEKw,"Joe's Seafood, Prime Steak & Stone Crab",Mariscos,"Seafood, Steakhouses",4.4,3291,$$$$,(312) 379-5637,"60 E Grand Ave, Chicago, IL 60611",Chicago,60611,41.891974848629204,-87.62563823270841,False,https://www.yelp.com/biz/joes-seafood-prime-steak-and-stone-crab-chicago?adjust_creative=SzinwiLH3jdq-oS1oNeLxg&utm_campaign=yelp_api_v3&utm_medium=api_v3_business_search&utm_source=SzinwiLH3jdq-oS1oNeLxg,4.0
Z8K7SVH-B7ZVAVD9aFIK8w,Bar Mar,Mariscos,"Seafood, Cocktail Bars",4.3,651,$$$,(312) 820-6602,"120 N Wacker Dr, Chicago, IL 60606",Chicago,60606,41.883835,-87.6372458,False,https://www.yelp.com/biz/bar-mar-by-jos%C3%A9-andr%C3%A9s-chicago-2?adjust_creative=SzinwiLH3jdq-oS1oNeLxg&utm_campaign=yelp_api_v3&utm_medium=api_v3_business_search&utm_source=SzinwiLH3jdq-oS1oNeLxg,3.0
VPJk-SEWSWS_nGoQvM-COw,Penumbra,Mariscos,"Wine Bars, Seafood, Steakhouses",4.8,1036,$$$,(773) 772-2343,"3309 W Fullerton Ave, Chicago, IL 60647",Chicago,60647,41.924459,-87.710898,False,https://www.yelp.com/biz/penumbra-chicago?adjust_creative=SzinwiLH3jdq-oS1oNeLxg&utm_campaign=yelp_api_v3&utm_medium=api_v3_business_search&utm_source=SzinwiLH3jdq-oS1oNeLxg,3.0
s1JPKx5lAeoq7QU8pmN-5A,MingHin Cuisine,Mariscos,"Seafood, Dim Sum, Cantonese",3.9,3193,$$,(312) 808-1999,"2168 S Archer Ave, Chicago, IL 60616",Chicago,60616,41.8532564325305,-87.6349026829699,False,https://www.yelp.com/biz/minghin-cuisine-chicago-3?adjust_creative=SzinwiLH3jdq-oS1oNeLxg&utm_campaign=yelp_api_v3&utm_medium=api_v3_business_search&utm_source=SzinwiLH3jdq-oS1oNeLxg,2.0
kiwMgtypE3TRrUkmTwA2Zw,Armitage Alehouse,Mariscos,"Pubs, British, Seafood",4.5,616,$$$,(773) 270-6402,"1000 W Armitage Ave, Chicago, IL 60614",Chicago,60614,41.91838,-87.65359,False,https://www.yelp.com/biz/armitage-alehouse-chicago?adjust_creative=SzinwiLH3jdq-oS1oNeLxg&utm_campaign=yelp_api_v3&utm_medium=api_v3_business_search&utm_source=SzinwiLH3jdq-oS1oNeLxg,3.0
nthd0P5BLaEQp36cf9CtWg,S&T Steak House,Mariscos,"Steakhouses, Seafood, Sandwiches",4.9,58,,(773) 799-8399,"2246 W Armitage Ave, Chicago, IL 60647",Chicago,60647,41.91776060200568,-87.68436580896378,False,https://www.yelp.com/biz/s-and-t-steak-house-chicago?adjust_creative=SzinwiLH3jdq-oS1oNeLxg&utm_campaign=yelp_api_v3&utm_medium=api_v3_business_search&utm_source=SzinwiLH3jdq-oS1oNeLxg,
dKcO9OQ44RPRlkWe-vToFA,Shaw's Crab House,Mariscos,"Seafood, Sushi Bars, Bars",4.2,2844,$$$,(312) 527-2722,"21 E Hubbard St, Chicago, IL 60611",Chicago,60611,41.8899414,-87.6273507,False,https://www.yelp.com/biz/shaws-crab-house-chicago?adjust_creative=SzinwiLH3jdq-oS1oNeLxg&utm_campaign=yelp_api_v3&utm_medium=api_v3_business_search&utm_source=SzinwiLH3jdq-oS1oNeLxg,3.0
XWodOV8dW4WlK2XB3j6JnA,Chef’s Special Cocktail Bar,Mariscos,"Cocktail Bars, Chinese, Seafood",4.4,365,,(773) 666-5143,"2165 N Western Ave, Chicago, IL 60647",Chicago,60647,41.921735,-87.68721,False,https://www.yelp.com/biz/chef-s-special-cocktail-bar-chicago?adjust_creative=SzinwiLH3jdq-oS1oNeLxg&utm_campaign=yelp_api_v3&utm_medium=api_v3_business_search&utm_source=SzinwiLH3jdq-oS1oNeLxg,
qUhMEd8oDAwGqBEF9mNKFQ,Andros Taverna,Mariscos,"Greek, Mediterranean, Seafood",4.2,454,,(773) 365-1900,"2542 N Milwaukee, Chicago, IL 60647",Chicago,60647,41.92733834914246,-87.7049751842139,False,https://www.yelp.com/biz/andros-taverna-chicago-2?adjust_creative=SzinwiLH3jdq-oS1oNeLxg&utm_campaign=yelp_api_v3&utm_medium=api_v3_business_search&utm_source=SzinwiLH3jdq-oS1oNeLxg,
_O2_9HL-pnb3ZvOOfjRDuA,Shinhwa Korean Steakhouse,Mariscos,"Korean, Steakhouses, Seafood",4.4,212,$$$,(312) 291-9034,"2407 S Wentworth Ave, Chicago, IL 60616",Chicago,60616,41.848907604834096,-87.63163323570596,False,https://www.yelp.com/biz/shinhwa-korean-steakhouse-chicago-3?adjust_creative=SzinwiLH3jdq-oS1oNeLxg&utm_campaign=yelp_api_v3&utm_medium=api_v3_business_search&utm_source=SzinwiLH3jdq-oS1oNeLxg,3.0
kJjbElns3_GTNIklRVbHPQ,Remington's,Mariscos,"American, Steakhouses, Seafood",4.3,1062,$$$,(312) 782-6000,"20 N Michigan Ave, Chicago, IL 60602",Chicago,60602,41.88266,-87.62499,False,https://www.yelp.com/biz/remingtons-chicago?adjust_creative=SzinwiLH3jdq-oS1oNeLxg&utm_campaign=yelp_api_v3&utm_medium=api_v3_business_search&utm_source=SzinwiLH3jdq-oS1oNeLxg,3.0
cO0DycIvBZ2Gwk2j2DJAOA,Don Pez Taco Cantina,Mariscos,"Tacos, Breakfast & Brunch, Seafood",4.5,252,$$,(773) 687-9598,"844 W Armitage Ave, Chicago, IL 60614",Chicago,60614,41.918357,-87.650234,False,https://www.yelp.com/biz/don-pez-taco-cantina-chicago-4?adjust_creative=SzinwiLH3jdq-oS1oNeLxg&utm_campaign=yelp_api_v3&utm_medium=api_v3_business_search&utm_source=SzinwiLH3jdq-oS1oNeLxg,2.0
h5Yuu6yiOWg5ZHcgSkT2_A,RPM Seafood,Mariscos,Seafood,4.0,721,$$$$,(312) 900-9035,"317 N Clark St, Chicago, IL 60654",Chicago,60654,41.887991,-87.630782,False,https://www.yelp.com/biz/rpm-seafood-chicago?adjust_creative=SzinwiLH3jdq-oS1oNeLxg&utm_campaign=yelp_api_v3&utm_medium=api_v3_business_search&utm_source=SzinwiLH3jdq-oS1oNeLxg,4.0
3Q_N0K28SRJbPy2sz0QqVw,Prime & Provisions Steakhouse,Mariscos,"American, Seafood, Steakhouses",4.2,1721,$$$$,(312) 726-7777,"222 N LaSalle St, Chicago, IL 60601",Chicago,60601,41.886691904806014,-87.63297008166786,False,https://www.yelp.com/biz/prime-and-provisions-steakhouse-chicago-7?adjust_creative=SzinwiLH3jdq-oS1oNeLxg&utm_campaign=yelp_api_v3&utm_medium=api_v3_business_search&utm_source=SzinwiLH3jdq-oS1oNeLxg,4.0
uQFHfnbJm7LIxLhjMKc4mQ,Lawrence Fish Market,Mariscos,"Sushi Bars, Seafood",4.5,1259,$$,(773) 267-6838,"3920 W Lawrence Ave, Chicago, IL 60625",Chicago,60625,41.968411,-87.726525,False,https://www.yelp.com/biz/lawrence-fish-market-chicago-2?adjust_creative=SzinwiLH3jdq-oS1oNeLxg&utm_campaign=yelp_api_v3&utm_medium=api_v3_business_search&utm_source=SzinwiLH3jdq-oS1oNeLxg,2.0
figkYyQO-6kmS3gw8K34kA,The Happy Lobster,Mariscos,"Seafood, Food Trucks",4.3,394,$$,,"15 W Washington St, Chicago, IL 60608",Chicago,60608,41.883031223249276,-87.62858419999999,False,https://www.yelp.com/biz/the-happy-lobster-chicago?adjust_creative=SzinwiLH3jdq-oS1oNeLxg&utm_campaign=yelp_api_v3&utm_medium=api_v3_business_search&utm_source=SzinwiLH3jdq-oS1oNeLxg,2.0
-gt8O2X5JO9Bx64GPxgkBA,Komorebi Sushi,Mariscos,"Sushi Bars, Seafood",4.6,328,$$,(773) 661-1243,"1324 N Milwaukee Ave, Chicago, IL 60622",Chicago,60622,41.90558,-87.67037,False,https://www.yelp.com/biz/komorebi-sushi-chicago?adjust_creative=SzinwiLH3jdq-oS1oNeLxg&utm_campaign=yelp_api_v3&utm_medium=api_v3_business_search&utm_source=SzinwiLH3jdq-oS1oNeLxg,2.0
2xsqMP0sQbRBXjp9O8ahRQ,"AMBAR Restaurant, Chicago",Mariscos,"Desserts, Seafood",4.3,185,$$$,(312) 547-1700,"700 N Clark St, Chicago, IL 60654",Chicago,60654,41.89497473200752,-87.63158,False,https://www.yelp.com/biz/ambar-chicago?adjust_creative=SzinwiLH3jdq-oS1oNeLxg&utm_campaign=yelp_api_v3&utm_medium=api_v3_business_search&utm_source=SzinwiLH3jdq-oS1oNeLxg,3.0
A9yx4wG6VlIaVJdm40twRw,Ocean Prime,Mariscos,"Seafood, Steakhouses, Cocktail Bars",4.4,472,$$$$,(312) 428-4344,"87 E Wacker Dr, Chicago, IL 60601",Chicago,60601,41.88781270743207,-87.625254635582,False,https://www.yelp.com/biz/ocean-prime-chicago?adjust_creative=SzinwiLH3jdq-oS1oNeLxg&utm_campaign=yelp_api_v3&utm_medium=api_v3_business_search&utm_source=SzinwiLH3jdq-oS1oNeLxg,4.0
Z45eQgbnFWH--PYPLTFhNg,Void,Mariscos,"Italian, Seafood, Cocktail Bars",4.7,71,,,"2937 N Milwaukee Ave, Chicago, IL 60618",Chicago,60618,41.93478,-87.716438,False,https://www.yelp.com/biz/void-chicago?adjust_creative=SzinwiLH3jdq-oS1oNeLxg&utm_campaign=yelp_api_v3&utm_medium=api_v3_business_search&utm_source=SzinwiLH3jdq-oS1oNeLxg,
Lw1Nz0Gus-RYJsg2Kk8dXw,Shawarma Garden,Mariscos,"Middle Eastern, Mediterranean, Seafood",4.1,218,$,(773) 904-8897,"1951 W Division St, Chicago, IL 60622",Chicago,60622,41.9030684,-87.6768271,False,https://www.yelp.com/biz/shawarma-garden-chicago?adjust_creative=SzinwiLH3jdq-oS1oNeLxg&utm_campaign=yelp_api_v3&utm_medium=api_v3_business_search&utm_source=SzinwiLH3jdq-oS1oNeLxg,1.0
L0SpO9Eb6fHIZ5ljKpdAow,Queen Mary Tavern,Mariscos,"Cocktail Bars, Wine Bars, Seafood",4.4,162,$$,(773) 697-3522,"2125 W Division St, Chicago, IL 60622",Chicago,60622,41.9028282165527,-87.6807403564453,False,https://www.yelp.com/biz/queen-mary-tavern-chicago?adjust_creative=SzinwiLH3jdq-oS1oNeLxg&utm_campaign=yelp_api_v3&utm_medium=api_v3_business_search&utm_source=SzinwiLH3jdq-oS1oNeLxg,2.0
HWwXWszZK5cCLTrKkqvlCA,D Cuisine,Mariscos,"Dim Sum, Cantonese, Seafood",4.3,373,$$,(773) 360-7239,"2723 N Clark St, Chicago, IL 60614",Chicago,60614,41.93208,-87.644361,False,https://www.yelp.com/biz/d-cuisine-chicago-3?adjust_creative=SzinwiLH3jdq-oS1oNeLxg&utm_campaign=yelp_api_v3&utm_medium=api_v3_business_search&utm_source=SzinwiLH3jdq-oS1oNeLxg,2.0
E974TODU6F-HCzUS02nXiQ,Tortoise Supper Club,Mariscos,"Supper Clubs, Seafood, Steakhouses",4.2,800,$$$,(312) 755-1700,"350 N State St, Chicago, IL 60654",Chicago,60654,41.888770105961974,-87.62848221273698,False,https://www.yelp.com/biz/tortoise-supper-club-chicago-2?adjust_creative=SzinwiLH3jdq-oS1oNeLxg&utm_campaign=yelp_api_v3&utm_medium=api_v3_business_search&utm_source=SzinwiLH3jdq-oS1oNeLxg,3.0
ScH70JdzPpPyVhQtdb1sCQ,Suda’s Lebanese Cuisine,Mariscos,"Seafood, Mediterranean, Beer, Wine & Spirits",4.9,140,,(773) 687-8413,"1524 W Fullerton Ave, Chicago, IL 60614",Chicago,60614,41.92536874706707,-87.6667917,False,https://www.yelp.com/biz/suda-s-lebanese-cuisine-chicago-2?adjust_creative=SzinwiLH3jdq-oS1oNeLxg&utm_campaign=yelp_api_v3&utm_medium=api_v3_business_search&utm_source=SzinwiLH3jdq-oS1oNeLxg,
LQkrQF7DMfSIVywxysvjcQ,Half Shell,Mariscos,Seafood,3.9,939,$$,(773) 549-1773,"676 W Diversey Pkwy, Chicago, IL 60614",Chicago,60614,41.93302,-87.64657,False,https://www.yelp.com/biz/half-shell-chicago?adjust_creative=SzinwiLH3jdq-oS1oNeLxg&utm_campaign=yelp_api_v3&utm_medium=api_v3_business_search&utm_source=SzinwiLH3jdq-oS1oNeLxg,2.0
VikWqZa32i70Qp-ETzw_lw,Hugo's Frog Bar & Fish House,Mariscos,"Seafood, Steakhouses, Wine Bars",4.1,1330,$$$$,(312) 640-0999,"1024 N Rush St, Chicago, IL 60611",Chicago,60611,41.90121087998868,-87.6279725116386,False,https://www.yelp.com/biz/hugos-frog-bar-and-fish-house-chicago?adjust_creative=SzinwiLH3jdq-oS1oNeLxg&utm_campaign=yelp_api_v3&utm_medium=api_v3_business_search&utm_source=SzinwiLH3jdq-oS1oNeLxg,4.0
wMwa7p8kKhrZ5CtEL96RzQ,Bocaditos Mexican Cuisine,Mariscos,"Cocktail Bars, Mexican, Seafood",4.2,124,$$$,(312) 526-3306,"1140 W Madison St, Chicago, IL 60607",Chicago,60607,41.88177645153963,-87.6560734,False,https://www.yelp.com/biz/bocaditos-mexican-cuisine-chicago-2?adjust_creative=SzinwiLH3jdq-oS1oNeLxg&utm_campaign=yelp_api_v3&utm_medium=api_v3_business_search&utm_source=SzinwiLH3jdq-oS1oNeLxg,3.0
65-YoAsiOo1-1jPQxvZsog,El Che Steakhouse & Bar,Mariscos,"Argentine, Steakhouses, Seafood",4.2,563,$$$$,(312) 265-1130,"845 W Washington Blvd, Chicago, IL 60607",Chicago,60607,41.8829851,-87.6491649,False,https://www.yelp.com/biz/el-che-steakhouse-and-bar-chicago?adjust_creative=SzinwiLH3jdq-oS1oNeLxg&utm_campaign=yelp_api_v3&utm_medium=api_v3_business_search&utm_source=SzinwiLH3jdq-oS1oNeLxg,4.0
eHpf-vadyWIK23bdK67IXA,Dolo Restaurant and Bar,Mariscos,"Dim Sum, Cantonese, Seafood",4.0,694,$$,(312) 877-5117,"2222 S Archer Ave, Chicago, IL 60616",Chicago,60616,41.85256,-87.636103,False,https://www.yelp.com/biz/dolo-restaurant-and-bar-chicago-3?adjust_creative=SzinwiLH3jdq-oS1oNeLxg&utm_campaign=yelp_api_v3&utm_medium=api_v3_business_search&utm_source=SzinwiLH3jdq-oS1oNeLxg,2.0
FiDxI03abCAfA4pgl1NJ1w,Butcher & The Bear,Mariscos,"Steakhouses, Seafood, Burgers",4.4,187,$$$$,(312) 955-0306,"2721 N Halsted St, Chicago, IL 60614",Chicago,60614,41.93223470574105,-87.648727,False,https://www.yelp.com/biz/butcher-and-the-bear-chicago?adjust_creative=SzinwiLH3jdq-oS1oNeLxg&utm_campaign=yelp_api_v3&utm_medium=api_v3_business_search&utm_source=SzinwiLH3jdq-oS1oNeLxg,4.0
aZqKMhhy_dbQlGTQ91YSbw,Go 4 Food,Mariscos,"Seafood, Asian Fusion, Cantonese",4.1,896,$$,(312) 842-8688,"212 W 23rd St, Chicago, IL 60616",Chicago,60616,41.851126,-87.632602,False,https://www.yelp.com/biz/go-4-food-chicago?adjust_creative=SzinwiLH3jdq-oS1oNeLxg&utm_campaign=yelp_api_v3&utm_medium=api_v3_business_search&utm_source=SzinwiLH3jdq-oS1oNeLxg,2.0
XsGNjQODQGHMUPKrS_xEnA,The Capital Grille,Mariscos,"Wine Bars, Seafood, Steakhouses",4.4,1037,$$$,(312) 337-9400,"633 N Saint Clair St, Chicago, IL 60611",Chicago,60611,41.89350943489024,-87.62249196501462,False,https://www.yelp.com/biz/the-capital-grille-chicago-4?adjust_creative=SzinwiLH3jdq-oS1oNeLxg&utm_campaign=yelp_api_v3&utm_medium=api_v3_business_search&utm_source=SzinwiLH3jdq-oS1oNeLxg,3.0
ArFuhXxp9n0_pGlbYY8_zA,Hagen's Fish Market,Mariscos,"Seafood Markets, Seafood, Scandinavian",4.4,373,$$,(773) 283-1944,"5635 W Montrose Ave, Chicago, IL 60634",Chicago,60634,41.96019,-87.76876,False,https://www.yelp.com/biz/hagens-fish-market-chicago?adjust_creative=SzinwiLH3jdq-oS1oNeLxg&utm_campaign=yelp_api_v3&utm_medium=api_v3_business_search&utm_source=SzinwiLH3jdq-oS1oNeLxg,2.0
VzkF5Yw5Gb83tESIUhyIhQ,Luke's Lobster Chicago City Hall,Mariscos,"Seafood, Soup, Sandwiches",4.4,756,$$,(312) 982-2977,"134 N LaSalle St, Chicago, IL 60602",Chicago,60602,41.8840133613437,-87.6329983558197,False,https://www.yelp.com/biz/lukes-lobster-chicago-city-hall-chicago?adjust_creative=SzinwiLH3jdq-oS1oNeLxg&utm_campaign=yelp_api_v3&utm_medium=api_v3_business_search&utm_source=SzinwiLH3jdq-oS1oNeLxg,2.0
GZdevx3pW3QFRgIZm-KtUA,The Chicago Firehouse Restaurant,Mariscos,"Steakhouses, New American, Seafood",3.8,925,$$$,(312) 786-1401,"1401 S Michigan Ave, Chicago, IL 60605",Chicago,60605,41.86393135887502,-87.62389637381315,False,https://www.yelp.com/biz/the-chicago-firehouse-restaurant-chicago?adjust_creative=SzinwiLH3jdq-oS1oNeLxg&utm_campaign=yelp_api_v3&utm_medium=api_v3_business_search&utm_source=SzinwiLH3jdq-oS1oNeLxg,3.0
pPnsqvWyyVM0LuxmOXwghg,Chicago Oyster House,Mariscos,"Seafood, Steakhouses, Bars",3.6,393,$$$,(312) 225-8833,"1933 S Indiana Ave, Chicago, IL 60616",Chicago,60616,41.85577,-87.62194,False,https://www.yelp.com/biz/chicago-oyster-house-chicago?adjust_creative=SzinwiLH3jdq-oS1oNeLxg&utm_campaign=yelp_api_v3&utm_medium=api_v3_business_search&utm_source=SzinwiLH3jdq-oS1oNeLxg,3.0
sYL9ux7ncnJzAHHppuMQ9w,The Crab Pad,Mariscos,"Seafood, Desserts, Venues & Event Spaces",4.3,685,$$$,(773) 360-8332,"2529 N Milwaukee Ave, Chicago, IL 60647",Chicago,60647,41.92744,-87.70424,False,https://www.yelp.com/biz/the-crab-pad-chicago?adjust_creative=SzinwiLH3jdq-oS1oNeLxg&utm_campaign=yelp_api_v3&utm_medium=api_v3_business_search&utm_source=SzinwiLH3jdq-oS1oNeLxg,3.0
bjQFZfYCjR1UmnUYZUL9Zg,The Hampton Social - River North,Mariscos,"Seafood, Breakfast & Brunch, New American",3.9,1543,$$,(312) 464-0500,"353 W Hubbard St, Chicago, IL 60654",Chicago,60654,41.88982437000223,-87.63787394539044,False,https://www.yelp.com/biz/the-hampton-social-river-north-chicago-2?adjust_creative=SzinwiLH3jdq-oS1oNeLxg&utm_campaign=yelp_api_v3&utm_medium=api_v3_business_search&utm_source=SzinwiLH3jdq-oS1oNeLxg,2.0
5rm_mYQmcqTzLqGeCme8bg,Tala House,Mariscos,"American, New American, Seafood",4.7,117,,(773) 739-9414,"5022 N Clark St, Chicago, IL 60640",Chicago,60640,41.97319716465719,-87.6683954,False,https://www.yelp.com/biz/tala-house-chicago?adjust_creative=SzinwiLH3jdq-oS1oNeLxg&utm_campaign=yelp_api_v3&utm_medium=api_v3_business_search&utm_source=SzinwiLH3jdq-oS1oNeLxg,
fOSxmKNFkeq8H54Ve1O3bQ,Lil Ba-Ba-Reeba!,Mariscos,"Seafood, Tapas/Small Plates",4.4,344,$$$,(312) 985-6909,"441 N Clark St, Chicago, IL 60654",Chicago,60654,41.89043,-87.63079,False,https://www.yelp.com/biz/lil-ba-ba-reeba-chicago?adjust_creative=SzinwiLH3jdq-oS1oNeLxg&utm_campaign=yelp_api_v3&utm_medium=api_v3_business_search&utm_source=SzinwiLH3jdq-oS1oNeLxg,3.0
rVRMpovx68BZXTLedFwB5Q,Wentworth Seafood House,Mariscos,"Bubble Tea, Seafood, Cantonese",4.3,223,$$,(312) 808-0899,"2229 S Wentworth Ave, Chicago, IL 60616",Chicago,60616,41.852301277333,-87.631848673597,False,https://www.yelp.com/biz/wentworth-seafood-house-chicago-3?adjust_creative=SzinwiLH3jdq-oS1oNeLxg&utm_campaign=yelp_api_v3&utm_medium=api_v3_business_search&utm_source=SzinwiLH3jdq-oS1oNeLxg,2.0
1LY925_0toR7TKdjtsvC_w,Unico Restaurante,Mariscos,"Italian, Salad, Seafood",4.9,31,,(773) 475-7585,"2435 S Western Ave, Chicago, IL 60608",Chicago,60608,41.84738365999426,-87.6851669,False,https://www.yelp.com/biz/unico-restaurante-chicago?adjust_creative=SzinwiLH3jdq-oS1oNeLxg&utm_campaign=yelp_api_v3&utm_medium=api_v3_business_search&utm_source=SzinwiLH3jdq-oS1oNeLxg,
gs-PZjw3VONWJQFCSTDTeg,Sunset Phở Caffe,Mariscos,"Lounges, Vietnamese, Seafood",4.7,529,$$,(773) 275-2327,"2856 N Clark St, Chicago, IL 60657",Chicago,60657,41.9342291,-87.6462028,False,https://www.yelp.com/biz/sunset-ph%E1%BB%9F-caffe-chicago-5?adjust_creative=SzinwiLH3jdq-oS1oNeLxg&utm_campaign=yelp_api_v3&utm_medium=api_v3_business_search&utm_source=SzinwiLH3jdq-oS1oNeLxg,2.0
f6KqJe_33R6yMrvXAQKhqQ,The Hampton Social - Streeterville,Mariscos,"New American, Seafood, Breakfast & Brunch",4.2,971,$$,(312) 414-1861,"164 E Grand Ave, Chicago, IL 60611",Chicago,60611,41.89209255640712,-87.62292128220915,False,https://www.yelp.com/biz/the-hampton-social-streeterville-chicago-5?adjust_creative=SzinwiLH3jdq-oS1oNeLxg&utm_campaign=yelp_api_v3&utm_medium=api_v3_business_search&utm_source=SzinwiLH3jdq-oS1oNeLxg,2.0
aQ2XnD7q3URMvyRGnrfgiQ,King Crab House,Mariscos,"Seafood, Bars, Sandwiches",3.9,396,$$$,(312) 280-8990,"1816 N Halsted St, Chicago, IL 60614",Chicago,60614,41.91435,-87.64875,False,https://www.yelp.com/biz/king-crab-house-chicago-2?adjust_creative=SzinwiLH3jdq-oS1oNeLxg&utm_campaign=yelp_api_v3&utm_medium=api_v3_business_search&utm_source=SzinwiLH3jdq-oS1oNeLxg,3.0
qJuQGyHSy5OuAkyMwb2_xA,Nomonomo Sushi,Mariscos,"Japanese, Sushi Bars, Seafood",4.4,48,,,"2096 N Milwaukee Ave, Chicago, IL 60647",Chicago,60647,41.9192,-87.69182,False,https://www.yelp.com/biz/nomonomo-sushi-chicago?adjust_creative=SzinwiLH3jdq-oS1oNeLxg&utm_campaign=yelp_api_v3&utm_medium=api_v3_business_search&utm_source=SzinwiLH3jdq-oS1oNeLxg,
HufACMSV54jtEW7BVTqVow,Port Union,Mariscos,"Cocktail Bars, Seafood, American",4.2,6,,(312) 363-3110,"1559 N Milwaukee Ave, Chicago, IL 60622",Chicago,60622,41.909984,-87.676325,False,https://www.yelp.com/biz/port-union-chicago-2?adjust_creative=SzinwiLH3jdq-oS1oNeLxg&utm_campaign=yelp_api_v3&utm_medium=api_v3_business_search&utm_source=SzinwiLH3jdq-oS1oNeLxg,
avPNh77s2rYNAkABm8MTKw,Alegrias Seafood,Mariscos,"Seafood, Mexican, Cocktail Bars",3.7,735,$$,(773) 252-7200,"1024 N Ashland Ave, Chicago, IL 60622",Chicago,60622,41.90046,-87.66776,False,https://www.yelp.com/biz/alegrias-seafood-chicago?adjust_creative=SzinwiLH3jdq-oS1oNeLxg&utm_campaign=yelp_api_v3&utm_medium=api_v3_business_search&utm_source=SzinwiLH3jdq-oS1oNeLxg,2.0
LeeIwHvIXFejO_cK0c9fYw,Smyth,Mariscos,"New American, Seafood, Venues & Event Spaces",4.1,340,$$$$,(773) 913-3773,"177 N Ada St, Chicago, IL 60607",Chicago,60607,41.88498637231931,-87.66056046780949,False,https://www.yelp.com/biz/smyth-chicago?adjust_creative=SzinwiLH3jdq-oS1oNeLxg&utm_campaign=yelp_api_v3&utm_medium=api_v3_business_search&utm_source=SzinwiLH3jdq-oS1oNeLxg,4.0
rqkwkONaQdzR8Lg7foEHGg,Hawksmoor,Mariscos,"Steakhouses, Seafood, Venues & Event Spaces",4.2,306,$$$$,(872) 272-4240,"500 N La Salle Dr, Chicago, IL 60654",Chicago,60654,41.89099,-87.632943,False,https://www.yelp.com/biz/hawksmoor-chicago-4?adjust_creative=SzinwiLH3jdq-oS1oNeLxg&utm_campaign=yelp_api_v3&utm_medium=api_v3_business_search&utm_source=SzinwiLH3jdq-oS1oNeLxg,4.0
26AX3IYq2L_ZgUj7hFr9aQ,Mfk,Mariscos,"Seafood, Spanish, Desserts",4.3,323,$$$,(773) 857-2540,"432 W Diversey Pkwy, Chicago, IL 60614",Chicago,60614,41.9329949,-87.64057,False,https://www.yelp.com/biz/mfk-chicago-2?adjust_creative=SzinwiLH3jdq-oS1oNeLxg&utm_campaign=yelp_api_v3&utm_medium=api_v3_business_search&utm_source=SzinwiLH3jdq-oS1oNeLxg,3.0
Kesy2o_OiHCS6juMdXFb7A,Goose Island Shrimp House Chicago,Mariscos,"Seafood, Fast Food",4.1,289,$,(312) 642-3640,"1011 W Division St, Chicago, IL 60642",Chicago,60642,41.903364,-87.653,False,https://www.yelp.com/biz/goose-island-shrimp-house-chicago-chicago?adjust_creative=SzinwiLH3jdq-oS1oNeLxg&utm_campaign=yelp_api_v3&utm_medium=api_v3_business_search&utm_source=SzinwiLH3jdq-oS1oNeLxg,1.0
YJE--5umPgBjNLUp6UxTmg,Crab King Cajun Boil and Bar - Chicago,Mariscos,"Cajun/Creole, Seafood, Sushi Bars",4.3,156,$$$,(773) 999-9886,"3443 N Broadway, Chicago, IL 60657",Chicago,60657,41.94461,-87.64542,False,https://www.yelp.com/biz/crab-king-cajun-boil-and-bar-chicago-chicago-2?adjust_creative=SzinwiLH3jdq-oS1oNeLxg&utm_campaign=yelp_api_v3&utm_medium=api_v3_business_search&utm_source=SzinwiLH3jdq-oS1oNeLxg,3.0
VTvA123KB4mH9etLGvEYlA,Oliver’s,Mariscos,"Seafood, Burgers, Cocktail Bars",4.5,128,,(213) 320-3100,"1639 S Wabash Ave, Chicago, IL 60616",Chicago,60616,41.85906589108441,-87.62520072892792,False,https://www.yelp.com/biz/oliver-s-chicago?adjust_creative=SzinwiLH3jdq-oS1oNeLxg&utm_campaign=yelp_api_v3&utm_medium=api_v3_business_search&utm_source=SzinwiLH3jdq-oS1oNeLxg,
NSQ-hexS7EpP5e_wlKt81g,Triple Crown Restaurant,Mariscos,"Dim Sum, Seafood, Cantonese",3.7,1117,$$,(312) 842-0088,"2217 S Wentworth Ave, Chicago, IL 60616",Chicago,60616,41.852477,-87.6318687435513,False,https://www.yelp.com/biz/triple-crown-restaurant-chicago?adjust_creative=SzinwiLH3jdq-oS1oNeLxg&utm_campaign=yelp_api_v3&utm_medium=api_v3_business_search&utm_source=SzinwiLH3jdq-oS1oNeLxg,2.0
nUJnryS9jxzsdNWtVP9H-g,Legal Sea Foods - Chicago,Mariscos,Seafood,3.5,311,$$$,(312) 910-6517,"315 N Dearborn St, Chicago, IL 60654",Chicago,60654,41.887895,-87.629218,False,https://www.yelp.com/biz/legal-sea-foods-chicago-chicago?adjust_creative=SzinwiLH3jdq-oS1oNeLxg&utm_campaign=yelp_api_v3&utm_medium=api_v3_business_search&utm_source=SzinwiLH3jdq-oS1oNeLxg,3.0
f1neY8Zd9xld7BB7G7mC0Q,Steak 48,Mariscos,"Steakhouses, Seafood, Bars",4.3,1156,$$$$,(312) 266-4848,"615 N Wabash Ave, Chicago, IL 60611",Chicago,60611,41.893,-87.62637,False,https://www.yelp.com/biz/steak-48-chicago?adjust_creative=SzinwiLH3jdq-oS1oNeLxg&utm_campaign=yelp_api_v3&utm_medium=api_v3_business_search&utm_source=SzinwiLH3jdq-oS1oNeLxg,4.0
4AW-fmXFI4jaYManl70vEg,Leña Brava,Mariscos,"Seafood, Mexican, Cocktail Bars",4.1,712,$$$,(312) 733-1975,"900-902 W Randolph St, Chicago, IL 60607",Chicago,60607,41.88465,-87.65007,False,https://www.yelp.com/biz/le%C3%B1a-brava-chicago-2?adjust_creative=SzinwiLH3jdq-oS1oNeLxg&utm_campaign=yelp_api_v3&utm_medium=api_v3_business_search&utm_source=SzinwiLH3jdq-oS1oNeLxg,3.0
CjAKxQ0okWHqtz0o4jxMFg,Yassa African Restaurant,Mariscos,"Senegalese, Seafood, Juice Bars & Smoothies",4.2,438,$$,(773) 488-5599,"3511 S King Dr, Chicago, IL 60653",Chicago,60653,41.83074,-87.616675,False,https://www.yelp.com/biz/yassa-african-restaurant-chicago-2?adjust_creative=SzinwiLH3jdq-oS1oNeLxg&utm_campaign=yelp_api_v3&utm_medium=api_v3_business_search&utm_source=SzinwiLH3jdq-oS1oNeLxg,2.0
9IJ-XscmINqQMgiiH1ZUww,Kama Bistro - West Loop,Mariscos,"Indian, Cocktail Bars, Seafood",4.0,39,,(312) 248-8330,"812 W Randolph St, Chicago, IL 60607",Chicago,60607,41.88469520670138,-87.64807384461164,False,https://www.yelp.com/biz/kama-bistro-west-loop-chicago?adjust_creative=SzinwiLH3jdq-oS1oNeLxg&utm_campaign=yelp_api_v3&utm_medium=api_v3_business_search&utm_source=SzinwiLH3jdq-oS1oNeLxg,
wVLyIMBELu9qUH4s2bhbjw,Casa Tulum,Mariscos,"New Mexican Cuisine, Seafood, Mexican",4.2,107,,(773) 759-1429,"1700 S Michigan Ave, Chicago, IL 60616",Chicago,60616,41.858943154441285,-87.6244418,False,https://www.yelp.com/biz/casa-tulum-chicago?adjust_creative=SzinwiLH3jdq-oS1oNeLxg&utm_campaign=yelp_api_v3&utm_medium=api_v3_business_search&utm_source=SzinwiLH3jdq-oS1oNeLxg,
4bSdLMKccriBsZkocFk1fA,Dozzy's Grill,Mariscos,"African, Seafood, Wraps",4.8,28,,(312) 869-9623,"1811 W Harrison St, Chicago, IL 60612",Chicago,60612,41.87386920000001,-87.67211311492126,False,https://www.yelp.com/biz/dozzys-grill-chicago?adjust_creative=SzinwiLH3jdq-oS1oNeLxg&utm_campaign=yelp_api_v3&utm_medium=api_v3_business_search&utm_source=SzinwiLH3jdq-oS1oNeLxg,
CQ75CQSyrsmb-S3UAwCHpw,Wildfire,Mariscos,"American, Steakhouses, Seafood",3.9,1309,$$$,(312) 787-9000,"159 W Erie St, Chicago, IL 60654",Chicago,60654,41.8938172904842,-87.6333183422685,False,https://www.yelp.com/biz/wildfire-chicago?adjust_creative=SzinwiLH3jdq-oS1oNeLxg&utm_campaign=yelp_api_v3&utm_medium=api_v3_business_search&utm_source=SzinwiLH3jdq-oS1oNeLxg,3.0
pQaZLZ-EPbOQQzUwbwIEkA,Lure Fishbar,Mariscos,"Bars, Seafood, Sushi Bars",4.3,243,$$$,(312) 660-6180,"616 N Rush St, Chicago, IL 60611",Chicago,60611,41.89314365157306,-87.6257737504463,False,https://www.yelp.com/biz/lure-fishbar-chicago-2?adjust_creative=SzinwiLH3jdq-oS1oNeLxg&utm_campaign=yelp_api_v3&utm_medium=api_v3_business_search&utm_source=SzinwiLH3jdq-oS1oNeLxg,3.0
VcuTGkMtZSJugVsdKx7OOQ,Chubby Skewers | Chicago,Mariscos,"Barbeque, Chinese, Seafood",4.3,79,,(773) 985-3017,"2017B S Wells St, Chicago, IL 60616",Chicago,60616,41.854755,-87.632587,False,https://www.yelp.com/biz/chubby-skewers-chicago-chicago-3?adjust_creative=SzinwiLH3jdq-oS1oNeLxg&utm_campaign=yelp_api_v3&utm_medium=api_v3_business_search&utm_source=SzinwiLH3jdq-oS1oNeLxg,
majGt6w0H0i-9TtVwvu2Qg,Kubo,Mariscos,"Filipino, New American, Seafood",4.2,318,$$,(773) 857-1408,"1232 W Belmont Ave, Chicago, IL 60657",Chicago,60657,41.939994,-87.660339,False,https://www.yelp.com/biz/kubo-chicago-3?adjust_creative=SzinwiLH3jdq-oS1oNeLxg&utm_campaign=yelp_api_v3&utm_medium=api_v3_business_search&utm_source=SzinwiLH3jdq-oS1oNeLxg,2.0
Eks_FayD0L98im7tRPL0Xg,Ken Kee,Mariscos,"Seafood, Noodles, Cantonese",3.7,737,$$,(312) 326-2088,"2129 S China Pl, Ste A, Chicago, IL 60616",Chicago,60616,41.85441185492399,-87.63327249999999,False,https://www.yelp.com/biz/ken-kee-chicago?adjust_creative=SzinwiLH3jdq-oS1oNeLxg&utm_campaign=yelp_api_v3&utm_medium=api_v3_business_search&utm_source=SzinwiLH3jdq-oS1oNeLxg,2.0
Ge9WZdV324a5WbyXbGxiXw,Mariscos La Costa,Mariscos,"Seafood, Mexican",4.1,138,$$,(773) 360-1226,"1132 N Ashland Ave, Chicago, IL 60622",Chicago,60622,41.90251,-87.66782,False,https://www.yelp.com/biz/mariscos-la-costa-chicago-2?adjust_creative=SzinwiLH3jdq-oS1oNeLxg&utm_campaign=yelp_api_v3&utm_medium=api_v3_business_search&utm_source=SzinwiLH3jdq-oS1oNeLxg,2.0
lwNElggrXoP53TUcx5BGHA,SGD Dubu So Gong Dong Tofu & Korean BBQ,Mariscos,"Korean, Barbeque, Seafood",3.9,78,$$,(773) 362-8702,"711 W Jackson Blvd, Chicago, IL 60661",Chicago,60661,41.87774,-87.64471,False,https://www.yelp.com/biz/sgd-dubu-so-gong-dong-tofu-and-korean-bbq-chicago?adjust_creative=SzinwiLH3jdq-oS1oNeLxg&utm_campaign=yelp_api_v3&utm_medium=api_v3_business_search&utm_source=SzinwiLH3jdq-oS1oNeLxg,2.0
sH49MRW1dqFbjoLdfYRSGw,Brown Bag Seafood,Mariscos,"Seafood, Salad, Sandwiches",4.1,225,$$,(773) 697-8306,"3400 N Lincoln Ave, Chicago, IL 60657",Chicago,60657,41.94352,-87.67172,False,https://www.yelp.com/biz/brown-bag-seafood-chicago-12?adjust_creative=SzinwiLH3jdq-oS1oNeLxg&utm_campaign=yelp_api_v3&utm_medium=api_v3_business_search&utm_source=SzinwiLH3jdq-oS1oNeLxg,2.0
43rd1LKcZRIunySzbMsyLQ,Fogo de Chão,Mariscos,"Brazilian, Steakhouses, Seafood",4.1,2408,$$$,(312) 932-9330,"661 N Lasalle Dr, Chicago, IL 60654",Chicago,60654,41.894207923377735,-87.632327,False,https://www.yelp.com/biz/fogo-de-ch%C3%A3o-chicago-7?adjust_creative=SzinwiLH3jdq-oS1oNeLxg&utm_campaign=yelp_api_v3&utm_medium=api_v3_business_search&utm_source=SzinwiLH3jdq-oS1oNeLxg,3.0
KR3UgKy6vaieUJC_fUvDYQ,El Fogón de Elena Restaurant,Mariscos,"Seafood, Breakfast & Brunch, Latin American",4.6,61,,(773) 267-6893,"3149 W Lawrence Ave, Chicago, IL 60625",Chicago,60625,41.96818,-87.70785,False,https://www.yelp.com/biz/el-fog%C3%B3n-de-elena-restaurant-chicago?adjust_creative=SzinwiLH3jdq-oS1oNeLxg&utm_campaign=yelp_api_v3&utm_medium=api_v3_business_search&utm_source=SzinwiLH3jdq-oS1oNeLxg,
HD80ObNiV_68Iq-HaQNyNw,Lowcountry South Loop,Mariscos,"Cajun/Creole, Bars, Seafood",3.9,494,$$,(312) 866-8633,"1132 S Wabash Ave, Chicago, IL 60605",Chicago,60605,41.8681991,-87.6263313,False,https://www.yelp.com/biz/lowcountry-south-loop-chicago?adjust_creative=SzinwiLH3jdq-oS1oNeLxg&utm_campaign=yelp_api_v3&utm_medium=api_v3_business_search&utm_source=SzinwiLH3jdq-oS1oNeLxg,2.0
AwoWqNfcm60sqbIFB4h26A,MiMi's Craft Kitchen,Mariscos,"American, Seafood, Cocktail Bars",4.2,139,$$,(312) 929-3775,"1352 W Taylor St, Chicago, IL 60607",Chicago,60607,41.8695274,-87.6611392,False,https://www.yelp.com/biz/mimis-craft-kitchen-chicago-2?adjust_creative=SzinwiLH3jdq-oS1oNeLxg&utm_campaign=yelp_api_v3&utm_medium=api_v3_business_search&utm_source=SzinwiLH3jdq-oS1oNeLxg,2.0
zAfHrzmQX6g_yDUbhII9Cg,The Boil Cajun Seafood,Mariscos,"Cajun/Creole, Seafood",3.5,109,,(773) 698-6011,"1805 W Division St, Chicago, IL 60622",Chicago,60622,41.90302,-87.672645,False,https://www.yelp.com/biz/the-boil-cajun-seafood-chicago?adjust_creative=SzinwiLH3jdq-oS1oNeLxg&utm_campaign=yelp_api_v3&utm_medium=api_v3_business_search&utm_source=SzinwiLH3jdq-oS1oNeLxg,
9Q1Vadqj4nG32WTjUsDWOw,Duwell Fish,Mariscos,"Seafood, Seafood Markets",4.3,16,$$,(773) 826-9666,"617 S Pulaski Rd, Chicago, IL 60624",Chicago,60624,41.87295,-87.72497,False,https://www.yelp.com/biz/duwell-fish-chicago?adjust_creative=SzinwiLH3jdq-oS1oNeLxg&utm_campaign=yelp_api_v3&utm_medium=api_v3_business_search&utm_source=SzinwiLH3jdq-oS1oNeLxg,2.0
jsXtfVrcn7FrX06q3j_Xmg,Gene & Georgetti,Mariscos,"Italian, Steakhouses, Seafood",3.7,1245,$$$,(312) 527-3718,"500 N Franklin St, Chicago, IL 60654",Chicago,60654,41.89091,-87.63581,False,https://www.yelp.com/biz/gene-and-georgetti-chicago-6?adjust_creative=SzinwiLH3jdq-oS1oNeLxg&utm_campaign=yelp_api_v3&utm_medium=api_v3_business_search&utm_source=SzinwiLH3jdq-oS1oNeLxg,3.0
bFWnNX0WIxrx13J_7xleeg,BLVD Steakhouse,Mariscos,"New American, Steakhouses, Seafood",3.8,833,$$$$,(312) 526-3116,"817 W Lake St, Chicago, IL 60607",Chicago,60607,41.885403,-87.648212,False,https://www.yelp.com/biz/blvd-steakhouse-chicago-2?adjust_creative=SzinwiLH3jdq-oS1oNeLxg&utm_campaign=yelp_api_v3&utm_medium=api_v3_business_search&utm_source=SzinwiLH3jdq-oS1oNeLxg,4.0
ucumjVxIwPKJYQyN3yWVwA,Tavern on Rush,Mariscos,"Seafood, Steakhouses, Cocktail Bars",3.8,118,,(312) 664-9600,"1015 N Rush St, Chicago, IL 60611",Chicago,60611,41.90136974755646,-87.62755528092384,False,https://www.yelp.com/biz/tavern-on-rush-chicago-4?adjust_creative=SzinwiLH3jdq-oS1oNeLxg&utm_campaign=yelp_api_v3&utm_medium=api_v3_business_search&utm_source=SzinwiLH3jdq-oS1oNeLxg,
nV0Mhqhrj2OUriVpjjLbkA,Poke Poké,Mariscos,"Japanese, Poke, Seafood",4.7,57,$$,(312) 285-2200,"355 E Ohio St, Chicago, IL 60611",Chicago,60611,41.89252074012165,-87.61845119297504,False,https://www.yelp.com/biz/poke-pok%C3%A9-chicago-8?adjust_creative=SzinwiLH3jdq-oS1oNeLxg&utm_campaign=yelp_api_v3&utm_medium=api_v3_business_search&utm_source=SzinwiLH3jdq-oS1oNeLxg,2.0
LU-NBsbLAwvzKlopsVeB7w,Weber Grill Restaurant,Mariscos,"Barbeque, Steakhouses, Seafood",3.7,2114,$$,(312) 467-9696,"539 N State St, Chicago, IL 60654",Chicago,60654,41.8918845,-87.6278923,False,https://www.yelp.com/biz/weber-grill-restaurant-chicago?adjust_creative=SzinwiLH3jdq-oS1oNeLxg&utm_campaign=yelp_api_v3&utm_medium=api_v3_business_search&utm_source=SzinwiLH3jdq-oS1oNeLxg,2.0
5jt44Ae0gt5MSPR8pBhevA,Mariscos San Pedro,Mariscos,"Mexican, Seafood, Cocktail Bars",4.3,136,,(312) 508-4700,"1227 W 18th St, Chicago, IL 60608",Chicago,60608,41.85784435742566,-87.6575108,False,https://www.yelp.com/biz/mariscos-san-pedro-chicago?adjust_creative=SzinwiLH3jdq-oS1oNeLxg&utm_campaign=yelp_api_v3&utm_medium=api_v3_business_search&utm_source=SzinwiLH3jdq-oS1oNeLxg,
nM5v5gsDbYBzVAc6ROC2vA,Momo Factory,Mariscos,"Desserts, Seafood, Himalayan/Nepalese",4.6,33,,(872) 342-2031,"860 N Orleans St, Chicago, IL 60610",Chicago,60610,41.89844805255063,-87.6374366685253,False,https://www.yelp.com/biz/momo-factory-chicago-7?adjust_creative=SzinwiLH3jdq-oS1oNeLxg&utm_campaign=yelp_api_v3&utm_medium=api_v3_business_search&utm_source=SzinwiLH3jdq-oS1oNeLxg,
BVmgTgwwvkgRNCpwuhT2Ew,Bobijoa,Mariscos,"Korean, Seafood, Chicken Wings",4.4,68,,(312) 877-5333,"1140 W 18th St, Chicago, IL 60608",Chicago,60608,41.85809888338744,-87.6549691233131,False,https://www.yelp.com/biz/bobijoa-chicago-2?adjust_creative=SzinwiLH3jdq-oS1oNeLxg&utm_campaign=yelp_api_v3&utm_medium=api_v3_business_search&utm_source=SzinwiLH3jdq-oS1oNeLxg,
D7uZTBivXEVunFwzP60xSg,El Mofonguito,Mariscos,"Puerto Rican, Seafood, Breakfast & Brunch",4.2,66,$$,(773) 661-9582,"3625 W North Ave, Chicago, IL 60647",Chicago,60647,41.909818,-87.717858,False,https://www.yelp.com/biz/el-mofonguito-chicago?adjust_creative=SzinwiLH3jdq-oS1oNeLxg&utm_campaign=yelp_api_v3&utm_medium=api_v3_business_search&utm_source=SzinwiLH3jdq-oS1oNeLxg,2.0
cnsmJobq4VDd8LJ-H9PkZA,Poke Okie,Mariscos,"Seafood, Japanese, Poke",4.5,28,,(630) 712-0446,"2945 N Milwaukee Ave, Chicago, IL 60618",Chicago,60618,41.935048,-87.716684,False,https://www.yelp.com/biz/poke-okie-chicago?adjust_creative=SzinwiLH3jdq-oS1oNeLxg&utm_campaign=yelp_api_v3&utm_medium=api_v3_business_search&utm_source=SzinwiLH3jdq-oS1oNeLxg,
LoJYMDMAFEIavz-VIUqe0Q,NoMI,Mariscos,"Bars, New American, Seafood",4.0,884,$$$,(312) 239-4030,"800 N Michigan Ave, Fl 7, Chicago, IL 60611",Chicago,60611,41.897051,-87.62548,False,https://www.yelp.com/biz/nomi-chicago-3?adjust_creative=SzinwiLH3jdq-oS1oNeLxg&utm_campaign=yelp_api_v3&utm_medium=api_v3_business_search&utm_source=SzinwiLH3jdq-oS1oNeLxg,3.0
sLvY0gboC9sXnGWK6ED-xw,The Alston,Mariscos,"Steakhouses, Venues & Event Spaces, Seafood",4.0,94,,(312) 548-2556,"750 N State St, Fl 3, Chicago, IL 60654",Chicago,60654,41.89628918413717,-87.62832840332383,False,https://www.yelp.com/biz/the-alston-chicago?adjust_creative=SzinwiLH3jdq-oS1oNeLxg&utm_campaign=yelp_api_v3&utm_medium=api_v3_business_search&utm_source=SzinwiLH3jdq-oS1oNeLxg,
QwOCI-mzkauOlPZ2QyVBpA,Lan's Chicago,Mariscos,"Seafood, Noodles, Soup",4.2,37,,(773) 799-8802,"1438 W Cortland St, Chicago, IL 60642",Chicago,60642,41.91706,-87.66494,False,https://www.yelp.com/biz/lans-chicago-chicago?adjust_creative=SzinwiLH3jdq-oS1oNeLxg&utm_campaign=yelp_api_v3&utm_medium=api_v3_business_search&utm_source=SzinwiLH3jdq-oS1oNeLxg,
zcUDw0VId36eruS4XNTi5A,Hubbard Inn,Mariscos,"Bars, Seafood, American",3.6,320,,(312) 827-6234,"110 W Hubbard St, Chicago, IL 60654",Chicago,60654,41.89026,-87.6316,False,https://www.yelp.com/biz/hubbard-inn-chicago-5?adjust_creative=SzinwiLH3jdq-oS1oNeLxg&utm_campaign=yelp_api_v3&utm_medium=api_v3_business_search&utm_source=SzinwiLH3jdq-oS1oNeLxg,
UbGuOTthP3iS6_nB5mDHDQ,Mario's Table,Mariscos,"Italian, Seafood, Salad",4.1,328,$$,(312) 944-0199,"21 W Goethe St, Chicago, IL 60610",Chicago,60610,41.9055595397949,-87.6296463012695,False,https://www.yelp.com/biz/marios-table-chicago?adjust_creative=SzinwiLH3jdq-oS1oNeLxg&utm_campaign=yelp_api_v3&utm_medium=api_v3_business_search&utm_source=SzinwiLH3jdq-oS1oNeLxg,2.0
UOy5ee3c_wUNWqfR0u18NQ,Amano Bistro,Mariscos,"Italian, Seafood, Steakhouses",4.6,63,,(773) 936-0658,"4229 N Lincoln Ave, Chicago, IL 60618",Chicago,60618,41.958534,-87.68144,False,https://www.yelp.com/biz/amano-bistro-chicago-2?adjust_creative=SzinwiLH3jdq-oS1oNeLxg&utm_campaign=yelp_api_v3&utm_medium=api_v3_business_search&utm_source=SzinwiLH3jdq-oS1oNeLxg,
Gx4O2HPnkW7bHxPO_vaRjw,Bacchanalia Ristorante,Mariscos,"Italian, Bars, Seafood",4.2,296,$$,,"2413 S Oakley Ave, Chicago, IL 60608",Chicago,60608,41.848004,-87.682836,False,https://www.yelp.com/biz/bacchanalia-ristorante-chicago-4?adjust_creative=SzinwiLH3jdq-oS1oNeLxg&utm_campaign=yelp_api_v3&utm_medium=api_v3_business_search&utm_source=SzinwiLH3jdq-oS1oNeLxg,2.0
nMU5Y8IofUupXNWNoeSo9A,Brown Bag Seafood,Mariscos,"Salad, Seafood, Sandwiches",4.0,569,$$,(312) 496-3999,"340 E Randolph St, Chicago, IL 60601",Chicago,60601,41.88479075174117,-87.6190559773597,False,https://www.yelp.com/biz/brown-bag-seafood-chicago-18?adjust_creative=SzinwiLH3jdq-oS1oNeLxg&utm_campaign=yelp_api_v3&utm_medium=api_v3_business_search&utm_source=SzinwiLH3jdq-oS1oNeLxg,2.0
-2l4IEiHcppZwqQ6HNIi_Q,Swift Tavern,Mariscos,"Bars, American, Seafood",3.6,162,,(773) 360-0207,"3600 N Clark St, Chicago, IL 60613",Chicago,60613,41.94723,-87.65673,False,https://www.yelp.com/biz/swift-tavern-chicago-3?adjust_creative=SzinwiLH3jdq-oS1oNeLxg&utm_campaign=yelp_api_v3&utm_medium=api_v3_business_search&utm_source=SzinwiLH3jdq-oS1oNeLxg,
5zrksL0drFQBc8_zByiq_g,Rosebud Steakhouse,Mariscos,"Steakhouses, Italian, Seafood",4.1,542,$$$$,(312) 397-1000,"192 E Walton Pl, Chicago, IL 60611",Chicago,60611,41.90025184519904,-87.622146,False,https://www.yelp.com/biz/rosebud-steakhouse-chicago-4?adjust_creative=SzinwiLH3jdq-oS1oNeLxg&utm_campaign=yelp_api_v3&utm_medium=api_v3_business_search&utm_source=SzinwiLH3jdq-oS1oNeLxg,4.0
lK6DW1KMdYQkpRxyg8ZYEg,Shrimp Island,Mariscos,"Seafood, Fast Food, Fish & Chips",4.6,24,,(773) 413-7127,"5358 W Grand Ave, Chicago, IL 60639",Chicago,60639,41.91808,-87.76066,False,https://www.yelp.com/biz/shrimp-island-chicago?adjust_creative=SzinwiLH3jdq-oS1oNeLxg&utm_campaign=yelp_api_v3&utm_medium=api_v3_business_search&utm_source=SzinwiLH3jdq-oS1oNeLxg,
bz2RQrSYkd5Gq7xjXLK4uw,JM Seafood Restaurant,Mariscos,"Seafood, Asian Fusion, Cantonese",4.4,79,$$$,(312) 285-2688,"3312 S Halsted St, Chicago, IL 60608",Chicago,60608,41.83438,-87.64655,False,https://www.yelp.com/biz/jm-seafood-restaurant-chicago?adjust_creative=SzinwiLH3jdq-oS1oNeLxg&utm_campaign=yelp_api_v3&utm_medium=api_v3_business_search&utm_source=SzinwiLH3jdq-oS1oNeLxg,3.0
m973NCh_zflXOrJZnUTPfA,Mon Lung,Mariscos,"Chinese, Juice Bars & Smoothies, Seafood",3.5,326,$,(773) 227-8824,"1009 N Ashland Ave, Chicago, IL 60622",Chicago,60622,41.9000324,-87.66717471380476,False,https://www.yelp.com/biz/mon-lung-chicago-2?adjust_creative=SzinwiLH3jdq-oS1oNeLxg&utm_campaign=yelp_api_v3&utm_medium=api_v3_business_search&utm_source=SzinwiLH3jdq-oS1oNeLxg,1.0
TleDkQqOJ9NS_8FAN__duw,Curry Blahblah Thai,Mariscos,"Thai, Comfort Food, Seafood",4.3,19,,(312) 843-1757,"171 N Wells St, Chicago, IL 60606",Chicago,60606,41.8853125469302,-87.63374720000002,False,https://www.yelp.com/biz/curry-blahblah-thai-chicago?adjust_creative=SzinwiLH3jdq-oS1oNeLxg&utm_campaign=yelp_api_v3&utm_medium=api_v3_business_search&utm_source=SzinwiLH3jdq-oS1oNeLxg,
sAOFX9cfMm4w2iZN7A8ziw,Golden Bull Restaurant,Mariscos,"Seafood, Cantonese, Desserts",4.1,340,$$,(312) 808-1668,"242 W Cermak Rd, Chicago, IL 60616",Chicago,60616,41.85324,-87.63347,False,https://www.yelp.com/biz/golden-bull-restaurant-chicago?adjust_creative=SzinwiLH3jdq-oS1oNeLxg&utm_campaign=yelp_api_v3&utm_medium=api_v3_business_search&utm_source=SzinwiLH3jdq-oS1oNeLxg,2.0
ffpD6cxvYd5kfiDFQdxYDQ,Brown Bag Seafood,Mariscos,"Seafood, Salad, Sandwiches",4.3,92,$$,(312) 846-1900,"233 S Wacker Dr, Unit L1 19, Wacker and Jackson Willis Tower, Chicago, IL 60606",Chicago,60606,41.87850103368415,-87.63591464577134,False,https://www.yelp.com/biz/brown-bag-seafood-chicago-14?adjust_creative=SzinwiLH3jdq-oS1oNeLxg&utm_campaign=yelp_api_v3&utm_medium=api_v3_business_search&utm_source=SzinwiLH3jdq-oS1oNeLxg,2.0
VCWUdp3A9585VBT66HXn5w,Poke Burrito,Mariscos,"Poke, Hawaiian, Seafood",4.4,126,$$,(312) 600-9406,"423 S Dearborn St, Chicago, IL 60605",Chicago,60605,41.87611,-87.62903,False,https://www.yelp.com/biz/poke-burrito-chicago-2?adjust_creative=SzinwiLH3jdq-oS1oNeLxg&utm_campaign=yelp_api_v3&utm_medium=api_v3_business_search&utm_source=SzinwiLH3jdq-oS1oNeLxg,2.0
Ks4ktQzDBiY58SYDUAfhVg,El Nuevo Mexicano,Mariscos,"Mexican, Seafood, Bars",4.2,931,$$,(773) 528-2131,"2914 N Clark St, Chicago, IL 60657",Chicago,60657,41.935284,-87.647131,False,https://www.yelp.com/biz/el-nuevo-mexicano-chicago?adjust_creative=SzinwiLH3jdq-oS1oNeLxg&utm_campaign=yelp_api_v3&utm_medium=api_v3_business_search&utm_source=SzinwiLH3jdq-oS1oNeLxg,2.0
a73h3WziDkY0XG6bqdu8ig,Lloyds Upscale Street Food,Mariscos,"American, Seafood, Fast Food",4.6,5,,(773) 558-6609,"3517 N Spaulding, Chicago, IL 60618",Chicago,60618,41.94536,-87.7094,False,https://www.yelp.com/biz/lloyds-upscale-street-food-chicago?adjust_creative=SzinwiLH3jdq-oS1oNeLxg&utm_campaign=yelp_api_v3&utm_medium=api_v3_business_search&utm_source=SzinwiLH3jdq-oS1oNeLxg,
7TMNOcYT0YUCG78QfhtyKw,SzeChuan Alley,Mariscos,"Szechuan, Seafood, Soup",4.6,27,,(312) 526-3938,"3141 S Halsted St, Chicago, IL 60608",Chicago,60608,41.836848858352674,-87.64601952666533,False,https://www.yelp.com/biz/szechuan-alley-chicago?adjust_creative=SzinwiLH3jdq-oS1oNeLxg&utm_campaign=yelp_api_v3&utm_medium=api_v3_business_search&utm_source=SzinwiLH3jdq-oS1oNeLxg,
_xRAgS41XcT4eoJ5BAW7Pg,Phoenix Restaurant,Mariscos,"Dim Sum, Seafood, Cantonese",3.4,926,$$,(312) 328-0848,"2131 S Archer Ave, Chicago, IL 60616",Chicago,60616,41.8534698486328,-87.6329345703125,False,https://www.yelp.com/biz/phoenix-restaurant-chicago?adjust_creative=SzinwiLH3jdq-oS1oNeLxg&utm_campaign=yelp_api_v3&utm_medium=api_v3_business_search&utm_source=SzinwiLH3jdq-oS1oNeLxg,2.0
9dp345PgHiq7IJDwagZpHg,Corazon Tequilero,Mariscos,"Mexican, Seafood, Steakhouses",4.8,6,,(708) 831-5175,"3235 N Central Ave, Chicago, IL 60641",Chicago,60641,41.93973138518178,-87.76622917503119,False,https://www.yelp.com/biz/corazon-tequilero-chicago?adjust_creative=SzinwiLH3jdq-oS1oNeLxg&utm_campaign=yelp_api_v3&utm_medium=api_v3_business_search&utm_source=SzinwiLH3jdq-oS1oNeLxg,
kaK0pZ_YEYprwQZPiQhURg,Briny Swine Smokehouse & Oyster Bar,Mariscos,"Barbeque, Smokehouse, Seafood",3.8,142,,(773) 698-6012,"2577 N Clark St, Chicago, IL 60614",Chicago,60614,41.929972663048865,-87.64289756090191,False,https://www.yelp.com/biz/briny-swine-smokehouse-and-oyster-bar-chicago-2?adjust_creative=SzinwiLH3jdq-oS1oNeLxg&utm_campaign=yelp_api_v3&utm_medium=api_v3_business_search&utm_source=SzinwiLH3jdq-oS1oNeLxg,
PKG7oZgjMmrpcK0Fy3UIJg,Brown Bag Seafood,Mariscos,"Seafood, Salad, Sandwiches",4.0,57,$$,(312) 526-3313,"150 N Riverside Plaza, Chicago, IL 60606",Chicago,60606,41.88536939999999,-87.6385344,False,https://www.yelp.com/biz/brown-bag-seafood-chicago-15?adjust_creative=SzinwiLH3jdq-oS1oNeLxg&utm_campaign=yelp_api_v3&utm_medium=api_v3_business_search&utm_source=SzinwiLH3jdq-oS1oNeLxg,2.0
CacV51UrPVMjTxZ4yyjILg,Gao's Kabob Sports Grill,Mariscos,"Barbeque, Chinese, Seafood",3.8,194,$$,(312) 526-3836,"232 W 22nd Pl, Chicago, IL 60616",Chicago,60616,41.852276,-87.633509,False,https://www.yelp.com/biz/gaos-kabob-sports-grill-chicago-2?adjust_creative=SzinwiLH3jdq-oS1oNeLxg&utm_campaign=yelp_api_v3&utm_medium=api_v3_business_search&utm_source=SzinwiLH3jdq-oS1oNeLxg,2.0
ulfVpqwv8N1qmDVojVwi4w,J & K Golden Wok,Mariscos,"Chinese, Juice Bars & Smoothies, Seafood",4.7,15,,(872) 946-7200,"3329 N Milwaukee Ave, Chicago, IL 60641",Chicago,60641,41.94186,-87.7278,False,https://www.yelp.com/biz/j-and-k-golden-wok-chicago?adjust_creative=SzinwiLH3jdq-oS1oNeLxg&utm_campaign=yelp_api_v3&utm_medium=api_v3_business_search&utm_source=SzinwiLH3jdq-oS1oNeLxg,
d0XtFPtDQhlXXTY-9uCxAA,Taqueria Traspasada,Mariscos,"Mexican, Seafood",3.9,312,$$,(773) 539-4533,"3144 N California Ave, Chicago, IL 60618",Chicago,60618,41.9389724731445,-87.698112487793,False,https://www.yelp.com/biz/taqueria-traspasada-chicago-4?adjust_creative=SzinwiLH3jdq-oS1oNeLxg&utm_campaign=yelp_api_v3&utm_medium=api_v3_business_search&utm_source=SzinwiLH3jdq-oS1oNeLxg,2.0
jKKFQGqgYBTQVx9P0hdb9w,The Radicle,Mariscos,"Italian, Seafood, Cocktail Bars",4.4,18,,,"2523 N Milwaukee Ave, Chicago, IL 60647",Chicago,60647,41.927302342288556,-87.70415615290403,False,https://www.yelp.com/biz/the-radicle-chicago-3?adjust_creative=SzinwiLH3jdq-oS1oNeLxg&utm_campaign=yelp_api_v3&utm_medium=api_v3_business_search&utm_source=SzinwiLH3jdq-oS1oNeLxg,
ZB1EJW6ejU4zinztbPVNhg,El Nuevo Langostino,Mariscos,"Seafood, Mexican",4.2,17,,(773) 604-5067,"3111 W Montrose Ave, Chicago, IL 60618",Chicago,60618,41.961113916138,-87.7062811,False,https://www.yelp.com/biz/el-nuevo-langostino-chicago?adjust_creative=SzinwiLH3jdq-oS1oNeLxg&utm_campaign=yelp_api_v3&utm_medium=api_v3_business_search&utm_source=SzinwiLH3jdq-oS1oNeLxg,
hu2gl_WihMA6O4p2mG-m4w,Lawrence Fish Market Chinatown,Mariscos,"Bubble Tea, Sushi Bars, Seafood",4.2,91,,(312) 312-2118,"234 W 31st St, Chicago, IL 60616",Chicago,60616,41.838395,-87.633111,False,https://www.yelp.com/biz/lawrence-fish-market-chinatown-chicago?adjust_creative=SzinwiLH3jdq-oS1oNeLxg&utm_campaign=yelp_api_v3&utm_medium=api_v3_business_search&utm_source=SzinwiLH3jdq-oS1oNeLxg,
g4C-9YFKadJ-cAc00IS3dg,Baha Restaurant,Mariscos,"Seafood, Mexican, Cocktail Bars",4.3,88,$$,(773) 283-8984,"4842 W Diversey Ave, Chicago, IL 60639",Chicago,60639,41.93177,-87.7484,False,https://www.yelp.com/biz/baha-restaurant-chicago-2?adjust_creative=SzinwiLH3jdq-oS1oNeLxg&utm_campaign=yelp_api_v3&utm_medium=api_v3_business_search&utm_source=SzinwiLH3jdq-oS1oNeLxg,2.0
Sm5u-Dj4ByVdf_UL8Zepsw,Brown Bag Seafood,Mariscos,"Salad, Seafood, Sandwiches",4.4,95,,(312) 363-3297,"1 W Division St, Chicago, IL 60610",Chicago,60610,41.903709,-87.628905,False,https://www.yelp.com/biz/brown-bag-seafood-chicago-20?adjust_creative=SzinwiLH3jdq-oS1oNeLxg&utm_campaign=yelp_api_v3&utm_medium=api_v3_business_search&utm_source=SzinwiLH3jdq-oS1oNeLxg,
10m2q7UrnMNWwTYq2FXsZA,Leon's Best BBQ & Grill,Mariscos,"Barbeque, Seafood, Sandwiches",4.0,2,,(773) 891-4804,"2537 S Wabash Ave, Chicago, IL 60616",Chicago,60616,41.846463012073414,-87.62490437308197,False,https://www.yelp.com/biz/leons-best-bbq-and-grill-chicago?adjust_creative=SzinwiLH3jdq-oS1oNeLxg&utm_campaign=yelp_api_v3&utm_medium=api_v3_business_search&utm_source=SzinwiLH3jdq-oS1oNeLxg,
E2-s3Of1VnH6x_2ZYr3G6g,Sharks Fish & Chicken,Mariscos,"Seafood, Chicken Wings, Seafood Markets",3.8,9,$,(773) 722-4200,"338 S California Ave, Chicago, IL 60612",Chicago,60612,41.8762231,-87.6962749,False,https://www.yelp.com/biz/sharks-fish-and-chicken-chicago-15?adjust_creative=SzinwiLH3jdq-oS1oNeLxg&utm_campaign=yelp_api_v3&utm_medium=api_v3_business_search&utm_source=SzinwiLH3jdq-oS1oNeLxg,1.0
nH-xjJ4CzY4DMvVuI-O1zA,Two Fish Crab Shack,Mariscos,"Seafood, Southern",3.7,494,$$$,(773) 855-8845,"641 E 47th St, Chicago, IL 60653",Chicago,60653,41.80922,-87.60971,False,https://www.yelp.com/biz/two-fish-crab-shack-chicago?adjust_creative=SzinwiLH3jdq-oS1oNeLxg&utm_campaign=yelp_api_v3&utm_medium=api_v3_business_search&utm_source=SzinwiLH3jdq-oS1oNeLxg,3.0
CWPxh2qAN-JwD_eQXfPwjA,Han 202,Mariscos,"Chinese, Seafood",4.1,335,$$$,(312) 949-1314,"605 W 31st St, Chicago, IL 60616",Chicago,60616,41.837927,-87.641755,False,https://www.yelp.com/biz/han-202-chicago?adjust_creative=SzinwiLH3jdq-oS1oNeLxg&utm_campaign=yelp_api_v3&utm_medium=api_v3_business_search&utm_source=SzinwiLH3jdq-oS1oNeLxg,3.0
9z2nTn_ml_Vg5DVwxkWY_A,Cousins Maine Lobster - Chicago,Mariscos,"Seafood, Sandwiches, Food Trucks",3.2,91,,(309) 423-3699,"Chicago, IL 60604",Chicago,60604,41.878142,-87.628371,False,https://www.yelp.com/biz/cousins-maine-lobster-chicago-chicago-3?adjust_creative=SzinwiLH3jdq-oS1oNeLxg&utm_campaign=yelp_api_v3&utm_medium=api_v3_business_search&utm_source=SzinwiLH3jdq-oS1oNeLxg,
9-wt77qJQbtxYCp8t5iRLg,Hon Kee BBQ & Seafood,Mariscos,"Barbeque, Seafood, Cantonese",3.9,364,$$,(773) 878-6650,"5009 N Winthrop Ave, Chicago, IL 60640",Chicago,60640,41.97367647637678,-87.65762776441782,False,https://www.yelp.com/biz/hon-kee-bbq-and-seafood-chicago?adjust_creative=SzinwiLH3jdq-oS1oNeLxg&utm_campaign=yelp_api_v3&utm_medium=api_v3_business_search&utm_source=SzinwiLH3jdq-oS1oNeLxg,2.0
ZXcnjAdJT08PVDCZlzepgQ,Frank's Chicago Shrimp House II,Mariscos,Seafood,4.2,129,$$,(773) 286-2533,"5052 W Irving Park Rd, Chicago, IL 60641",Chicago,60641,41.9535058,-87.7542972,False,https://www.yelp.com/biz/franks-chicago-shrimp-house-ii-chicago-2?adjust_creative=SzinwiLH3jdq-oS1oNeLxg&utm_campaign=yelp_api_v3&utm_medium=api_v3_business_search&utm_source=SzinwiLH3jdq-oS1oNeLxg,2.0
4-uKJdGyT0iZmu3rbSDwBw,Great Sea Restaurant,Mariscos,"Chinese, Chicken Wings, Seafood",3.9,822,$$,(773) 478-9129,"3253 W Lawrence Ave, Chicago, IL 60625",Chicago,60625,41.96817,-87.71063,False,https://www.yelp.com/biz/great-sea-restaurant-chicago?adjust_creative=SzinwiLH3jdq-oS1oNeLxg&utm_campaign=yelp_api_v3&utm_medium=api_v3_business_search&utm_source=SzinwiLH3jdq-oS1oNeLxg,2.0
edrLSAlkva2mTzvUeTepSQ,Mariscos Y Taqueria Chemas 2,Mariscos,"Mexican, Seafood, Cocktail Bars",4.5,12,,(773) 698-6804,"3721 W Fullerton Ave, Chicago, IL 60647",Chicago,60647,41.924312,-87.72031,False,https://www.yelp.com/biz/mariscos-y-taqueria-chemas-2-chicago?adjust_creative=SzinwiLH3jdq-oS1oNeLxg&utm_campaign=yelp_api_v3&utm_medium=api_v3_business_search&utm_source=SzinwiLH3jdq-oS1oNeLxg,
Urvf9OUg6eyBkLN2IYpxCA,Curry Kitchen,Mariscos,"Indian, Himalayan/Nepalese, Seafood",4.9,40,,(708) 831-5546,"5304 W Devon Ave, Chicago, IL 60646",Chicago,60646,41.997623,-87.760959,False,https://www.yelp.com/biz/curry-kitchen-chicago?adjust_creative=SzinwiLH3jdq-oS1oNeLxg&utm_campaign=yelp_api_v3&utm_medium=api_v3_business_search&utm_source=SzinwiLH3jdq-oS1oNeLxg,
dlDEA0k8LNahHQ-O20OjBw,Los Molcajetes,Mariscos,"Mexican, Seafood, Cocktail Bars",4.4,10,,(773) 539-4398,"3830 W Lawrence Ave, Chicago, IL 60625",Chicago,60625,41.96842,-87.72458,False,https://www.yelp.com/biz/los-molcajetes-chicago-2?adjust_creative=SzinwiLH3jdq-oS1oNeLxg&utm_campaign=yelp_api_v3&utm_medium=api_v3_business_search&utm_source=SzinwiLH3jdq-oS1oNeLxg,
UeXyW_iYKrTkPIKL3Hm2dw,Azul,Mariscos,Seafood,3.3,406,,(773) 770-3766,"1177 N Elston Ave, Chicago, IL 60642",Chicago,60642,41.90323,-87.65771,False,https://www.yelp.com/biz/azul-chicago-2?adjust_creative=SzinwiLH3jdq-oS1oNeLxg&utm_campaign=yelp_api_v3&utm_medium=api_v3_business_search&utm_source=SzinwiLH3jdq-oS1oNeLxg,
xM3rdKK2YiazFDD4GnjZ8A,Stetsons Modern Steak + Sushi,Mariscos,"Sushi Bars, Steakhouses, Seafood",4.0,235,$$$,(312) 239-4491,"151 E Wacker Dr, Chicago, IL 60601",Chicago,60601,41.8873352808554,-87.6220776735412,False,https://www.yelp.com/biz/stetsons-modern-steak-sushi-chicago-2?adjust_creative=SzinwiLH3jdq-oS1oNeLxg&utm_campaign=yelp_api_v3&utm_medium=api_v3_business_search&utm_source=SzinwiLH3jdq-oS1oNeLxg,3.0
ON9-7xX1ADzZPNkIIt3AiQ,Oh My Crab,Mariscos,Seafood,4.5,32,,(708) 708-5665,"5665 N Lincoln Ave, Chicago, IL 60659",Chicago,60659,41.984592589210685,-87.6971593,False,https://www.yelp.com/biz/oh-my-crab-chicago?adjust_creative=SzinwiLH3jdq-oS1oNeLxg&utm_campaign=yelp_api_v3&utm_medium=api_v3_business_search&utm_source=SzinwiLH3jdq-oS1oNeLxg,
l-_sDyPCS43_dWl7qnhgUA,Hong Huah,Mariscos,"Chinese, Seafood, Vegetarian",4.0,127,$,(773) 889-4800,"5924 W Fullerton Ave, Chicago, IL 60639",Chicago,60639,41.9241333007812,-87.7743301391602,False,https://www.yelp.com/biz/hong-huah-chicago?adjust_creative=SzinwiLH3jdq-oS1oNeLxg&utm_campaign=yelp_api_v3&utm_medium=api_v3_business_search&utm_source=SzinwiLH3jdq-oS1oNeLxg,1.0
72WarrgBvCzQuh3g5-ItZA,Borinquen,Mariscos,"Seafood, Sandwiches, Puerto Rican",3.6,302,$$,(773) 442-8001,"3811 N Western Ave, Chicago, IL 60618",Chicago,60618,41.95075,-87.68799,False,https://www.yelp.com/biz/borinquen-chicago?adjust_creative=SzinwiLH3jdq-oS1oNeLxg&utm_campaign=yelp_api_v3&utm_medium=api_v3_business_search&utm_source=SzinwiLH3jdq-oS1oNeLxg,2.0
uLp2Ymc019gli2sdeEF-cQ,Mariscos La Costa,Mariscos,"Mexican, Seafood",3.8,271,$$,(773) 853-2057,"3119 N Central Ave, Chicago, IL 60641",Chicago,60641,41.937397,-87.766108,False,https://www.yelp.com/biz/mariscos-la-costa-chicago-6?adjust_creative=SzinwiLH3jdq-oS1oNeLxg&utm_campaign=yelp_api_v3&utm_medium=api_v3_business_search&utm_source=SzinwiLH3jdq-oS1oNeLxg,2.0
34C7qV4KzeOyRWZId6pl_g,Smith & Wollensky - Chicago,Mariscos,"Steakhouses, Seafood, New American",3.7,1340,$$$$,(312) 670-9900,"318 N State St, Chicago, IL 60654",Chicago,60654,41.887935,-87.628523,False,https://www.yelp.com/biz/smith-and-wollensky-chicago-chicago-2?adjust_creative=SzinwiLH3jdq-oS1oNeLxg&utm_campaign=yelp_api_v3&utm_medium=api_v3_business_search&utm_source=SzinwiLH3jdq-oS1oNeLxg,4.0
mUYfbaCdKGW0ZY2xsxVx2g,My Place,Mariscos,"Chinese, Juice Bars & Smoothies, Seafood",3.5,278,$$,(312) 763-6935,"1906 S State St, Chicago, IL 60616",Chicago,60616,41.85608209999999,-87.6274846,False,https://www.yelp.com/biz/my-place-chicago-5?adjust_creative=SzinwiLH3jdq-oS1oNeLxg&utm_campaign=yelp_api_v3&utm_medium=api_v3_business_search&utm_source=SzinwiLH3jdq-oS1oNeLxg,2.0
4cnau4JZDHb5V00MMzNSAQ,The Palm - Chicago,Mariscos,"Steakhouses, Seafood",3.4,178,,(312) 616-1000,"323 E Wacker Dr, Chicago, IL 60601",Chicago,60601,41.8874577,-87.6195718,False,https://www.yelp.com/biz/the-palm-chicago-chicago-3?adjust_creative=SzinwiLH3jdq-oS1oNeLxg&utm_campaign=yelp_api_v3&utm_medium=api_v3_business_search&utm_source=SzinwiLH3jdq-oS1oNeLxg,
SLCqe2v-sktAK7w5DvaRHw,Madison Crab House,Mariscos,"Cajun/Creole, Bars, Seafood",3.9,235,$$,(312) 600-9996,"1045 W Madison St, Chicago, IL 60607",Chicago,60607,41.88137,-87.65381,False,https://www.yelp.com/biz/madison-crab-house-chicago?adjust_creative=SzinwiLH3jdq-oS1oNeLxg&utm_campaign=yelp_api_v3&utm_medium=api_v3_business_search&utm_source=SzinwiLH3jdq-oS1oNeLxg,2.0
MUmOoa2Zg2B2qBq1VHTNaA,Ban Po Jung,Mariscos,"Korean, Soup, Seafood",4.1,322,$$,(773) 583-5209,"3450 W Foster Ave, Chicago, IL 60625",Chicago,60625,41.97599,-87.715585,False,https://www.yelp.com/biz/ban-po-jung-chicago-2?adjust_creative=SzinwiLH3jdq-oS1oNeLxg&utm_campaign=yelp_api_v3&utm_medium=api_v3_business_search&utm_source=SzinwiLH3jdq-oS1oNeLxg,2.0
jb_aOQVacq5I0psJj13WAg,Captain Shrimp,Mariscos,Seafood,3.9,279,$,(773) 244-1008,"1901 W Irving Park Rd, Chicago, IL 60613",Chicago,60613,41.95389,-87.67648,False,https://www.yelp.com/biz/captain-shrimp-chicago?adjust_creative=SzinwiLH3jdq-oS1oNeLxg&utm_campaign=yelp_api_v3&utm_medium=api_v3_business_search&utm_source=SzinwiLH3jdq-oS1oNeLxg,1.0
S6V628WKkM7KIkpbEYr_ww,New Furama Restaurant,Mariscos,"Dim Sum, Cantonese, Seafood",3.9,219,$$,(312) 225-6888,"2828 S Wentworth Ave, Chicago, IL 60616",Chicago,60616,41.841576,-87.632042,False,https://www.yelp.com/biz/new-furama-restaurant-chicago-3?adjust_creative=SzinwiLH3jdq-oS1oNeLxg&utm_campaign=yelp_api_v3&utm_medium=api_v3_business_search&utm_source=SzinwiLH3jdq-oS1oNeLxg,2.0
7jlSHTAbqcEypfajSMwUGw,Tasty China,Mariscos,"Chinese, Seafood, Soup",3.2,52,$,(773) 292-6389,"3315 W North Ave, Chicago, IL 60647",Chicago,60647,41.909768015579154,-87.71014517379501,False,https://www.yelp.com/biz/tasty-china-chicago?adjust_creative=SzinwiLH3jdq-oS1oNeLxg&utm_campaign=yelp_api_v3&utm_medium=api_v3_business_search&utm_source=SzinwiLH3jdq-oS1oNeLxg,1.0
69g5xpZ5RUuQCWnwsrCJuQ,Big Shrimpin,Mariscos,Seafood,5.0,9,,,"5963 W Madison St, Chicago, IL 60644",Chicago,60644,41.879910508949834,-87.77418091893196,False,https://www.yelp.com/biz/big-shrimpin-chicago?adjust_creative=SzinwiLH3jdq-oS1oNeLxg&utm_campaign=yelp_api_v3&utm_medium=api_v3_business_search&utm_source=SzinwiLH3jdq-oS1oNeLxg,
1hT0LIdYcCeJcmzAbb7Nxg,Rinconcito Ecuatoriano,Mariscos,Seafood,3.7,56,$$,(773) 866-2066,"3041 W Irving Park Rd, Chicago, IL 60618",Chicago,60618,41.9538036661574,-87.7047489210963,False,https://www.yelp.com/biz/rinconcito-ecuatoriano-chicago-3?adjust_creative=SzinwiLH3jdq-oS1oNeLxg&utm_campaign=yelp_api_v3&utm_medium=api_v3_business_search&utm_source=SzinwiLH3jdq-oS1oNeLxg,2.0
1QKqtC4vML3QhkrSzwR_tQ,Wakamono,Mariscos,"Sushi Bars, Seafood, Asian Fusion",3.6,596,$$,(773) 296-6800,"3313 N Broadway Ave, Chicago, IL 60657",Chicago,60657,41.9423546,-87.6442834,False,https://www.yelp.com/biz/wakamono-chicago-2?adjust_creative=SzinwiLH3jdq-oS1oNeLxg&utm_campaign=yelp_api_v3&utm_medium=api_v3_business_search&utm_source=SzinwiLH3jdq-oS1oNeLxg,2.0
dkTxj40vdNfdhDCyiKHlrg,Local Option,Mariscos,"Seafood, Cajun/Creole, Beer Bar",3.7,397,$$,(773) 348-2008,"1102 W Webster Ave, Chicago, IL 60614",Chicago,60614,41.921953,-87.656166,False,https://www.yelp.com/biz/local-option-chicago?adjust_creative=SzinwiLH3jdq-oS1oNeLxg&utm_campaign=yelp_api_v3&utm_medium=api_v3_business_search&utm_source=SzinwiLH3jdq-oS1oNeLxg,2.0
4XDs65WagDMv2Ud2JrCxJQ,El Tecolote,Mariscos,"Mexican, Seafood",4.1,28,$$,(773) 277-1490,"3519 W 26th St, Chicago, IL 60623",Chicago,60623,41.8443067,-87.7132626,False,https://www.yelp.com/biz/el-tecolote-chicago?adjust_creative=SzinwiLH3jdq-oS1oNeLxg&utm_campaign=yelp_api_v3&utm_medium=api_v3_business_search&utm_source=SzinwiLH3jdq-oS1oNeLxg,2.0
q2AH0AXUhjIFe4Lv30LLHQ,Morikawa Bento,Mariscos,"Japanese, Seafood, Noodles",3.0,26,,(773) 840-8833,"3517 N Spaulding Ave, Chicago, IL 60618",Chicago,60618,41.94561619894397,-87.70959674409681,False,https://www.yelp.com/biz/morikawa-bento-chicago?adjust_creative=SzinwiLH3jdq-oS1oNeLxg&utm_campaign=yelp_api_v3&utm_medium=api_v3_business_search&utm_source=SzinwiLH3jdq-oS1oNeLxg,
D2etrACLyKAs4uxzVl2Ofw,Shula's Steak House,Mariscos,"Steakhouses, Seafood, American",3.4,240,$$$$,(312) 670-0778,"301 E N Water St, Chicago, IL 60611",Chicago,60611,41.889274,-87.620204,False,https://www.yelp.com/biz/shulas-steak-house-chicago-2?adjust_creative=SzinwiLH3jdq-oS1oNeLxg&utm_campaign=yelp_api_v3&utm_medium=api_v3_business_search&utm_source=SzinwiLH3jdq-oS1oNeLxg,4.0
2droxjseleErPiJBqkdASg,Shrimp stop,Mariscos,Seafood,4.1,8,,(773) 823-1964,"3849 W Madison, Chicago, IL 60624",Chicago,60624,41.88054,-87.72277,False,https://www.yelp.com/biz/shrimp-stop-chicago-2?adjust_creative=SzinwiLH3jdq-oS1oNeLxg&utm_campaign=yelp_api_v3&utm_medium=api_v3_business_search&utm_source=SzinwiLH3jdq-oS1oNeLxg,
xxQ9rxfzRTikEvXhS4Jn_w,S2 Express Grill,Mariscos,"Seafood, Diners, Breakfast & Brunch",4.1,41,,(312) 265-0595,"420 S Clark St, Chicago, IL 60605",Chicago,60605,41.87635,-87.63106,False,https://www.yelp.com/biz/s2-express-grill-chicago-4?adjust_creative=SzinwiLH3jdq-oS1oNeLxg&utm_campaign=yelp_api_v3&utm_medium=api_v3_business_search&utm_source=SzinwiLH3jdq-oS1oNeLxg,
QEbDPN0V2VD80PGaJkXgnQ,Happy Lobster,Mariscos,Seafood,3.8,23,,,"15 W Washington St, Chicago, IL 60602",Chicago,60602,41.883764092186844,-87.6286271153422,False,https://www.yelp.com/biz/happy-lobster-chicago-3?adjust_creative=SzinwiLH3jdq-oS1oNeLxg&utm_campaign=yelp_api_v3&utm_medium=api_v3_business_search&utm_source=SzinwiLH3jdq-oS1oNeLxg,
t2H6luaE5xctp2I6bCYObw,Southern Twang,Mariscos,"Food Delivery Services, Southern, Seafood",4.0,21,,(312) 576-5955,"3517 N Spaulding Ave, Chicago, IL 60618",Chicago,60618,41.945431,-87.709355,False,https://www.yelp.com/biz/southern-twang-chicago?adjust_creative=SzinwiLH3jdq-oS1oNeLxg&utm_campaign=yelp_api_v3&utm_medium=api_v3_business_search&utm_source=SzinwiLH3jdq-oS1oNeLxg,
cKH4p-pGXtr7Cl091uxPXg,Jin Asian Cafe,Mariscos,"Chinese, Japanese, Seafood",3.7,80,$$,(773) 248-1133,"1053 W Belmont Ave, Chicago, IL 60657",Chicago,60657,41.9396324157715,-87.656135559082,False,https://www.yelp.com/biz/jin-asian-cafe-chicago?adjust_creative=SzinwiLH3jdq-oS1oNeLxg&utm_campaign=yelp_api_v3&utm_medium=api_v3_business_search&utm_source=SzinwiLH3jdq-oS1oNeLxg,2.0
n4VV7g-g9cZ8lvJZbl_Mhw,Straightlaw Cooking & Catering,Mariscos,"Diners, Seafood, Breakfast & Brunch",5.0,4,,(312) 787-8529,"3334 W Chicago Ave, CHICAGO, IL 60651",Chicago,60651,41.895652517339535,-87.7102972,False,https://www.yelp.com/biz/straightlaw-cooking-and-catering-chicago?adjust_creative=SzinwiLH3jdq-oS1oNeLxg&utm_campaign=yelp_api_v3&utm_medium=api_v3_business_search&utm_source=SzinwiLH3jdq-oS1oNeLxg,
lw6gU89SJp_TWn50sxsjpQ,Perfect Brunch Bros,Mariscos,"Breakfast & Brunch, Seafood, American",4.5,35,,(872) 330-2418,"4661 N Kedzie Ave, Chicago, IL 60625",Chicago,60625,41.96648550918404,-87.7081403,False,https://www.yelp.com/biz/perfect-brunch-bros-chicago?adjust_creative=SzinwiLH3jdq-oS1oNeLxg&utm_campaign=yelp_api_v3&utm_medium=api_v3_business_search&utm_source=SzinwiLH3jdq-oS1oNeLxg,
f_ZNM7a1GK_VAhy7CsQZLA,Morena's Kitchen,Mariscos,"Seafood, Caribbean",3.0,1,,(773) 687-9848,"3758 W North Ave, Chicago, IL 60647",Chicago,60647,41.91012286559553,-87.72126281467935,False,https://www.yelp.com/biz/morenas-kitchen-chicago-2?adjust_creative=SzinwiLH3jdq-oS1oNeLxg&utm_campaign=yelp_api_v3&utm_medium=api_v3_business_search&utm_source=SzinwiLH3jdq-oS1oNeLxg,
n1ocIlNdMgW43LcQBTlyqw,Gioia Ristorante e Pastificio,Mariscos,"Italian, Seafood, Cocktail Bars",3.7,158,,(773) 672-8955,"1133 W Randolph St, Chicago, IL 60607",Chicago,60607,41.883939841215586,-87.65584963099711,False,https://www.yelp.com/biz/gioia-ristorante-e-pastificio-chicago-2?adjust_creative=SzinwiLH3jdq-oS1oNeLxg&utm_campaign=yelp_api_v3&utm_medium=api_v3_business_search&utm_source=SzinwiLH3jdq-oS1oNeLxg,
ScDtNM3Jdm_2CM1mYQcWGA,Haire’s Gulf Shrimp,Mariscos,Seafood,3.6,31,,(773) 500-9082,"1156 S Jefferson St, Chicago, IL 60607",Chicago,60607,41.8674925550016,-87.64199372240108,False,https://www.yelp.com/biz/haire-s-gulf-shrimp-chicago?adjust_creative=SzinwiLH3jdq-oS1oNeLxg&utm_campaign=yelp_api_v3&utm_medium=api_v3_business_search&utm_source=SzinwiLH3jdq-oS1oNeLxg,
OSOGRBCmY2QxC6ghsSQijg,Shawarma Inn,Mariscos,"Middle Eastern, Seafood, Soup",3.9,378,$$,(773) 271-7777,"5523 N Lincoln Ave, Chicago, IL 60625",Chicago,60625,41.98279662884344,-87.69319192104022,False,https://www.yelp.com/biz/shawarma-inn-chicago?adjust_creative=SzinwiLH3jdq-oS1oNeLxg&utm_campaign=yelp_api_v3&utm_medium=api_v3_business_search&utm_source=SzinwiLH3jdq-oS1oNeLxg,2.0
sU4fq-TWOhvJcjFI5GLL3w,The Grillroom Chophouse & Wine Bar,Mariscos,"Steakhouses, Seafood, Wine Bars",3.4,389,$$$$,(312) 960-0000,"33 W Monroe St, Chicago, IL 60603",Chicago,60603,41.88037,-87.62858,False,https://www.yelp.com/biz/the-grillroom-chophouse-and-wine-bar-chicago-2?adjust_creative=SzinwiLH3jdq-oS1oNeLxg&utm_campaign=yelp_api_v3&utm_medium=api_v3_business_search&utm_source=SzinwiLH3jdq-oS1oNeLxg,4.0
8rEhtEI7BkEc1DBIJWwwGw,Piranha’s Grill,Mariscos,"Seafood, Chicken Wings, Food Delivery Services",4.4,12,,(312) 374-3090,"2351 W Grand Ave., Chicago, IL 60612",Chicago,60612,41.89043,-87.68628,False,https://www.yelp.com/biz/piranha-s-grill-chicago?adjust_creative=SzinwiLH3jdq-oS1oNeLxg&utm_campaign=yelp_api_v3&utm_medium=api_v3_business_search&utm_source=SzinwiLH3jdq-oS1oNeLxg,
4DJhNPUlIWQNUy7MBXL49g,Mariscos Los Cuates,Mariscos,Seafood,5.0,2,,(312) 796-3179,"1807 S Ashland Ave, Chicago, IL 60608",Chicago,60608,41.857495630968344,-87.66582869999999,False,https://www.yelp.com/biz/mariscos-los-cuates-chicago?adjust_creative=SzinwiLH3jdq-oS1oNeLxg&utm_campaign=yelp_api_v3&utm_medium=api_v3_business_search&utm_source=SzinwiLH3jdq-oS1oNeLxg,
MLbwJYxXiIDR35Ooeh50Iw,3Kings Jerk And Soul,Mariscos,"Soul Food, Seafood, Fast Food",4.1,7,,(773) 887-5788,"556 N Cicero Ave, Chicago, IL 60644",Chicago,60644,41.89124472330843,-87.74596600000001,False,https://www.yelp.com/biz/3kings-jerk-and-soul-chicago?adjust_creative=SzinwiLH3jdq-oS1oNeLxg&utm_campaign=yelp_api_v3&utm_medium=api_v3_business_search&utm_source=SzinwiLH3jdq-oS1oNeLxg,
qtC0wdsSueBSiO5DJq7CTQ,Mariscos El Abuelo Y Yo Seafood,Mariscos,"Mexican, Seafood",4.1,53,$$,(773) 247-9110,"3752 S Kedzie, Chicago, IL 60632",Chicago,60632,41.82452,-87.70478,False,https://www.yelp.com/biz/mariscos-el-abuelo-y-yo-seafood-chicago?adjust_creative=SzinwiLH3jdq-oS1oNeLxg&utm_campaign=yelp_api_v3&utm_medium=api_v3_business_search&utm_source=SzinwiLH3jdq-oS1oNeLxg,2.0
Of7efHUmHcs7FhNc5_bQ7g,Brown Bag Seafood,Mariscos,"Seafood, Salad, Sandwiches",3.9,119,$$,(312) 846-6774,"414 N Wells St, Chicago, IL 60654",Chicago,60654,41.8897685,-87.63428187692965,False,https://www.yelp.com/biz/brown-bag-seafood-chicago-13?adjust_creative=SzinwiLH3jdq-oS1oNeLxg&utm_campaign=yelp_api_v3&utm_medium=api_v3_business_search&utm_source=SzinwiLH3jdq-oS1oNeLxg,2.0
ywZdqe57hTKm2sXa8F33Fg,The Fish Guy,Mariscos,"Seafood Markets, Restaurant Supplies, Seafood",4.1,103,$$,(773) 283-7400,"4423 N Elston Ave, Chicago, IL 60686",Chicago,60686,41.9614035,-87.7302025,False,https://www.yelp.com/biz/the-fish-guy-chicago?adjust_creative=SzinwiLH3jdq-oS1oNeLxg&utm_campaign=yelp_api_v3&utm_medium=api_v3_business_search&utm_source=SzinwiLH3jdq-oS1oNeLxg,2.0
0YsBG64vgAFIb2mZISy-Eg,Maya's Nayarit,Mariscos,"Seafood, New Mexican Cuisine",3.6,5,,(773) 799-8087,"4318 W Fullerton Ave, Chicago, IL 60639",Chicago,60639,41.924606,-87.734968,False,https://www.yelp.com/biz/mayas-nayarit-chicago?adjust_creative=SzinwiLH3jdq-oS1oNeLxg&utm_campaign=yelp_api_v3&utm_medium=api_v3_business_search&utm_source=SzinwiLH3jdq-oS1oNeLxg,
vwfiBCFDVoSG1Bd0vC1fJg,El Quetzal,Mariscos,"Latin American, Seafood, Breakfast & Brunch",4.3,28,,(773) 942-6120,"3445 W Lawrence Ave, Chicago, IL 60625",Chicago,60625,41.96818,-87.71515,False,https://www.yelp.com/biz/el-quetzal-chicago-4?adjust_creative=SzinwiLH3jdq-oS1oNeLxg&utm_campaign=yelp_api_v3&utm_medium=api_v3_business_search&utm_source=SzinwiLH3jdq-oS1oNeLxg,
k6-CqrC7IiIsMpypP4vaZw,Las Islas Marias,Mariscos,"Mexican, Seafood",2.6,77,$$,(773) 637-8233,"4770 W Grand Ave, Chicago, IL 60639",Chicago,60639,41.913829,-87.7453618,False,https://www.yelp.com/biz/las-islas-marias-chicago-3?adjust_creative=SzinwiLH3jdq-oS1oNeLxg&utm_campaign=yelp_api_v3&utm_medium=api_v3_business_search&utm_source=SzinwiLH3jdq-oS1oNeLxg,2.0
courijd3Rp6kX-lTxVpb5g,Hub's Restaurant,Mariscos,"American, Seafood, Sandwiches",3.2,302,$,(773) 784-4240,"5540 N Lincoln Ave, Chicago, IL 60625",Chicago,60625,41.982071,-87.693835,False,https://www.yelp.com/biz/hubs-restaurant-chicago?adjust_creative=SzinwiLH3jdq-oS1oNeLxg&utm_campaign=yelp_api_v3&utm_medium=api_v3_business_search&utm_source=SzinwiLH3jdq-oS1oNeLxg,1.0
H0KUPkzdtdDmWbelEJpv0w,La Palapa,Mariscos,"Seafood, Tacos",3.3,400,$$,(773) 376-9620,"2000 W 34th St, Chicago, IL 60608",Chicago,60608,41.83242,-87.675553,False,https://www.yelp.com/biz/la-palapa-chicago?adjust_creative=SzinwiLH3jdq-oS1oNeLxg&utm_campaign=yelp_api_v3&utm_medium=api_v3_business_search&utm_source=SzinwiLH3jdq-oS1oNeLxg,2.0
LgZFPb6bLONOP8cdKPW4wg,Mariscos Rio Balsas,Mariscos,"Seafood, Tacos, Beer Bar",4.7,7,,(773) 293-7882,"3040 W Montrose Ave, Chicago, IL 60618",Chicago,60618,41.9614,-87.70504,False,https://www.yelp.com/biz/mariscos-rio-balsas-chicago?adjust_creative=SzinwiLH3jdq-oS1oNeLxg&utm_campaign=yelp_api_v3&utm_medium=api_v3_business_search&utm_source=SzinwiLH3jdq-oS1oNeLxg,
fF5_VmlLDUaMFsp2u0THOw,Lao Sze Chuan - Uptown,Mariscos,"Chinese, Asian Fusion, Seafood",3.3,537,$$,(773) 293-4653,"4832 N Broadway St, Chicago, IL 60640",Chicago,60640,41.970021,-87.659915,False,https://www.yelp.com/biz/lao-sze-chuan-uptown-chicago?adjust_creative=SzinwiLH3jdq-oS1oNeLxg&utm_campaign=yelp_api_v3&utm_medium=api_v3_business_search&utm_source=SzinwiLH3jdq-oS1oNeLxg,2.0
m6laILuYBniixf3qnwQA2A,Lawrence's Fish & Shrimp,Mariscos,"Seafood, Fish & Chips, Fast Food",3.3,620,$$,(312) 225-2113,"2120 S Canal St, Chicago, IL 60616",Chicago,60616,41.8538807,-87.63886,False,https://www.yelp.com/biz/lawrences-fish-and-shrimp-chicago?adjust_creative=SzinwiLH3jdq-oS1oNeLxg&utm_campaign=yelp_api_v3&utm_medium=api_v3_business_search&utm_source=SzinwiLH3jdq-oS1oNeLxg,2.0
hgJHTT3xlvDGqYc1tjHzpw,Costa Alegre Restaurant,Mariscos,"Mexican, Seafood",3.9,7,,(773) 687-9428,"4247 W Armitage, Chicago, IL 60639",Chicago,60639,41.9168,-87.73328,False,https://www.yelp.com/biz/costa-alegre-restaurant-chicago?adjust_creative=SzinwiLH3jdq-oS1oNeLxg&utm_campaign=yelp_api_v3&utm_medium=api_v3_business_search&utm_source=SzinwiLH3jdq-oS1oNeLxg,
xsE51D16rkTI9-cv0lkxkA,Queen Dinner Dash,Mariscos,"Seafood, Soul Food",5.0,1,,(312) 778-2671,"1480 W 34th St, Chicago, IL 60609",Chicago,60609,41.8325613619173,-87.66317643353268,False,https://www.yelp.com/biz/queen-dinner-dash-chicago?adjust_creative=SzinwiLH3jdq-oS1oNeLxg&utm_campaign=yelp_api_v3&utm_medium=api_v3_business_search&utm_source=SzinwiLH3jdq-oS1oNeLxg,
OVULIB0J2lRgw-ytNFcNGQ,Troha's Chicken & Shrimp House,Mariscos,"Seafood, Fish & Chips, Chicken Shop",4.2,121,$$,(773) 521-7847,"4151 W 26th St, Chicago, IL 60623",Chicago,60623,41.843903,-87.728962,False,https://www.yelp.com/biz/trohas-chicken-and-shrimp-house-chicago-2?adjust_creative=SzinwiLH3jdq-oS1oNeLxg&utm_campaign=yelp_api_v3&utm_medium=api_v3_business_search&utm_source=SzinwiLH3jdq-oS1oNeLxg,2.0
yKVQTt7xA-2dtMK9HgUDUg,Coleman's Bar-B-Que No 2,Mariscos,"Barbeque, Seafood, Chicken Wings",3.0,92,$$,(773) 287-0363,"5754 W Chicago Ave, Chicago, IL 60651",Chicago,60651,41.894871,-87.769992,False,https://www.yelp.com/biz/colemans-bar-b-que-no-2-chicago?adjust_creative=SzinwiLH3jdq-oS1oNeLxg&utm_campaign=yelp_api_v3&utm_medium=api_v3_business_search&utm_source=SzinwiLH3jdq-oS1oNeLxg,2.0
llKSnuvdlVtcX1pW7onH-g,Jus Chick Hen,Mariscos,"Seafood, Chicken Wings, Pizza",3.6,8,,(773) 565-4733,"3602 W 16th St, Chicago, IL 60623",Chicago,60623,41.859220056123014,-87.7155294,False,https://www.yelp.com/biz/jus-chick-hen-chicago?adjust_creative=SzinwiLH3jdq-oS1oNeLxg&utm_campaign=yelp_api_v3&utm_medium=api_v3_business_search&utm_source=SzinwiLH3jdq-oS1oNeLxg,
JZ0tKgd5u_XqTpGe5ukGbg,Coyotes Restaurant,Mariscos,"Mexican, Seafood, Breakfast & Brunch",3.8,206,$,(312) 243-8550,"1451 W 18th St, Chicago, IL 60608",Chicago,60608,41.8577212,-87.6634495,False,https://www.yelp.com/biz/coyotes-restaurant-chicago?adjust_creative=SzinwiLH3jdq-oS1oNeLxg&utm_campaign=yelp_api_v3&utm_medium=api_v3_business_search&utm_source=SzinwiLH3jdq-oS1oNeLxg,1.0
2HDDWTluezUpCRAHeSioiQ,Mi Tierra,Mariscos,"Mexican, Bars, Seafood",2.9,315,$$,(773) 254-7722,"2528 S Kedzie Ave, Chicago, IL 60623",Chicago,60623,41.84546489920669,-87.70543532102803,False,https://www.yelp.com/biz/mi-tierra-chicago-3?adjust_creative=SzinwiLH3jdq-oS1oNeLxg&utm_campaign=yelp_api_v3&utm_medium=api_v3_business_search&utm_source=SzinwiLH3jdq-oS1oNeLxg,2.0
sbEcHK89zNFiyJGpaS6bmQ,Dock Street Cafe,Mariscos,"American, Seafood",3.1,16,$$,,"600 E Grand Ave, Navy Pier, Chicago, IL 60611",Chicago,60611,41.89187624948646,-87.60509909694518,False,https://www.yelp.com/biz/dock-street-cafe-chicago?adjust_creative=SzinwiLH3jdq-oS1oNeLxg&utm_campaign=yelp_api_v3&utm_medium=api_v3_business_search&utm_source=SzinwiLH3jdq-oS1oNeLxg,2.0
oEF3R-YnxSO1963tsYorGA,La Minervha,Mariscos,"Sushi Bars, Seafood, Chicken Wings",4.7,3,,(312) 366-2161,"1401 W 18th St, Chicago, IL 60608",Chicago,60608,41.85775,-87.6617,False,https://www.yelp.com/biz/la-minervha-chicago-2?adjust_creative=SzinwiLH3jdq-oS1oNeLxg&utm_campaign=yelp_api_v3&utm_medium=api_v3_business_search&utm_source=SzinwiLH3jdq-oS1oNeLxg,
xIQMi6KD2B6SpqJNoEi1tw,Huafeng,Mariscos,"Chinese, Barbeque, Seafood",4.5,6,,(312) 366-2115,"208 W 24th St, Chicago, IL 60616",Chicago,60616,41.849300989413436,-87.63238989999999,False,https://www.yelp.com/biz/huafeng-chicago?adjust_creative=SzinwiLH3jdq-oS1oNeLxg&utm_campaign=yelp_api_v3&utm_medium=api_v3_business_search&utm_source=SzinwiLH3jdq-oS1oNeLxg,
zmyBs8ReBZw8sJXY-Cxfmw,Fisherman's Island,Mariscos,"Seafood, Fast Food",3.3,14,,(773) 826-1500,"1116 S Kedzie Ave, Chicago, IL 60612",Chicago,60612,41.8675401,-87.7058249,False,https://www.yelp.com/biz/fishermans-island-chicago-5?adjust_creative=SzinwiLH3jdq-oS1oNeLxg&utm_campaign=yelp_api_v3&utm_medium=api_v3_business_search&utm_source=SzinwiLH3jdq-oS1oNeLxg,
IKdU1AzJfX-5mPuDGLvmDA,El Pollo Cris Cris,Mariscos,"Mexican, Seafood, Burgers",3.9,37,$,(773) 523-4060,"2462 S Blue Island Ave, Chicago, IL 60608",Chicago,60608,41.847726822480126,-87.67833147411189,False,https://www.yelp.com/biz/el-pollo-cris-cris-chicago-3?adjust_creative=SzinwiLH3jdq-oS1oNeLxg&utm_campaign=yelp_api_v3&utm_medium=api_v3_business_search&utm_source=SzinwiLH3jdq-oS1oNeLxg,1.0
PlXkdqggPoJz7x2dmBThCQ,Pokē Bowl Co,Mariscos,"Poke, Seafood",3.7,38,$$,(312) 202-6227,"1550 N Kingsbury, Whole Foods Market, Chicago, IL 60642",Chicago,60642,41.908767,-87.652759,False,https://www.yelp.com/biz/pok%C4%93-bowl-co-chicago-2?adjust_creative=SzinwiLH3jdq-oS1oNeLxg&utm_campaign=yelp_api_v3&utm_medium=api_v3_business_search&utm_source=SzinwiLH3jdq-oS1oNeLxg,2.0
Hej3Vzd9VMKUFqsC2NRnog,Hook Fish and Chicken,Mariscos,Seafood,3.6,7,,(773) 722-9566,"4024 W Roosevelt Rd, Chicago, IL 60624",Chicago,60624,41.8662749,-87.7265782,False,https://www.yelp.com/biz/hook-fish-and-chicken-chicago?adjust_creative=SzinwiLH3jdq-oS1oNeLxg&utm_campaign=yelp_api_v3&utm_medium=api_v3_business_search&utm_source=SzinwiLH3jdq-oS1oNeLxg,
xZOtv5pS_O96Sn3UPkBTIQ,Gourmet Food,Mariscos,"Chinese, Seafood",3.6,108,$,(312) 842-3366,"210 W 23rd St, Chicago, IL 60616",Chicago,60616,41.85113,-87.63251,False,https://www.yelp.com/biz/gourmet-food-chicago?adjust_creative=SzinwiLH3jdq-oS1oNeLxg&utm_campaign=yelp_api_v3&utm_medium=api_v3_business_search&utm_source=SzinwiLH3jdq-oS1oNeLxg,1.0
yr2hQj9R2MHAl5tZsndwug,Toro Asian Buffet,Mariscos,"Chinese, Seafood, Asian Fusion",3.4,22,,(773) 698-6001,"4618 W Diversey Ave, Chicago, IL 60639",Chicago,60639,41.933123,-87.742374,False,https://www.yelp.com/biz/toro-asian-buffet-chicago?adjust_creative=SzinwiLH3jdq-oS1oNeLxg&utm_campaign=yelp_api_v3&utm_medium=api_v3_business_search&utm_source=SzinwiLH3jdq-oS1oNeLxg,
31H0Tqmy2uO2j6_wia9VwQ,All Star Seafood and Sports,Mariscos,"Sports Bars, Seafood",3.6,159,,(312) 225-8822,"730 S Clark St, Chicago, IL 60605",Chicago,60605,41.872507,-87.630921,False,https://www.yelp.com/biz/all-star-seafood-and-sports-chicago?adjust_creative=SzinwiLH3jdq-oS1oNeLxg&utm_campaign=yelp_api_v3&utm_medium=api_v3_business_search&utm_source=SzinwiLH3jdq-oS1oNeLxg,
jakkETQISKxYHQ-elirVQg,Las Islas Marias,Mariscos,"Seafood, Cocktail Bars",2.9,41,,(773) 628-7144,"3243 N Pulaski Rd, Chicago, IL 60641",Chicago,60641,41.9404057,-87.72706661736915,False,https://www.yelp.com/biz/las-islas-marias-chicago-15?adjust_creative=SzinwiLH3jdq-oS1oNeLxg&utm_campaign=yelp_api_v3&utm_medium=api_v3_business_search&utm_source=SzinwiLH3jdq-oS1oNeLxg,
U59_LXAFKY3zFmB9-qMv6A,El G-Fe,Mariscos,"Bars, Seafood, Steakhouses",3.8,17,,(773) 306-0685,"4820 S Cicero Ave, Chicago, IL 60638",Chicago,60638,41.805085045511774,-87.74349762883553,False,https://www.yelp.com/biz/el-g-fe-chicago-2?adjust_creative=SzinwiLH3jdq-oS1oNeLxg&utm_campaign=yelp_api_v3&utm_medium=api_v3_business_search&utm_source=SzinwiLH3jdq-oS1oNeLxg,
1UySapAIpFe7xjrHbgXerQ,Indian Clay Pot,Mariscos,"Indian, Halal, Seafood",4.0,282,$$,(773) 857-0473,"1804 W Irving Park Rd, Chicago, IL 60613",Chicago,60613,41.9543617,-87.6744497,False,https://www.yelp.com/biz/indian-clay-pot-chicago?adjust_creative=SzinwiLH3jdq-oS1oNeLxg&utm_campaign=yelp_api_v3&utm_medium=api_v3_business_search&utm_source=SzinwiLH3jdq-oS1oNeLxg,2.0
1OZveu2JDW-U3ITjRktnKA,Hyderabad Kitchen,Mariscos,"Indian, Pakistani, Seafood",3.9,12,,(773) 961-7023,"6242 N California Ave, Chicago, IL 60659",Chicago,60659,41.99524083503218,-87.7000061,False,https://www.yelp.com/biz/hyderabad-kitchen-chicago?adjust_creative=SzinwiLH3jdq-oS1oNeLxg&utm_campaign=yelp_api_v3&utm_medium=api_v3_business_search&utm_source=SzinwiLH3jdq-oS1oNeLxg,
YKcY5xZ3aQBnqAD4QLpqnA,Wok Dong,Mariscos,"Desserts, Seafood, Soup",4.1,11,,(708) 831-5067,"5349 W Belmont Ave, Chicago, IL 60641",Chicago,60641,41.93849222793547,-87.7611389711638,False,https://www.yelp.com/biz/wok-dong-chicago?adjust_creative=SzinwiLH3jdq-oS1oNeLxg&utm_campaign=yelp_api_v3&utm_medium=api_v3_business_search&utm_source=SzinwiLH3jdq-oS1oNeLxg,
g2mcv0d6dImTU8W8Y1UnjA,TNT Rooftop Restaurant,Mariscos,"Seafood, Steakhouses, American",3.4,43,,(773) 417-4529,"5405 W Madison St, Chicago, IL 60644",Chicago,60644,41.88006,-87.76046,False,https://www.yelp.com/biz/tnt-rooftop-restaurant-chicago?adjust_creative=SzinwiLH3jdq-oS1oNeLxg&utm_campaign=yelp_api_v3&utm_medium=api_v3_business_search&utm_source=SzinwiLH3jdq-oS1oNeLxg,
k7T9CrOUyWd8OEPBUkXQiQ,Emiliano’s Restaurant ,Mariscos,"Mexican, Pizza, Seafood",5.0,2,,(773) 277-2533,"3324 W 26th St, Chicago, IL 60623",Chicago,60623,41.844631,-87.708356,False,https://www.yelp.com/biz/emiliano-s-restaurant-chicago?adjust_creative=SzinwiLH3jdq-oS1oNeLxg&utm_campaign=yelp_api_v3&utm_medium=api_v3_business_search&utm_source=SzinwiLH3jdq-oS1oNeLxg,
yNZOKnhjqdaRdyZGTsJGLw,Mariscos La Grulla,Mariscos,"Mexican, Seafood",4.1,18,,(773) 521-8797,"3325 W Cermak Rd, Chicago, IL 60623",Chicago,60623,41.851528,-87.708792,False,https://www.yelp.com/biz/mariscos-la-grulla-chicago-2?adjust_creative=SzinwiLH3jdq-oS1oNeLxg&utm_campaign=yelp_api_v3&utm_medium=api_v3_business_search&utm_source=SzinwiLH3jdq-oS1oNeLxg,
ylFuazS_SSbjDbyqaKK4pQ,NYFC Restaurant & Fresh Market,Mariscos,"Grocery, Seafood, American",4.0,2,,(872) 444-5043,"2748 W Madison St, Chicago, IL 60612",Chicago,60612,41.8814357201832,-87.6959177479148,False,https://www.yelp.com/biz/nyfc-restaurant-and-fresh-market-chicago?adjust_creative=SzinwiLH3jdq-oS1oNeLxg&utm_campaign=yelp_api_v3&utm_medium=api_v3_business_search&utm_source=SzinwiLH3jdq-oS1oNeLxg,
kA1ShKb4EAtB3HCQKw143Q,Frank's Pizzeria,Mariscos,"Pizza, Seafood, Sandwiches",4.0,227,$$,(773) 283-2564,"6506 W Belmont Ave, Chicago, IL 60634",Chicago,60634,41.93844,-87.788844,False,https://www.yelp.com/biz/franks-pizzeria-chicago?adjust_creative=SzinwiLH3jdq-oS1oNeLxg&utm_campaign=yelp_api_v3&utm_medium=api_v3_business_search&utm_source=SzinwiLH3jdq-oS1oNeLxg,2.0
cT5PCUVcozFYUFlCKigodg,House of Hunan,Mariscos,"Chinese, Asian Fusion, Seafood",3.2,336,$,(773) 929-3212,"2258 N Clark St, Chicago, IL 60614",Chicago,60614,41.92346162031003,-87.63941994422424,False,https://www.yelp.com/biz/house-of-hunan-chicago?adjust_creative=SzinwiLH3jdq-oS1oNeLxg&utm_campaign=yelp_api_v3&utm_medium=api_v3_business_search&utm_source=SzinwiLH3jdq-oS1oNeLxg,1.0
1eKjDbJVLwewIUrGAxTsGA,Koto Hibachi,Mariscos,"Seafood, Sushi Bars, Japanese",3.8,74,,(312) 291-9629,"258 W 31st St, Chicago, IL 60616",Chicago,60616,41.838334,-87.633966,False,https://www.yelp.com/biz/koto-hibachi-chicago?adjust_creative=SzinwiLH3jdq-oS1oNeLxg&utm_campaign=yelp_api_v3&utm_medium=api_v3_business_search&utm_source=SzinwiLH3jdq-oS1oNeLxg,
aD-aTvLqZ8qwtt_eia4Kng,El Berrinches Restaurant,Mariscos,"Seafood, Steakhouses, Mexican",3.8,6,,(312) 754-0189,"1519 West 18th St, Chicago, IL 60608",Chicago,60608,41.857606,-87.66456,False,https://www.yelp.com/biz/el-berrinches-restaurant-chicago-2?adjust_creative=SzinwiLH3jdq-oS1oNeLxg&utm_campaign=yelp_api_v3&utm_medium=api_v3_business_search&utm_source=SzinwiLH3jdq-oS1oNeLxg,
yYNXlVz5-RTmTXY1LDoXxg,Usmania Chinese Restaurant,Mariscos,"Chinese, Halal, Seafood",2.7,174,$$,(773) 338-4488,"2253 W Devon Ave, Chicago, IL 60659",Chicago,60659,41.9975128173828,-87.6870574951172,False,https://www.yelp.com/biz/usmania-chinese-restaurant-chicago-2?adjust_creative=SzinwiLH3jdq-oS1oNeLxg&utm_campaign=yelp_api_v3&utm_medium=api_v3_business_search&utm_source=SzinwiLH3jdq-oS1oNeLxg,2.0
BfBE3L4Pl4oww7OidfXlyQ,Sushi World,Mariscos,"Japanese, Sushi Bars, Seafood",4.1,236,$$,(773) 977-7189,"6251 N McCormick Blvd, Chicago, IL 60659",Chicago,60659,41.995065,-87.7124084089913,False,https://www.yelp.com/biz/sushi-world-chicago-7?adjust_creative=SzinwiLH3jdq-oS1oNeLxg&utm_campaign=yelp_api_v3&utm_medium=api_v3_business_search&utm_source=SzinwiLH3jdq-oS1oNeLxg,2.0
hhxlSmdvr2sUGyzSzoXnSw,Sharks Chicken and Fish,Mariscos,"Fast Food, Seafood, Chicken Wings",5.0,5,,(773) 887-5295,"5751 W Division St, Chicago, IL 60651",Chicago,60651,41.90177,-87.77002,False,https://www.yelp.com/biz/sharks-chicken-and-fish-chicago-2?adjust_creative=SzinwiLH3jdq-oS1oNeLxg&utm_campaign=yelp_api_v3&utm_medium=api_v3_business_search&utm_source=SzinwiLH3jdq-oS1oNeLxg,
hwMT2lI7IKD1_weqUeHqfg,Long John Silver's,Mariscos,"Seafood, Fast Food, Fish & Chips",3.9,19,$$,(773) 237-4661,"6622 W Fullerton Ave, Chicago, IL 60639",Chicago,60639,41.924277156940256,-87.79155428570624,False,https://www.yelp.com/biz/long-john-silvers-chicago-4?adjust_creative=SzinwiLH3jdq-oS1oNeLxg&utm_campaign=yelp_api_v3&utm_medium=api_v3_business_search&utm_source=SzinwiLH3jdq-oS1oNeLxg,2.0
-qkCtGelcQTTrW9dp_C3AA,Aquarius Mexican Restaurant,Mariscos,"Mexican, Sports Bars, Seafood",3.4,25,$$,(773) 342-3581,"2459 N Pulaski Rd, Chicago, IL 60639",Chicago,60639,41.9262315,-87.726696,False,https://www.yelp.com/biz/aquarius-mexican-restaurant-chicago-2?adjust_creative=SzinwiLH3jdq-oS1oNeLxg&utm_campaign=yelp_api_v3&utm_medium=api_v3_business_search&utm_source=SzinwiLH3jdq-oS1oNeLxg,2.0
CKVjP_zLQCeH8reoPh8D_g,Sunshine’s Place,Mariscos,Seafood,4.0,2,,,"2902 West Roosevelt Rd, Chicago, IL 60612",Chicago,60612,41.86678,-87.69859,False,https://www.yelp.com/biz/sunshine-s-place-chicago?adjust_creative=SzinwiLH3jdq-oS1oNeLxg&utm_campaign=yelp_api_v3&utm_medium=api_v3_business_search&utm_source=SzinwiLH3jdq-oS1oNeLxg,
Yh3nc1A1FQiDaS3IFXnUHA,Dock's Fish,Mariscos,Seafood,3.0,69,,(312) 929-2336,"321 E 35th St, Chicago, IL 60616",Chicago,60616,41.831293,-87.61979,False,https://www.yelp.com/biz/docks-fish-chicago-4?adjust_creative=SzinwiLH3jdq-oS1oNeLxg&utm_campaign=yelp_api_v3&utm_medium=api_v3_business_search&utm_source=SzinwiLH3jdq-oS1oNeLxg,
8Mlal87EojIecsOPQgMiNw,JJ Fish & Chicken,Mariscos,"Seafood, Chicken Shop",2.6,20,$,(773) 533-1995,"800 N Kedzie Ave, Chicago, IL 60651",Chicago,60651,41.896669,-87.706835,False,https://www.yelp.com/biz/jj-fish-and-chicken-chicago-9?adjust_creative=SzinwiLH3jdq-oS1oNeLxg&utm_campaign=yelp_api_v3&utm_medium=api_v3_business_search&utm_source=SzinwiLH3jdq-oS1oNeLxg,1.0
SGg7jkw4zA1Fd13oQREX3g,Sheila's,Mariscos,"Seafood, Food Stands",5.0,1,,,"1401 S Sacramento Dr, Chicago, IL 60623",Chicago,60623,41.86231977321747,-87.69965779069439,False,https://www.yelp.com/biz/sheilas-chicago?adjust_creative=SzinwiLH3jdq-oS1oNeLxg&utm_campaign=yelp_api_v3&utm_medium=api_v3_business_search&utm_source=SzinwiLH3jdq-oS1oNeLxg,
9mKgkm_OzzIkJMKX3vU9Bg,Harold's Chicken Shack,Mariscos,"American, Seafood, Chicken Wings",3.6,98,$$,(312) 877-5350,"124 E 35th St, Ste C, Chicago, IL 60616",Chicago,60616,41.831152230028,-87.6221690699458,False,https://www.yelp.com/biz/harolds-chicken-shack-chicago-43?adjust_creative=SzinwiLH3jdq-oS1oNeLxg&utm_campaign=yelp_api_v3&utm_medium=api_v3_business_search&utm_source=SzinwiLH3jdq-oS1oNeLxg,2.0
Dw1dccQPNX3pRvP8TGvWrw,JJ Fish & Chicken,Mariscos,Seafood,3.0,67,$,(312) 578-0220,"26 E Adams St, Chicago, IL 60603",Chicago,60603,41.8797073364258,-87.6267395019531,False,https://www.yelp.com/biz/jj-fish-and-chicken-chicago-4?adjust_creative=SzinwiLH3jdq-oS1oNeLxg&utm_campaign=yelp_api_v3&utm_medium=api_v3_business_search&utm_source=SzinwiLH3jdq-oS1oNeLxg,1.0
Nyu6vX-GujmyAt4DBZHAzQ,La Antigua Sports Bar & Grill,Mariscos,"Seafood, American, New Mexican Cuisine",2.9,25,,(773) 940-2317,"2235 S Pulaski Rd, Chicago, IL 60623",Chicago,60623,41.850338,-87.724938,False,https://www.yelp.com/biz/la-antigua-sports-bar-and-grill-chicago?adjust_creative=SzinwiLH3jdq-oS1oNeLxg&utm_campaign=yelp_api_v3&utm_medium=api_v3_business_search&utm_source=SzinwiLH3jdq-oS1oNeLxg,
YXwVWVhmbBeVnnHJIV3mgg,Jubilee Juice & Grill,Mariscos,"Juice Bars & Smoothies, Burgers, Seafood",4.2,577,$$,(312) 491-8500,"140 N Halsted St, Chicago, IL 60661",Chicago,60661,41.8840615,-87.6475148,False,https://www.yelp.com/biz/jubilee-juice-and-grill-chicago?adjust_creative=SzinwiLH3jdq-oS1oNeLxg&utm_campaign=yelp_api_v3&utm_medium=api_v3_business_search&utm_source=SzinwiLH3jdq-oS1oNeLxg,2.0
KtRSglnSvoPFCT8BGDLPVA,Oc Nuong Cali,Mariscos,"Salad, Seafood, Hot Pot",4.2,5,,(773) 746-0179,"4131 N Rockwell St, Chicago, IL 60618",Chicago,60618,41.95679216909235,-87.69299704115203,False,https://www.yelp.com/biz/oc-nuong-cali-chicago?adjust_creative=SzinwiLH3jdq-oS1oNeLxg&utm_campaign=yelp_api_v3&utm_medium=api_v3_business_search&utm_source=SzinwiLH3jdq-oS1oNeLxg,
JSBsOcD5spMxsjjkcXvbsA,Shrimp Stop,Mariscos,"Salad, Seafood",4.8,5,,(773) 966-5848,"101 E 47th St, Chicago, IL 60653",Chicago,60653,41.8091781,-87.6226313,False,https://www.yelp.com/biz/shrimp-stop-chicago-3?adjust_creative=SzinwiLH3jdq-oS1oNeLxg&utm_campaign=yelp_api_v3&utm_medium=api_v3_business_search&utm_source=SzinwiLH3jdq-oS1oNeLxg,
NJ0424zIYPhNXXoJPkL44g,Joe Willie's Seafood and Bar,Mariscos,Seafood,2.7,47,,(773) 826-3474,"S Sacramento Blvd & W Van Buren St, Ground level, Chicago, IL 60612",Chicago,60612,41.87594,-87.70111,False,https://www.yelp.com/biz/joe-willies-seafood-and-bar-chicago?adjust_creative=SzinwiLH3jdq-oS1oNeLxg&utm_campaign=yelp_api_v3&utm_medium=api_v3_business_search&utm_source=SzinwiLH3jdq-oS1oNeLxg,
3yXE2w7-WTh0B0zBG5DP6g,El Pescador Restaurant,Mariscos,"Seafood, Mexican",3.6,7,,(773) 523-8777,"4056 South Western Avenue, Chicago, IL 60609",Chicago,60609,41.81933,-87.68505,False,https://www.yelp.com/biz/el-pescador-restaurant-chicago-2?adjust_creative=SzinwiLH3jdq-oS1oNeLxg&utm_campaign=yelp_api_v3&utm_medium=api_v3_business_search&utm_source=SzinwiLH3jdq-oS1oNeLxg,
TGy2x77AGbhvSbccw2pXaA,Dim Dim,Mariscos,"Dim Sum, Seafood, Soup",3.0,137,$,(312) 842-2822,"2820 S Wentworth Ave, Chicago, IL 60616",Chicago,60616,41.8421592712402,-87.6321182250977,False,https://www.yelp.com/biz/dim-dim-chicago?adjust_creative=SzinwiLH3jdq-oS1oNeLxg&utm_campaign=yelp_api_v3&utm_medium=api_v3_business_search&utm_source=SzinwiLH3jdq-oS1oNeLxg,1.0
kAPE8uoOkYqywROFp1iTnw,Restaurant Los Langostinos,Mariscos,"Mexican, Salad, Seafood",3.5,26,$,(773) 542-1120,"3059 S Harding Ave, Chicago, IL 60623",Chicago,60623,41.83705,-87.72278,False,https://www.yelp.com/biz/restaurant-los-langostinos-chicago?adjust_creative=SzinwiLH3jdq-oS1oNeLxg&utm_campaign=yelp_api_v3&utm_medium=api_v3_business_search&utm_source=SzinwiLH3jdq-oS1oNeLxg,1.0
VS6BQRqCm5jZ-7jXMTwfSg,El Puerto Mariscos & Grill,Mariscos,"Seafood, Mexican",3.5,11,,(773) 930-3160,"2752 W Lawrence Ave, Chicago, IL 60625",Chicago,60625,41.9688,-87.69808,False,https://www.yelp.com/biz/el-puerto-mariscos-and-grill-chicago?adjust_creative=SzinwiLH3jdq-oS1oNeLxg&utm_campaign=yelp_api_v3&utm_medium=api_v3_business_search&utm_source=SzinwiLH3jdq-oS1oNeLxg,
xMrSm6rI8UGtMHuSRslhdA,Lowcountry Chinatown,Mariscos,Seafood,3.1,34,$$$,(312) 900-7770,"2359 S Wentworth Ave, Chicago, IL 60616",Chicago,60616,41.8494171,-87.6317169,False,https://www.yelp.com/biz/lowcountry-chinatown-chicago?adjust_creative=SzinwiLH3jdq-oS1oNeLxg&utm_campaign=yelp_api_v3&utm_medium=api_v3_business_search&utm_source=SzinwiLH3jdq-oS1oNeLxg,3.0
P6Pl_a2o10a3XNjyeC1PaQ,New China 2,Mariscos,"Chinese, Seafood",3.0,67,$,(773) 388-1777,"3533 N Western Ave, Chicago, IL 60618",Chicago,60618,41.9458699368988,-87.6878499984741,False,https://www.yelp.com/biz/new-china-2-chicago?adjust_creative=SzinwiLH3jdq-oS1oNeLxg&utm_campaign=yelp_api_v3&utm_medium=api_v3_business_search&utm_source=SzinwiLH3jdq-oS1oNeLxg,1.0
Vw-Qn1Hg06h4yBUdDQCXyA,SUSHI-SAN,Pescado,"Sushi Bars, Japanese, Bars",4.3,1310,$$$,(312) 828-0575,"63 W Grand Ave, Chicago, IL 60654",Chicago,60654,41.8914851,-87.6302732,False,https://www.yelp.com/biz/sushi-san-chicago?adjust_creative=SzinwiLH3jdq-oS1oNeLxg&utm_campaign=yelp_api_v3&utm_medium=api_v3_business_search&utm_source=SzinwiLH3jdq-oS1oNeLxg,3.0
q7SQnw2xVHjWuyQXL3VHUg,KAI ZAN,Pescado,"Asian Fusion, Japanese, Sushi Bars",4.6,1358,$$$,(773) 278-5776,"2557 W Chicago Ave, Chicago, IL 60622",Chicago,60622,41.8955051374998,-87.6915407180786,False,https://www.yelp.com/biz/kai-zan-chicago?adjust_creative=SzinwiLH3jdq-oS1oNeLxg&utm_campaign=yelp_api_v3&utm_medium=api_v3_business_search&utm_source=SzinwiLH3jdq-oS1oNeLxg,3.0
kUpqpEqkBjZguS1uA6NQYA,En Hakkore 2.0,Pescado,"Asian Fusion, Poke, Sushi Bars",4.6,628,$$,(773) 278-5959,"1467 N Milwaukee Ave, Chicago, IL 60622",Chicago,60622,41.90859268098761,-87.67442096514347,False,https://www.yelp.com/biz/en-hakkore-2-0-chicago-15?adjust_creative=SzinwiLH3jdq-oS1oNeLxg&utm_campaign=yelp_api_v3&utm_medium=api_v3_business_search&utm_source=SzinwiLH3jdq-oS1oNeLxg,2.0
dKcO9OQ44RPRlkWe-vToFA,Shaw's Crab House,Pescado,"Seafood, Sushi Bars, Bars",4.2,2844,$$$,(312) 527-2722,"21 E Hubbard St, Chicago, IL 60611",Chicago,60611,41.8899414,-87.6273507,False,https://www.yelp.com/biz/shaws-crab-house-chicago?adjust_creative=SzinwiLH3jdq-oS1oNeLxg&utm_campaign=yelp_api_v3&utm_medium=api_v3_business_search&utm_source=SzinwiLH3jdq-oS1oNeLxg,3.0
fjXWF9HSizkDunZMDCR5Qw,Nikko Sushi Izakaya,Pescado,"Izakaya, Sushi Bars, Cocktail Bars",4.3,113,,(312) 847-1888,"2047 W Division St, Chicago, IL 60622",Chicago,60622,41.90289614292608,-87.6790606,False,https://www.yelp.com/biz/nikko-sushi-izakaya-chicago?adjust_creative=SzinwiLH3jdq-oS1oNeLxg&utm_campaign=yelp_api_v3&utm_medium=api_v3_business_search&utm_source=SzinwiLH3jdq-oS1oNeLxg,
bZ7lvi5_BQ6UKK10OKPV7Q,Sushi Taku,Pescado,"Japanese, Sushi Bars",4.3,1294,$$$,(773) 252-8258,"1904 W Division St, Chicago, IL 60622",Chicago,60622,41.90340202167879,-87.67511680088914,False,https://www.yelp.com/biz/sushi-taku-chicago-2?adjust_creative=SzinwiLH3jdq-oS1oNeLxg&utm_campaign=yelp_api_v3&utm_medium=api_v3_business_search&utm_source=SzinwiLH3jdq-oS1oNeLxg,3.0
eCTlRnC9FOtNkmw-Q2DTcw,Itoko,Pescado,"Japanese, Sushi Bars",4.1,274,$$$$,(773) 819-7672,"3325 N Southport Ave, Chicago, IL 60657",Chicago,60657,41.94235,-87.6635,False,https://www.yelp.com/biz/itoko-chicago-2?adjust_creative=SzinwiLH3jdq-oS1oNeLxg&utm_campaign=yelp_api_v3&utm_medium=api_v3_business_search&utm_source=SzinwiLH3jdq-oS1oNeLxg,4.0
PtqCsmnOow_ByOkj38eB8w,The Evie,Pescado,"American, Sushi Bars, Steakhouses",4.5,341,$$$,(312) 701-3300,"537 N Michigan Ave, Chicago, IL 60611",Chicago,60611,41.892207051940055,-87.62390403884024,False,https://www.yelp.com/biz/the-evie-chicago?adjust_creative=SzinwiLH3jdq-oS1oNeLxg&utm_campaign=yelp_api_v3&utm_medium=api_v3_business_search&utm_source=SzinwiLH3jdq-oS1oNeLxg,3.0
uQFHfnbJm7LIxLhjMKc4mQ,Lawrence Fish Market,Pescado,"Sushi Bars, Seafood",4.5,1259,$$,(773) 267-6838,"3920 W Lawrence Ave, Chicago, IL 60625",Chicago,60625,41.968411,-87.726525,False,https://www.yelp.com/biz/lawrence-fish-market-chicago-2?adjust_creative=SzinwiLH3jdq-oS1oNeLxg&utm_campaign=yelp_api_v3&utm_medium=api_v3_business_search&utm_source=SzinwiLH3jdq-oS1oNeLxg,2.0
-gt8O2X5JO9Bx64GPxgkBA,Komorebi Sushi,Pescado,"Sushi Bars, Seafood",4.6,328,$$,(773) 661-1243,"1324 N Milwaukee Ave, Chicago, IL 60622",Chicago,60622,41.90558,-87.67037,False,https://www.yelp.com/biz/komorebi-sushi-chicago?adjust_creative=SzinwiLH3jdq-oS1oNeLxg&utm_campaign=yelp_api_v3&utm_medium=api_v3_business_search&utm_source=SzinwiLH3jdq-oS1oNeLxg,2.0
87bmC0ZQ3pVU-wxRGtRkkQ,Sushi Plus Rotary Sushi Bar,Pescado,"Sushi Bars, Ramen",4.3,558,$$,(312) 929-2446,"2131 S Archer Ave, Chicago, IL 60616",Chicago,60616,41.853511,-87.632959,False,https://www.yelp.com/biz/sushi-plus-rotary-sushi-bar-chicago-3?adjust_creative=SzinwiLH3jdq-oS1oNeLxg&utm_campaign=yelp_api_v3&utm_medium=api_v3_business_search&utm_source=SzinwiLH3jdq-oS1oNeLxg,2.0
g2jQ6p5Wo-oQPvBVNLxStw,PLANTA Queen Chicago,Pescado,"Sushi Bars, Asian Fusion, Vegetarian",4.3,666,$$,(630) 691-7238,"413 N Clark St, Chicago, IL 60654",Chicago,60654,41.88978,-87.63087,False,https://www.yelp.com/biz/planta-queen-chicago-chicago-4?adjust_creative=SzinwiLH3jdq-oS1oNeLxg&utm_campaign=yelp_api_v3&utm_medium=api_v3_business_search&utm_source=SzinwiLH3jdq-oS1oNeLxg,2.0
FGNKtLYZphTlIjlMGPMuTA,Momotaro,Pescado,"Sushi Bars, Japanese, Noodles",4.1,1444,$$$,(312) 733-4818,"820 W Lake St, Chicago, IL 60607",Chicago,60607,41.88588,-87.64845,False,https://www.yelp.com/biz/momotaro-chicago-3?adjust_creative=SzinwiLH3jdq-oS1oNeLxg&utm_campaign=yelp_api_v3&utm_medium=api_v3_business_search&utm_source=SzinwiLH3jdq-oS1oNeLxg,3.0
JqDuX8c3mjNGd6wOeU-W6A,Noriko Handroll Bar,Pescado,"Japanese, Sushi Bars, Cocktail Bars",4.7,91,,(312) 313-2467,"401 N Milwaukee Ave, Chicago, IL 60654",Chicago,60654,41.88942,-87.64452,False,https://www.yelp.com/biz/noriko-handroll-bar-chicago?adjust_creative=SzinwiLH3jdq-oS1oNeLxg&utm_campaign=yelp_api_v3&utm_medium=api_v3_business_search&utm_source=SzinwiLH3jdq-oS1oNeLxg,
_-oAQeBsg_rcVyBf2BCGWw,Omakase Box,Pescado,Sushi Bars,4.8,41,,(773) 234-5380,"3038 W Armitage Ave, Chicago, IL 60647",Chicago,60647,41.9176969,-87.7040289619687,False,https://www.yelp.com/biz/omakase-box-chicago?adjust_creative=SzinwiLH3jdq-oS1oNeLxg&utm_campaign=yelp_api_v3&utm_medium=api_v3_business_search&utm_source=SzinwiLH3jdq-oS1oNeLxg,
8d_DiHWB-pjBVW3a7D8EWg,Sunda New Asian - River North,Pescado,"Asian Fusion, Sushi Bars, Japanese",4.0,3516,$$$,(312) 644-0500,"110 W Illinois St, Chicago, IL 60654",Chicago,60654,41.8909469,-87.6317244,False,https://www.yelp.com/biz/sunda-new-asian-river-north-chicago?adjust_creative=SzinwiLH3jdq-oS1oNeLxg&utm_campaign=yelp_api_v3&utm_medium=api_v3_business_search&utm_source=SzinwiLH3jdq-oS1oNeLxg,3.0
bG6SiDiGSXWE9osdmVsdwA,STR Sushi Taku Rotary,Pescado,"Conveyor Belt Sushi, Ramen, Sushi Bars",4.6,366,$$$,(773) 799-8149,"935 W Webster Ave, Chicago, IL 60614",Chicago,60614,41.92165,-87.652409,False,https://www.yelp.com/biz/str-sushi-taku-rotary-chicago?adjust_creative=SzinwiLH3jdq-oS1oNeLxg&utm_campaign=yelp_api_v3&utm_medium=api_v3_business_search&utm_source=SzinwiLH3jdq-oS1oNeLxg,3.0
eWEfgeuMkGjC-yeV7dXArw,Monarch & Lion,Pescado,"British, Fish & Chips, Indian",4.1,278,$$,(312) 973-2623,"302 E Illinois St, Chicago, IL 60611",Chicago,60611,41.891153,-87.61997400000001,False,https://www.yelp.com/biz/monarch-and-lion-chicago-3?adjust_creative=SzinwiLH3jdq-oS1oNeLxg&utm_campaign=yelp_api_v3&utm_medium=api_v3_business_search&utm_source=SzinwiLH3jdq-oS1oNeLxg,2.0
TycEfQPjumBLiVYFOn9Zlw,Blue Sushi Sake Grill,Pescado,Sushi Bars,4.4,125,$$,(312) 530-0229,"415 N Dearborn St, Chicago, IL 60654",Chicago,60654,41.88993910164328,-87.62944497055229,False,https://www.yelp.com/biz/blue-sushi-sake-grill-chicago-2?adjust_creative=SzinwiLH3jdq-oS1oNeLxg&utm_campaign=yelp_api_v3&utm_medium=api_v3_business_search&utm_source=SzinwiLH3jdq-oS1oNeLxg,2.0
VjNJaalb7NszBVkidmbRvA,Sushi Nova,Pescado,"Sushi Bars, Buffets, Japanese",4.5,229,$$,(773) 998-8473,"1935 N Lincoln Park W, Chicago, IL 60614",Chicago,60614,41.91742,-87.63621,False,https://www.yelp.com/biz/sushi-nova-chicago?adjust_creative=SzinwiLH3jdq-oS1oNeLxg&utm_campaign=yelp_api_v3&utm_medium=api_v3_business_search&utm_source=SzinwiLH3jdq-oS1oNeLxg,2.0
IMlB8X5mp-573tGTGXmoWQ,Tamu,Pescado,Sushi Bars,4.5,99,,(312) 248-8833,"804 W Washington Blvd, Chicago, IL 60607",Chicago,60607,41.883471493911976,-87.64777437439571,False,https://www.yelp.com/biz/tamu-chicago-2?adjust_creative=SzinwiLH3jdq-oS1oNeLxg&utm_campaign=yelp_api_v3&utm_medium=api_v3_business_search&utm_source=SzinwiLH3jdq-oS1oNeLxg,
_d5Br6nZWpBNwL-4isroJA,Yuzu Sushi & Robata Grill,Pescado,"Japanese, Sushi Bars",4.2,1964,$$,(312) 666-4100,"1751 W Chicago Ave, Chicago, IL 60622",Chicago,60622,41.895781661700326,-87.67172099999999,False,https://www.yelp.com/biz/yuzu-sushi-and-robata-grill-chicago?adjust_creative=SzinwiLH3jdq-oS1oNeLxg&utm_campaign=yelp_api_v3&utm_medium=api_v3_business_search&utm_source=SzinwiLH3jdq-oS1oNeLxg,2.0
Ih0UWJ8tScAR5VBlNPbZ6g,Umi Sushi,Pescado,Sushi Bars,4.4,57,,(312) 773-6669,"60 E Jackson Blvd, Chicago, IL 60604",Chicago,60604,41.878497,-87.625582,False,https://www.yelp.com/biz/umi-sushi-chicago?adjust_creative=SzinwiLH3jdq-oS1oNeLxg&utm_campaign=yelp_api_v3&utm_medium=api_v3_business_search&utm_source=SzinwiLH3jdq-oS1oNeLxg,
48BPQ2YVWr8PkNJSekh5pA,Sushi Plus Rotary Sushi Bar - Boystown,Pescado,"Conveyor Belt Sushi, Sushi Bars, Ramen",4.4,682,$$,(872) 802-0980,"3219 North Broadway, Chicago, IL 60657",Chicago,60657,41.94069893468324,-87.64429058233611,False,https://www.yelp.com/biz/sushi-plus-rotary-sushi-bar-boystown-chicago?adjust_creative=SzinwiLH3jdq-oS1oNeLxg&utm_campaign=yelp_api_v3&utm_medium=api_v3_business_search&utm_source=SzinwiLH3jdq-oS1oNeLxg,2.0
NMhq1mBTxwmvxzmUB9BbrA,Taste of Japan,Pescado,"Sushi Bars, Japanese Curry, Ramen",4.7,38,,(312) 588-9818,"201 N Wells St, Chicago, IL 60606",Chicago,60606,41.886037,-87.633631,False,https://www.yelp.com/biz/taste-of-japan-chicago?adjust_creative=SzinwiLH3jdq-oS1oNeLxg&utm_campaign=yelp_api_v3&utm_medium=api_v3_business_search&utm_source=SzinwiLH3jdq-oS1oNeLxg,
dw-dsVgjiDzr8pbw0iVk1A,Kyōten,Pescado,Sushi Bars,4.6,81,,(312) 880-9402,"2507 W Armitage Ave, Chicago, IL 60647",Chicago,60647,41.91743,-87.69009,False,https://www.yelp.com/biz/ky%C5%8Dten-chicago?adjust_creative=SzinwiLH3jdq-oS1oNeLxg&utm_campaign=yelp_api_v3&utm_medium=api_v3_business_search&utm_source=SzinwiLH3jdq-oS1oNeLxg,
1FKbiFnRAkG6T6AisrLc3Q,Sushi-San Lincoln Park,Pescado,"Bars, Japanese, Sushi Bars",4.5,130,,(773) 389-7101,"1950 N Halsted St, Chicago, IL 60614",Chicago,60614,41.91744,-87.64886,False,https://www.yelp.com/biz/sushi-san-lincoln-park-chicago-3?adjust_creative=SzinwiLH3jdq-oS1oNeLxg&utm_campaign=yelp_api_v3&utm_medium=api_v3_business_search&utm_source=SzinwiLH3jdq-oS1oNeLxg,
_CoQ7eTOpP3B-oGpip-Lpg,Omakase Yume,Pescado,"Sushi Bars, Japanese",4.5,188,$$$$,(312) 265-1610,"651 W Washington Blvd, Ste 101, Chicago, IL 60661",Chicago,60661,41.8830608124328,-87.6445323537732,False,https://www.yelp.com/biz/omakase-yume-chicago-2?adjust_creative=SzinwiLH3jdq-oS1oNeLxg&utm_campaign=yelp_api_v3&utm_medium=api_v3_business_search&utm_source=SzinwiLH3jdq-oS1oNeLxg,4.0
fyXM5urYBzvyKO_NhttLcA,Sushi Plus Rotary Sushi Bar,Pescado,"Conveyor Belt Sushi, Sushi Bars, Ramen",4.5,35,,(312) 536-7347,"611 S Wells St, Ste 102, Chicago, IL 60607",Chicago,60607,41.874085840789256,-87.63332852743211,False,https://www.yelp.com/biz/sushi-plus-rotary-sushi-bar-chicago-5?adjust_creative=SzinwiLH3jdq-oS1oNeLxg&utm_campaign=yelp_api_v3&utm_medium=api_v3_business_search&utm_source=SzinwiLH3jdq-oS1oNeLxg,
93RQUmENdSFYg5llMc_l4w,Sushi By Bou - Lincoln Park,Pescado,"Sushi Bars, Japanese",4.6,77,,(888) 670-5996,"1816 N Clark St, Chicago, IL 60614",Chicago,60614,41.91532295675564,-87.63446207909558,False,https://www.yelp.com/biz/sushi-by-bou-lincoln-park-chicago?adjust_creative=SzinwiLH3jdq-oS1oNeLxg&utm_campaign=yelp_api_v3&utm_medium=api_v3_business_search&utm_source=SzinwiLH3jdq-oS1oNeLxg,
qJuQGyHSy5OuAkyMwb2_xA,Nomonomo Sushi,Pescado,"Japanese, Sushi Bars, Seafood",4.4,48,,,"2096 N Milwaukee Ave, Chicago, IL 60647",Chicago,60647,41.9192,-87.69182,False,https://www.yelp.com/biz/nomonomo-sushi-chicago?adjust_creative=SzinwiLH3jdq-oS1oNeLxg&utm_campaign=yelp_api_v3&utm_medium=api_v3_business_search&utm_source=SzinwiLH3jdq-oS1oNeLxg,
mVhkriEZ_lvqCLwzjm6etA,Wonder Chop,Pescado,"Chinese, Japanese, Sushi Bars",4.7,172,,(773) 384-6499,"2418 W Fullerton Ave, Chicago, IL 60647",Chicago,60647,41.92522,-87.68845,False,https://www.yelp.com/biz/wonder-chop-chicago?adjust_creative=SzinwiLH3jdq-oS1oNeLxg&utm_campaign=yelp_api_v3&utm_medium=api_v3_business_search&utm_source=SzinwiLH3jdq-oS1oNeLxg,
XHGWwHgX9p8dn2nOhqfJoQ,Little Wok Wicker Park,Pescado,"Asian Fusion, Chinese, Sushi Bars",3.8,161,$$,(773) 886-5051,"1950 W Division St, Chicago, IL 60622",Chicago,60622,41.90351,-87.6768,False,https://www.yelp.com/biz/little-wok-wicker-park-chicago?adjust_creative=SzinwiLH3jdq-oS1oNeLxg&utm_campaign=yelp_api_v3&utm_medium=api_v3_business_search&utm_source=SzinwiLH3jdq-oS1oNeLxg,2.0
jwRq3eoR_oWC2GgbB34V7Q,Sushi by Scratch Restaurants: Chicago,Pescado,Sushi Bars,4.7,78,,(872) 870-0200,"415 N Milwaukee Ave, Chicago, IL 60654",Chicago,60654,41.88964658279531,-87.64484039999999,False,https://www.yelp.com/biz/sushi-by-scratch-restaurants-chicago-chicago?adjust_creative=SzinwiLH3jdq-oS1oNeLxg&utm_campaign=yelp_api_v3&utm_medium=api_v3_business_search&utm_source=SzinwiLH3jdq-oS1oNeLxg,
mtjJUQN_KaBPG26nlPXzUg,Raiz Kitchen Sushi Bar,Pescado,"Sushi Bars, New American",4.7,138,,(773) 489-6262,"3276 W Fullerton Ave, Chicago, IL 60647",Chicago,60647,41.924935,-87.710448,False,https://www.yelp.com/biz/raiz-kitchen-sushi-bar-chicago?adjust_creative=SzinwiLH3jdq-oS1oNeLxg&utm_campaign=yelp_api_v3&utm_medium=api_v3_business_search&utm_source=SzinwiLH3jdq-oS1oNeLxg,
YJE--5umPgBjNLUp6UxTmg,Crab King Cajun Boil and Bar - Chicago,Pescado,"Cajun/Creole, Seafood, Sushi Bars",4.3,156,$$$,(773) 999-9886,"3443 N Broadway, Chicago, IL 60657",Chicago,60657,41.94461,-87.64542,False,https://www.yelp.com/biz/crab-king-cajun-boil-and-bar-chicago-chicago-2?adjust_creative=SzinwiLH3jdq-oS1oNeLxg&utm_campaign=yelp_api_v3&utm_medium=api_v3_business_search&utm_source=SzinwiLH3jdq-oS1oNeLxg,3.0
EnsfSFa422IkWwFvR1hJMQ,The Duke Of Perth,Pescado,"Pubs, Fish & Chips, Scottish",4.1,686,$$,(773) 477-1741,"2827 N Broadway St, Chicago, IL 60657",Chicago,60657,41.93369741649992,-87.64447519947599,False,https://www.yelp.com/biz/the-duke-of-perth-chicago-2?adjust_creative=SzinwiLH3jdq-oS1oNeLxg&utm_campaign=yelp_api_v3&utm_medium=api_v3_business_search&utm_source=SzinwiLH3jdq-oS1oNeLxg,2.0
pQaZLZ-EPbOQQzUwbwIEkA,Lure Fishbar,Pescado,"Bars, Seafood, Sushi Bars",4.3,243,$$$,(312) 660-6180,"616 N Rush St, Chicago, IL 60611",Chicago,60611,41.89314365157306,-87.6257737504463,False,https://www.yelp.com/biz/lure-fishbar-chicago-2?adjust_creative=SzinwiLH3jdq-oS1oNeLxg&utm_campaign=yelp_api_v3&utm_medium=api_v3_business_search&utm_source=SzinwiLH3jdq-oS1oNeLxg,3.0
rgHFY55p10VVur7N3s-z5Q,Roka Akor - Chicago,Pescado,"Sushi Bars, Japanese, Steakhouses",4.2,1575,$$$$,(312) 477-7652,"456 N Clark St, Chicago, IL 60654",Chicago,60654,41.890688971869025,-87.6313456,False,https://www.yelp.com/biz/roka-akor-chicago-chicago?adjust_creative=SzinwiLH3jdq-oS1oNeLxg&utm_campaign=yelp_api_v3&utm_medium=api_v3_business_search&utm_source=SzinwiLH3jdq-oS1oNeLxg,4.0
QRNOVs9tD0z0JCVPuHqWtA,Ryota,Pescado,"Sushi Bars, Ramen",4.3,73,$$,(312) 997-9988,"1131 W Madison St, Chicago, IL 60607",Chicago,60607,41.88148888423427,-87.65557439999999,False,https://www.yelp.com/biz/ryota-chicago?adjust_creative=SzinwiLH3jdq-oS1oNeLxg&utm_campaign=yelp_api_v3&utm_medium=api_v3_business_search&utm_source=SzinwiLH3jdq-oS1oNeLxg,2.0
26VDxo-xo2dT_hSTLQOLjw,Blue Sushi Sake Grill,Pescado,Sushi Bars,4.2,295,$$,(773) 241-7111,"2351 N Lincoln Ave, Ste A1-120, Chicago, IL 60614",Chicago,60614,41.924753166254824,-87.64746699999999,False,https://www.yelp.com/biz/blue-sushi-sake-grill-chicago?adjust_creative=SzinwiLH3jdq-oS1oNeLxg&utm_campaign=yelp_api_v3&utm_medium=api_v3_business_search&utm_source=SzinwiLH3jdq-oS1oNeLxg,2.0
iiCvrkmiGzSu0pA83FdJrA,Sushi by Bou- Fulton Market Chicago @ Emily Hotel,Pescado,"Sushi Bars, Japanese",4.5,133,,(888) 670-5996,"311 N Morgan St, Chicago, IL 60607",Chicago,60607,41.88746497593414,-87.65185384540365,False,https://www.yelp.com/biz/sushi-by-bou-chicago-7?adjust_creative=SzinwiLH3jdq-oS1oNeLxg&utm_campaign=yelp_api_v3&utm_medium=api_v3_business_search&utm_source=SzinwiLH3jdq-oS1oNeLxg,
KuzsZJULMKwxxNw_AQyPtA,Sushi by Bou- Gold Coast Chicago @ Claridge House,Pescado,"Sushi Bars, Japanese, Asian Fusion",4.5,84,,(888) 670-5996,"1244 N Dearborn Pkwy, Chicago, IL 60610",Chicago,60610,41.905201119134084,-87.63045105828382,False,https://www.yelp.com/biz/sushi-by-bou-gold-coast-chicago?adjust_creative=SzinwiLH3jdq-oS1oNeLxg&utm_campaign=yelp_api_v3&utm_medium=api_v3_business_search&utm_source=SzinwiLH3jdq-oS1oNeLxg,
Wh1zkkgr-EhQMNeYN9XdSg,312 Fish Market,Pescado,"Sushi Bars, Japanese",4.5,321,$$,(872) 222-7288,"2105 S Jefferson St, Fl 2, Chicago, IL 60616",Chicago,60616,41.853995,-87.641487,False,https://www.yelp.com/biz/312-fish-market-chicago?adjust_creative=SzinwiLH3jdq-oS1oNeLxg&utm_campaign=yelp_api_v3&utm_medium=api_v3_business_search&utm_source=SzinwiLH3jdq-oS1oNeLxg,2.0
F-Iuc4g1n4jYcivajguVog,Sushi Taku - Logan Square,Pescado,Sushi Bars,4.1,301,$$,(773) 799-8130,"2283 N Milwaukee Ave, Chicago, IL 60647",Chicago,60647,41.92269,-87.69643,False,https://www.yelp.com/biz/sushi-taku-logan-square-chicago-2?adjust_creative=SzinwiLH3jdq-oS1oNeLxg&utm_campaign=yelp_api_v3&utm_medium=api_v3_business_search&utm_source=SzinwiLH3jdq-oS1oNeLxg,2.0
-1N2SDvOKHrdGPhaPObTFA,Gorilla Sushi Wicker Park,Pescado,"Sushi Bars, Japanese",4.4,240,$$,(773) 687-9933,"1238 N Milwaukee Ave, Chicago, IL 60622",Chicago,60622,41.9042133070814,-87.6680816528738,False,https://www.yelp.com/biz/gorilla-sushi-wicker-park-chicago?adjust_creative=SzinwiLH3jdq-oS1oNeLxg&utm_campaign=yelp_api_v3&utm_medium=api_v3_business_search&utm_source=SzinwiLH3jdq-oS1oNeLxg,2.0
03QzPUzlDjHQKfaUmKIiXA,Ikigai Sushi & Izakaya,Pescado,"Sushi Bars, Izakaya",4.5,102,,(312) 291-9663,"372 W Chicago Ave, Chicago, IL 60654",Chicago,60654,41.89678815734355,-87.6384181,False,https://www.yelp.com/biz/ikigai-sushi-and-izakaya-chicago?adjust_creative=SzinwiLH3jdq-oS1oNeLxg&utm_campaign=yelp_api_v3&utm_medium=api_v3_business_search&utm_source=SzinwiLH3jdq-oS1oNeLxg,
20q-oWtQdB2tfFbAl_I9sQ,Umai,Pescado,"Japanese, Sushi Bars, Bars",4.1,1182,$$,(312) 986-8888,"730 S Clark St, Chicago, IL 60605",Chicago,60605,41.8722769939333,-87.6310924282417,False,https://www.yelp.com/biz/umai-chicago?adjust_creative=SzinwiLH3jdq-oS1oNeLxg&utm_campaign=yelp_api_v3&utm_medium=api_v3_business_search&utm_source=SzinwiLH3jdq-oS1oNeLxg,2.0
mWDZVQxJ5p6aNp7ipa6DEQ,Sumo Sushi and Hibachi,Pescado,"Sushi Bars, Japanese",4.3,385,$$,(773) 477-8510,"2936 N Broadway, Chicago, IL 60657",Chicago,60657,41.935956,-87.644548,False,https://www.yelp.com/biz/sumo-sushi-and-hibachi-chicago?adjust_creative=SzinwiLH3jdq-oS1oNeLxg&utm_campaign=yelp_api_v3&utm_medium=api_v3_business_search&utm_source=SzinwiLH3jdq-oS1oNeLxg,2.0
xWptqqT5DATm36ae0VWRfA,Nobu Chicago,Pescado,"Japanese, Sushi Bars, Asian Fusion",3.9,506,$$$$,(312) 779-8800,"854 W Randolph St, Chicago, IL 60607",Chicago,60607,41.8846697,-87.64946890326505,False,https://www.yelp.com/biz/nobu-chicago-chicago-2?adjust_creative=SzinwiLH3jdq-oS1oNeLxg&utm_campaign=yelp_api_v3&utm_medium=api_v3_business_search&utm_source=SzinwiLH3jdq-oS1oNeLxg,4.0
HWKLeqsR9o20NSYW3hi1GA,AJI,Pescado,Sushi Bars,4.9,95,$$$$,(773) 904-8205,"3809 N Bdwy, Chicago, IL 60613",Chicago,60613,41.951559105608396,-87.64947670547305,False,https://www.yelp.com/biz/aji-chicago?adjust_creative=SzinwiLH3jdq-oS1oNeLxg&utm_campaign=yelp_api_v3&utm_medium=api_v3_business_search&utm_source=SzinwiLH3jdq-oS1oNeLxg,4.0
gHUPJjWR6tjvNiJ3LW98_g,Ekiben Japanese Kitchen,Pescado,"Sushi Bars, Japanese, Cocktail Bars",4.4,40,,(773) 929-0100,"1825 W Irving Park Rd, Chicago, IL 60613",Chicago,60613,41.95400442494698,-87.67537901487863,False,https://www.yelp.com/biz/ekiben-japanese-kitchen-chicago?adjust_creative=SzinwiLH3jdq-oS1oNeLxg&utm_campaign=yelp_api_v3&utm_medium=api_v3_business_search&utm_source=SzinwiLH3jdq-oS1oNeLxg,
gphjOIZGokTtlAIsmG9lOw,Sushi Payce,Pescado,"Sushi Bars, Japanese, Cocktail Bars",3.8,302,$$,(773) 687-9394,"1417 W Fullerton Ave, Chicago, IL 60614",Chicago,60614,41.92511359161431,-87.66403659260388,False,https://www.yelp.com/biz/sushi-payce-chicago?adjust_creative=SzinwiLH3jdq-oS1oNeLxg&utm_campaign=yelp_api_v3&utm_medium=api_v3_business_search&utm_source=SzinwiLH3jdq-oS1oNeLxg,2.0
rnDhDtI0MtYmWa9TSn0Ngw,Tsukiji Sushi Sake Bar,Pescado,"Sushi Bars, Asian Fusion, Japanese",4.3,376,$$,(312) 243-1112,"1156 W Grand Ave, Chicago, IL 60642",Chicago,60642,41.891311,-87.65682,False,https://www.yelp.com/biz/tsukiji-sushi-sake-bar-chicago?adjust_creative=SzinwiLH3jdq-oS1oNeLxg&utm_campaign=yelp_api_v3&utm_medium=api_v3_business_search&utm_source=SzinwiLH3jdq-oS1oNeLxg,2.0
o5y9To9kqcgzUGRt3AzrBg,Ramen Wasabi,Pescado,"Ramen, Noodles, Sushi Bars",3.9,752,$$,(312) 666-7710,"819 W Fulton Market, Chicago, IL 60607",Chicago,60607,41.88660564101375,-87.64828759999999,False,https://www.yelp.com/biz/ramen-wasabi-chicago-4?adjust_creative=SzinwiLH3jdq-oS1oNeLxg&utm_campaign=yelp_api_v3&utm_medium=api_v3_business_search&utm_source=SzinwiLH3jdq-oS1oNeLxg,2.0
B-GyECyTKsf2_TqD5GYNeA,Roll Up By Oui,Pescado,"Japanese, Sushi Bars",4.7,61,,(312) 285-2098,"820 S Michigan Ave, Chicago, IL 60605",Chicago,60605,41.871099,-87.624722,False,https://www.yelp.com/biz/roll-up-by-oui-chicago?adjust_creative=SzinwiLH3jdq-oS1oNeLxg&utm_campaign=yelp_api_v3&utm_medium=api_v3_business_search&utm_source=SzinwiLH3jdq-oS1oNeLxg,
xTu2kHPjSHKvyQNos6E1qw,Blowfish Sushi & Ramen,Pescado,"Sushi Bars, Ramen",4.4,650,$$,(773) 654-3369,"1130 W Bryn Mawr Ave, Chicago, IL 60660",Chicago,60660,41.98391677434301,-87.65927650674591,False,https://www.yelp.com/biz/blowfish-sushi-and-ramen-chicago-2?adjust_creative=SzinwiLH3jdq-oS1oNeLxg&utm_campaign=yelp_api_v3&utm_medium=api_v3_business_search&utm_source=SzinwiLH3jdq-oS1oNeLxg,2.0
oSyXCPjUhCgoTXA8VdbOTA,Kameya Sushi & Ramen,Pescado,"Sushi Bars, Ramen",4.4,358,$$,(773) 360-1638,"806 W Webster Ave, Chicago, IL 60614",Chicago,60614,41.921962,-87.649052,False,https://www.yelp.com/biz/kameya-chicago-8?adjust_creative=SzinwiLH3jdq-oS1oNeLxg&utm_campaign=yelp_api_v3&utm_medium=api_v3_business_search&utm_source=SzinwiLH3jdq-oS1oNeLxg,2.0
zWLGeuw-a2qCcP2hljh2dw,Mako,Pescado,"Sushi Bars, Japanese",4.4,197,$$$$,(312) 988-0687,"731 W Lake St, Chicago, IL 60661",Chicago,60661,41.88555,-87.64698,False,https://www.yelp.com/biz/mako-chicago?adjust_creative=SzinwiLH3jdq-oS1oNeLxg&utm_campaign=yelp_api_v3&utm_medium=api_v3_business_search&utm_source=SzinwiLH3jdq-oS1oNeLxg,4.0
gB0XNxUPIbdKyVYx77sBsw,Kyoten Next Door,Pescado,Sushi Bars,4.7,39,,(312) 772-6658,"2513 W Armitage Ave, Chicago, IL 60647",Chicago,60647,41.91718786930711,-87.69007690250875,False,https://www.yelp.com/biz/kyoten-next-door-chicago?adjust_creative=SzinwiLH3jdq-oS1oNeLxg&utm_campaign=yelp_api_v3&utm_medium=api_v3_business_search&utm_source=SzinwiLH3jdq-oS1oNeLxg,
L7OoIKseZ8_zE8yMAewdEQ,Mammoth Poke,Pescado,"Poke, Sushi Bars, Salad",4.8,124,$$,(312) 516-2456,"2035 N Western Ave, Chicago, IL 60647",Chicago,60647,41.91867139809604,-87.6872467738158,False,https://www.yelp.com/biz/mammoth-poke-chicago?adjust_creative=SzinwiLH3jdq-oS1oNeLxg&utm_campaign=yelp_api_v3&utm_medium=api_v3_business_search&utm_source=SzinwiLH3jdq-oS1oNeLxg,2.0
aTZtueP65NLg0rjWPn2ayg,Jomon,Pescado,"Sushi Bars, Izakaya",4.2,14,,,"1858 N Western Ave, Chicago, IL 60647",Chicago,60647,41.91572542184008,-87.68763295673058,False,https://www.yelp.com/biz/jomon-chicago?adjust_creative=SzinwiLH3jdq-oS1oNeLxg&utm_campaign=yelp_api_v3&utm_medium=api_v3_business_search&utm_source=SzinwiLH3jdq-oS1oNeLxg,
mlhHPnHmjO2_ypcP5Vc9Zw,Coast Sushi Bar,Pescado,Sushi Bars,3.8,1221,$$,(773) 235-5775,"2045 N Damen Ave, Chicago, IL 60647",Chicago,60647,41.91905078950868,-87.67753,False,https://www.yelp.com/biz/coast-sushi-bar-chicago?adjust_creative=SzinwiLH3jdq-oS1oNeLxg&utm_campaign=yelp_api_v3&utm_medium=api_v3_business_search&utm_source=SzinwiLH3jdq-oS1oNeLxg,2.0
PjJw8bq2t-prI9eHpQA6rA,Kai Sushi - Lakeview,Pescado,"Sushi Bars, Japanese",4.5,150,$$,(773) 360-8333,"3819 N Southport Ave, Chicago, IL 60613",Chicago,60613,41.95132,-87.66387,False,https://www.yelp.com/biz/kai-sushi-lakeview-chicago-2?adjust_creative=SzinwiLH3jdq-oS1oNeLxg&utm_campaign=yelp_api_v3&utm_medium=api_v3_business_search&utm_source=SzinwiLH3jdq-oS1oNeLxg,2.0
xj1TmMHiPTDtYoufOJRX9Q,Ryo Sushi,Pescado,Sushi Bars,4.1,506,$$,(312) 409-8888,"62 E Madison St, Chicago, IL 60602",Chicago,60602,41.8822099,-87.6256593,False,https://www.yelp.com/biz/ryo-sushi-chicago-3?adjust_creative=SzinwiLH3jdq-oS1oNeLxg&utm_campaign=yelp_api_v3&utm_medium=api_v3_business_search&utm_source=SzinwiLH3jdq-oS1oNeLxg,2.0
dtcq-GcOvmY6SfZoO-cVhg,Niu B,Pescado,"Sushi Bars, Asian Fusion, Ramen",4.0,578,$$,(312) 922-1127,"888 S Michigan Ave, Chicago, IL 60605",Chicago,60605,41.870627153595,-87.6243124902248,False,https://www.yelp.com/biz/niu-b-chicago?adjust_creative=SzinwiLH3jdq-oS1oNeLxg&utm_campaign=yelp_api_v3&utm_medium=api_v3_business_search&utm_source=SzinwiLH3jdq-oS1oNeLxg,2.0
zH-GVjmBeo59Yazb0wwMZw,Kraken Sushi & Beyond,Pescado,"Japanese, Sushi Bars",4.3,181,$$,(773) 681-0292,"4022 N Western Ave, Chicago, IL 60618",Chicago,60618,41.954819,-87.688864,False,https://www.yelp.com/biz/kraken-sushi-and-beyond-chicago-2?adjust_creative=SzinwiLH3jdq-oS1oNeLxg&utm_campaign=yelp_api_v3&utm_medium=api_v3_business_search&utm_source=SzinwiLH3jdq-oS1oNeLxg,2.0
ucBwltV5SpEoh3IWOqkOdw,Joto,Pescado,"Japanese, Bars, Sushi Bars",4.3,43,,(312) 707-8780,"564 W Randolph St, Chicago, IL 60661",Chicago,60661,41.88457483099661,-87.64214421723379,False,https://www.yelp.com/biz/joto-chicago?adjust_creative=SzinwiLH3jdq-oS1oNeLxg&utm_campaign=yelp_api_v3&utm_medium=api_v3_business_search&utm_source=SzinwiLH3jdq-oS1oNeLxg,
HPS6EiBHGQfBUkOzrp1aZg,The Omakase Room at Sushi-san,Pescado,Sushi Bars,4.4,23,,(312) 766-7899,"63 W Grand Ave, Ste 2F, Chicago, IL 60654",Chicago,60654,41.89142,-87.6305,False,https://www.yelp.com/biz/the-omakase-room-at-sushi-san-chicago?adjust_creative=SzinwiLH3jdq-oS1oNeLxg&utm_campaign=yelp_api_v3&utm_medium=api_v3_business_search&utm_source=SzinwiLH3jdq-oS1oNeLxg,
Wr4TZ8cQcOaio1TvBuTwjg,Nori Sushi - Wicker Park,Pescado,"Sushi Bars, Japanese",3.9,411,$$,(773) 292-9992,"1393 N Milwaukee Ave, Chicago, IL 60622",Chicago,60622,41.90735,-87.67224,False,https://www.yelp.com/biz/nori-sushi-wicker-park-chicago-5?adjust_creative=SzinwiLH3jdq-oS1oNeLxg&utm_campaign=yelp_api_v3&utm_medium=api_v3_business_search&utm_source=SzinwiLH3jdq-oS1oNeLxg,2.0
7vVln607E3H4sM39AkDmjw,Cocoro Japanese,Pescado,"Japanese, Sushi Bars, Soup",3.9,406,$$,(312) 943-2220,"668 N Wells St, Chicago, IL 60654",Chicago,60654,41.894512,-87.634534,False,https://www.yelp.com/biz/cocoro-japanese-chicago?adjust_creative=SzinwiLH3jdq-oS1oNeLxg&utm_campaign=yelp_api_v3&utm_medium=api_v3_business_search&utm_source=SzinwiLH3jdq-oS1oNeLxg,2.0
RHg0bWa8GMc5545DjylQkg,Haru Sushi,Pescado,Sushi Bars,4.6,41,,(773) 661-9494,"3301 W Armitage Ave, Chicago, IL 60647",Chicago,60647,41.91720523053412,-87.71052319072946,False,https://www.yelp.com/biz/haru-sushi-chicago?adjust_creative=SzinwiLH3jdq-oS1oNeLxg&utm_campaign=yelp_api_v3&utm_medium=api_v3_business_search&utm_source=SzinwiLH3jdq-oS1oNeLxg,
pR401poiNqm1k4he2Znx-w,Poke Burrito,Pescado,"Poke, Sushi Bars, Ramen",4.0,5,,(773) 886-5577,"1125 N Western Ave, Chicago, IL 60622",Chicago,60622,41.901961,-87.686707,False,https://www.yelp.com/biz/poke-burrito-chicago-6?adjust_creative=SzinwiLH3jdq-oS1oNeLxg&utm_campaign=yelp_api_v3&utm_medium=api_v3_business_search&utm_source=SzinwiLH3jdq-oS1oNeLxg,
CPj1XHGBsWOFiQpdxOyOxw,Friends Sushi,Pescado,"Sushi Bars, Izakaya",4.0,1575,$$,(312) 787-8998,"710 N Rush St, Chicago, IL 60611",Chicago,60611,41.895366,-87.625781,False,https://www.yelp.com/biz/friends-sushi-chicago?adjust_creative=SzinwiLH3jdq-oS1oNeLxg&utm_campaign=yelp_api_v3&utm_medium=api_v3_business_search&utm_source=SzinwiLH3jdq-oS1oNeLxg,2.0
CmhfgwtFpQXzThR_aB21OA,Big Bird Sushi Bar & Thai,Pescado,"Thai, Sushi Bars",4.5,26,,(773) 857-0136,"3581 W Belden Ave, Chicago, IL 60647",Chicago,60647,41.922588941451686,-87.71677359938622,False,https://www.yelp.com/biz/big-bird-sushi-bar-and-thai-chicago?adjust_creative=SzinwiLH3jdq-oS1oNeLxg&utm_campaign=yelp_api_v3&utm_medium=api_v3_business_search&utm_source=SzinwiLH3jdq-oS1oNeLxg,
T_7MC719fn91s6q15UsB_w,Lucky Trendy Sushi,Pescado,"Sushi Bars, Japanese, Soup",4.7,18,,(872) 315-3032,"2735 N Milwaukee Ave, Chicago, IL 60647",Chicago,60647,41.930935,-87.710114,False,https://www.yelp.com/biz/lucky-trendy-sushi-chicago?adjust_creative=SzinwiLH3jdq-oS1oNeLxg&utm_campaign=yelp_api_v3&utm_medium=api_v3_business_search&utm_source=SzinwiLH3jdq-oS1oNeLxg,
VyYydONXRBP_6hw3AvK01g,Sunda New Asian - Fulton Market,Pescado,"Sushi Bars, Japanese, Pan Asian",4.2,117,,(312) 900-0033,"333 N Green St, Chicago, IL 60607",Chicago,60607,41.887582697197885,-87.64854675671418,False,https://www.yelp.com/biz/sunda-new-asian-fulton-market-chicago?adjust_creative=SzinwiLH3jdq-oS1oNeLxg&utm_campaign=yelp_api_v3&utm_medium=api_v3_business_search&utm_source=SzinwiLH3jdq-oS1oNeLxg,
oygq45Un8P21YY5r3bebhQ,Amarit Thai & Sushi,Pescado,"Thai, Sushi Bars",3.5,466,$$,(312) 939-1179,"600 S Dearborn St, Chicago, IL 60605",Chicago,60605,41.874039,-87.629443,False,https://www.yelp.com/biz/amarit-thai-and-sushi-chicago-4?adjust_creative=SzinwiLH3jdq-oS1oNeLxg&utm_campaign=yelp_api_v3&utm_medium=api_v3_business_search&utm_source=SzinwiLH3jdq-oS1oNeLxg,2.0
lK6DW1KMdYQkpRxyg8ZYEg,Shrimp Island,Pescado,"Seafood, Fast Food, Fish & Chips",4.6,24,,(773) 413-7127,"5358 W Grand Ave, Chicago, IL 60639",Chicago,60639,41.91808,-87.76066,False,https://www.yelp.com/biz/shrimp-island-chicago?adjust_creative=SzinwiLH3jdq-oS1oNeLxg&utm_campaign=yelp_api_v3&utm_medium=api_v3_business_search&utm_source=SzinwiLH3jdq-oS1oNeLxg,
-kHNCSxf_lHi9822c43J7w,Ora,Pescado,"Sushi Bars, Japanese",4.4,583,$$,(773) 754-8750,"5701 N Clark St, Chicago, IL 60660",Chicago,60660,41.98557,-87.66881,False,https://www.yelp.com/biz/ora-chicago?adjust_creative=SzinwiLH3jdq-oS1oNeLxg&utm_campaign=yelp_api_v3&utm_medium=api_v3_business_search&utm_source=SzinwiLH3jdq-oS1oNeLxg,2.0
uuzHIvHMrH4ysQzj1Wp6wA,Benihana,Pescado,"Sushi Bars, Teppanyaki, Steakhouses",3.3,879,$$$,(312) 780-3110,"875 N Michigan Ave, Chicago, IL 60611",Chicago,60611,41.898820982178776,-87.62319377054213,False,https://www.yelp.com/biz/benihana-chicago-4?adjust_creative=SzinwiLH3jdq-oS1oNeLxg&utm_campaign=yelp_api_v3&utm_medium=api_v3_business_search&utm_source=SzinwiLH3jdq-oS1oNeLxg,3.0
VdiTeF8Xym7b3OZHbeAQQg,Division on the Rocks,Pescado,"Bars, Sushi Bars, Grocery",4.8,20,,,"102 W Division St, Fl 2, Jewel Osco, Chicago, IL 60610",Chicago,60610,41.9040398,-87.6317598,False,https://www.yelp.com/biz/division-on-the-rocks-chicago?adjust_creative=SzinwiLH3jdq-oS1oNeLxg&utm_campaign=yelp_api_v3&utm_medium=api_v3_business_search&utm_source=SzinwiLH3jdq-oS1oNeLxg,
r732n4Oq1YO02K58fcR-Yg,SUSHI DOKKU Japanese Restaurant,Pescado,"Sushi Bars, Japanese, Cocktail Bars",4.2,700,$$,(312) 455-8238,"823 W Randolph St, Chicago, IL 60607",Chicago,60607,41.88408424952515,-87.64846359794781,False,https://www.yelp.com/biz/sushi-dokku-chicago-3?adjust_creative=SzinwiLH3jdq-oS1oNeLxg&utm_campaign=yelp_api_v3&utm_medium=api_v3_business_search&utm_source=SzinwiLH3jdq-oS1oNeLxg,2.0
KlKX64yX8IyE8q6DqFZ_6g,Kai Sushi - South Loop,Pescado,"Sushi Bars, Japanese",4.2,715,$$,(312) 583-0567,"1255 S State St, Chicago, IL 60605",Chicago,60605,41.866164,-87.626962,False,https://www.yelp.com/biz/kai-sushi-south-loop-chicago-2?adjust_creative=SzinwiLH3jdq-oS1oNeLxg&utm_campaign=yelp_api_v3&utm_medium=api_v3_business_search&utm_source=SzinwiLH3jdq-oS1oNeLxg,2.0
wP6Chw7fbr1uwvipe9a56w,Casa Madai,Pescado,Sushi Bars,4.7,57,,(872) 342-2105,"2023 S Racine Ave, Chicago, IL 60608",Chicago,60608,41.85443738438655,-87.65621234326936,False,https://www.yelp.com/biz/casa-madai-chicago?adjust_creative=SzinwiLH3jdq-oS1oNeLxg&utm_campaign=yelp_api_v3&utm_medium=api_v3_business_search&utm_source=SzinwiLH3jdq-oS1oNeLxg,
Q3kW__UF1NNnoZywBeY3Aw,Sushi Nova,Pescado,"Sushi Bars, Buffets, Salad",4.4,107,,(312) 989-3866,"160 N Franklin St, Chicago, IL 60606",Chicago,60606,41.8849,-87.63569,False,https://www.yelp.com/biz/sushi-nova-chicago-2?adjust_creative=SzinwiLH3jdq-oS1oNeLxg&utm_campaign=yelp_api_v3&utm_medium=api_v3_business_search&utm_source=SzinwiLH3jdq-oS1oNeLxg,
UqoxOHG50O9R48lg2WOdBg,Yokocho,Pescado,"Cocktail Bars, Japanese, Sushi Bars",4.5,110,,(312) 890-1119,"167 N Green St, Back Alley, Chicago, IL 60607",Chicago,60607,41.88512,-87.64829,False,https://www.yelp.com/biz/yokocho-chicago-3?adjust_creative=SzinwiLH3jdq-oS1oNeLxg&utm_campaign=yelp_api_v3&utm_medium=api_v3_business_search&utm_source=SzinwiLH3jdq-oS1oNeLxg,
uE6iEvHozitCrUsHRsGKgA,Uni Sushi,Pescado,"Japanese, Sushi Bars",3.9,295,$$,(773) 276-9899,"1752 W North Ave, Chicago, IL 60622",Chicago,60622,41.910764,-87.672259,False,https://www.yelp.com/biz/uni-sushi-chicago?adjust_creative=SzinwiLH3jdq-oS1oNeLxg&utm_campaign=yelp_api_v3&utm_medium=api_v3_business_search&utm_source=SzinwiLH3jdq-oS1oNeLxg,2.0
Le9Dz-L-yS5V3sZ2OMNZgg,Grain and Sea,Pescado,Sushi Bars,4.7,26,,(205) 779-4578,"174 N Franklin St, Chicago, IL 60606",Chicago,60606,41.88532208036322,-87.6355523,False,https://www.yelp.com/biz/grain-and-sea-chicago?adjust_creative=SzinwiLH3jdq-oS1oNeLxg&utm_campaign=yelp_api_v3&utm_medium=api_v3_business_search&utm_source=SzinwiLH3jdq-oS1oNeLxg,
QhG_YHqF9WMIWFnZHSWSyA,Big Bear Sushi & Thai,Pescado,"Thai, Sushi Bars, Japanese",4.6,54,,(773) 739-9210,"3334 N Milwaukee Ave, Chicago, IL 60641",Chicago,60641,41.94154996569859,-87.72819377481937,False,https://www.yelp.com/biz/big-bear-sushi-and-thai-chicago?adjust_creative=SzinwiLH3jdq-oS1oNeLxg&utm_campaign=yelp_api_v3&utm_medium=api_v3_business_search&utm_source=SzinwiLH3jdq-oS1oNeLxg,
bCgWDGyD3G2ULKMB6bQa_w,Butterfly Sushi Bar & Thai Cuisine,Pescado,"Thai, Sushi Bars",3.9,1225,$$,(312) 563-5555,"1139 W Grand Ave, Chicago, IL 60642",Chicago,60642,41.8909149169922,-87.6562042236328,False,https://www.yelp.com/biz/butterfly-sushi-bar-and-thai-cuisine-chicago-2?adjust_creative=SzinwiLH3jdq-oS1oNeLxg&utm_campaign=yelp_api_v3&utm_medium=api_v3_business_search&utm_source=SzinwiLH3jdq-oS1oNeLxg,2.0
GnMUyjQ9zUTaVWLKRxj8DQ,Mirai Sushi Gold Coast,Pescado,Sushi Bars,3.7,149,$$$,(312) 280-9100,"990 N Mies Van Der Rohe Way, Chicago, IL 60611",Chicago,60611,41.899906249635116,-87.62207600200153,False,https://www.yelp.com/biz/mirai-sushi-gold-coast-chicago-2?adjust_creative=SzinwiLH3jdq-oS1oNeLxg&utm_campaign=yelp_api_v3&utm_medium=api_v3_business_search&utm_source=SzinwiLH3jdq-oS1oNeLxg,3.0
QtKqYpgEgMCjPLyI1DW-gQ,Chicken Factory,Pescado,"Chicken Wings, Fish & Chips, Sandwiches",4.7,11,,(872) 262-6787,"3517 N Spaulding Ave, Chicago, IL 60618",Chicago,60618,41.945431,-87.709355,False,https://www.yelp.com/biz/chicken-factory-chicago-2?adjust_creative=SzinwiLH3jdq-oS1oNeLxg&utm_campaign=yelp_api_v3&utm_medium=api_v3_business_search&utm_source=SzinwiLH3jdq-oS1oNeLxg,
X4CsYKx-4BOiaUGa-FG5Zg,Thai Spoon & Sushi,Pescado,"Sushi Bars, Thai, Bubble Tea",3.9,374,$$,(312) 427-9470,"601 S Wabash Ave, Chicago, IL 60605",Chicago,60605,41.87425,-87.62548,False,https://www.yelp.com/biz/thai-spoon-and-sushi-chicago-2?adjust_creative=SzinwiLH3jdq-oS1oNeLxg&utm_campaign=yelp_api_v3&utm_medium=api_v3_business_search&utm_source=SzinwiLH3jdq-oS1oNeLxg,2.0
AKngvU-VIsVwM8A-PW3utw,Kizami Sushi,Pescado,"Sushi Bars, Japanese, Wine Bars",4.4,137,$$,(773) 697-8906,"2235 N Lincoln Ave, Chicago, IL 60614",Chicago,60614,41.92297,-87.64479,False,https://www.yelp.com/biz/kizami-sushi-chicago-2?adjust_creative=SzinwiLH3jdq-oS1oNeLxg&utm_campaign=yelp_api_v3&utm_medium=api_v3_business_search&utm_source=SzinwiLH3jdq-oS1oNeLxg,2.0
kTZMhvj4vYCNBb8xATc5JQ,Sumi Sushi,Pescado,"Japanese, Sushi Bars, Soup",3.8,151,$$,(312) 465-2695,"1303 S Michigan Ave, Chicago, IL 60605",Chicago,60605,41.8657169853,-87.6239298737,False,https://www.yelp.com/biz/sumi-sushi-chicago-2?adjust_creative=SzinwiLH3jdq-oS1oNeLxg&utm_campaign=yelp_api_v3&utm_medium=api_v3_business_search&utm_source=SzinwiLH3jdq-oS1oNeLxg,2.0
XA-cAhyL6LpcRW17jp5zYA,Sakana Sushi & Japanese Cuisine,Pescado,"Sushi Bars, Japanese",4.1,76,,(312) 528-5049,"1307 S Wabash Ave, Chicago, IL 60605",Chicago,60605,41.86545322331613,-87.6253097,False,https://www.yelp.com/biz/sakana-sushi-and-japanese-cuisine-chicago-2?adjust_creative=SzinwiLH3jdq-oS1oNeLxg&utm_campaign=yelp_api_v3&utm_medium=api_v3_business_search&utm_source=SzinwiLH3jdq-oS1oNeLxg,
6KU3ylSh27qiiBa-a9vOGQ,Union,Pescado,"Japanese, Sushi Bars, Barbeque",4.0,1307,$$,(312) 662-4888,"1457 N Halsted St, Chicago, IL 60642",Chicago,60642,41.907691460092984,-87.64790177010781,False,https://www.yelp.com/biz/union-chicago-6?adjust_creative=SzinwiLH3jdq-oS1oNeLxg&utm_campaign=yelp_api_v3&utm_medium=api_v3_business_search&utm_source=SzinwiLH3jdq-oS1oNeLxg,2.0
hu2gl_WihMA6O4p2mG-m4w,Lawrence Fish Market Chinatown,Pescado,"Bubble Tea, Sushi Bars, Seafood",4.2,91,,(312) 312-2118,"234 W 31st St, Chicago, IL 60616",Chicago,60616,41.838395,-87.633111,False,https://www.yelp.com/biz/lawrence-fish-market-chinatown-chicago?adjust_creative=SzinwiLH3jdq-oS1oNeLxg&utm_campaign=yelp_api_v3&utm_medium=api_v3_business_search&utm_source=SzinwiLH3jdq-oS1oNeLxg,
LfufLK7Vi9LJIXOtkT6ghw,Sora Temakeria,Pescado,"Sushi Bars, Japanese, Poke",4.3,105,$$,(773) 801-1571,"3508 W 26th St, Chicago, IL 60623",Chicago,60623,41.84457,-87.71283,False,https://www.yelp.com/biz/sora-temakeria-chicago?adjust_creative=SzinwiLH3jdq-oS1oNeLxg&utm_campaign=yelp_api_v3&utm_medium=api_v3_business_search&utm_source=SzinwiLH3jdq-oS1oNeLxg,2.0
9GU_hkpt8Jr4Qwk3aHrkmQ,Sushi Loop,Pescado,Sushi Bars,4.2,88,,(773) 797-2999,"2200 W Lawrence Ave, Chicago, IL 60625",Chicago,60625,41.96896005792756,-87.6847608221632,False,https://www.yelp.com/biz/sushi-loop-chicago-2?adjust_creative=SzinwiLH3jdq-oS1oNeLxg&utm_campaign=yelp_api_v3&utm_medium=api_v3_business_search&utm_source=SzinwiLH3jdq-oS1oNeLxg,
9VjA3OhPq6jbtliLL3Z-DA,Kim's Korean Cuisine and Sushi,Pescado,"Korean, Sushi Bars",4.7,133,$$,(773) 799-8800,"3422 N Broadway, Chicago, IL 60657",Chicago,60657,41.94398,-87.64537,False,https://www.yelp.com/biz/kims-korean-cuisine-and-sushi-chicago?adjust_creative=SzinwiLH3jdq-oS1oNeLxg&utm_campaign=yelp_api_v3&utm_medium=api_v3_business_search&utm_source=SzinwiLH3jdq-oS1oNeLxg,2.0
nD9poL2XS2nnVOJXXMqbuA,Little Wok,Pescado,"Chinese, Sushi Bars, Asian Fusion",3.8,351,$$,(773) 525-8111,"3144 N Broadway, Chicago, IL 60657",Chicago,60657,41.939,-87.64465,False,https://www.yelp.com/biz/little-wok-chicago-2?adjust_creative=SzinwiLH3jdq-oS1oNeLxg&utm_campaign=yelp_api_v3&utm_medium=api_v3_business_search&utm_source=SzinwiLH3jdq-oS1oNeLxg,2.0
42GuTKuEm7JbzWtRwv9JTQ,Juno,Pescado,"Sushi Bars, Japanese",4.0,522,$$$,(773) 935-2000,"2638 N Lincoln Ave, Chicago, IL 60614",Chicago,60614,41.92984251560855,-87.65512814985946,False,https://www.yelp.com/biz/juno-chicago-2?adjust_creative=SzinwiLH3jdq-oS1oNeLxg&utm_campaign=yelp_api_v3&utm_medium=api_v3_business_search&utm_source=SzinwiLH3jdq-oS1oNeLxg,3.0
qaR0K2YNsoM5qfcZWKU5zg,Fresh Sushi Chicago,Pescado,"Sushi Bars, Poke, Ramen",4.8,76,,(773) 853-0867,"3443 N Milwaukee Ave, Chicago, IL 60641",Chicago,60641,41.9439712,-87.73151349999999,False,https://www.yelp.com/biz/fresh-sushi-chicago-chicago?adjust_creative=SzinwiLH3jdq-oS1oNeLxg&utm_campaign=yelp_api_v3&utm_medium=api_v3_business_search&utm_source=SzinwiLH3jdq-oS1oNeLxg,
sZWXT7ivcxcIJtWdQWF7hA,Alynia Zushi,Pescado,"Sushi Bars, Karaoke",4.6,68,$$,(773) 801-0478,"3051 S Archer Ave, Chicago, IL 60608",Chicago,60608,41.83907697710367,-87.66272018427098,False,https://www.yelp.com/biz/alynia-zushi-chicago?adjust_creative=SzinwiLH3jdq-oS1oNeLxg&utm_campaign=yelp_api_v3&utm_medium=api_v3_business_search&utm_source=SzinwiLH3jdq-oS1oNeLxg,2.0
2L0cobUly2HYZaMoJlT8vg,Booze Box,Pescado,"Cocktail Bars, Sushi Bars, Japanese",4.4,207,,(312) 455-8238,"823 W Randolph, Chicago, IL 60607",Chicago,60607,41.8840982277936,-87.64846235544489,False,https://www.yelp.com/biz/booze-box-chicago-3?adjust_creative=SzinwiLH3jdq-oS1oNeLxg&utm_campaign=yelp_api_v3&utm_medium=api_v3_business_search&utm_source=SzinwiLH3jdq-oS1oNeLxg,
XOz2pGcfmZNsi0MTq3cA9Q,One More Sushi Express,Pescado,"Dim Sum, Japanese, Sushi Bars",4.5,64,,(312) 374-1052,"1519 W Taylor St, Chicago, IL 60607",Chicago,60607,41.8691065,-87.66493236711621,False,https://www.yelp.com/biz/one-more-sushi-express-chicago?adjust_creative=SzinwiLH3jdq-oS1oNeLxg&utm_campaign=yelp_api_v3&utm_medium=api_v3_business_search&utm_source=SzinwiLH3jdq-oS1oNeLxg,
k81iqznYFEJtmmx6incxsg,Tanuki Sushi & Grill,Pescado,"Sushi Bars, Japanese, Asian Fusion",4.1,493,$$,(773) 360-1950,"3006 N Sheffield Ave, Chicago, IL 60657",Chicago,60657,41.9365467454796,-87.65421771406879,False,https://www.yelp.com/biz/tanuki-sushi-and-grill-chicago-5?adjust_creative=SzinwiLH3jdq-oS1oNeLxg&utm_campaign=yelp_api_v3&utm_medium=api_v3_business_search&utm_source=SzinwiLH3jdq-oS1oNeLxg,2.0
EVpzvxgXe0vahmUCmBpQKQ,Bubble Maki,Pescado,"Sushi Bars, Bubble Tea, Food Delivery Services",4.4,17,,(312) 448-8416,"Chicago, IL 60642",Chicago,60642,41.90160027209554,-87.6580232782808,False,https://www.yelp.com/biz/bubble-maki-chicago?adjust_creative=SzinwiLH3jdq-oS1oNeLxg&utm_campaign=yelp_api_v3&utm_medium=api_v3_business_search&utm_source=SzinwiLH3jdq-oS1oNeLxg,
-LkLMhNfhLNbzJONobq6FQ,Out of Bounds Chicken & Fish,Pescado,"Chicken Wings, Burgers, Fish & Chips",4.7,12,,(773) 413-7080,"4813 W Harrison St, Chicago, IL 60644",Chicago,60644,41.8730804206784,-87.7454591831871,False,https://www.yelp.com/biz/out-of-bounds-chicken-and-fish-chicago?adjust_creative=SzinwiLH3jdq-oS1oNeLxg&utm_campaign=yelp_api_v3&utm_medium=api_v3_business_search&utm_source=SzinwiLH3jdq-oS1oNeLxg,
IX0qRFsU9Hyx1LNPb4pGoQ,Q Sushi Bar & Omakase,Pescado,"Sushi Bars, Japanese",4.8,129,,(773) 681-0206,"4845 N Damen Ave, Chicago, IL 60625",Chicago,60625,41.97011885435224,-87.67903458327054,False,https://www.yelp.com/biz/q-sushi-bar-and-omakase-chicago?adjust_creative=SzinwiLH3jdq-oS1oNeLxg&utm_campaign=yelp_api_v3&utm_medium=api_v3_business_search&utm_source=SzinwiLH3jdq-oS1oNeLxg,
P2524pKdNOFYpzH0KWgh7Q,Paku Paku Sushi,Pescado,Sushi Bars,4.6,19,,(773) 654-3242,"3053 N California Ave, Chicago, IL 60618",Chicago,60618,41.937316,-87.697424,False,https://www.yelp.com/biz/paku-paku-sushi-chicago?adjust_creative=SzinwiLH3jdq-oS1oNeLxg&utm_campaign=yelp_api_v3&utm_medium=api_v3_business_search&utm_source=SzinwiLH3jdq-oS1oNeLxg,
YQ_ZW6rnU5IshuiGlnlTUg,Niu Japanese Fusion Lounge,Pescado,"Sushi Bars, Japanese, Asian Fusion",3.7,1071,$$,(312) 527-2888,"332 E Illinois St, Chicago, IL 60611",Chicago,60611,41.891185141978,-87.618678666509,False,https://www.yelp.com/biz/niu-japanese-fusion-lounge-chicago?adjust_creative=SzinwiLH3jdq-oS1oNeLxg&utm_campaign=yelp_api_v3&utm_medium=api_v3_business_search&utm_source=SzinwiLH3jdq-oS1oNeLxg,2.0
UzksnYYQvh2tThSGTqUslA,2AM Izakaya,Pescado,"Japanese, Sushi Bars, Chinese",4.1,74,$$,(773) 882-2363,"2218 N Lincoln Ave, Chicago, IL 60614",Chicago,60614,41.92228,-87.64465,False,https://www.yelp.com/biz/2am-izakaya-chicago?adjust_creative=SzinwiLH3jdq-oS1oNeLxg&utm_campaign=yelp_api_v3&utm_medium=api_v3_business_search&utm_source=SzinwiLH3jdq-oS1oNeLxg,2.0
Uz1cTyNFWp8Vs4QC9ka8IQ,Oni Maki,Pescado,"Sushi Bars, Japanese",3.9,44,,,"1424 W Taylor St, Chicago, IL 60607",Chicago,60607,41.86973991360863,-87.66275737976068,False,https://www.yelp.com/biz/oni-maki-chicago?adjust_creative=SzinwiLH3jdq-oS1oNeLxg&utm_campaign=yelp_api_v3&utm_medium=api_v3_business_search&utm_source=SzinwiLH3jdq-oS1oNeLxg,
7ZbSwqysOty98mElb37nGw,Kameya Ramen & Sushi,Pescado,"Ramen, Asian Fusion, Sushi Bars",4.3,172,$$,(773) 857-0117,"604 W Belmont Ave, Chicago, IL 60657",Chicago,60657,41.9401497,-87.6447475,False,https://www.yelp.com/biz/kameya-ramen-chicago-17?adjust_creative=SzinwiLH3jdq-oS1oNeLxg&utm_campaign=yelp_api_v3&utm_medium=api_v3_business_search&utm_source=SzinwiLH3jdq-oS1oNeLxg,2.0
q7Etvp6j0gF_t8j70rTJUg,Sushi Suite 202,Pescado,"Sushi Bars, Japanese, Speakeasies",4.4,121,$$$$,(312) 818-1156,"1816 N Clark St, Hotel Lincoln, Chicago, IL 60614",Chicago,60614,41.9153,-87.6345,False,https://www.yelp.com/biz/sushi-suite-202-chicago?adjust_creative=SzinwiLH3jdq-oS1oNeLxg&utm_campaign=yelp_api_v3&utm_medium=api_v3_business_search&utm_source=SzinwiLH3jdq-oS1oNeLxg,4.0
lncS2kRoXSJ7unM-TaBZCw,Rollapalooza,Pescado,"Sushi Bars, Japanese",4.3,534,$$,(773) 281-6400,"3344 N Halsted St, Chicago, IL 60657",Chicago,60657,41.943186,-87.649657,False,https://www.yelp.com/biz/rollapalooza-chicago?adjust_creative=SzinwiLH3jdq-oS1oNeLxg&utm_campaign=yelp_api_v3&utm_medium=api_v3_business_search&utm_source=SzinwiLH3jdq-oS1oNeLxg,2.0
ql34OG6XR7oKnpAV6Mi1nQ,Sai Cafe,Pescado,"Sushi Bars, Japanese, Salad",4.1,405,$$,(773) 472-8080,"1114 W Armitage Ave, Chicago, IL 60614",Chicago,60614,41.91824205455266,-87.65612124453466,False,https://www.yelp.com/biz/sai-cafe-chicago?adjust_creative=SzinwiLH3jdq-oS1oNeLxg&utm_campaign=yelp_api_v3&utm_medium=api_v3_business_search&utm_source=SzinwiLH3jdq-oS1oNeLxg,2.0
WrsHUVj2jFvOsCz2Sl_lMw,Jinsei Motto,Pescado,Sushi Bars,5.0,4,,,"2456 N California Ave, Chicago, IL 60647",Chicago,60647,41.9265,-87.6978,False,https://www.yelp.com/biz/jinsei-motto-chicago-2?adjust_creative=SzinwiLH3jdq-oS1oNeLxg&utm_campaign=yelp_api_v3&utm_medium=api_v3_business_search&utm_source=SzinwiLH3jdq-oS1oNeLxg,
sjhBzCcFE2bzAG3j53roZQ,Toro Sushi,Pescado,Sushi Bars,4.2,1189,$$,(773) 348-7255,"2546 N Clark St, Chicago, IL 60614",Chicago,60614,41.92907,-87.64281,False,https://www.yelp.com/biz/toro-sushi-chicago-3?adjust_creative=SzinwiLH3jdq-oS1oNeLxg&utm_campaign=yelp_api_v3&utm_medium=api_v3_business_search&utm_source=SzinwiLH3jdq-oS1oNeLxg,2.0
xM3rdKK2YiazFDD4GnjZ8A,Stetsons Modern Steak + Sushi,Pescado,"Sushi Bars, Steakhouses, Seafood",4.0,235,$$$,(312) 239-4491,"151 E Wacker Dr, Chicago, IL 60601",Chicago,60601,41.8873352808554,-87.6220776735412,False,https://www.yelp.com/biz/stetsons-modern-steak-sushi-chicago-2?adjust_creative=SzinwiLH3jdq-oS1oNeLxg&utm_campaign=yelp_api_v3&utm_medium=api_v3_business_search&utm_source=SzinwiLH3jdq-oS1oNeLxg,3.0
8VUd1oa7pKe_LsZcnj_gaw,Sayuri Sushi Bar,Pescado,"Japanese, Sushi Bars",4.7,62,,(773) 942-6051,"1553 W Devon Ave, Chicago, IL 60660",Chicago,60660,41.9979834,-87.66993968773161,False,https://www.yelp.com/biz/sayuri-sushi-bar-chicago?adjust_creative=SzinwiLH3jdq-oS1oNeLxg&utm_campaign=yelp_api_v3&utm_medium=api_v3_business_search&utm_source=SzinwiLH3jdq-oS1oNeLxg,
zmHqbzYyVOc6PIqNxV3bTw,Golden Gai,Pescado,Sushi Bars,3.8,23,,(312) 366-2996,"1144 W 18th St, Chicago, IL 60608",Chicago,60608,41.85823,-87.65513,False,https://www.yelp.com/biz/golden-gai-chicago?adjust_creative=SzinwiLH3jdq-oS1oNeLxg&utm_campaign=yelp_api_v3&utm_medium=api_v3_business_search&utm_source=SzinwiLH3jdq-oS1oNeLxg,
fA2H14Jj4j2YB4uXGsnVag,Yellowtail Sushi Bar and Asian Kitchen,Pescado,"Sushi Bars, Ramen",4.1,464,$$,(773) 819-9000,"3136 N Broadway St, Chicago, IL 60657",Chicago,60657,41.9388197,-87.6444487,False,https://www.yelp.com/biz/yellowtail-sushi-bar-and-asian-kitchen-chicago?adjust_creative=SzinwiLH3jdq-oS1oNeLxg&utm_campaign=yelp_api_v3&utm_medium=api_v3_business_search&utm_source=SzinwiLH3jdq-oS1oNeLxg,2.0
AaJYcw3EBYRenLMvhHrGqw,Kimura Sushi,Pescado,"Sushi Bars, Ramen",3.8,168,$$,(312) 846-6965,"1422 W Taylor St, Chicago, IL 60607",Chicago,60607,41.86959,-87.66261,False,https://www.yelp.com/biz/kimura-sushi-chicago-4?adjust_creative=SzinwiLH3jdq-oS1oNeLxg&utm_campaign=yelp_api_v3&utm_medium=api_v3_business_search&utm_source=SzinwiLH3jdq-oS1oNeLxg,2.0
alA4ccSsga38IVqkZyRk6g,Rolls N Bowls,Pescado,"Sushi Bars, Japanese, Asian Fusion",4.1,453,$$,(773) 506-4998,"4635 N Lincoln Ave, Chicago, IL 60625",Chicago,60625,41.965995,-87.6866153,False,https://www.yelp.com/biz/rolls-n-bowls-chicago-2?adjust_creative=SzinwiLH3jdq-oS1oNeLxg&utm_campaign=yelp_api_v3&utm_medium=api_v3_business_search&utm_source=SzinwiLH3jdq-oS1oNeLxg,2.0
AO83FW-KEkwzxC0YcvGO1w,Osaka Sushi Express & Fresh Fruit Smoothies,Pescado,"Sushi Bars, Japanese, Juice Bars & Smoothies",4.1,554,$$,(312) 566-0118,"400 S Michigan Ave, Chicago, IL 60605",Chicago,60605,41.876943,-87.624532,False,https://www.yelp.com/biz/osaka-sushi-express-and-fresh-fruit-smoothies-chicago-4?adjust_creative=SzinwiLH3jdq-oS1oNeLxg&utm_campaign=yelp_api_v3&utm_medium=api_v3_business_search&utm_source=SzinwiLH3jdq-oS1oNeLxg,2.0
R-ATeluRXe_nrgLo9DOTtw,Kamehachi,Pescado,"Sushi Bars, Japanese",3.5,694,$$,(312) 664-3663,"1531 N Wells St, Chicago, IL 60610",Chicago,60610,41.910041809082,-87.6342239379883,False,https://www.yelp.com/biz/kamehachi-chicago-8?adjust_creative=SzinwiLH3jdq-oS1oNeLxg&utm_campaign=yelp_api_v3&utm_medium=api_v3_business_search&utm_source=SzinwiLH3jdq-oS1oNeLxg,2.0
HyOmf-PMC8pDRWWYb7ioJA,Raisu,Pescado,"Japanese, Sushi Bars",4.4,234,$$$,(773) 961-7299,"2958 W Irving Park Rd, Chicago, IL 60618",Chicago,60618,41.95426,-87.70278,False,https://www.yelp.com/biz/raisu-chicago?adjust_creative=SzinwiLH3jdq-oS1oNeLxg&utm_campaign=yelp_api_v3&utm_medium=api_v3_business_search&utm_source=SzinwiLH3jdq-oS1oNeLxg,3.0
pglLq_8c2grcKez_wX8WPw,RYUU Asian BBQ & Sushi,Pescado,"Korean, Asian Fusion, Sushi Bars",3.9,335,$$$,(773) 661-1919,"2766 N Milwaukee Ave, Chicago, IL 60647",Chicago,60647,41.9313684850931,-87.7113179862499,False,https://www.yelp.com/biz/ryuu-asian-bbq-and-sushi-chicago?adjust_creative=SzinwiLH3jdq-oS1oNeLxg&utm_campaign=yelp_api_v3&utm_medium=api_v3_business_search&utm_source=SzinwiLH3jdq-oS1oNeLxg,3.0
TjXpq3ngGSwnp8mLf1fMZA,Talay Chicago,Pescado,"Thai, Sushi Bars",4.2,343,$$,(312) 733-0812,"1222 W Madison St, Chicago, IL 60607",Chicago,60607,41.8819675,-87.6578818,False,https://www.yelp.com/biz/talay-chicago-chicago?adjust_creative=SzinwiLH3jdq-oS1oNeLxg&utm_campaign=yelp_api_v3&utm_medium=api_v3_business_search&utm_source=SzinwiLH3jdq-oS1oNeLxg,2.0
tK4B7AeLb7Z5-al-iCiKmQ,Kai Sushi,Pescado,Sushi Bars,4.2,61,$$,,"600 N Kingsbury St, Chicago, IL 60654",Chicago,60654,41.89288,-87.64142,False,https://www.yelp.com/biz/kai-sushi-chicago-7?adjust_creative=SzinwiLH3jdq-oS1oNeLxg&utm_campaign=yelp_api_v3&utm_medium=api_v3_business_search&utm_source=SzinwiLH3jdq-oS1oNeLxg,2.0
forjLZnWO4KyRWH4y1W8KA,Ukai Japanese Restaurant,Pescado,"Japanese, Sushi Bars",4.0,487,$$,(773) 868-9900,"1059 W Belmont Ave, Chicago, IL 60657",Chicago,60657,41.9396951,-87.6561638,False,https://www.yelp.com/biz/ukai-japanese-restaurant-chicago-3?adjust_creative=SzinwiLH3jdq-oS1oNeLxg&utm_campaign=yelp_api_v3&utm_medium=api_v3_business_search&utm_source=SzinwiLH3jdq-oS1oNeLxg,2.0
M4QcD3iLdmMLW3ei4QvjKQ,Friends Sushi Izakaya,Pescado,"Sushi Bars, Izakaya",4.0,145,$$,(312) 787-9889,"804 N State St, Chicago, IL 60610",Chicago,60610,41.89697,-87.62846,False,https://www.yelp.com/biz/friends-sushi-izakaya-chicago-2?adjust_creative=SzinwiLH3jdq-oS1oNeLxg&utm_campaign=yelp_api_v3&utm_medium=api_v3_business_search&utm_source=SzinwiLH3jdq-oS1oNeLxg,2.0
zsL_VMONkLJjykXejIE8Gw,Hot Woks Cool Sushi,Pescado,"Sushi Bars, Chinese, Beer, Wine & Spirits",3.6,446,$$,(773) 282-1818,"3930 N Pulaski Rd, Chicago, IL 60641",Chicago,60641,41.9528312683105,-87.7278366088867,False,https://www.yelp.com/biz/hot-woks-cool-sushi-chicago?adjust_creative=SzinwiLH3jdq-oS1oNeLxg&utm_campaign=yelp_api_v3&utm_medium=api_v3_business_search&utm_source=SzinwiLH3jdq-oS1oNeLxg,2.0
P7pnYTgWzAJUfgmNTz41Qg,Chicago Pho Bo,Pescado,"Vietnamese, Sushi Bars, Soup",5.0,1,,(708) 375-9796,"3406 N Ashland Ave, Chicago, IL 60657",Chicago,60657,41.943654,-87.669086,False,https://www.yelp.com/biz/chicago-pho-bo-chicago-2?adjust_creative=SzinwiLH3jdq-oS1oNeLxg&utm_campaign=yelp_api_v3&utm_medium=api_v3_business_search&utm_source=SzinwiLH3jdq-oS1oNeLxg,
ZLWr_NdXlSuwNlpv0euaLQ,Oki Sushi And Thai,Pescado,"Sushi Bars, Thai",4.6,34,,(773) 887-5765,"6818 W North Ave, Chicago, IL 60707",Chicago,60707,41.909203,-87.795636,False,https://www.yelp.com/biz/oki-sushi-and-thai-chicago?adjust_creative=SzinwiLH3jdq-oS1oNeLxg&utm_campaign=yelp_api_v3&utm_medium=api_v3_business_search&utm_source=SzinwiLH3jdq-oS1oNeLxg,
QFefZPT6WDWJs-uz9jWT7g,South Kawa,Pescado,"Japanese, Sushi Bars, Asian Fusion",4.0,307,$$,(773) 940-1238,"3417 S Halsted St, Chicago, IL 60608",Chicago,60608,41.8314360235142,-87.6460021734238,False,https://www.yelp.com/biz/south-kawa-chicago?adjust_creative=SzinwiLH3jdq-oS1oNeLxg&utm_campaign=yelp_api_v3&utm_medium=api_v3_business_search&utm_source=SzinwiLH3jdq-oS1oNeLxg,2.0
wswImlwmYUCfjOCl4g13NQ,Miku Sushi Restaurant,Pescado,"Sushi Bars, Japanese",4.0,331,$$,(773) 654-1277,"4514 N Lincoln Ave, Chicago, IL 60625",Chicago,60625,41.9634971618652,-87.6855926513672,False,https://www.yelp.com/biz/miku-sushi-restaurant-chicago?adjust_creative=SzinwiLH3jdq-oS1oNeLxg&utm_campaign=yelp_api_v3&utm_medium=api_v3_business_search&utm_source=SzinwiLH3jdq-oS1oNeLxg,2.0
zEw78_ikyxDIL6ZkPZKlrw,Okini Buffet,Pescado,"Buffets, Chinese, Sushi Bars",3.7,49,$$,(773) 887-5350,"6560 W Fullerton Ave, Ste 114, Chicago, IL 60707",Chicago,60707,41.92515270792695,-87.78997489999999,False,https://www.yelp.com/biz/okini-buffet-chicago?adjust_creative=SzinwiLH3jdq-oS1oNeLxg&utm_campaign=yelp_api_v3&utm_medium=api_v3_business_search&utm_source=SzinwiLH3jdq-oS1oNeLxg,2.0
7w9jQ1eBpPBky99VP67A_w,Sushi Box,Pescado,Sushi Bars,3.9,25,,(847) 373-6757,"2811 N Broadway, Chicago, IL 60657",Chicago,60657,41.93328154687283,-87.6445813,False,https://www.yelp.com/biz/sushi-box-chicago?adjust_creative=SzinwiLH3jdq-oS1oNeLxg&utm_campaign=yelp_api_v3&utm_medium=api_v3_business_search&utm_source=SzinwiLH3jdq-oS1oNeLxg,
1QKqtC4vML3QhkrSzwR_tQ,Wakamono,Pescado,"Sushi Bars, Seafood, Asian Fusion",3.6,596,$$,(773) 296-6800,"3313 N Broadway Ave, Chicago, IL 60657",Chicago,60657,41.9423546,-87.6442834,False,https://www.yelp.com/biz/wakamono-chicago-2?adjust_creative=SzinwiLH3jdq-oS1oNeLxg&utm_campaign=yelp_api_v3&utm_medium=api_v3_business_search&utm_source=SzinwiLH3jdq-oS1oNeLxg,2.0
o2sx9mzkd8Umc-6yagT3tg,Green Tea Japanese Restaurant,Pescado,"Japanese, Sushi Bars",4.2,466,$$,(773) 883-8812,"2336 N Clark St, Chicago, IL 60614",Chicago,60614,41.924631,-87.640224,False,https://www.yelp.com/biz/green-tea-japanese-restaurant-chicago-3?adjust_creative=SzinwiLH3jdq-oS1oNeLxg&utm_campaign=yelp_api_v3&utm_medium=api_v3_business_search&utm_source=SzinwiLH3jdq-oS1oNeLxg,2.0
3QMf_Zi8ZpmAZ4QTbs3HjA,Dee's Mandarin & Sushi Lounge,Pescado,"Chinese, Sushi Bars",3.7,295,$$,(773) 477-1500,"1114 W Armitage Ave, Chicago, IL 60614",Chicago,60614,41.9183311462402,-87.6560592651367,False,https://www.yelp.com/biz/dees-mandarin-and-sushi-lounge-chicago-2?adjust_creative=SzinwiLH3jdq-oS1oNeLxg&utm_campaign=yelp_api_v3&utm_medium=api_v3_business_search&utm_source=SzinwiLH3jdq-oS1oNeLxg,2.0
_aDftia5RSSBpDLHatEfFg,Nori Sushi Bar - Lakeview,Pescado,"Sushi Bars, Japanese, Asian Fusion",3.9,555,$$,(773) 904-1000,"954 W Diversey Pkwy, Chicago, IL 60614",Chicago,60614,41.932718,-87.653535,False,https://www.yelp.com/biz/nori-sushi-bar-lakeview-chicago?adjust_creative=SzinwiLH3jdq-oS1oNeLxg&utm_campaign=yelp_api_v3&utm_medium=api_v3_business_search&utm_source=SzinwiLH3jdq-oS1oNeLxg,2.0
X1S-ekfh1HJylWzsaIA7JQ,MingHin Cuisine,Pescado,"Dim Sum, Sushi Bars, Japanese",4.2,210,$$,(312) 386-1111,"1234 S Michigan Ave, Chicago, IL 60605",Chicago,60605,41.8665155439681,-87.6243624463677,False,https://www.yelp.com/biz/minghin-cuisine-chicago-14?adjust_creative=SzinwiLH3jdq-oS1oNeLxg&utm_campaign=yelp_api_v3&utm_medium=api_v3_business_search&utm_source=SzinwiLH3jdq-oS1oNeLxg,2.0
9MHHb7QI9Dj9ZYO_FmxDJw,Mira Sushi,Pescado,Sushi Bars,3.2,172,,(312) 877-5188,"2108 S Archer Ave, Ste 2F, Chicago, IL 60616",Chicago,60616,41.8544733,-87.6324617,False,https://www.yelp.com/biz/mira-sushi-chicago?adjust_creative=SzinwiLH3jdq-oS1oNeLxg&utm_campaign=yelp_api_v3&utm_medium=api_v3_business_search&utm_source=SzinwiLH3jdq-oS1oNeLxg,
p8TvVv3lkTBzmOcKmRRbtw,Sakura Teppanyaki & Sushi,Pescado,"Sushi Bars, Asian Fusion, Teppanyaki",3.6,665,$$,(773) 248-2882,"730 W Diversey Pkwy, Chicago, IL 60614",Chicago,60614,41.9327257564786,-87.6478314399719,False,https://www.yelp.com/biz/sakura-teppanyaki-and-sushi-chicago?adjust_creative=SzinwiLH3jdq-oS1oNeLxg&utm_campaign=yelp_api_v3&utm_medium=api_v3_business_search&utm_source=SzinwiLH3jdq-oS1oNeLxg,2.0
exHNmLRZnOJvbqkRz7RUvQ,Tanoshii West Loop,Pescado,"Japanese, Sushi Bars",4.2,378,$$$,(312) 207-8894,"720 W Randolph St, Chicago, IL 60661",Chicago,60661,41.88496530556408,-87.64666526106959,False,https://www.yelp.com/biz/tanoshii-west-loop-chicago-4?adjust_creative=SzinwiLH3jdq-oS1oNeLxg&utm_campaign=yelp_api_v3&utm_medium=api_v3_business_search&utm_source=SzinwiLH3jdq-oS1oNeLxg,3.0
jVKU7rUhOLAgDyvtnA5PYQ,Omakase On Me,Pescado,"Japanese, Sushi Bars, Speakeasies",4.5,17,,(917) 862-8283,"3941 North Broadway, Chicago, IL 60613",Chicago,60613,41.95394,-87.64985,False,https://www.yelp.com/biz/omakase-on-me-chicago?adjust_creative=SzinwiLH3jdq-oS1oNeLxg&utm_campaign=yelp_api_v3&utm_medium=api_v3_business_search&utm_source=SzinwiLH3jdq-oS1oNeLxg,
3sm8J2udv3uybZRCNWN5uA,Koi Sushi,Pescado,"Japanese, Sushi Bars",4.1,286,$$,(773) 904-8144,"2156 N Clybourn Ave, Chicago, IL 60614",Chicago,60614,41.92038,-87.66296,False,https://www.yelp.com/biz/koi-sushi-chicago-2?adjust_creative=SzinwiLH3jdq-oS1oNeLxg&utm_campaign=yelp_api_v3&utm_medium=api_v3_business_search&utm_source=SzinwiLH3jdq-oS1oNeLxg,2.0
aeg9nDspM5xfnRi_BfufFA,Galapagos Cafe,Pescado,"Latin American, Sushi Bars",3.5,27,$$,(773) 754-8265,"3800 W Lawrence Ave, Chicago, IL 60625",Chicago,60625,41.96857,-87.72337,False,https://www.yelp.com/biz/galapagos-cafe-chicago-2?adjust_creative=SzinwiLH3jdq-oS1oNeLxg&utm_campaign=yelp_api_v3&utm_medium=api_v3_business_search&utm_source=SzinwiLH3jdq-oS1oNeLxg,2.0
YMSM63ZnGDW2hbb6rvr8kA,O'Briens Riverwalk,Pescado,"American, Beer, Wine & Spirits, Fish & Chips",2.0,367,$$,(312) 346-3131,"45 E Riverwalk S, Chicago, IL 60601",Chicago,60601,41.8877397975861,-87.62659434110458,False,https://www.yelp.com/biz/o-briens-riverwalk-chicago-3?adjust_creative=SzinwiLH3jdq-oS1oNeLxg&utm_campaign=yelp_api_v3&utm_medium=api_v3_business_search&utm_source=SzinwiLH3jdq-oS1oNeLxg,2.0
KmNAA86uPEVpiM291g2o3w,Rise Sushi & Sake Lounge,Pescado,"Japanese, Sushi Bars, Asian Fusion",3.6,467,$$,(773) 525-3535,"756 W Webster Ave, Chicago, IL 60657",Chicago,60657,41.922011,-87.648394,False,https://www.yelp.com/biz/rise-sushi-and-sake-lounge-chicago?adjust_creative=SzinwiLH3jdq-oS1oNeLxg&utm_campaign=yelp_api_v3&utm_medium=api_v3_business_search&utm_source=SzinwiLH3jdq-oS1oNeLxg,2.0
a6RV0dOOQpWYQW_1kP2GgA,Tabo Sushi & Noodles by Takashi,Pescado,"Noodles, Ramen, Sushi Bars",3.0,148,$$,,"111 N State St, Chicago, IL 60602",Chicago,60602,41.88391,-87.62757,False,https://www.yelp.com/biz/tabo-sushi-and-noodles-by-takashi-chicago?adjust_creative=SzinwiLH3jdq-oS1oNeLxg&utm_campaign=yelp_api_v3&utm_medium=api_v3_business_search&utm_source=SzinwiLH3jdq-oS1oNeLxg,2.0
z7aD_vt4Y69OqqkUZpKGpw,Sushi Tokoro,Pescado,"Japanese, Sushi Bars",3.9,547,$$,(773) 654-3858,"4750 N Western Ave, Chicago, IL 60625",Chicago,60625,41.968289,-87.689155,False,https://www.yelp.com/biz/sushi-tokoro-chicago?adjust_creative=SzinwiLH3jdq-oS1oNeLxg&utm_campaign=yelp_api_v3&utm_medium=api_v3_business_search&utm_source=SzinwiLH3jdq-oS1oNeLxg,2.0
I5HsGfTzCzyKHP6XL_Dkbw,Hot Woks Cool Sushi,Pescado,"Sushi Bars, Thai, Asian Fusion",3.6,791,$$,(312) 345-1234,"30 S Michigan Ave, Chicago, IL 60603",Chicago,60603,41.88114,-87.625,False,https://www.yelp.com/biz/hot-woks-cool-sushi-chicago-2?adjust_creative=SzinwiLH3jdq-oS1oNeLxg&utm_campaign=yelp_api_v3&utm_medium=api_v3_business_search&utm_source=SzinwiLH3jdq-oS1oNeLxg,2.0
Qfjm-EtU61UDjKy9NN9qVg,Gorilla Sushi Western,Pescado,"Sushi Bars, Japanese",4.7,29,,(773) 999-3493,"4652 N Western Ave, Chicago, IL 60625",Chicago,60625,41.966417,-87.689137,False,https://www.yelp.com/biz/gorilla-sushi-western-chicago?adjust_creative=SzinwiLH3jdq-oS1oNeLxg&utm_campaign=yelp_api_v3&utm_medium=api_v3_business_search&utm_source=SzinwiLH3jdq-oS1oNeLxg,
-kDoi6uhaByl7M1qAdp5oA,Shine Restaurant,Pescado,"Sushi Bars, Asian Fusion",3.6,438,$$,(773) 296-0101,"756 W Webster Ave, Chicago, IL 60614",Chicago,60614,41.922011,-87.648394,False,https://www.yelp.com/biz/shine-restaurant-chicago?adjust_creative=SzinwiLH3jdq-oS1oNeLxg&utm_campaign=yelp_api_v3&utm_medium=api_v3_business_search&utm_source=SzinwiLH3jdq-oS1oNeLxg,2.0
UxhGNpDrPgymVfO9MjsnZA,Nano Ramen & Sushi,Pescado,"Sushi Bars, Ramen",4.0,187,$$,(773) 588-6266,"4256 N Western Ave, Chicago, IL 60618",Chicago,60618,41.95938253575399,-87.6889036977347,False,https://www.yelp.com/biz/nano-ramen-and-sushi-chicago?adjust_creative=SzinwiLH3jdq-oS1oNeLxg&utm_campaign=yelp_api_v3&utm_medium=api_v3_business_search&utm_source=SzinwiLH3jdq-oS1oNeLxg,2.0
3M-1KAhLSOKUiyDm27N7oA,Neko Sushi & Thai,Pescado,"Sushi Bars, Thai, Ramen",4.8,38,,(708) 831-5362,"5239 N Central Ave, Chicago, IL 60630",Chicago,60630,41.976711224725484,-87.76831519999999,False,https://www.yelp.com/biz/neko-sushi-and-thai-chicago?adjust_creative=SzinwiLH3jdq-oS1oNeLxg&utm_campaign=yelp_api_v3&utm_medium=api_v3_business_search&utm_source=SzinwiLH3jdq-oS1oNeLxg,
4WXRk8UF0vNfGvK02Dcqfw,Sushi Mura,Pescado,"Sushi Bars, Ramen",3.9,367,$$,(773) 281-9155,"3647 N Southport Ave, Chicago, IL 60613",Chicago,60613,41.9484482,-87.6639234,False,https://www.yelp.com/biz/sushi-mura-chicago?adjust_creative=SzinwiLH3jdq-oS1oNeLxg&utm_campaign=yelp_api_v3&utm_medium=api_v3_business_search&utm_source=SzinwiLH3jdq-oS1oNeLxg,2.0
iFDf1pkfWbKeXt3XXehXrA,Kin Sushi & Thai Cuisine,Pescado,"Thai, Sushi Bars",3.9,319,$$,(773) 772-2722,"1132 N Milwaukee Ave, Chicago, IL 60642",Chicago,60642,41.90213,-87.6651,False,https://www.yelp.com/biz/kin-sushi-and-thai-cuisine-chicago?adjust_creative=SzinwiLH3jdq-oS1oNeLxg&utm_campaign=yelp_api_v3&utm_medium=api_v3_business_search&utm_source=SzinwiLH3jdq-oS1oNeLxg,2.0
lt75G4gVekH_-R7IE5AJ9w,Sushi-San,Pescado,"Sushi Bars, Japanese, Cocktail Bars",3.9,32,,(312) 828-0575,"233 S Wacker Dr, Chicago, IL 60606",Chicago,60606,41.878890756537984,-87.63651177995033,False,https://www.yelp.com/biz/sushi-san-chicago-4?adjust_creative=SzinwiLH3jdq-oS1oNeLxg&utm_campaign=yelp_api_v3&utm_medium=api_v3_business_search&utm_source=SzinwiLH3jdq-oS1oNeLxg,
IS8V9ivSWrmTm8wU-QS0Jg,Market Creations - Willis Tower,Pescado,"Buffets, Sushi Bars, Breakfast & Brunch",3.7,104,$,(312) 374-3473,"233 S Wacker Dr, Fl 2, Willis Tower, Chicago, IL 60606",Chicago,60606,41.87882,-87.635956,False,https://www.yelp.com/biz/market-creations-willis-tower-chicago-2?adjust_creative=SzinwiLH3jdq-oS1oNeLxg&utm_campaign=yelp_api_v3&utm_medium=api_v3_business_search&utm_source=SzinwiLH3jdq-oS1oNeLxg,1.0
nB6E2PxIH-wK8w6D3t_FrQ,Shabu Plus Rotary,Pescado,Sushi Bars,4.8,4,,,"611 S Wells St, Chicago, IL 60607",Chicago,60607,41.874098,-87.633322,False,https://www.yelp.com/biz/shabu-plus-rotary-chicago?adjust_creative=SzinwiLH3jdq-oS1oNeLxg&utm_campaign=yelp_api_v3&utm_medium=api_v3_business_search&utm_source=SzinwiLH3jdq-oS1oNeLxg,
iVc6yWNROwenX2zLsF8-LQ,Yor Yak Sushi & Thai,Pescado,"Sushi Bars, Japanese, Thai",4.5,2,,(773) 770-9071,"2431 N Western Ave, Chicago, IL 60647",Chicago,60647,41.92579989589815,-87.68738944299042,False,https://www.yelp.com/biz/yor-yak-sushi-and-thai-chicago?adjust_creative=SzinwiLH3jdq-oS1oNeLxg&utm_campaign=yelp_api_v3&utm_medium=api_v3_business_search&utm_source=SzinwiLH3jdq-oS1oNeLxg,
YnBwTgZOHz3J6JSy5aCxiA,Zoku Sushi,Pescado,"Japanese, Thai, Sushi Bars",3.9,244,$$,(773) 227-1616,"1616 N Kedzie Ave, Chicago, IL 60647",Chicago,60647,41.91072438763758,-87.7069782647238,False,https://www.yelp.com/biz/zoku-sushi-chicago-3?adjust_creative=SzinwiLH3jdq-oS1oNeLxg&utm_campaign=yelp_api_v3&utm_medium=api_v3_business_search&utm_source=SzinwiLH3jdq-oS1oNeLxg,2.0
qkfBgSCbekH3DHTanVL1_w,Indie Cafe,Pescado,"Sushi Bars, Japanese, Thai",4.0,848,$$,(773) 561-5577,"5951 N Broadway St, Chicago, IL 60660",Chicago,60660,41.9904999627679,-87.6600041637543,False,https://www.yelp.com/biz/indie-cafe-chicago-13?adjust_creative=SzinwiLH3jdq-oS1oNeLxg&utm_campaign=yelp_api_v3&utm_medium=api_v3_business_search&utm_source=SzinwiLH3jdq-oS1oNeLxg,2.0
vxoQdpmrko42MTuXfvb_yQ,Jaiyen Sushi & Noodle,Pescado,"Sushi Bars, Noodles",3.9,257,$$,(773) 754-8700,"3159 N California Ave, Chicago, IL 60618",Chicago,60618,41.939183,-87.6976751,False,https://www.yelp.com/biz/jaiyen-sushi-and-noodle-chicago?adjust_creative=SzinwiLH3jdq-oS1oNeLxg&utm_campaign=yelp_api_v3&utm_medium=api_v3_business_search&utm_source=SzinwiLH3jdq-oS1oNeLxg,2.0
AVcyeXDCjzVASjZlT_93Ww,Sushi Pink,Pescado,"Sushi Bars, Asian Fusion, Ramen",3.7,339,$$,(312) 226-1666,"913 W Washington Blvd, Chicago, IL 60607",Chicago,60607,41.882829,-87.650353,False,https://www.yelp.com/biz/sushi-pink-chicago?adjust_creative=SzinwiLH3jdq-oS1oNeLxg&utm_campaign=yelp_api_v3&utm_medium=api_v3_business_search&utm_source=SzinwiLH3jdq-oS1oNeLxg,2.0
w_Eh8zL9UwNWsnTHk-MQCg,Fresh Farms International Market,Pescado,"International Grocery, Gelato, Sushi Bars",3.9,109,$,(773) 764-3557,"2626 W Devon Ave, Chicago, IL 60659",Chicago,60659,41.99774229126124,-87.6957829,False,https://www.yelp.com/biz/fresh-farms-international-market-chicago?adjust_creative=SzinwiLH3jdq-oS1oNeLxg&utm_campaign=yelp_api_v3&utm_medium=api_v3_business_search&utm_source=SzinwiLH3jdq-oS1oNeLxg,1.0
PQYph9RtLqq3QDeBgueEgw,E Ramen,Pescado,"Sushi Bars, Ramen",4.3,89,,(312) 624-9745,"451 W 31st St, Chicago, IL 60616",Chicago,60616,41.8381416514017,-87.6380582360688,False,https://www.yelp.com/biz/e-ramen-chicago?adjust_creative=SzinwiLH3jdq-oS1oNeLxg&utm_campaign=yelp_api_v3&utm_medium=api_v3_business_search&utm_source=SzinwiLH3jdq-oS1oNeLxg,
eL-5wzU05crAOpXmS9YWmw,Hands On - Irving Park Rd.,Pescado,"Sushi Bars, Thai, Ramen",4.0,369,$$,(773) 205-8335,"5056 W Irving Park Rd, Chicago, IL 60641",Chicago,60641,41.9535022139636,-87.7543795108795,False,https://www.yelp.com/biz/hands-on-irving-park-rd-chicago-4?adjust_creative=SzinwiLH3jdq-oS1oNeLxg&utm_campaign=yelp_api_v3&utm_medium=api_v3_business_search&utm_source=SzinwiLH3jdq-oS1oNeLxg,2.0
oH3E2tRK39W5b1mITNhjTw,Fin Sushi Bar,Pescado,Sushi Bars,4.1,352,$$,(773) 961-7452,"1742 W Wilson Ave, Chicago, IL 60640",Chicago,60640,41.965370335232,-87.672742202301,False,https://www.yelp.com/biz/fin-sushi-bar-chicago?adjust_creative=SzinwiLH3jdq-oS1oNeLxg&utm_campaign=yelp_api_v3&utm_medium=api_v3_business_search&utm_source=SzinwiLH3jdq-oS1oNeLxg,2.0
GRIwM6W6fRPfrRDVV_XZIg,Takibi,Pescado,Sushi Bars,4.6,38,,(773) 654-3649,"6803 N Sheridan Rd, Chicago, IL 60626",Chicago,60626,42.005749,-87.660655,False,https://www.yelp.com/biz/takibi-chicago-2?adjust_creative=SzinwiLH3jdq-oS1oNeLxg&utm_campaign=yelp_api_v3&utm_medium=api_v3_business_search&utm_source=SzinwiLH3jdq-oS1oNeLxg,
m6laILuYBniixf3qnwQA2A,Lawrence's Fish & Shrimp,Pescado,"Seafood, Fish & Chips, Fast Food",3.3,620,$$,(312) 225-2113,"2120 S Canal St, Chicago, IL 60616",Chicago,60616,41.8538807,-87.63886,False,https://www.yelp.com/biz/lawrences-fish-and-shrimp-chicago?adjust_creative=SzinwiLH3jdq-oS1oNeLxg&utm_campaign=yelp_api_v3&utm_medium=api_v3_business_search&utm_source=SzinwiLH3jdq-oS1oNeLxg,2.0
6swD632ZE1-w4QcxxAnONQ,Gorilla Sushi Albany Park,Pescado,Sushi Bars,4.1,67,,(773) 588-9090,"3407 W Lawrence Ave, Chicago, IL 60625",Chicago,60625,41.9682585,-87.7138266,False,https://www.yelp.com/biz/gorilla-sushi-albany-park-chicago?adjust_creative=SzinwiLH3jdq-oS1oNeLxg&utm_campaign=yelp_api_v3&utm_medium=api_v3_business_search&utm_source=SzinwiLH3jdq-oS1oNeLxg,
Rf3LRS-heDClX_3SngmfNg,Harold's Chicken Shack #36,Pescado,"Chicken Wings, Fast Food, Fish & Chips",3.4,292,$$,(773) 252-2424,"1361 N Milwaukee Ave, Chicago, IL 60622",Chicago,60622,41.9067420959473,-87.6713256835938,False,https://www.yelp.com/biz/harolds-chicken-shack-36-chicago?adjust_creative=SzinwiLH3jdq-oS1oNeLxg&utm_campaign=yelp_api_v3&utm_medium=api_v3_business_search&utm_source=SzinwiLH3jdq-oS1oNeLxg,2.0
OVULIB0J2lRgw-ytNFcNGQ,Troha's Chicken & Shrimp House,Pescado,"Seafood, Fish & Chips, Chicken Shop",4.2,121,$$,(773) 521-7847,"4151 W 26th St, Chicago, IL 60623",Chicago,60623,41.843903,-87.728962,False,https://www.yelp.com/biz/trohas-chicken-and-shrimp-house-chicago-2?adjust_creative=SzinwiLH3jdq-oS1oNeLxg&utm_campaign=yelp_api_v3&utm_medium=api_v3_business_search&utm_source=SzinwiLH3jdq-oS1oNeLxg,2.0
W_HPkZS68a3AiXeEa3fXXw,Intimate China,Pescado,"Chinese, Sushi Bars",5.0,1,,(773) 871-4777,"346 W Armitage Ave, Chicago, IL 60614",Chicago,60614,41.9185791015625,-87.6382141113281,False,https://www.yelp.com/biz/intimate-china-chicago-2?adjust_creative=SzinwiLH3jdq-oS1oNeLxg&utm_campaign=yelp_api_v3&utm_medium=api_v3_business_search&utm_source=SzinwiLH3jdq-oS1oNeLxg,
bisRsdEh-VlV0RFoe__XiQ,Wabi Sabi,Pescado,"Sushi Bars, Ramen",4.1,312,$$,(773) 866-1161,"4720 N Kedzie Ave, Chicago, IL 60625",Chicago,60625,41.967286,-87.708665,False,https://www.yelp.com/biz/wabi-sabi-chicago?adjust_creative=SzinwiLH3jdq-oS1oNeLxg&utm_campaign=yelp_api_v3&utm_medium=api_v3_business_search&utm_source=SzinwiLH3jdq-oS1oNeLxg,2.0
DrXrCJiEKLzSxLMku2RtcA,Sushi Nawa,Pescado,"Sushi Bars, Japanese, Korean",3.6,18,,(312) 366-2955,"2312 S Archer Ave, Chicago, IL 60616",Chicago,60616,41.85107560550018,-87.63921582208785,False,https://www.yelp.com/biz/sushi-nawa-chicago?adjust_creative=SzinwiLH3jdq-oS1oNeLxg&utm_campaign=yelp_api_v3&utm_medium=api_v3_business_search&utm_source=SzinwiLH3jdq-oS1oNeLxg,
I-6wkEzLXzqLGd5zzZFbFQ,House of Siam,Pescado,"Thai, Sushi Bars",4.0,1,,(773) 705-9659,"850 W Superior St, Chicago, IL 60642",Chicago,60642,41.895751,-87.649578,False,https://www.yelp.com/biz/house-of-siam-chicago?adjust_creative=SzinwiLH3jdq-oS1oNeLxg&utm_campaign=yelp_api_v3&utm_medium=api_v3_business_search&utm_source=SzinwiLH3jdq-oS1oNeLxg,
-22GoLdX0clVOi-LVUJF6w,Midori Japanese Restaurant,Pescado,"Japanese, Sushi Bars",4.1,291,$$,(773) 267-9733,"3310 W Bryn Mawr Ave, Chicago, IL 60659",Chicago,60659,41.9831782,-87.7117334,False,https://www.yelp.com/biz/midori-japanese-restaurant-chicago?adjust_creative=SzinwiLH3jdq-oS1oNeLxg&utm_campaign=yelp_api_v3&utm_medium=api_v3_business_search&utm_source=SzinwiLH3jdq-oS1oNeLxg,2.0
8Bs6a9XKkUivuca_ktH4Pg,Tanoshi,Pescado,"Sushi Bars, Japanese",3.9,509,$$$,(773) 878-6886,"5547 N Clark St, Chicago, IL 60640",Chicago,60640,41.9831199645996,-87.6683349609375,False,https://www.yelp.com/biz/tanoshi-chicago-4?adjust_creative=SzinwiLH3jdq-oS1oNeLxg&utm_campaign=yelp_api_v3&utm_medium=api_v3_business_search&utm_source=SzinwiLH3jdq-oS1oNeLxg,3.0
oEF3R-YnxSO1963tsYorGA,La Minervha,Pescado,"Sushi Bars, Seafood, Chicken Wings",4.7,3,,(312) 366-2161,"1401 W 18th St, Chicago, IL 60608",Chicago,60608,41.85775,-87.6617,False,https://www.yelp.com/biz/la-minervha-chicago-2?adjust_creative=SzinwiLH3jdq-oS1oNeLxg&utm_campaign=yelp_api_v3&utm_medium=api_v3_business_search&utm_source=SzinwiLH3jdq-oS1oNeLxg,
XnDmx77GbhDKnNaJMb5ADA,Hana Dragon,Pescado,"Sushi Bars, Chinese, Thai",3.1,160,$$,(312) 226-8117,"1311 W Taylor St, Chicago, IL 60607",Chicago,60607,41.869153,-87.659713,False,https://www.yelp.com/biz/hana-dragon-chicago-8?adjust_creative=SzinwiLH3jdq-oS1oNeLxg&utm_campaign=yelp_api_v3&utm_medium=api_v3_business_search&utm_source=SzinwiLH3jdq-oS1oNeLxg,2.0
MD9JAJPCrtvlfj9xqMe4Gg,Bloop Bloop,Pescado,Sushi Bars,3.7,28,,(872) 888-2372,"2205 W Montrose Ave, Chicago, IL 60618",Chicago,60618,41.96124,-87.68407,False,https://www.yelp.com/biz/bloop-bloop-chicago?adjust_creative=SzinwiLH3jdq-oS1oNeLxg&utm_campaign=yelp_api_v3&utm_medium=api_v3_business_search&utm_source=SzinwiLH3jdq-oS1oNeLxg,
08WTgUs6EaPO_v7l-fKJ-Q,Mon To Sun Sushi,Pescado,Sushi Bars,5.0,1,,(847) 461-9978,"3517 N Spaulding Ave, Chicago, IL 60618",Chicago,60618,41.94536,-87.7094,False,https://www.yelp.com/biz/mon-to-sun-sushi-chicago?adjust_creative=SzinwiLH3jdq-oS1oNeLxg&utm_campaign=yelp_api_v3&utm_medium=api_v3_business_search&utm_source=SzinwiLH3jdq-oS1oNeLxg,
adnoz0yAtW1EJAZAHx9GSQ,Leah’s Picnic Party,Pescado,Sushi Bars,5.0,1,,,"630 N Kingsbury St, Chicago, IL 60654",Chicago,60654,41.89344575552346,-87.64238518422361,False,https://www.yelp.com/biz/leah-s-picnic-party-chicago?adjust_creative=SzinwiLH3jdq-oS1oNeLxg&utm_campaign=yelp_api_v3&utm_medium=api_v3_business_search&utm_source=SzinwiLH3jdq-oS1oNeLxg,
8IC_9k0wyZc49FkYqNCLCg,Dama,Pescado,"Ramen, Korean, Sushi Bars",4.0,5,,(312) 567-0088,"3034 S Halsted St, Chicago, IL 60608",Chicago,60608,41.838876741311424,-87.64656584232975,False,https://www.yelp.com/biz/dama-chicago-2?adjust_creative=SzinwiLH3jdq-oS1oNeLxg&utm_campaign=yelp_api_v3&utm_medium=api_v3_business_search&utm_source=SzinwiLH3jdq-oS1oNeLxg,
1eKjDbJVLwewIUrGAxTsGA,Koto Hibachi,Pescado,"Seafood, Sushi Bars, Japanese",3.8,74,,(312) 291-9629,"258 W 31st St, Chicago, IL 60616",Chicago,60616,41.838334,-87.633966,False,https://www.yelp.com/biz/koto-hibachi-chicago?adjust_creative=SzinwiLH3jdq-oS1oNeLxg&utm_campaign=yelp_api_v3&utm_medium=api_v3_business_search&utm_source=SzinwiLH3jdq-oS1oNeLxg,
BEU6V6vQXzHefdSIHivZfg,Tiparos,Pescado,"Thai, Sushi Bars",3.3,330,$$,(312) 712-9900,"1540 N Clark St, Chicago, IL 60610",Chicago,60610,41.9105739377461,-87.6317168974352,False,https://www.yelp.com/biz/tiparos-chicago-2?adjust_creative=SzinwiLH3jdq-oS1oNeLxg&utm_campaign=yelp_api_v3&utm_medium=api_v3_business_search&utm_source=SzinwiLH3jdq-oS1oNeLxg,2.0
BfBE3L4Pl4oww7OidfXlyQ,Sushi World,Pescado,"Japanese, Sushi Bars, Seafood",4.1,236,$$,(773) 977-7189,"6251 N McCormick Blvd, Chicago, IL 60659",Chicago,60659,41.995065,-87.7124084089913,False,https://www.yelp.com/biz/sushi-world-chicago-7?adjust_creative=SzinwiLH3jdq-oS1oNeLxg&utm_campaign=yelp_api_v3&utm_medium=api_v3_business_search&utm_source=SzinwiLH3jdq-oS1oNeLxg,2.0
OaBydYeLPOtpQXaU5DdQnw,YATAI Asian Street Food,Pescado,"Sushi Bars, Noodles, Ramen",4.2,157,$$,(773) 961-8000,"6230 N Broadway St, Chicago, IL 60660",Chicago,60660,41.99551,-87.660828,False,https://www.yelp.com/biz/yatai-asian-street-food-chicago?adjust_creative=SzinwiLH3jdq-oS1oNeLxg&utm_campaign=yelp_api_v3&utm_medium=api_v3_business_search&utm_source=SzinwiLH3jdq-oS1oNeLxg,2.0
hwMT2lI7IKD1_weqUeHqfg,Long John Silver's,Pescado,"Seafood, Fast Food, Fish & Chips",3.9,19,$$,(773) 237-4661,"6622 W Fullerton Ave, Chicago, IL 60639",Chicago,60639,41.924277156940256,-87.79155428570624,False,https://www.yelp.com/biz/long-john-silvers-chicago-4?adjust_creative=SzinwiLH3jdq-oS1oNeLxg&utm_campaign=yelp_api_v3&utm_medium=api_v3_business_search&utm_source=SzinwiLH3jdq-oS1oNeLxg,2.0
n7z1qlqyPGlHP5FvGVzlFA,Moodeng Cafe and Sushi Bar,Pescado,Sushi Bars,4.5,2,,(708) 831-5152,"4032 N Milwaukee Ave, Chicago, IL 60641",Chicago,60641,41.95398137461907,-87.74866,False,https://www.yelp.com/biz/moodeng-cafe-and-sushi-bar-chicago?adjust_creative=SzinwiLH3jdq-oS1oNeLxg&utm_campaign=yelp_api_v3&utm_medium=api_v3_business_search&utm_source=SzinwiLH3jdq-oS1oNeLxg,
OsQLjV3QLXcfiPLYCWlhrw,Naoki Sushi,Pescado,"Sushi Bars, Food Delivery Services",5.0,1,,(312) 428-3549,"5 W Ontario St, Chicago, IL 60654",Chicago,60654,41.893082,-87.628559,False,https://www.yelp.com/biz/naoki-sushi-chicago-2?adjust_creative=SzinwiLH3jdq-oS1oNeLxg&utm_campaign=yelp_api_v3&utm_medium=api_v3_business_search&utm_source=SzinwiLH3jdq-oS1oNeLxg,
XvO3cxQGjXi-ZKp8Nxas6A,Rickette’s,Pescado,"Barbeque, Fish & Chips, Chicken Wings",3.3,78,,(312) 265-1369,"1514 W Taylor St, Chicago, IL 60607",Chicago,60607,41.8694873,-87.664795,False,https://www.yelp.com/biz/rickette-s-chicago?adjust_creative=SzinwiLH3jdq-oS1oNeLxg&utm_campaign=yelp_api_v3&utm_medium=api_v3_business_search&utm_source=SzinwiLH3jdq-oS1oNeLxg,
yyt-YwD2t50ts9CvtAx1hw,Blue Spot Sushi,Pescado,Sushi Bars,3.7,26,,(312) 559-4575,"131 N Clinton St, Chicago, IL 60661",Chicago,60661,41.8842777,-87.6410971,False,https://www.yelp.com/biz/blue-spot-sushi-chicago?adjust_creative=SzinwiLH3jdq-oS1oNeLxg&utm_campaign=yelp_api_v3&utm_medium=api_v3_business_search&utm_source=SzinwiLH3jdq-oS1oNeLxg,
jDlt7kDkvLIf-v0El5MlYQ,Late Night Thai & Sushi,Pescado,"Thai, Sushi Bars, Japanese",2.8,141,$,(773) 327-9945,"1624 W Belmont Ave, Chicago, IL 60657",Chicago,60657,41.93994,-87.66974,False,https://www.yelp.com/biz/late-night-thai-and-sushi-chicago?adjust_creative=SzinwiLH3jdq-oS1oNeLxg&utm_campaign=yelp_api_v3&utm_medium=api_v3_business_search&utm_source=SzinwiLH3jdq-oS1oNeLxg,1.0
DqbW3fI5d6fARyWB6t6wyw,With U Sushi Place,Pescado,"Sushi Bars, Bubble Tea, Desserts",4.4,14,,,"3132 S Morgan St, Chicago, IL 60608",Chicago,60608,41.83697399157915,-87.65128411352634,False,https://www.yelp.com/biz/with-u-sushi-place-chicago?adjust_creative=SzinwiLH3jdq-oS1oNeLxg&utm_campaign=yelp_api_v3&utm_medium=api_v3_business_search&utm_source=SzinwiLH3jdq-oS1oNeLxg,
B80Ih3kg9bu36xarpmMiSQ,Oishii Grill,Pescado,"Barbeque, Hot Pot, Sushi Bars",4.5,2,,(312) 248-8477,"2101 S Jefferson St, Chicago, IL 60616",Chicago,60616,41.8540055269045,-87.64160758933524,False,https://www.yelp.com/biz/oishii-grill-chicago?adjust_creative=SzinwiLH3jdq-oS1oNeLxg&utm_campaign=yelp_api_v3&utm_medium=api_v3_business_search&utm_source=SzinwiLH3jdq-oS1oNeLxg,
2mI4cfD0A2jjCJdE-WJ39A,Gorilla Sushi On Clark Street,Pescado,Sushi Bars,3.6,173,$$,(773) 728-3333,"4617 N Clark St, Chicago, IL 60640",Chicago,60640,41.96588,-87.6665,False,https://www.yelp.com/biz/gorilla-sushi-on-clark-street-chicago?adjust_creative=SzinwiLH3jdq-oS1oNeLxg&utm_campaign=yelp_api_v3&utm_medium=api_v3_business_search&utm_source=SzinwiLH3jdq-oS1oNeLxg,2.0
GGpaepC6NH_45owmapJZkg,Oki Sushi,Pescado,Sushi Bars,3.1,10,$$,(312) 243-7657,"40 South Halsted, Chicago, IL 60661",Chicago,60661,41.8812919714475,-87.6475053406744,False,https://www.yelp.com/biz/oki-sushi-chicago?adjust_creative=SzinwiLH3jdq-oS1oNeLxg&utm_campaign=yelp_api_v3&utm_medium=api_v3_business_search&utm_source=SzinwiLH3jdq-oS1oNeLxg,2.0
NiQu3bWVVd1ta4sMZwhm-w,Jewel Sushi,Pescado,Sushi Bars,3.3,3,,,"1341 N Paulina St, Chicago, IL 60622",Chicago,60622,41.90656,-87.66939,False,https://www.yelp.com/biz/jewel-sushi-chicago?adjust_creative=SzinwiLH3jdq-oS1oNeLxg&utm_campaign=yelp_api_v3&utm_medium=api_v3_business_search&utm_source=SzinwiLH3jdq-oS1oNeLxg,
v7k-AvaiL5qQRpISzkKzDQ,Gorilla Sushi Jefferson Park,Pescado,Sushi Bars,3.7,290,$$,(773) 283-8193,"4945 N Milwaukee Ave, Chicago, IL 60630",Chicago,60630,41.97088,-87.76323,False,https://www.yelp.com/biz/gorilla-sushi-jefferson-park-chicago?adjust_creative=SzinwiLH3jdq-oS1oNeLxg&utm_campaign=yelp_api_v3&utm_medium=api_v3_business_search&utm_source=SzinwiLH3jdq-oS1oNeLxg,2.0
SSgf0ypeC1rm2qPeHY_IIQ,Gorilla Sushi Diversey,Pescado,Sushi Bars,3.7,117,$,(773) 687-9027,"1408 W Diversey Pkwy, Chicago, IL 60614",Chicago,60614,41.9326149243917,-87.6640642589015,False,https://www.yelp.com/biz/gorilla-sushi-diversey-chicago?adjust_creative=SzinwiLH3jdq-oS1oNeLxg&utm_campaign=yelp_api_v3&utm_medium=api_v3_business_search&utm_source=SzinwiLH3jdq-oS1oNeLxg,1.0
XA2dGsX6LDWPVw8ICjTVIg,Nori Sushi - Edgewater,Pescado,"Sushi Bars, Japanese, Asian Fusion",3.6,278,$$,(773) 262-5216,"1235 W Devon Ave, Chicago, IL 60660",Chicago,60660,41.9980624,-87.6621615,False,https://www.yelp.com/biz/nori-sushi-edgewater-chicago?adjust_creative=SzinwiLH3jdq-oS1oNeLxg&utm_campaign=yelp_api_v3&utm_medium=api_v3_business_search&utm_source=SzinwiLH3jdq-oS1oNeLxg,2.0
i7XxNCM2r9rEIMoNYDrfBg,Similan Thai & Sushi Restaurant,Pescado,"Sushi Bars, Thai, Japanese",3.8,50,,(773) 761-8500,"1123 W Granville Ave, Chicago, IL 60660",Chicago,60660,41.99427,-87.65937,False,https://www.yelp.com/biz/similan-thai-and-sushi-restaurant-chicago?adjust_creative=SzinwiLH3jdq-oS1oNeLxg&utm_campaign=yelp_api_v3&utm_medium=api_v3_business_search&utm_source=SzinwiLH3jdq-oS1oNeLxg,
Kv6Doorxkp2jwpxQ7bhm8g,Tokyo Lunchbox,Pescado,"Sushi Bars, Japanese",2.8,5,$,,"300 S Riverside, Chicago, IL 60661",Chicago,60661,41.8779106,-87.6386948,False,https://www.yelp.com/biz/tokyo-lunchbox-chicago-4?adjust_creative=SzinwiLH3jdq-oS1oNeLxg&utm_campaign=yelp_api_v3&utm_medium=api_v3_business_search&utm_source=SzinwiLH3jdq-oS1oNeLxg,1.0
XAL6po5WpRr_l7cLORbXaA,Ruk Sushi & Thai,Pescado,"Thai, Sushi Bars",3.8,328,$$,(773) 286-1900,"4431 N Milwaukee Ave, Chicago, IL 60630",Chicago,60630,41.9616898510748,-87.7553279774385,False,https://www.yelp.com/biz/ruk-sushi-and-thai-chicago?adjust_creative=SzinwiLH3jdq-oS1oNeLxg&utm_campaign=yelp_api_v3&utm_medium=api_v3_business_search&utm_source=SzinwiLH3jdq-oS1oNeLxg,2.0
kb_ooTyh2tLjJdWKNrOqzg,Red Snapper Division,Pescado,"Fish & Chips, Chicken Wings, Pizza",3.7,11,,(773) 261-0166,"5601 W Division St, Chicago, IL 60651",Chicago,60651,41.90188333,-87.765805,False,https://www.yelp.com/biz/red-snapper-division-chicago?adjust_creative=SzinwiLH3jdq-oS1oNeLxg&utm_campaign=yelp_api_v3&utm_medium=api_v3_business_search&utm_source=SzinwiLH3jdq-oS1oNeLxg,
WLPRMJO9Nx3invXO0GyvqQ,Mariano's Oki Sushi Edgewater,Pescado,Sushi Bars,5.0,1,,(773) 506-0558,"5201 N Sheridan Rd, Chicago, IL 60640",Chicago,60640,41.97696,-87.65453,False,https://www.yelp.com/biz/marianos-oki-sushi-edgewater-chicago-2?adjust_creative=SzinwiLH3jdq-oS1oNeLxg&utm_campaign=yelp_api_v3&utm_medium=api_v3_business_search&utm_source=SzinwiLH3jdq-oS1oNeLxg,
hJsC00_Cw02_lyWjExv0Hg,Bangkok Belly,Pescado,"Sushi Bars, Thai",3.4,211,$$,(773) 657-3289,"6132 N Northwest Hwy, Chicago, IL 60631",Chicago,60631,41.993404,-87.800206,False,https://www.yelp.com/biz/bangkok-belly-chicago?adjust_creative=SzinwiLH3jdq-oS1oNeLxg&utm_campaign=yelp_api_v3&utm_medium=api_v3_business_search&utm_source=SzinwiLH3jdq-oS1oNeLxg,2.0
Dks6hZZIjXr2S0KV7_z-wg,Pride Sushi and Thai,Pescado,"Japanese, Thai, Sushi Bars",4.2,272,$$,(773) 381-3354,"2706 W Peterson Ave, Chicago, IL 60659",Chicago,60659,41.99071,-87.69734,False,https://www.yelp.com/biz/pride-sushi-and-thai-chicago?adjust_creative=SzinwiLH3jdq-oS1oNeLxg&utm_campaign=yelp_api_v3&utm_medium=api_v3_business_search&utm_source=SzinwiLH3jdq-oS1oNeLxg,2.0
znUsU4WAZ_fY6OHU_01WOw,Ninja Sushi & Thai Restaurant,Pescado,"Asian Fusion, Sushi Bars, Thai",4.0,184,$$,(773) 628-7660,"3946 N Central Ave, Chicago, IL 60634",Chicago,60634,41.9524620473385,-87.7670341730118,False,https://www.yelp.com/biz/ninja-sushi-and-thai-restaurant-chicago?adjust_creative=SzinwiLH3jdq-oS1oNeLxg&utm_campaign=yelp_api_v3&utm_medium=api_v3_business_search&utm_source=SzinwiLH3jdq-oS1oNeLxg,2.0
iTkfX2lFUrebGTsoN4umSQ,Diva Thai & Sushi Bar,Pescado,"Sushi Bars, Thai",3.2,404,$$,(773) 857-0571,"3542 N Halsted St, Chicago, IL 60657",Chicago,60657,41.946719,-87.649782,False,https://www.yelp.com/biz/diva-thai-and-sushi-bar-chicago-14?adjust_creative=SzinwiLH3jdq-oS1oNeLxg&utm_campaign=yelp_api_v3&utm_medium=api_v3_business_search&utm_source=SzinwiLH3jdq-oS1oNeLxg,2.0
DFReq_m8ydMzORLijqV18w,St Ferdinand Fish Fry,Pescado,"Fish & Chips, Pizza, Mexican",5.0,1,,(773) 622-3022,"3115 N Mason Ave, Chicago, IL 60634",Chicago,60634,41.93719396069891,-87.77473205276128,False,https://www.yelp.com/biz/st-ferdinand-fish-fry-chicago-2?adjust_creative=SzinwiLH3jdq-oS1oNeLxg&utm_campaign=yelp_api_v3&utm_medium=api_v3_business_search&utm_source=SzinwiLH3jdq-oS1oNeLxg,
jygTJimhTu5UlzMfGIgRZg,Hello Sushi Bar and Thai,Pescado,"Sushi Bars, Japanese, Thai",3.4,261,$$,(773) 942-6734,"1553 W Devon Ave, Chicago, IL 60660",Chicago,60660,41.99785,-87.6699299,False,https://www.yelp.com/biz/hello-sushi-bar-and-thai-chicago?adjust_creative=SzinwiLH3jdq-oS1oNeLxg&utm_campaign=yelp_api_v3&utm_medium=api_v3_business_search&utm_source=SzinwiLH3jdq-oS1oNeLxg,2.0
pPpvubNZBZyJdYDKUH42YQ,My Sushi Bowl,Pescado,"Japanese, Sushi Bars",5.0,1,,(312) 291-1687,"1912 S State St, Chicago, IL 60616",Chicago,60616,41.855978,-87.627367,False,https://www.yelp.com/biz/my-sushi-bowl-chicago?adjust_creative=SzinwiLH3jdq-oS1oNeLxg&utm_campaign=yelp_api_v3&utm_medium=api_v3_business_search&utm_source=SzinwiLH3jdq-oS1oNeLxg,
SPmRbOnzwOomAtb-L9JX1A,Hands On - Addison St.,Pescado,"Sushi Bars, Thai, Ramen",4.0,550,$$,(773) 777-1000,"7117 W Addison St, Chicago, IL 60634",Chicago,60634,41.945235,-87.803986,False,https://www.yelp.com/biz/hands-on-addison-st-chicago-4?adjust_creative=SzinwiLH3jdq-oS1oNeLxg&utm_campaign=yelp_api_v3&utm_medium=api_v3_business_search&utm_source=SzinwiLH3jdq-oS1oNeLxg,2.0
c72UUVDNN4nBKPIjG0lp3A,Tokyo Lunch Box & Sake Bar,Pescado,Sushi Bars,2.7,15,$,(312) 775-9303,"300 South Riverside Plz, Ste 110, Chicago, IL 60606",Chicago,60606,41.87741,-87.63876,False,https://www.yelp.com/biz/tokyo-lunch-box-and-sake-bar-chicago?adjust_creative=SzinwiLH3jdq-oS1oNeLxg&utm_campaign=yelp_api_v3&utm_medium=api_v3_business_search&utm_source=SzinwiLH3jdq-oS1oNeLxg,1.0
i4YV88dn3f5vufLX7RTffg,Chinese Kitchen Sushi and Grill,Pescado,"Chinese, Sushi Bars",3.2,146,$,(312) 842-8996,"420 W 31st St, Chicago, IL 60616",Chicago,60616,41.83839,-87.6374,False,https://www.yelp.com/biz/chinese-kitchen-sushi-and-grill-chicago-2?adjust_creative=SzinwiLH3jdq-oS1oNeLxg&utm_campaign=yelp_api_v3&utm_medium=api_v3_business_search&utm_source=SzinwiLH3jdq-oS1oNeLxg,1.0
obbxMdLYkQA7NZVSRimpeQ,Rib Palace,Pescado,"Fish & Chips, Burgers, Chicken Wings",3.3,3,,(773) 413-7420,"5607 W Corcoran Pl, Chicago, IL 60644",Chicago,60644,41.88712,-87.76541,False,https://www.yelp.com/biz/rib-palace-chicago-4?adjust_creative=SzinwiLH3jdq-oS1oNeLxg&utm_campaign=yelp_api_v3&utm_medium=api_v3_business_search&utm_source=SzinwiLH3jdq-oS1oNeLxg,
bYQbmSMGnf_mzAyG57AFpg,Roger's Wing,Pescado,"Chicken Wings, Cheesesteaks, Fish & Chips",3.5,44,,(773) 856-0559,"6748 N Sheridan Rd, Chicago, IL 60626",Chicago,60626,42.004937649026544,-87.66125339999999,False,https://www.yelp.com/biz/rogers-wing-chicago?adjust_creative=SzinwiLH3jdq-oS1oNeLxg&utm_campaign=yelp_api_v3&utm_medium=api_v3_business_search&utm_source=SzinwiLH3jdq-oS1oNeLxg,
wSwvL7zBVXGpuYJl5bhMIA,Caboo,Pescado,"Sushi Bars, Burgers, Salad",3.2,9,,(773) 801-1451,"4807 S Pulaski Rd, Chicago, IL 60632",Chicago,60632,41.80578,-87.72312,False,https://www.yelp.com/biz/caboo-chicago?adjust_creative=SzinwiLH3jdq-oS1oNeLxg&utm_campaign=yelp_api_v3&utm_medium=api_v3_business_search&utm_source=SzinwiLH3jdq-oS1oNeLxg,
lYaoWSeNAZGoNy7qVPCeVg,Market Creations - Adams,Pescado,"Breakfast & Brunch, Sushi Bars, Sandwiches",4.0,2,,(312) 285-2593,"625 W Adams, Chicago, IL 60661",Chicago,60661,41.878693,-87.643616,False,https://www.yelp.com/biz/market-creations-adams-chicago?adjust_creative=SzinwiLH3jdq-oS1oNeLxg&utm_campaign=yelp_api_v3&utm_medium=api_v3_business_search&utm_source=SzinwiLH3jdq-oS1oNeLxg,
Co44G-nZyOu2kJq2JLj5Pg,Yamabuki Sushi and Bowls,Pescado,"Japanese, Sushi Bars, Noodles",3.0,2,,(312) 522-2393,"4131 North Rockwell St, Chicago, IL 60618",Chicago,60618,41.956787,-87.692983,False,https://www.yelp.com/biz/yamabuki-sushi-and-bowls-chicago?adjust_creative=SzinwiLH3jdq-oS1oNeLxg&utm_campaign=yelp_api_v3&utm_medium=api_v3_business_search&utm_source=SzinwiLH3jdq-oS1oNeLxg,
S8O81n4b9BvdytoUhvRaRw,Yugo Sushi & More,Pescado,"Asian Fusion, Sushi Bars, Japanese",,0,,,"850 West Superior St, Chicago, IL 60642",Chicago,60642,41.89563162632887,-87.64960049896011,False,https://www.yelp.com/biz/yugo-sushi-and-more-chicago-2?adjust_creative=SzinwiLH3jdq-oS1oNeLxg&utm_campaign=yelp_api_v3&utm_medium=api_v3_business_search&utm_source=SzinwiLH3jdq-oS1oNeLxg,
boE4Ahsssqic7o5wQLI04w,The Purple Pig,Otro,"Tapas/Small Plates, Mediterranean, New American",4.3,9056,$$$,(312) 464-1744,"444 N Michigan Ave, Chicago, IL 60611",Chicago,60611,41.890694,-87.624782,False,https://www.yelp.com/biz/the-purple-pig-chicago?adjust_creative=SzinwiLH3jdq-oS1oNeLxg&utm_campaign=yelp_api_v3&utm_medium=api_v3_business_search&utm_source=SzinwiLH3jdq-oS1oNeLxg,3.0
PZe0q_153VHUnaR-8dOTJg,The Dearborn,Otro,"New American, Breakfast & Brunch, Beer, Wine & Spirits",4.4,2803,$$,(312) 384-1242,"145 N Dearborn St, Chicago, IL 60602",Chicago,60602,41.8842528,-87.6293151,False,https://www.yelp.com/biz/the-dearborn-chicago-2?adjust_creative=SzinwiLH3jdq-oS1oNeLxg&utm_campaign=yelp_api_v3&utm_medium=api_v3_business_search&utm_source=SzinwiLH3jdq-oS1oNeLxg,2.0
riT822EnU7y_5eCuJsd9sA,Cindy's Rooftop,Otro,"New American, Seafood, Breakfast & Brunch",4.1,2891,$$$,(312) 792-3502,"12 S Michigan Ave, Chicago, IL 60603",Chicago,60603,41.8816894031196,-87.6250061730162,False,https://www.yelp.com/biz/cindys-rooftop-chicago?adjust_creative=SzinwiLH3jdq-oS1oNeLxg&utm_campaign=yelp_api_v3&utm_medium=api_v3_business_search&utm_source=SzinwiLH3jdq-oS1oNeLxg,3.0
qjnpkS8yZO8xcyEIy5OU9A,Girl & The Goat,Otro,"New American, Bars, Bakeries",4.4,10749,$$$,(312) 492-6262,"809 W Randolph, Chicago, IL 60607",Chicago,60607,41.88419277030351,-87.64794613195826,False,https://www.yelp.com/biz/girl-and-the-goat-chicago?adjust_creative=SzinwiLH3jdq-oS1oNeLxg&utm_campaign=yelp_api_v3&utm_medium=api_v3_business_search&utm_source=SzinwiLH3jdq-oS1oNeLxg,3.0
1BHgaf25FpVSOXFpZF0pYw,Trivoli Tavern,Otro,American,4.5,1051,$$,(312) 366-2646,"114 N Green St, Chicago, IL 60607",Chicago,60607,41.8837221888722,-87.64903867652058,False,https://www.yelp.com/biz/trivoli-tavern-chicago?adjust_creative=SzinwiLH3jdq-oS1oNeLxg&utm_campaign=yelp_api_v3&utm_medium=api_v3_business_search&utm_source=SzinwiLH3jdq-oS1oNeLxg,2.0
DXwSYgiXqIVNdO9dazel6w,Pequod's Pizza,Otro,Pizza,3.9,9001,$$,(773) 327-1512,"2207 N Clybourn Ave, Chicago, IL 60614",Chicago,60614,41.92187,-87.664486,False,https://www.yelp.com/biz/pequods-pizza-chicago-3?adjust_creative=SzinwiLH3jdq-oS1oNeLxg&utm_campaign=yelp_api_v3&utm_medium=api_v3_business_search&utm_source=SzinwiLH3jdq-oS1oNeLxg,2.0
9nUrDQ_REhU6sgcgXFAyfA,Aba,Otro,"Mediterranean, Tapas/Small Plates",4.4,2032,$$$,(773) 645-1400,"302 N Green St, Fl 3, Chicago, IL 60607",Chicago,60607,41.8869441,-87.6487949,False,https://www.yelp.com/biz/aba-chicago-2?adjust_creative=SzinwiLH3jdq-oS1oNeLxg&utm_campaign=yelp_api_v3&utm_medium=api_v3_business_search&utm_source=SzinwiLH3jdq-oS1oNeLxg,3.0
xoi7Cw7FoknAx5p880RtWQ,Au Cheval,Otro,"Bars, Burgers, American",4.4,9598,$$,(312) 929-4580,"800 W Randolph St, Chicago, IL 60607",Chicago,60607,41.88466,-87.647668,False,https://www.yelp.com/biz/au-cheval-chicago?adjust_creative=SzinwiLH3jdq-oS1oNeLxg&utm_campaign=yelp_api_v3&utm_medium=api_v3_business_search&utm_source=SzinwiLH3jdq-oS1oNeLxg,2.0
o0DaPvRb4IWH7hUWVCnoGw,Monteverde,Otro,"Italian, Desserts, Wine Bars",4.5,1588,$$$,(312) 888-3041,"1020 W Madison St, Chicago, IL 60607",Chicago,60607,41.88191,-87.65302,False,https://www.yelp.com/biz/monteverde-chicago?adjust_creative=SzinwiLH3jdq-oS1oNeLxg&utm_campaign=yelp_api_v3&utm_medium=api_v3_business_search&utm_source=SzinwiLH3jdq-oS1oNeLxg,3.0
okaqMJEoHfHblpKz9Q-CMA,The Perch,Otro,"Breweries, New American",4.4,622,$$,(773) 486-2739,"1932 W Division, Chicago, IL 60622",Chicago,60622,41.90348,-87.676221,False,https://www.yelp.com/biz/the-perch-chicago?adjust_creative=SzinwiLH3jdq-oS1oNeLxg&utm_campaign=yelp_api_v3&utm_medium=api_v3_business_search&utm_source=SzinwiLH3jdq-oS1oNeLxg,2.0
tuJraaFffIS_JNK_4ZqGTA,Ema,Otro,"Mediterranean, Tapas/Small Plates, Salad",4.3,1977,$$,(312) 527-5586,"74 W Illinois St, Chicago, IL 60654",Chicago,60654,41.890964390624795,-87.63090253497006,False,https://www.yelp.com/biz/ema-chicago-6?adjust_creative=SzinwiLH3jdq-oS1oNeLxg&utm_campaign=yelp_api_v3&utm_medium=api_v3_business_search&utm_source=SzinwiLH3jdq-oS1oNeLxg,2.0
mvFimrcREBIDo-pLAhMfNg,Avec - Chicago,Otro,Mediterranean,4.3,2660,$$$,(312) 377-2002,"615 W Randolph St, Chicago, IL 60661",Chicago,60661,41.884290441849,-87.6433979433133,False,https://www.yelp.com/biz/avec-chicago-chicago?adjust_creative=SzinwiLH3jdq-oS1oNeLxg&utm_campaign=yelp_api_v3&utm_medium=api_v3_business_search&utm_source=SzinwiLH3jdq-oS1oNeLxg,3.0
GZsrGq6H8CQ4YlGtE_Bm0Q,Ciccio Mio,Otro,Italian,4.7,672,$$$,(312) 796-3316,"226 W Kinzie, Chicago, IL 60654",Chicago,60654,41.8892649696079,-87.63521477367367,False,https://www.yelp.com/biz/ciccio-mio-chicago-2?adjust_creative=SzinwiLH3jdq-oS1oNeLxg&utm_campaign=yelp_api_v3&utm_medium=api_v3_business_search&utm_source=SzinwiLH3jdq-oS1oNeLxg,3.0
T_egMuf7xJHLdldzPqOaSQ,Qing Xiang Yuan Dumplings,Otro,"Chinese, Barbeque",4.4,2207,$$,(312) 799-1118,"2002 S Wentworth Ave, Ste 103, Chicago, IL 60616",Chicago,60616,41.85505,-87.63219,False,https://www.yelp.com/biz/qing-xiang-yuan-dumplings-chicago-3?adjust_creative=SzinwiLH3jdq-oS1oNeLxg&utm_campaign=yelp_api_v3&utm_medium=api_v3_business_search&utm_source=SzinwiLH3jdq-oS1oNeLxg,2.0
ngB0iQM1Yz7Nx_tQZqU7NA,Daisies,Otro,"Pasta Shops, New American, Cocktail Bars",4.3,810,$$,(773) 697-9443,"2375 N Milwaukee Ave, Chicago, IL 60647",Chicago,60647,41.924443845390954,-87.69964666704485,False,https://www.yelp.com/biz/daisies-chicago?adjust_creative=SzinwiLH3jdq-oS1oNeLxg&utm_campaign=yelp_api_v3&utm_medium=api_v3_business_search&utm_source=SzinwiLH3jdq-oS1oNeLxg,2.0
cgIuo3geaxw1Sfhbqm5qTA,Alla Vita,Otro,Italian,4.4,858,$$$,(312) 667-0104,"564 W Randolph St, Chicago, IL 60661",Chicago,60661,41.88468,-87.642322,False,https://www.yelp.com/biz/alla-vita-chicago-4?adjust_creative=SzinwiLH3jdq-oS1oNeLxg&utm_campaign=yelp_api_v3&utm_medium=api_v3_business_search&utm_source=SzinwiLH3jdq-oS1oNeLxg,3.0
rp17Dfjdh7JR4GGZwj6nqg,Portillo's & Barnelli's Chicago,Otro,"Hot Dogs, Burgers, Italian",3.9,7412,$$,(312) 587-8910,"100 W Ontario St, Chicago, IL 60610",Chicago,60610,41.8935110277366,-87.63153932522982,False,https://www.yelp.com/biz/portillos-hot-dogs-chicago-8?adjust_creative=SzinwiLH3jdq-oS1oNeLxg&utm_campaign=yelp_api_v3&utm_medium=api_v3_business_search&utm_source=SzinwiLH3jdq-oS1oNeLxg,2.0
8wARj6QqmnSkUqLwoBCn7w,Gibsons Italia,Otro,"Steakhouses, Italian, Seafood",4.3,1151,$$$,(312) 414-1100,"233 N Canal St, Chicago, IL 60606",Chicago,60606,41.88660415612635,-87.63957346218746,False,https://www.yelp.com/biz/gibsons-italia-chicago-2?adjust_creative=SzinwiLH3jdq-oS1oNeLxg&utm_campaign=yelp_api_v3&utm_medium=api_v3_business_search&utm_source=SzinwiLH3jdq-oS1oNeLxg,3.0
ATbuE6MdSeYLIxcfB8MYCA,Cabra,Otro,Peruvian,4.2,950,$$$,(312) 761-1717,"200 N Green St, Chicago, IL 60607",Chicago,60607,41.885851,-87.649086,False,https://www.yelp.com/biz/cabra-chicago-3?adjust_creative=SzinwiLH3jdq-oS1oNeLxg&utm_campaign=yelp_api_v3&utm_medium=api_v3_business_search&utm_source=SzinwiLH3jdq-oS1oNeLxg,3.0
4i1Ny2zIE1VJSU9gLMkHqg,Lula Cafe,Otro,"New American, Breakfast & Brunch, Desserts",4.3,2470,$$,(773) 489-9554,"2537 N Kedzie Blvd, Chicago, IL 60647",Chicago,60647,41.927668036295,-87.706845233929,False,https://www.yelp.com/biz/lula-cafe-chicago-3?adjust_creative=SzinwiLH3jdq-oS1oNeLxg&utm_campaign=yelp_api_v3&utm_medium=api_v3_business_search&utm_source=SzinwiLH3jdq-oS1oNeLxg,2.0
OSyGZMwCI9w_0BbQtH-kCw,Duck Duck Goat,Otro,Chinese,4.1,2207,$$$,(312) 902-3825,"857 W Fulton Market, Chicago, IL 60607",Chicago,60607,41.886635785447695,-87.64971571113162,False,https://www.yelp.com/biz/duck-duck-goat-chicago?adjust_creative=SzinwiLH3jdq-oS1oNeLxg&utm_campaign=yelp_api_v3&utm_medium=api_v3_business_search&utm_source=SzinwiLH3jdq-oS1oNeLxg,3.0
0PPM0wxA2r8XVM8vbMm9Pw,MCCB Chicago 时尚食谱,Otro,"Szechuan, Asian Fusion, Noodles",4.5,1200,$$,(312) 881-0168,"2138 S Archer Ave, Chicago, IL 60616",Chicago,60616,41.85383969999999,-87.63366102533693,False,https://www.yelp.com/biz/mccb-chicago-%E6%97%B6%E5%B0%9A%E9%A3%9F%E8%B0%B1-chicago?adjust_creative=SzinwiLH3jdq-oS1oNeLxg&utm_campaign=yelp_api_v3&utm_medium=api_v3_business_search&utm_source=SzinwiLH3jdq-oS1oNeLxg,2.0
IqJKz6-IBIbcfUcotMXO8Q,Cafe Istanbul,Otro,"Turkish, Mediterranean",4.4,380,$$,(773) 661-9487,"2014 W Division St, Chicago, IL 60622",Chicago,60622,41.9034987,-87.6778866,False,https://www.yelp.com/biz/cafe-istanbul-chicago-4?adjust_creative=SzinwiLH3jdq-oS1oNeLxg&utm_campaign=yelp_api_v3&utm_medium=api_v3_business_search&utm_source=SzinwiLH3jdq-oS1oNeLxg,2.0
xXDY18O5C3gzVPNivTVbDg,Nha Hang Viet Nam,Otro,Vietnamese,4.4,593,$$,(773) 878-8895,"1032 W Argyle St, Chicago, IL 60640",Chicago,60640,41.9734020412826,-87.6561914478504,False,https://www.yelp.com/biz/nha-hang-viet-nam-chicago?adjust_creative=SzinwiLH3jdq-oS1oNeLxg&utm_campaign=yelp_api_v3&utm_medium=api_v3_business_search&utm_source=SzinwiLH3jdq-oS1oNeLxg,2.0
LPwAwxEjetjdNh7Uadro3g,Smoque BBQ,Otro,Barbeque,4.3,4909,$$,(773) 545-7427,"3800 N Pulaski Rd, Ste 2, Chicago, IL 60641",Chicago,60641,41.95021,-87.72795,False,https://www.yelp.com/biz/smoque-bbq-chicago?adjust_creative=SzinwiLH3jdq-oS1oNeLxg&utm_campaign=yelp_api_v3&utm_medium=api_v3_business_search&utm_source=SzinwiLH3jdq-oS1oNeLxg,2.0
0IYXh7l_VppKw5y97FehoA,Kasama,Otro,"Filipino, Bakeries, New American",4.5,1476,$$,(773) 697-3790,"1001 N Winchester Ave, Chicago, IL 60622",Chicago,60622,41.899692,-87.6756,False,https://www.yelp.com/biz/kasama-chicago?adjust_creative=SzinwiLH3jdq-oS1oNeLxg&utm_campaign=yelp_api_v3&utm_medium=api_v3_business_search&utm_source=SzinwiLH3jdq-oS1oNeLxg,2.0
FzYi3AVHoYZnWXe1BQrQEw,Mott St,Otro,"Asian Fusion, Bars",4.0,1195,$$$,(464) 733-3779,"1401 N Ashland Ave, Chicago, IL 60622",Chicago,60622,41.9071254164458,-87.6673834605751,False,https://www.yelp.com/biz/mott-st-chicago-2?adjust_creative=SzinwiLH3jdq-oS1oNeLxg&utm_campaign=yelp_api_v3&utm_medium=api_v3_business_search&utm_source=SzinwiLH3jdq-oS1oNeLxg,3.0
gzhkdb6YoiFm5s3vriG1AA,Gretel,Otro,"Cocktail Bars, New American, Speakeasies",4.5,483,$$,(773) 770-3427,"2833 W Armitage Ave, Chicago, IL 60647",Chicago,60647,41.917275,-87.698577,False,https://www.yelp.com/biz/gretel-chicago?adjust_creative=SzinwiLH3jdq-oS1oNeLxg&utm_campaign=yelp_api_v3&utm_medium=api_v3_business_search&utm_source=SzinwiLH3jdq-oS1oNeLxg,2.0
--Yw337vTC4fLKRCaw-PLQ,XOchimilco Mexican Restaurant,Otro,Mexican,4.8,364,$$,(773) 661-1534,"2030-32 W Montrose Ave, Chicago, IL 60618",Chicago,60618,41.9616665,-87.6802497,False,https://www.yelp.com/biz/xochimilco-mexican-restaurant-chicago?adjust_creative=SzinwiLH3jdq-oS1oNeLxg&utm_campaign=yelp_api_v3&utm_medium=api_v3_business_search&utm_source=SzinwiLH3jdq-oS1oNeLxg,2.0
Bg7IkuTlqVh_Ezik1gA7yg,Siam Thai Eatery,Otro,Thai,4.4,190,,(312) 763-6193,"1329 S Michigan Ave, Chicago, IL 60605",Chicago,60605,41.864942,-87.623699,False,https://www.yelp.com/biz/siam-thai-eatery-chicago?adjust_creative=SzinwiLH3jdq-oS1oNeLxg&utm_campaign=yelp_api_v3&utm_medium=api_v3_business_search&utm_source=SzinwiLH3jdq-oS1oNeLxg,
D3tJ-N85kZddAwetQHTpkQ,Dell Rooster,Otro,"Latin American, Breakfast & Brunch, Sandwiches",4.8,206,$$,(312) 526-3109,"1825 W Chicago Ave, Chicago, IL 60622",Chicago,60622,41.89575636351244,-87.67324000597,False,https://www.yelp.com/biz/dell-rooster-chicago-2?adjust_creative=SzinwiLH3jdq-oS1oNeLxg&utm_campaign=yelp_api_v3&utm_medium=api_v3_business_search&utm_source=SzinwiLH3jdq-oS1oNeLxg,2.0
zFbAbx4GJfu1GByUG6rDOw,La Grande Boucherie,Otro,"Steakhouses, French, Cocktail Bars",4.3,640,$$$$,(312) 624-3014,"431 N Dearborn St, Chicago, IL 60654",Chicago,60654,41.89029,-87.62935,False,https://www.yelp.com/biz/la-grande-boucherie-chicago-3?adjust_creative=SzinwiLH3jdq-oS1oNeLxg&utm_campaign=yelp_api_v3&utm_medium=api_v3_business_search&utm_source=SzinwiLH3jdq-oS1oNeLxg,4.0
tQoQbc3vAo3qdTDiNgSekA,Pleasant House Pub,Otro,"British, Pubs, Breakfast & Brunch",4.4,1021,$$,(773) 523-7437,"2119 S Halsted St, Chicago, IL 60608",Chicago,60608,41.85357,-87.64621,False,https://www.yelp.com/biz/pleasant-house-pub-chicago-3?adjust_creative=SzinwiLH3jdq-oS1oNeLxg&utm_campaign=yelp_api_v3&utm_medium=api_v3_business_search&utm_source=SzinwiLH3jdq-oS1oNeLxg,2.0
pbEiXam9YJL3neCYHGwLUA,Alinea,Otro,"New American, Modern European",4.4,2772,$$$$,(312) 867-0110,"1723 N Halsted St, Chicago, IL 60614",Chicago,60614,41.9134194160823,-87.6482384681229,False,https://www.yelp.com/biz/alinea-chicago?adjust_creative=SzinwiLH3jdq-oS1oNeLxg&utm_campaign=yelp_api_v3&utm_medium=api_v3_business_search&utm_source=SzinwiLH3jdq-oS1oNeLxg,4.0
V2jEs7sH44pcG1J9x59f9w,Dove's Luncheonette,Otro,"Southern, Tex-Mex, Breakfast & Brunch",4.2,843,$$,(773) 645-4060,"1545 N Damen Ave, Chicago, IL 60622",Chicago,60622,41.909487,-87.677293,False,https://www.yelp.com/biz/doves-luncheonette-chicago?adjust_creative=SzinwiLH3jdq-oS1oNeLxg&utm_campaign=yelp_api_v3&utm_medium=api_v3_business_search&utm_source=SzinwiLH3jdq-oS1oNeLxg,2.0
V3_UIvTZGIOMFM93LZF9TA,Laschet's Inn,Otro,"German, Pubs, Beer Bar",4.4,620,$$,(773) 478-7915,"2119 W Irving Park Rd, Chicago, IL 60618",Chicago,60618,41.95381,-87.68198,False,https://www.yelp.com/biz/laschets-inn-chicago-2?adjust_creative=SzinwiLH3jdq-oS1oNeLxg&utm_campaign=yelp_api_v3&utm_medium=api_v3_business_search&utm_source=SzinwiLH3jdq-oS1oNeLxg,2.0
oSI2djSdl7KjNGwb7PDWCg,Lao Peng You,Otro,Chinese,4.2,457,$$,(872) 206-8624,"2020 W Chicago Ave, Chicago, IL 60622",Chicago,60622,41.89610667,-87.67786167,False,https://www.yelp.com/biz/lao-peng-you-chicago?adjust_creative=SzinwiLH3jdq-oS1oNeLxg&utm_campaign=yelp_api_v3&utm_medium=api_v3_business_search&utm_source=SzinwiLH3jdq-oS1oNeLxg,2.0
JJoQf2GWbDm81ZnswH9Hgw,NAIA,Otro,"Mediterranean, Venues & Event Spaces",3.8,139,,(312) 219-5790,"300 N La Salle Dr, Chicago, IL 60654",Chicago,60654,41.88819,-87.63286,False,https://www.yelp.com/biz/naia-chicago-2?adjust_creative=SzinwiLH3jdq-oS1oNeLxg&utm_campaign=yelp_api_v3&utm_medium=api_v3_business_search&utm_source=SzinwiLH3jdq-oS1oNeLxg,
bPiaa7fgHkC9l7B2HyS0aw,Cedar Palace,Otro,"Lebanese, Falafel",4.8,549,$$,(312) 643-0933,"655 W Armitage Ave, Chicago, IL 60614",Chicago,60614,41.918054,-87.645757,False,https://www.yelp.com/biz/cedar-palace-chicago-2?adjust_creative=SzinwiLH3jdq-oS1oNeLxg&utm_campaign=yelp_api_v3&utm_medium=api_v3_business_search&utm_source=SzinwiLH3jdq-oS1oNeLxg,2.0
EYjyi_lytYaM1Ty7-kNKSg,Phodega,Otro,"Vietnamese, Hainan, Noodles",4.3,426,$$,(773) 687-8187,"1924 W Division St, Chicago, IL 60622",Chicago,60622,41.90334127310094,-87.6758734,False,https://www.yelp.com/biz/phodega-chicago?adjust_creative=SzinwiLH3jdq-oS1oNeLxg&utm_campaign=yelp_api_v3&utm_medium=api_v3_business_search&utm_source=SzinwiLH3jdq-oS1oNeLxg,2.0
TODU-IzDLN3EdiHhQUQHvg,The Soul Food Lounge,Otro,"Soul Food, Comfort Food",4.6,460,$$$,(312) 635-4272,"3804 W 16th St, Chicago, IL 60623",Chicago,60623,41.85907,-87.72052,False,https://www.yelp.com/biz/the-soul-food-lounge-chicago?adjust_creative=SzinwiLH3jdq-oS1oNeLxg&utm_campaign=yelp_api_v3&utm_medium=api_v3_business_search&utm_source=SzinwiLH3jdq-oS1oNeLxg,3.0
HkUUKDwlIu869ECubV4NfA,Tanta,Otro,"Peruvian, Bars",4.2,1769,$$$,(312) 222-9700,"118 W Grand Ave, Chicago, IL 60654",Chicago,60654,41.891861,-87.6320114,False,https://www.yelp.com/biz/tanta-chicago-3?adjust_creative=SzinwiLH3jdq-oS1oNeLxg&utm_campaign=yelp_api_v3&utm_medium=api_v3_business_search&utm_source=SzinwiLH3jdq-oS1oNeLxg,3.0
TC8tG6To87DUzC365njvXw,River Roast,Otro,"American, Cocktail Bars, Breakfast & Brunch",4.0,1462,$$$,(312) 822-0100,"315 N La Salle Dr, Chicago, IL 60654",Chicago,60654,41.88794,-87.63234,False,https://www.yelp.com/biz/river-roast-chicago-3?adjust_creative=SzinwiLH3jdq-oS1oNeLxg&utm_campaign=yelp_api_v3&utm_medium=api_v3_business_search&utm_source=SzinwiLH3jdq-oS1oNeLxg,3.0
kiwMgtypE3TRrUkmTwA2Zw,Armitage Alehouse,Otro,"Pubs, British, Seafood",4.5,616,$$$,(773) 270-6402,"1000 W Armitage Ave, Chicago, IL 60614",Chicago,60614,41.91838,-87.65359,False,https://www.yelp.com/biz/armitage-alehouse-chicago?adjust_creative=SzinwiLH3jdq-oS1oNeLxg&utm_campaign=yelp_api_v3&utm_medium=api_v3_business_search&utm_source=SzinwiLH3jdq-oS1oNeLxg,3.0
faOpq9ORL0FlsMrou2NYug,Amaru,Otro,"Latin American, Caribbean, Cocktail Bars",4.7,486,$$$,(773) 687-9790,"1904 W North Ave, Chicago, IL 60622",Chicago,60622,41.91071,-87.67536,False,https://www.yelp.com/biz/amaru-chicago?adjust_creative=SzinwiLH3jdq-oS1oNeLxg&utm_campaign=yelp_api_v3&utm_medium=api_v3_business_search&utm_source=SzinwiLH3jdq-oS1oNeLxg,3.0
9WqiX6CdZxg1ju8EjReVkQ,Happy Lamb Hot Pot,Otro,"Mongolian, Hot Pot, Chinese",4.3,1398,$$$,(312) 929-3224,"2312 S Wentworth Ave, Chicago, IL 60616",Chicago,60616,41.85062895992601,-87.6321784,False,https://www.yelp.com/biz/happy-lamb-hot-pot-chicago-8?adjust_creative=SzinwiLH3jdq-oS1oNeLxg&utm_campaign=yelp_api_v3&utm_medium=api_v3_business_search&utm_source=SzinwiLH3jdq-oS1oNeLxg,3.0
Vw-Qn1Hg06h4yBUdDQCXyA,SUSHI-SAN,Otro,"Sushi Bars, Japanese, Bars",4.3,1310,$$$,(312) 828-0575,"63 W Grand Ave, Chicago, IL 60654",Chicago,60654,41.8914851,-87.6302732,False,https://www.yelp.com/biz/sushi-san-chicago?adjust_creative=SzinwiLH3jdq-oS1oNeLxg&utm_campaign=yelp_api_v3&utm_medium=api_v3_business_search&utm_source=SzinwiLH3jdq-oS1oNeLxg,3.0
OOE9Bhk18RPZIL3O1OqH8g,Qiao Lin Hotpot - Chicago Downtown,Otro,"Hot Pot, Chinese",4.7,266,$$$,(312) 285-2166,"210 E Illinois St, Chicago, IL 60611",Chicago,60611,41.891236,-87.622091,False,https://www.yelp.com/biz/qiao-lin-hotpot-chicago-downtown-chicago?adjust_creative=SzinwiLH3jdq-oS1oNeLxg&utm_campaign=yelp_api_v3&utm_medium=api_v3_business_search&utm_source=SzinwiLH3jdq-oS1oNeLxg,3.0
45Xno0A0IWY8A0JBgeQ7Eg,Brasero,Otro,"Latin American, New American, Beer, Wine & Spirits",4.6,178,,(872) 342-2079,"1709 W Chicago Ave, Chicago, IL 60622",Chicago,60622,41.89570504072024,-87.67021413892508,False,https://www.yelp.com/biz/brasero-chicago?adjust_creative=SzinwiLH3jdq-oS1oNeLxg&utm_campaign=yelp_api_v3&utm_medium=api_v3_business_search&utm_source=SzinwiLH3jdq-oS1oNeLxg,
p2cCK4Vu-3L-skOMd93VVg,JJ Thai Street Food,Otro,Thai,4.4,574,$$,(312) 929-4435,"1715 W Chicago Ave, Chicago, IL 60622",Chicago,60622,41.8958251,-87.6703764,False,https://www.yelp.com/biz/jj-thai-street-food-chicago?adjust_creative=SzinwiLH3jdq-oS1oNeLxg&utm_campaign=yelp_api_v3&utm_medium=api_v3_business_search&utm_source=SzinwiLH3jdq-oS1oNeLxg,2.0
dro6ttzG0H2PlES0gI8LIg,Tortello,Otro,"Pasta Shops, Italian, Cooking Classes",4.3,623,$$,(773) 360-1293,"1746 W Division St, Chicago, IL 60622",Chicago,60622,41.90343739642855,-87.67186413269891,False,https://www.yelp.com/biz/tortello-chicago?adjust_creative=SzinwiLH3jdq-oS1oNeLxg&utm_campaign=yelp_api_v3&utm_medium=api_v3_business_search&utm_source=SzinwiLH3jdq-oS1oNeLxg,2.0
dux6UvpMGJuHquFA3JfR3A,Green Street Smoked Meats,Otro,"Barbeque, Cocktail Bars, Beer Bar",4.4,2361,$$,(312) 754-0431,"112 N Green St, Chicago, IL 60607",Chicago,60607,41.88367058013238,-87.648907,False,https://www.yelp.com/biz/green-street-smoked-meats-chicago?adjust_creative=SzinwiLH3jdq-oS1oNeLxg&utm_campaign=yelp_api_v3&utm_medium=api_v3_business_search&utm_source=SzinwiLH3jdq-oS1oNeLxg,2.0
apo9fX6Opmr2Z87sm-_cfg,All Together Now,Otro,"Specialty Food, New American, Beer, Wine & Spirits",4.5,144,$$,(773) 661-1599,"2119 West Chicago Ave, Chicago, IL 60622",Chicago,60622,41.89555,-87.68051,False,https://www.yelp.com/biz/all-together-now-chicago?adjust_creative=SzinwiLH3jdq-oS1oNeLxg&utm_campaign=yelp_api_v3&utm_medium=api_v3_business_search&utm_source=SzinwiLH3jdq-oS1oNeLxg,2.0
q7SQnw2xVHjWuyQXL3VHUg,KAI ZAN,Otro,"Asian Fusion, Japanese, Sushi Bars",4.6,1358,$$$,(773) 278-5776,"2557 W Chicago Ave, Chicago, IL 60622",Chicago,60622,41.8955051374998,-87.6915407180786,False,https://www.yelp.com/biz/kai-zan-chicago?adjust_creative=SzinwiLH3jdq-oS1oNeLxg&utm_campaign=yelp_api_v3&utm_medium=api_v3_business_search&utm_source=SzinwiLH3jdq-oS1oNeLxg,3.0
5N4g9tt8RCuZf0Hte94Oxw,Staropolska Restaurant,Otro,"Polish, Desserts, Soup",4.6,671,$$,(773) 342-0779,"3030 N Milwaukee Ave, Chicago, IL 60618",Chicago,60618,41.936365,-87.719246,False,https://www.yelp.com/biz/staropolska-restaurant-chicago-3?adjust_creative=SzinwiLH3jdq-oS1oNeLxg&utm_campaign=yelp_api_v3&utm_medium=api_v3_business_search&utm_source=SzinwiLH3jdq-oS1oNeLxg,2.0
0hk0dnOxW3axag0xwlwGKQ,Papa's Cache Sabroso,Otro,"Latin American, Puerto Rican, Chicken Shop",4.2,689,$$,(773) 862-8313,"2517 W Division St, Chicago, IL 60622",Chicago,60622,41.90268,-87.6902,False,https://www.yelp.com/biz/papas-cache-sabroso-chicago?adjust_creative=SzinwiLH3jdq-oS1oNeLxg&utm_campaign=yelp_api_v3&utm_medium=api_v3_business_search&utm_source=SzinwiLH3jdq-oS1oNeLxg,2.0
RNsldUTu1LKKcRZYPw3gjA,Kapitan,Otro,"Asian Fusion, Malaysian, Singaporean",4.3,168,,(773) 661-2281,"2142 N Clybourn Ave, Chicago, IL 60614",Chicago,60614,41.92008,-87.66261,False,https://www.yelp.com/biz/kapitan-chicago-2?adjust_creative=SzinwiLH3jdq-oS1oNeLxg&utm_campaign=yelp_api_v3&utm_medium=api_v3_business_search&utm_source=SzinwiLH3jdq-oS1oNeLxg,
F7IQngaDDBgYvhA3U31q-g,Irazú Costa Rican Restaurant & Catering,Otro,"Latin American, Venues & Event Spaces, Empanadas",4.3,2552,$$,(773) 252-5687,"1865 N Milwaukee Ave, Chicago, IL 60647",Chicago,60647,41.9151045993531,-87.6846393244315,False,https://www.yelp.com/biz/iraz%C3%BA-costa-rican-restaurant-and-catering-chicago-7?adjust_creative=SzinwiLH3jdq-oS1oNeLxg&utm_campaign=yelp_api_v3&utm_medium=api_v3_business_search&utm_source=SzinwiLH3jdq-oS1oNeLxg,2.0
8N3GMu-AhVvJMzQifkNemg,Crying Tiger,Otro,Thai,4.3,288,,(312) 736-0183,"51 W Hubbard St, Chicago, IL 60654",Chicago,60654,41.88990307515616,-87.6298989,False,https://www.yelp.com/biz/crying-tiger-chicago?adjust_creative=SzinwiLH3jdq-oS1oNeLxg&utm_campaign=yelp_api_v3&utm_medium=api_v3_business_search&utm_source=SzinwiLH3jdq-oS1oNeLxg,
xoMP81mJ2ZtS87pZ3SmvQg,Pompette,Otro,"Wine Bars, Cafes",4.4,96,,(773) 799-8072,"1960 N Damen Ave, Chicago, IL 60647",Chicago,60647,41.917622217230715,-87.67786379903555,False,https://www.yelp.com/biz/pompette-chicago?adjust_creative=SzinwiLH3jdq-oS1oNeLxg&utm_campaign=yelp_api_v3&utm_medium=api_v3_business_search&utm_source=SzinwiLH3jdq-oS1oNeLxg,
8vFJH_paXsMocmEO_KAa3w,Lou Malnati's Pizzeria,Otro,"Pizza, Italian, Sandwiches",4.0,7962,$$,(312) 828-9800,"439 N Wells St, Chicago, IL 60654",Chicago,60654,41.8903586,-87.63370839999999,False,https://www.yelp.com/biz/lou-malnatis-pizzeria-chicago?adjust_creative=SzinwiLH3jdq-oS1oNeLxg&utm_campaign=yelp_api_v3&utm_medium=api_v3_business_search&utm_source=SzinwiLH3jdq-oS1oNeLxg,2.0
kUpqpEqkBjZguS1uA6NQYA,En Hakkore 2.0,Otro,"Asian Fusion, Poke, Sushi Bars",4.6,628,$$,(773) 278-5959,"1467 N Milwaukee Ave, Chicago, IL 60622",Chicago,60622,41.90859268098761,-87.67442096514347,False,https://www.yelp.com/biz/en-hakkore-2-0-chicago-15?adjust_creative=SzinwiLH3jdq-oS1oNeLxg&utm_campaign=yelp_api_v3&utm_medium=api_v3_business_search&utm_source=SzinwiLH3jdq-oS1oNeLxg,2.0
l_602ggEZES7dW_WeOmKYA,Elia,Otro,"Turkish, Mediterranean, Halal",3.9,194,,(773) 770-3658,"1938 W Division St, Chicago, IL 60622",Chicago,60622,41.903503,-87.676424,False,https://www.yelp.com/biz/elia-chicago?adjust_creative=SzinwiLH3jdq-oS1oNeLxg&utm_campaign=yelp_api_v3&utm_medium=api_v3_business_search&utm_source=SzinwiLH3jdq-oS1oNeLxg,
zXDVdB7jofrt1IWODlOtUA,Beatrix,Otro,"New American, Breakfast & Brunch",4.2,2775,$$,(312) 284-1377,"519 N Clark St, Chicago, IL 60654",Chicago,60654,41.891492,-87.63089030634329,False,https://www.yelp.com/biz/beatrix-chicago-12?adjust_creative=SzinwiLH3jdq-oS1oNeLxg&utm_campaign=yelp_api_v3&utm_medium=api_v3_business_search&utm_source=SzinwiLH3jdq-oS1oNeLxg,2.0
sNQglz_HoXgnUi1KTN3Iew,Gibsons Bar & Steakhouse,Otro,"Steakhouses, Bars, American",4.1,2898,$$$,(312) 266-8999,"1028 N Rush St, Chicago, IL 60611",Chicago,60611,41.90140222026569,-87.62808609999999,False,https://www.yelp.com/biz/gibsons-bar-and-steakhouse-chicago?adjust_creative=SzinwiLH3jdq-oS1oNeLxg&utm_campaign=yelp_api_v3&utm_medium=api_v3_business_search&utm_source=SzinwiLH3jdq-oS1oNeLxg,3.0
mpCR2UiwhwvVg-mG0ufcaQ,Akahoshi Ramen,Otro,"Ramen, Noodles, Cocktail Bars",4.4,243,,,"2340 N California Ave, Ste B, Chicago, IL 60647",Chicago,60647,41.92402097232471,-87.69752297394334,False,https://www.yelp.com/biz/akahoshi-ramen-chicago?adjust_creative=SzinwiLH3jdq-oS1oNeLxg&utm_campaign=yelp_api_v3&utm_medium=api_v3_business_search&utm_source=SzinwiLH3jdq-oS1oNeLxg,
_StOUGMGMmENR44zAEoDrA,Big Star,Otro,"Mexican, Bars, Breakfast & Brunch",3.6,3479,$$,(877) 298-0617,"1531 N Damen Ave, Chicago, IL 60622",Chicago,60622,41.90938295877578,-87.67727213164329,False,https://www.yelp.com/biz/big-star-chicago?adjust_creative=SzinwiLH3jdq-oS1oNeLxg&utm_campaign=yelp_api_v3&utm_medium=api_v3_business_search&utm_source=SzinwiLH3jdq-oS1oNeLxg,2.0
UKs05XWhbP0riI8O0Kv36w,Boeufhaus,Otro,"Brasseries, Cocktail Bars, Steakhouses",4.2,507,$$$,(773) 661-2116,"1012 N Western Ave, Chicago, IL 60622",Chicago,60622,41.899831,-87.687487,False,https://www.yelp.com/biz/boeufhaus-chicago?adjust_creative=SzinwiLH3jdq-oS1oNeLxg&utm_campaign=yelp_api_v3&utm_medium=api_v3_business_search&utm_source=SzinwiLH3jdq-oS1oNeLxg,3.0
r0maYetuG9F4uZVwVj9qeg,Qiao Lin Hotpot - Chicago Chinatown,Otro,"Hot Pot, Chinese",4.6,666,,(312) 600-9779,"2105 S Jefferson St, Ste A, Chicago, IL 60616",Chicago,60616,41.853994,-87.641496,False,https://www.yelp.com/biz/qiao-lin-hotpot-chicago-chinatown-chicago?adjust_creative=SzinwiLH3jdq-oS1oNeLxg&utm_campaign=yelp_api_v3&utm_medium=api_v3_business_search&utm_source=SzinwiLH3jdq-oS1oNeLxg,
7Es7EbTy_s1btAdowLeiPQ,Small Cheval- Wicker Park,Otro,"Burgers, American",4.3,1508,$$,(312) 837-3859,"1732 N Milwaukee Ave, Chicago, IL 60647",Chicago,60647,41.91281629424423,-87.68151865664386,False,https://www.yelp.com/biz/small-cheval-wicker-park-chicago?adjust_creative=SzinwiLH3jdq-oS1oNeLxg&utm_campaign=yelp_api_v3&utm_medium=api_v3_business_search&utm_source=SzinwiLH3jdq-oS1oNeLxg,2.0
XZwuqqN5HZ8jFAdmxQmcKg,Casa Yari,Otro,"Latin American, Puerto Rican, Honduran",4.5,292,$$,(773) 661-9546,"2745 West Division St, Chicago, IL 60622",Chicago,60622,41.90279790483804,-87.69615240048714,False,https://www.yelp.com/biz/casa-yari-chicago?adjust_creative=SzinwiLH3jdq-oS1oNeLxg&utm_campaign=yelp_api_v3&utm_medium=api_v3_business_search&utm_source=SzinwiLH3jdq-oS1oNeLxg,2.0
Yc_VAHPXcl_h2CeEr_XfkQ,Bolivar & Lincoln Venezuelan Cafe,Otro,"Cafes, Venezuelan",4.8,296,$$,(312) 998-1735,"3349 N Sheffield Ave, Chicago, IL 60657",Chicago,60657,41.943218,-87.65401,False,https://www.yelp.com/biz/bolivar-and-lincoln-venezuelan-cafe-chicago?adjust_creative=SzinwiLH3jdq-oS1oNeLxg&utm_campaign=yelp_api_v3&utm_medium=api_v3_business_search&utm_source=SzinwiLH3jdq-oS1oNeLxg,2.0
eoOZJ9-R0eY30ouPEnqP2w,Shokran Moroccan Restaurant,Otro,"Moroccan, Mediterranean",4.4,572,$$,(773) 427-9130,"4027 W Irving Park, Chicago, IL 60641",Chicago,60641,41.953504,-87.728805,False,https://www.yelp.com/biz/shokran-moroccan-restaurant-chicago?adjust_creative=SzinwiLH3jdq-oS1oNeLxg&utm_campaign=yelp_api_v3&utm_medium=api_v3_business_search&utm_source=SzinwiLH3jdq-oS1oNeLxg,2.0
Jht3PLwPH693bseS7J0FDA,Maxwells Trading,Otro,New American,4.5,221,,(312) 896-4410,"1516 W Carroll Ave, Chicago, IL 60607",Chicago,60607,41.88767535355601,-87.665248028934,False,https://www.yelp.com/biz/maxwells-trading-chicago?adjust_creative=SzinwiLH3jdq-oS1oNeLxg&utm_campaign=yelp_api_v3&utm_medium=api_v3_business_search&utm_source=SzinwiLH3jdq-oS1oNeLxg,
SNMDHCuAwZQX-Chtq7Q5lA,Nettare,Otro,"Cocktail Bars, New American, Cafes",4.3,75,,,"1953 W Chicago Ave, Chicago, IL 60622",Chicago,60622,41.89575065216653,-87.67662461847067,False,https://www.yelp.com/biz/nettare-chicago-2?adjust_creative=SzinwiLH3jdq-oS1oNeLxg&utm_campaign=yelp_api_v3&utm_medium=api_v3_business_search&utm_source=SzinwiLH3jdq-oS1oNeLxg,
nthd0P5BLaEQp36cf9CtWg,S&T Steak House,Otro,"Steakhouses, Seafood, Sandwiches",4.9,58,,(773) 799-8399,"2246 W Armitage Ave, Chicago, IL 60647",Chicago,60647,41.91776060200568,-87.68436580896378,False,https://www.yelp.com/biz/s-and-t-steak-house-chicago?adjust_creative=SzinwiLH3jdq-oS1oNeLxg&utm_campaign=yelp_api_v3&utm_medium=api_v3_business_search&utm_source=SzinwiLH3jdq-oS1oNeLxg,
kIQRxmU4zQ8uUn4qbMjlpg,Bungalow by Middle Brow,Otro,"Beer Bar, Pizza, Bakeries",4.0,438,$$,(773) 687-9076,"2840 W Armitage Ave, Chicago, IL 60647",Chicago,60647,41.91778,-87.69881,False,https://www.yelp.com/biz/bungalow-by-middle-brow-chicago?adjust_creative=SzinwiLH3jdq-oS1oNeLxg&utm_campaign=yelp_api_v3&utm_medium=api_v3_business_search&utm_source=SzinwiLH3jdq-oS1oNeLxg,2.0
99GN5ngA2wdwxv0keLqC3g,Red Light Chicken,Otro,"Chicken Shop, Fast Food",4.8,234,,,"2147 N Sheffield Ave, Chicago, IL 60614",Chicago,60614,41.92138074882422,-87.65329362535614,False,https://www.yelp.com/biz/red-light-chicken-chicago-2?adjust_creative=SzinwiLH3jdq-oS1oNeLxg&utm_campaign=yelp_api_v3&utm_medium=api_v3_business_search&utm_source=SzinwiLH3jdq-oS1oNeLxg,
z8G5AfXYbJD2jQpSEF633g,Michael's Original Pizzeria & Tavern,Otro,"Pubs, American, Pizza",4.3,990,$$,(773) 929-4149,"4091 N Broadway St, Chicago, IL 60613",Chicago,60613,41.956851455251396,-87.65186897780413,False,https://www.yelp.com/biz/michaels-original-pizzeria-and-tavern-chicago?adjust_creative=SzinwiLH3jdq-oS1oNeLxg&utm_campaign=yelp_api_v3&utm_medium=api_v3_business_search&utm_source=SzinwiLH3jdq-oS1oNeLxg,2.0
b04EoiyFImaaSL7tqv3L3Q,Milly’s Pizza In The Pan,Otro,Pizza,4.6,219,$$,(224) 656-4732,"925 N Ashland Ave, Chicago, IL 60622",Chicago,60622,41.89872265254573,-87.6670329,False,https://www.yelp.com/biz/milly-s-pizza-in-the-pan-chicago?adjust_creative=SzinwiLH3jdq-oS1oNeLxg&utm_campaign=yelp_api_v3&utm_medium=api_v3_business_search&utm_source=SzinwiLH3jdq-oS1oNeLxg,2.0
bQ1Lc_PEoC2s4kZJcxM43A,Lao Der,Otro,Laotian,4.7,89,,(872) 241-4879,"3922 N Elston Ave, Chicago, IL 60618",Chicago,60618,41.95222,-87.717395,False,https://www.yelp.com/biz/lao-der-chicago?adjust_creative=SzinwiLH3jdq-oS1oNeLxg&utm_campaign=yelp_api_v3&utm_medium=api_v3_business_search&utm_source=SzinwiLH3jdq-oS1oNeLxg,
XWodOV8dW4WlK2XB3j6JnA,Chef’s Special Cocktail Bar,Otro,"Cocktail Bars, Chinese, Seafood",4.4,365,,(773) 666-5143,"2165 N Western Ave, Chicago, IL 60647",Chicago,60647,41.921735,-87.68721,False,https://www.yelp.com/biz/chef-s-special-cocktail-bar-chicago?adjust_creative=SzinwiLH3jdq-oS1oNeLxg&utm_campaign=yelp_api_v3&utm_medium=api_v3_business_search&utm_source=SzinwiLH3jdq-oS1oNeLxg,
2zMvCUbRzGKGWxSI_bcDQQ,Old Lviv,Otro,Ukrainian,4.2,158,$,(773) 772-7250,"2228 W Chicago Ave, Chicago, IL 60622",Chicago,60622,41.89607,-87.68316,False,https://www.yelp.com/biz/old-lviv-chicago?adjust_creative=SzinwiLH3jdq-oS1oNeLxg&utm_campaign=yelp_api_v3&utm_medium=api_v3_business_search&utm_source=SzinwiLH3jdq-oS1oNeLxg,1.0
Gr42JZ9GsKaESW-864rwFQ,Tepalcates,Otro,Tacos,4.9,147,$$,(773) 237-6638,"2326 W Belmont Ave, Chicago, IL 60618",Chicago,60618,41.939633,-87.686718,False,https://www.yelp.com/biz/tepalcates-chicago-2?adjust_creative=SzinwiLH3jdq-oS1oNeLxg&utm_campaign=yelp_api_v3&utm_medium=api_v3_business_search&utm_source=SzinwiLH3jdq-oS1oNeLxg,2.0
_UJ3KqtHIHjExbAg-iIGUA,Greek Islands Restaurant,Otro,"Greek, Mediterranean",4.0,2320,$$,(312) 782-9855,"200 S Halsted St, Chicago, IL 60661",Chicago,60661,41.8789863586426,-87.6476287841797,False,https://www.yelp.com/biz/greek-islands-restaurant-chicago?adjust_creative=SzinwiLH3jdq-oS1oNeLxg&utm_campaign=yelp_api_v3&utm_medium=api_v3_business_search&utm_source=SzinwiLH3jdq-oS1oNeLxg,2.0
3Pgn3GYIvWajpSlCejZjSQ,Taipei Cafe,Otro,"Taiwanese, Shaved Ice, Bubble Tea",4.0,414,$$,(312) 374-1986,"2609 S Halsted St, Chicago, IL 60608",Chicago,60608,41.84501,-87.6463051,False,https://www.yelp.com/biz/taipei-cafe-chicago?adjust_creative=SzinwiLH3jdq-oS1oNeLxg&utm_campaign=yelp_api_v3&utm_medium=api_v3_business_search&utm_source=SzinwiLH3jdq-oS1oNeLxg,2.0
qYGcK34fCvTVEaJfq2qo9w,Match A,Otro,Cafes,4.6,86,,(312) 763-6407,"1857 W Chicago Ave, Chicago, IL 60622",Chicago,60622,41.89585188686039,-87.67434976994991,False,https://www.yelp.com/biz/match-a-chicago?adjust_creative=SzinwiLH3jdq-oS1oNeLxg&utm_campaign=yelp_api_v3&utm_medium=api_v3_business_search&utm_source=SzinwiLH3jdq-oS1oNeLxg,
4wmRu3bpaSpW999SHGK34g,Sterling Food Hall,Otro,Food Court,4.2,538,$$,(312) 278-3040,"125 S Clark St, Chicago, IL 60603",Chicago,60603,41.879784,-87.630254,False,https://www.yelp.com/biz/sterling-food-hall-chicago?adjust_creative=SzinwiLH3jdq-oS1oNeLxg&utm_campaign=yelp_api_v3&utm_medium=api_v3_business_search&utm_source=SzinwiLH3jdq-oS1oNeLxg,2.0
5O_UGfc_aZf_Y0Q5audAhg,Mogadishu Restaurant,Otro,"African, Somali",4.5,166,$,(312) 265-1850,"931 N Orleans St, Chicago, IL 60610",Chicago,60610,41.9000224550849,-87.6368449225973,False,https://www.yelp.com/biz/mogadishu-restaurant-chicago-2?adjust_creative=SzinwiLH3jdq-oS1oNeLxg&utm_campaign=yelp_api_v3&utm_medium=api_v3_business_search&utm_source=SzinwiLH3jdq-oS1oNeLxg,1.0
nvVCxKOqBNtTjqbhh2H5Cg,Paradise Park,Otro,"Pizza, Bars, Breakfast & Brunch",4.1,692,$$,(773) 687-9117,"1913 W North Ave, Chicago, IL 60622",Chicago,60622,41.91025,-87.67566,False,https://www.yelp.com/biz/paradise-park-chicago?adjust_creative=SzinwiLH3jdq-oS1oNeLxg&utm_campaign=yelp_api_v3&utm_medium=api_v3_business_search&utm_source=SzinwiLH3jdq-oS1oNeLxg,2.0
U9D0vqEP4QrJfJYs8mr3DA,Oiistar,Otro,"Asian Fusion, Ramen",4.2,1223,$$,(773) 360-8791,"1385 N Milwaukee Ave, Chicago, IL 60622",Chicago,60622,41.90708880046081,-87.67210403709154,False,https://www.yelp.com/biz/oiistar-chicago?adjust_creative=SzinwiLH3jdq-oS1oNeLxg&utm_campaign=yelp_api_v3&utm_medium=api_v3_business_search&utm_source=SzinwiLH3jdq-oS1oNeLxg,2.0
jEA0_tz77CM_cAd9bEw4NA,Offset BBQ,Otro,Barbeque,4.7,305,$$,(773) 360-7753,"1720 N California Ave, Chicago, IL 60647",Chicago,60647,41.912809,-87.697383,False,https://www.yelp.com/biz/offset-bbq-chicago-2?adjust_creative=SzinwiLH3jdq-oS1oNeLxg&utm_campaign=yelp_api_v3&utm_medium=api_v3_business_search&utm_source=SzinwiLH3jdq-oS1oNeLxg,2.0
OLLCYpaF_cWzrZ-Hd7FYMQ,Lardon,Otro,"Cafes, Sandwiches, Wine Bars",4.3,164,$$,(773) 697-4444,"2200 N California Ave, Chicago, IL 60647",Chicago,60647,41.921891836367266,-87.69749321372282,False,https://www.yelp.com/biz/lardon-chicago?adjust_creative=SzinwiLH3jdq-oS1oNeLxg&utm_campaign=yelp_api_v3&utm_medium=api_v3_business_search&utm_source=SzinwiLH3jdq-oS1oNeLxg,2.0
nHTV7Eq0csH5ZERhmpWaXQ,Hello Kitty Cafe,Otro,Themed Cafes,4.3,34,,,"360 N Michigan Ave, Chicago, IL 60601",Chicago,60601,41.88795798307157,-87.6249040527507,False,https://www.yelp.com/biz/hello-kitty-cafe-chicago-3?adjust_creative=SzinwiLH3jdq-oS1oNeLxg&utm_campaign=yelp_api_v3&utm_medium=api_v3_business_search&utm_source=SzinwiLH3jdq-oS1oNeLxg,
0Zu5S3zJvLC1Ve7kGAttDQ,Bárbaro Taquería,Otro,"Mexican, Cocktail Bars",4.5,228,$$,(773) 697-8913,"2525 W North Ave, Chicago, IL 60647",Chicago,60647,41.90997,-87.69074,False,https://www.yelp.com/biz/b%C3%A1rbaro-taquer%C3%ADa-chicago?adjust_creative=SzinwiLH3jdq-oS1oNeLxg&utm_campaign=yelp_api_v3&utm_medium=api_v3_business_search&utm_source=SzinwiLH3jdq-oS1oNeLxg,2.0
qUhMEd8oDAwGqBEF9mNKFQ,Andros Taverna,Otro,"Greek, Mediterranean, Seafood",4.2,454,,(773) 365-1900,"2542 N Milwaukee, Chicago, IL 60647",Chicago,60647,41.92733834914246,-87.7049751842139,False,https://www.yelp.com/biz/andros-taverna-chicago-2?adjust_creative=SzinwiLH3jdq-oS1oNeLxg&utm_campaign=yelp_api_v3&utm_medium=api_v3_business_search&utm_source=SzinwiLH3jdq-oS1oNeLxg,
L12zP2yCgoKm_NLwW_HIDw,Quesabirria Jalisco,Otro,"Tacos, Halal",4.6,156,$$,(773) 383-9584,"1314 W 18th St, Chicago, IL 60608",Chicago,60608,41.85803128798182,-87.65953999999999,False,https://www.yelp.com/biz/quesabirria-jalisco-chicago-9?adjust_creative=SzinwiLH3jdq-oS1oNeLxg&utm_campaign=yelp_api_v3&utm_medium=api_v3_business_search&utm_source=SzinwiLH3jdq-oS1oNeLxg,2.0
_O2_9HL-pnb3ZvOOfjRDuA,Shinhwa Korean Steakhouse,Otro,"Korean, Steakhouses, Seafood",4.4,212,$$$,(312) 291-9034,"2407 S Wentworth Ave, Chicago, IL 60616",Chicago,60616,41.848907604834096,-87.63163323570596,False,https://www.yelp.com/biz/shinhwa-korean-steakhouse-chicago-3?adjust_creative=SzinwiLH3jdq-oS1oNeLxg&utm_campaign=yelp_api_v3&utm_medium=api_v3_business_search&utm_source=SzinwiLH3jdq-oS1oNeLxg,3.0
Bs-wD8O-z8rrq0vCQtKrtw,EuroAsia Restaurant,Otro,"Pan Asian, Halal",4.7,113,$$,(312) 988-0662,"351 W Oak St, Fl 1, Chicago, IL 60610",Chicago,60610,41.9003551,-87.6376374,False,https://www.yelp.com/biz/euroasia-restaurant-chicago-4?adjust_creative=SzinwiLH3jdq-oS1oNeLxg&utm_campaign=yelp_api_v3&utm_medium=api_v3_business_search&utm_source=SzinwiLH3jdq-oS1oNeLxg,2.0
hMNHD9LHs_R3vFCfTOGorw,Izakaya Shinya,Otro,"Ramen, Cocktail Bars, Izakaya",4.2,205,,(312) 880-8133,"2255 W North Ave, Chicago, IL 60647",Chicago,60647,41.910173,-87.684546,False,https://www.yelp.com/biz/izakaya-shinya-chicago?adjust_creative=SzinwiLH3jdq-oS1oNeLxg&utm_campaign=yelp_api_v3&utm_medium=api_v3_business_search&utm_source=SzinwiLH3jdq-oS1oNeLxg,
HuB9hjq-X4LEEqxN2RhAVw,Kama - Wicker Park,Otro,"Indian, Beer Bar, Cocktail Bars",4.3,150,,(773) 904-7640,"1560 N Milwaukee Ave, Chicago, IL 60622",Chicago,60622,41.90971,-87.676833,False,https://www.yelp.com/biz/kama-chicago-2?adjust_creative=SzinwiLH3jdq-oS1oNeLxg&utm_campaign=yelp_api_v3&utm_medium=api_v3_business_search&utm_source=SzinwiLH3jdq-oS1oNeLxg,
fjXWF9HSizkDunZMDCR5Qw,Nikko Sushi Izakaya,Otro,"Izakaya, Sushi Bars, Cocktail Bars",4.3,113,,(312) 847-1888,"2047 W Division St, Chicago, IL 60622",Chicago,60622,41.90289614292608,-87.6790606,False,https://www.yelp.com/biz/nikko-sushi-izakaya-chicago?adjust_creative=SzinwiLH3jdq-oS1oNeLxg&utm_campaign=yelp_api_v3&utm_medium=api_v3_business_search&utm_source=SzinwiLH3jdq-oS1oNeLxg,
unEyk5htv8K18lh-tQIE6w,Punta Cana Restaurant,Otro,Dominican,4.5,115,$,(773) 292-7400,"2200 N Kimball Ave, Chicago, IL 60647",Chicago,60647,41.92114,-87.71234,False,https://www.yelp.com/biz/punta-cana-restaurant-chicago?adjust_creative=SzinwiLH3jdq-oS1oNeLxg&utm_campaign=yelp_api_v3&utm_medium=api_v3_business_search&utm_source=SzinwiLH3jdq-oS1oNeLxg,1.0
cO0DycIvBZ2Gwk2j2DJAOA,Don Pez Taco Cantina,Otro,"Tacos, Breakfast & Brunch, Seafood",4.5,252,$$,(773) 687-9598,"844 W Armitage Ave, Chicago, IL 60614",Chicago,60614,41.918357,-87.650234,False,https://www.yelp.com/biz/don-pez-taco-cantina-chicago-4?adjust_creative=SzinwiLH3jdq-oS1oNeLxg&utm_campaign=yelp_api_v3&utm_medium=api_v3_business_search&utm_source=SzinwiLH3jdq-oS1oNeLxg,2.0
zF9o33BVqLUOcCmnuB2eQw,Handlebar,Otro,"Vegetarian, Bars, Vegan",4.1,1804,$$,(773) 384-9546,"2311 W North Ave, Chicago, IL 60647",Chicago,60647,41.9100899,-87.6853,False,https://www.yelp.com/biz/handlebar-chicago?adjust_creative=SzinwiLH3jdq-oS1oNeLxg&utm_campaign=yelp_api_v3&utm_medium=api_v3_business_search&utm_source=SzinwiLH3jdq-oS1oNeLxg,2.0
0p-Wi2pmihlcntw4dOfveQ,Qing Xiang Yuan Dumplings,Otro,"Dim Sum, Barbeque, Coffee & Tea",4.6,31,,,"2018 W Division St, Chicago, IL 60622",Chicago,60622,41.903345,-87.678091,False,https://www.yelp.com/biz/qing-xiang-yuan-dumplings-chicago-7?adjust_creative=SzinwiLH3jdq-oS1oNeLxg&utm_campaign=yelp_api_v3&utm_medium=api_v3_business_search&utm_source=SzinwiLH3jdq-oS1oNeLxg,
TrHpyyurfCHWUQMpsLyxVw,Bari Foods,Otro,"Salad, Italian, American",4.4,963,$$,(312) 666-0730,"1120 W Grand Ave, Chicago, IL 60642",Chicago,60642,41.8912971,-87.65552615787259,False,https://www.yelp.com/biz/bari-foods-chicago-3?adjust_creative=SzinwiLH3jdq-oS1oNeLxg&utm_campaign=yelp_api_v3&utm_medium=api_v3_business_search&utm_source=SzinwiLH3jdq-oS1oNeLxg,2.0
h5Yuu6yiOWg5ZHcgSkT2_A,RPM Seafood,Otro,Seafood,4.0,721,$$$$,(312) 900-9035,"317 N Clark St, Chicago, IL 60654",Chicago,60654,41.887991,-87.630782,False,https://www.yelp.com/biz/rpm-seafood-chicago?adjust_creative=SzinwiLH3jdq-oS1oNeLxg&utm_campaign=yelp_api_v3&utm_medium=api_v3_business_search&utm_source=SzinwiLH3jdq-oS1oNeLxg,4.0
bZ7lvi5_BQ6UKK10OKPV7Q,Sushi Taku,Otro,"Japanese, Sushi Bars",4.3,1294,$$$,(773) 252-8258,"1904 W Division St, Chicago, IL 60622",Chicago,60622,41.90340202167879,-87.67511680088914,False,https://www.yelp.com/biz/sushi-taku-chicago-2?adjust_creative=SzinwiLH3jdq-oS1oNeLxg&utm_campaign=yelp_api_v3&utm_medium=api_v3_business_search&utm_source=SzinwiLH3jdq-oS1oNeLxg,3.0
eCTlRnC9FOtNkmw-Q2DTcw,Itoko,Otro,"Japanese, Sushi Bars",4.1,274,$$$$,(773) 819-7672,"3325 N Southport Ave, Chicago, IL 60657",Chicago,60657,41.94235,-87.6635,False,https://www.yelp.com/biz/itoko-chicago-2?adjust_creative=SzinwiLH3jdq-oS1oNeLxg&utm_campaign=yelp_api_v3&utm_medium=api_v3_business_search&utm_source=SzinwiLH3jdq-oS1oNeLxg,4.0
56HWQzYO2hLhREjlmq6tGg,Tryzub Ukrainian Kitchen,Otro,"Ukrainian, Breakfast & Brunch, Venues & Event Spaces",4.4,382,$$,(773) 698-8624,"2201 W Chicago Ave, Chicago, IL 60622",Chicago,60622,41.8958059,-87.6819438,False,https://www.yelp.com/biz/tryzub-ukrainian-kitchen-chicago?adjust_creative=SzinwiLH3jdq-oS1oNeLxg&utm_campaign=yelp_api_v3&utm_medium=api_v3_business_search&utm_source=SzinwiLH3jdq-oS1oNeLxg,2.0
B3s6h5OFne0C5ygKSevJpA,Rudy’s Ramen,Otro,Ramen,4.6,212,$$,(312) 965-7187,"1146 N Milwaukee Ave, Chicago, IL 60642",Chicago,60642,41.90252543864915,-87.66536544877775,False,https://www.yelp.com/biz/rudy-s-ramen-chicago?adjust_creative=SzinwiLH3jdq-oS1oNeLxg&utm_campaign=yelp_api_v3&utm_medium=api_v3_business_search&utm_source=SzinwiLH3jdq-oS1oNeLxg,2.0
9nFfjQKo2YvttOG7ppqjQQ,Rendang Republic,Otro,"Indonesian, Pan Asian, Asian Fusion",4.4,72,$$,,"3355 N Clark St, Chicago, IL 60657",Chicago,60657,41.94324,-87.653001,False,https://www.yelp.com/biz/rendang-republic-chicago?adjust_creative=SzinwiLH3jdq-oS1oNeLxg&utm_campaign=yelp_api_v3&utm_medium=api_v3_business_search&utm_source=SzinwiLH3jdq-oS1oNeLxg,2.0
db7p4tMxC_pptYho8RUhzQ,Aloha Wagon,Otro,"Filipino, Mexican, Hawaiian",4.8,312,$$,(312) 888-9613,"2023 S Western Ave, Chicago, IL 60608",Chicago,60608,41.85405076353342,-87.68549001270712,False,https://www.yelp.com/biz/aloha-wagon-chicago?adjust_creative=SzinwiLH3jdq-oS1oNeLxg&utm_campaign=yelp_api_v3&utm_medium=api_v3_business_search&utm_source=SzinwiLH3jdq-oS1oNeLxg,2.0
4oATsYP0OF0ciHz-_-c_Lw,1492 Cuban Fusion,Otro,Cuban,4.4,336,$$,(773) 227-9601,"2615 W North Ave, Chicago, IL 60647",Chicago,60647,41.910048,-87.692787,False,https://www.yelp.com/biz/1492-cuban-fusion-chicago-2?adjust_creative=SzinwiLH3jdq-oS1oNeLxg&utm_campaign=yelp_api_v3&utm_medium=api_v3_business_search&utm_source=SzinwiLH3jdq-oS1oNeLxg,2.0
hRoJc3vnia5CXXBTXL5Jtg,Omakase Shoji,Otro,"Japanese, Bars",4.8,53,,(312) 579-4472,"1641 W Chicago Ave, Chicago, IL 60622",Chicago,60622,41.895835501843294,-87.66894076019526,False,https://www.yelp.com/biz/omakase-shoji-chicago?adjust_creative=SzinwiLH3jdq-oS1oNeLxg&utm_campaign=yelp_api_v3&utm_medium=api_v3_business_search&utm_source=SzinwiLH3jdq-oS1oNeLxg,
g-FNZCErYf4CuEb8EWYDuQ,Mahanakhon Noodle Bar,Otro,"Thai, Noodles",4.6,49,,(773) 975-3333,"2907 N Lincoln Ave, Chicago, IL 60657",Chicago,60657,41.934736,-87.661455,False,https://www.yelp.com/biz/mahanakhon-noodle-bar-chicago?adjust_creative=SzinwiLH3jdq-oS1oNeLxg&utm_campaign=yelp_api_v3&utm_medium=api_v3_business_search&utm_source=SzinwiLH3jdq-oS1oNeLxg,
Z2nOMPedr7XYhgYhILJjEA,Piece Brewery and Pizzeria,Otro,"Pizza, Breweries",4.0,3963,$$,(773) 772-4422,"1927 W North Ave, Chicago, IL 60622",Chicago,60622,41.9103256994423,-87.6760850295053,False,https://www.yelp.com/biz/piece-brewery-and-pizzeria-chicago?adjust_creative=SzinwiLH3jdq-oS1oNeLxg&utm_campaign=yelp_api_v3&utm_medium=api_v3_business_search&utm_source=SzinwiLH3jdq-oS1oNeLxg,2.0
xJEA6P6VS-Ukl9dmjleDkw,Silli Kori | Thai,Otro,"Thai, Asian Fusion",4.4,382,$$,(773) 384-5352,"2053 W Division St, Chicago, IL 60622",Chicago,60622,41.90286,-87.67935,False,https://www.yelp.com/biz/silli-kori-chicago?adjust_creative=SzinwiLH3jdq-oS1oNeLxg&utm_campaign=yelp_api_v3&utm_medium=api_v3_business_search&utm_source=SzinwiLH3jdq-oS1oNeLxg,2.0
n5jRD0dlY6Dl672THS7yFA,Mister Tiger,Otro,Korean,4.5,133,,(312) 219-5211,"1132 W Grand Ave, Chicago, IL 60642",Chicago,60642,41.89129,-87.65596,False,https://www.yelp.com/biz/mister-tiger-chicago?adjust_creative=SzinwiLH3jdq-oS1oNeLxg&utm_campaign=yelp_api_v3&utm_medium=api_v3_business_search&utm_source=SzinwiLH3jdq-oS1oNeLxg,
vofANrgotem6XRBBf5sc7A,Jake Melnick's Corner Tap,Otro,"Sports Bars, Barbeque, Chicken Wings",3.8,1721,$$,(312) 266-0400,"41 E Superior St, Chicago, IL 60611",Chicago,60611,41.89555497057399,-87.62651245888121,False,https://www.yelp.com/biz/jake-melnicks-corner-tap-chicago-2?adjust_creative=SzinwiLH3jdq-oS1oNeLxg&utm_campaign=yelp_api_v3&utm_medium=api_v3_business_search&utm_source=SzinwiLH3jdq-oS1oNeLxg,2.0
iOMvXQYFl6_mtw0wX6ZUXw,Forbidden Root,Otro,"Brewpubs, Tapas/Small Plates, Cocktail Bars",4.3,650,$$,(312) 929-2202,"1746 W Chicago Ave, Chicago, IL 60622",Chicago,60622,41.89628,-87.671551,False,https://www.yelp.com/biz/forbidden-root-chicago?adjust_creative=SzinwiLH3jdq-oS1oNeLxg&utm_campaign=yelp_api_v3&utm_medium=api_v3_business_search&utm_source=SzinwiLH3jdq-oS1oNeLxg,2.0
mOFO7fl4Fmw4IIoHNSGxjw,Cleo's,Otro,Southern,4.6,19,,(773) 799-8509,"2826 N Lincoln Ave, Chicago, IL 60657",Chicago,60657,41.933096147016016,-87.65971396118402,False,https://www.yelp.com/biz/cleos-chicago-5?adjust_creative=SzinwiLH3jdq-oS1oNeLxg&utm_campaign=yelp_api_v3&utm_medium=api_v3_business_search&utm_source=SzinwiLH3jdq-oS1oNeLxg,
UnRhrQEi4QBxQsRFnRvAOA,The Rice Table,Otro,"Caterers, Indonesian",4.2,38,$$,(847) 644-6331,"Chicago, IL 60642",Chicago,60642,41.890772,-87.65644,False,https://www.yelp.com/biz/the-rice-table-chicago?adjust_creative=SzinwiLH3jdq-oS1oNeLxg&utm_campaign=yelp_api_v3&utm_medium=api_v3_business_search&utm_source=SzinwiLH3jdq-oS1oNeLxg,2.0
lgjRFg3M-1N416W41DHsTQ,Ramen Wasabi,Otro,"Ramen, Tapas/Small Plates, Izakaya",4.2,2306,$$,(773) 227-8180,"2101 N Milwaukee Ave, Chicago, IL 60647",Chicago,60647,41.9195063,-87.6915015,False,https://www.yelp.com/biz/ramen-wasabi-chicago?adjust_creative=SzinwiLH3jdq-oS1oNeLxg&utm_campaign=yelp_api_v3&utm_medium=api_v3_business_search&utm_source=SzinwiLH3jdq-oS1oNeLxg,2.0
w3nQNMbQygynqPEvOPsA7w,Garuda,Otro,"Indonesian, Noodles, Soup",4.7,26,$$,(773) 564-9100,"1046 1/2 W Argyle St, Chicago, IL 60640",Chicago,60640,41.97343736018699,-87.65681649999999,False,https://www.yelp.com/biz/garuda-chicago?adjust_creative=SzinwiLH3jdq-oS1oNeLxg&utm_campaign=yelp_api_v3&utm_medium=api_v3_business_search&utm_source=SzinwiLH3jdq-oS1oNeLxg,2.0
aW7sY8DcTKfBFaXIH5vQxQ,Lucy's,Otro,American,4.0,303,$$,(312) 675-8385,"1043 N California Ave, Chicago, IL 60622",Chicago,60622,41.90055,-87.69642,False,https://www.yelp.com/biz/lucys-chicago?adjust_creative=SzinwiLH3jdq-oS1oNeLxg&utm_campaign=yelp_api_v3&utm_medium=api_v3_business_search&utm_source=SzinwiLH3jdq-oS1oNeLxg,2.0
fGAYT6b0vZSGiTISd-zFZg,Cafe Robey,Otro,"Breakfast & Brunch, Cocktail Bars, American",4.1,314,$$,(872) 315-3084,"2018 W North Ave, Chicago, IL 60647",Chicago,60647,41.910642,-87.678264,False,https://www.yelp.com/biz/cafe-robey-chicago?adjust_creative=SzinwiLH3jdq-oS1oNeLxg&utm_campaign=yelp_api_v3&utm_medium=api_v3_business_search&utm_source=SzinwiLH3jdq-oS1oNeLxg,2.0
QFg4CAuJRC98_GXVjyrRpA,Chengdu Bistro,Otro,Chinese,4.4,73,,(872) 315-2926,"2211 W North Ave, Chicago, IL 60647",Chicago,60647,41.91020072350959,-87.682875841856,False,https://www.yelp.com/biz/chengdu-bistro-chicago-2?adjust_creative=SzinwiLH3jdq-oS1oNeLxg&utm_campaign=yelp_api_v3&utm_medium=api_v3_business_search&utm_source=SzinwiLH3jdq-oS1oNeLxg,
mXZS-Ue3awMfbMZLbaw72Q,Shokolad,Otro,"Bakeries, Breakfast & Brunch, Ukrainian",4.5,323,$$,(773) 276-6402,"2524 W Chicago Ave, Chicago, IL 60612",Chicago,60612,41.895865,-87.690367,False,https://www.yelp.com/biz/shokolad-chicago?adjust_creative=SzinwiLH3jdq-oS1oNeLxg&utm_campaign=yelp_api_v3&utm_medium=api_v3_business_search&utm_source=SzinwiLH3jdq-oS1oNeLxg,2.0
aLdHP31HE8NpCxw-Xm2jhQ,Manchamanteles Restaurant,Otro,"Mexican, Desserts, Breakfast & Brunch",4.4,152,$$,(773) 799-8148,"2009 N Western Ave, Chicago, IL 60647",Chicago,60647,41.917897893155825,-87.68710535019636,False,https://www.yelp.com/biz/manchamanteles-restaurant-chicago-3?adjust_creative=SzinwiLH3jdq-oS1oNeLxg&utm_campaign=yelp_api_v3&utm_medium=api_v3_business_search&utm_source=SzinwiLH3jdq-oS1oNeLxg,2.0
WktOBha8mFJXwn6kid3WuA,Panlasa,Otro,"Hawaiian, Filipino",5.0,7,,(773) 872-9172,"131 N Clinton St, Ste 6, Chicago, IL 60661",Chicago,60661,41.88392,-87.640522,False,https://www.yelp.com/biz/panlasa-chicago-3?adjust_creative=SzinwiLH3jdq-oS1oNeLxg&utm_campaign=yelp_api_v3&utm_medium=api_v3_business_search&utm_source=SzinwiLH3jdq-oS1oNeLxg,
-NwrV4cVS-INh7b6Fb2FoA,Tuk Tuk,Otro,"Thai, Noodles, Soup",4.4,54,,(773) 770-3698,"1500 W Division St, Chicago, IL 60642",Chicago,60642,41.90363835081604,-87.66522239999999,False,https://www.yelp.com/biz/tuk-tuk-chicago?adjust_creative=SzinwiLH3jdq-oS1oNeLxg&utm_campaign=yelp_api_v3&utm_medium=api_v3_business_search&utm_source=SzinwiLH3jdq-oS1oNeLxg,
9Pc_hOo-3Flbfag0Rwt70w,Al's Beef,Otro,"Sandwiches, Hot Dogs, Burgers",4.3,492,$$,(312) 943-3222,"548 N Wells St, Chicago, IL 60654",Chicago,60654,41.89225,-87.63436,False,https://www.yelp.com/biz/als-beef-chicago-24?adjust_creative=SzinwiLH3jdq-oS1oNeLxg&utm_campaign=yelp_api_v3&utm_medium=api_v3_business_search&utm_source=SzinwiLH3jdq-oS1oNeLxg,2.0
ytZzmlgLBM8r3TqY7WAY0A,Club Lucky,Otro,"Italian, Lounges, Cocktail Bars",3.9,915,$$$,(773) 227-2300,"1824 W Wabansia Ave, Chicago, IL 60622",Chicago,60622,41.9125671386719,-87.6736907958984,False,https://www.yelp.com/biz/club-lucky-chicago?adjust_creative=SzinwiLH3jdq-oS1oNeLxg&utm_campaign=yelp_api_v3&utm_medium=api_v3_business_search&utm_source=SzinwiLH3jdq-oS1oNeLxg,3.0
KZApzFOcsnOmK6dtGWy03Q,Pierogi Kitchen,Otro,"Polish, Breakfast & Brunch, Cocktail Bars",4.4,142,$$,(773) 799-8273,"1856 West North Ave, Chicago, IL 60622",Chicago,60622,41.91071,-87.67484,False,https://www.yelp.com/biz/pierogi-kitchen-chicago?adjust_creative=SzinwiLH3jdq-oS1oNeLxg&utm_campaign=yelp_api_v3&utm_medium=api_v3_business_search&utm_source=SzinwiLH3jdq-oS1oNeLxg,2.0
z_3LfLCLWSM8vaNvWOwUjA,Smoke Daddy,Otro,Barbeque,4.0,555,$$,(773) 227-2583,"3636 N Clark St, Chicago, IL 60613",Chicago,60613,41.947986,-87.657552,False,https://www.yelp.com/biz/smoke-daddy-chicago-2?adjust_creative=SzinwiLH3jdq-oS1oNeLxg&utm_campaign=yelp_api_v3&utm_medium=api_v3_business_search&utm_source=SzinwiLH3jdq-oS1oNeLxg,2.0
-gt8O2X5JO9Bx64GPxgkBA,Komorebi Sushi,Otro,"Sushi Bars, Seafood",4.6,328,$$,(773) 661-1243,"1324 N Milwaukee Ave, Chicago, IL 60622",Chicago,60622,41.90558,-87.67037,False,https://www.yelp.com/biz/komorebi-sushi-chicago?adjust_creative=SzinwiLH3jdq-oS1oNeLxg&utm_campaign=yelp_api_v3&utm_medium=api_v3_business_search&utm_source=SzinwiLH3jdq-oS1oNeLxg,2.0
VH6O_2qSPkTme_s-1Y1nXQ,Trike Noodle,Otro,"Thai, Asian Fusion",4.5,190,$$,(773) 360-8288,"2339 N Milwaukee Ave, Chicago, IL 60647",Chicago,60647,41.9238472891421,-87.69854620758457,False,https://www.yelp.com/biz/trike-noodle-chicago?adjust_creative=SzinwiLH3jdq-oS1oNeLxg&utm_campaign=yelp_api_v3&utm_medium=api_v3_business_search&utm_source=SzinwiLH3jdq-oS1oNeLxg,2.0
XR7K-0DlG3dikV4nRXPjYQ,Matilda,Otro,"Mexican, Peruvian, Cocktail Bars",4.4,100,,,"535 N Wells St, Chicago, IL 60654",Chicago,60654,41.89188,-87.63378,False,https://www.yelp.com/biz/matilda-chicago-3?adjust_creative=SzinwiLH3jdq-oS1oNeLxg&utm_campaign=yelp_api_v3&utm_medium=api_v3_business_search&utm_source=SzinwiLH3jdq-oS1oNeLxg,
IvPHql5UloizrbYL1zrEXg,KALA Modern Greek,Otro,"Greek, Salad, Sandwiches",4.7,336,$$,(773) 560-6412,"2523 N Clark St, Chicago, IL 60614",Chicago,60614,41.92863852610618,-87.6420659628887,False,https://www.yelp.com/biz/kala-modern-greek-chicago-2?adjust_creative=SzinwiLH3jdq-oS1oNeLxg&utm_campaign=yelp_api_v3&utm_medium=api_v3_business_search&utm_source=SzinwiLH3jdq-oS1oNeLxg,2.0
yHp_qrNBnx6CmoN3RkdDLw,Mano A Mano,Otro,"Italian, Wine Bars",4.3,101,,,"2534 N Milwaukee Ave, Chicago, IL 60647",Chicago,60647,41.92719,-87.70485,False,https://www.yelp.com/biz/mano-a-mano-chicago-2?adjust_creative=SzinwiLH3jdq-oS1oNeLxg&utm_campaign=yelp_api_v3&utm_medium=api_v3_business_search&utm_source=SzinwiLH3jdq-oS1oNeLxg,
Bj_4lpjmkFHwOAzRbIoabg,The Jibarito Stop,Otro,Puerto Rican,4.3,501,$$,(312) 988-0585,"174 N Wabash Ave, Chicago, IL 60601",Chicago,60601,41.885244,-87.626481,False,https://www.yelp.com/biz/the-jibarito-stop-chicago-2?adjust_creative=SzinwiLH3jdq-oS1oNeLxg&utm_campaign=yelp_api_v3&utm_medium=api_v3_business_search&utm_source=SzinwiLH3jdq-oS1oNeLxg,2.0
o98kicIhRgBjoMqQr2SzTQ,Sabroso! Mexican Grill,Otro,"Mexican, Breakfast & Brunch, New Mexican Cuisine",4.7,551,$$,(773) 290-8400,"624 N Ashland Ave, Chicago, IL 60622",Chicago,60622,41.89319,-87.66753,False,https://www.yelp.com/biz/sabroso-mexican-grill-chicago-4?adjust_creative=SzinwiLH3jdq-oS1oNeLxg&utm_campaign=yelp_api_v3&utm_medium=api_v3_business_search&utm_source=SzinwiLH3jdq-oS1oNeLxg,2.0
2xsqMP0sQbRBXjp9O8ahRQ,"AMBAR Restaurant, Chicago",Otro,"Desserts, Seafood",4.3,185,$$$,(312) 547-1700,"700 N Clark St, Chicago, IL 60654",Chicago,60654,41.89497473200752,-87.63158,False,https://www.yelp.com/biz/ambar-chicago?adjust_creative=SzinwiLH3jdq-oS1oNeLxg&utm_campaign=yelp_api_v3&utm_medium=api_v3_business_search&utm_source=SzinwiLH3jdq-oS1oNeLxg,3.0
RIEypHKiSCZB5mJJJQNMcQ,Birrieria Zaragoza,Otro,Tacos,4.6,133,$$,(773) 334-5650,"4800 N Broadway, Chicago, IL 60640",Chicago,60640,41.969205,-87.659878,False,https://www.yelp.com/biz/birrieria-zaragoza-chicago-2?adjust_creative=SzinwiLH3jdq-oS1oNeLxg&utm_campaign=yelp_api_v3&utm_medium=api_v3_business_search&utm_source=SzinwiLH3jdq-oS1oNeLxg,2.0
b1Uha3s_caUgBrOmflt8xw,Wu's Korean BBQ,Otro,"Barbeque, Korean, Cocktail Bars",4.5,29,,(312) 837-3200,"403 E Illinois St, Chicago, IL 60611",Chicago,60611,41.890986402568934,-87.6172576,False,https://www.yelp.com/biz/wus-korean-bbq-chicago?adjust_creative=SzinwiLH3jdq-oS1oNeLxg&utm_campaign=yelp_api_v3&utm_medium=api_v3_business_search&utm_source=SzinwiLH3jdq-oS1oNeLxg,
k5qqAUpe2onzecwqTREhMA,Elske,Otro,Scandinavian,4.0,331,$$$$,(312) 733-1314,"1350 W Randolph St, Chicago, IL 60607",Chicago,60607,41.88447945878488,-87.6609357329181,False,https://www.yelp.com/biz/elske-chicago?adjust_creative=SzinwiLH3jdq-oS1oNeLxg&utm_campaign=yelp_api_v3&utm_medium=api_v3_business_search&utm_source=SzinwiLH3jdq-oS1oNeLxg,4.0
wiNuegM8MNw9WIP0wfMmeA,Coalfire Pizza,Otro,Pizza,4.3,1266,$$,(312) 226-2625,"1321 W Grand Ave, Chicago, IL 60642",Chicago,60642,41.89075,-87.65988,False,https://www.yelp.com/biz/coalfire-pizza-chicago?adjust_creative=SzinwiLH3jdq-oS1oNeLxg&utm_campaign=yelp_api_v3&utm_medium=api_v3_business_search&utm_source=SzinwiLH3jdq-oS1oNeLxg,2.0
GvU2TIDK0deL_xbPfIkezA,Chicago Diplomat Cafe,Otro,"Modern European, Cafes, Georgian",4.3,224,$$,(773) 262-2722,"3134 N Lincoln Ave, Chicago, IL 60657",Chicago,60657,41.9385,-87.66752,False,https://www.yelp.com/biz/chicago-diplomat-cafe-chicago?adjust_creative=SzinwiLH3jdq-oS1oNeLxg&utm_campaign=yelp_api_v3&utm_medium=api_v3_business_search&utm_source=SzinwiLH3jdq-oS1oNeLxg,2.0
TBoYnkPNFn9ASccYCYsJfw,Nancy's Pizza Chicago West Loop,Otro,"Pizza, Italian, Salad",4.3,340,$$,(312) 733-9920,"1000 W Washington Blvd, Chicago, IL 60607",Chicago,60607,41.8833046,-87.6528503,False,https://www.yelp.com/biz/nancys-pizza-chicago-16?adjust_creative=SzinwiLH3jdq-oS1oNeLxg&utm_campaign=yelp_api_v3&utm_medium=api_v3_business_search&utm_source=SzinwiLH3jdq-oS1oNeLxg,2.0
ArT0vbIky7FvWFpPoIerEw,The Berghoff Restaurant,Otro,"Bars, German, New American",3.7,1424,$$,(312) 427-3170,"17 W Adams St, Chicago, IL 60603",Chicago,60603,41.879261985237335,-87.6284001,False,https://www.yelp.com/biz/the-berghoff-restaurant-chicago-2?adjust_creative=SzinwiLH3jdq-oS1oNeLxg&utm_campaign=yelp_api_v3&utm_medium=api_v3_business_search&utm_source=SzinwiLH3jdq-oS1oNeLxg,2.0
3UySRA17B65Kbu-OVO92iQ,NOEMA,Otro,"Greek, Gastropubs",5.0,23,,(312) 426-8266,"1443 W Fullerton Ave, Chicago, IL 60614",Chicago,60614,41.92496988008711,-87.6649762,False,https://www.yelp.com/biz/noema-chicago-2?adjust_creative=SzinwiLH3jdq-oS1oNeLxg&utm_campaign=yelp_api_v3&utm_medium=api_v3_business_search&utm_source=SzinwiLH3jdq-oS1oNeLxg,
ZXsqdTNHSqxBxCXcbmOiLA,Bigsuda,Otro,"Asian Fusion, Korean, Noodles",4.3,72,,(872) 206-8678,"1362 N Milwaukee Ave, Chicago, IL 60622",Chicago,60622,41.906445,-87.671742,False,https://www.yelp.com/biz/bigsuda-chicago?adjust_creative=SzinwiLH3jdq-oS1oNeLxg&utm_campaign=yelp_api_v3&utm_medium=api_v3_business_search&utm_source=SzinwiLH3jdq-oS1oNeLxg,
m8qrUdRl8TCqvW-L6uWVsA,EL Ideas,Otro,New American,4.5,408,$$$$,(312) 226-8144,"2419 W 14th St, Chicago, IL 60608",Chicago,60608,41.86275,-87.687,False,https://www.yelp.com/biz/el-ideas-chicago-2?adjust_creative=SzinwiLH3jdq-oS1oNeLxg&utm_campaign=yelp_api_v3&utm_medium=api_v3_business_search&utm_source=SzinwiLH3jdq-oS1oNeLxg,4.0
8YZUf9XTc9Z2jW5adHE5nA,Shabu Plus Rotary Hot Pot Wicker Park,Otro,Hot Pot,4.4,196,$$$,(773) 697-8122,"1352 N Milwaukee Ave, Chicago, IL 60622",Chicago,60622,41.90623,-87.67139,False,https://www.yelp.com/biz/shabu-plus-rotary-hot-pot-wicker-park-chicago?adjust_creative=SzinwiLH3jdq-oS1oNeLxg&utm_campaign=yelp_api_v3&utm_medium=api_v3_business_search&utm_source=SzinwiLH3jdq-oS1oNeLxg,3.0
h3zEUwyZ9xX63ljpJzsQ5Q,Dēliz,Otro,"Italian, Steakhouses, Cocktail Bars",4.4,93,,(773) 477-0000,"1840 W North Ave, Chicago, IL 60622",Chicago,60622,41.910701639679814,-87.67424031789,False,https://www.yelp.com/biz/d%C4%93liz-chicago-2?adjust_creative=SzinwiLH3jdq-oS1oNeLxg&utm_campaign=yelp_api_v3&utm_medium=api_v3_business_search&utm_source=SzinwiLH3jdq-oS1oNeLxg,
ugOU_IJV4qFSaC1BtuazyQ,Sweetwater Tavern And Grille,Otro,"American, Sports Bars, Burgers",3.6,1437,$$,(312) 698-7111,"225 N Michigan Ave, Chicago, IL 60601",Chicago,60601,41.88656577842628,-87.62422817265735,False,https://www.yelp.com/biz/sweetwater-tavern-and-grille-chicago?adjust_creative=SzinwiLH3jdq-oS1oNeLxg&utm_campaign=yelp_api_v3&utm_medium=api_v3_business_search&utm_source=SzinwiLH3jdq-oS1oNeLxg,2.0
Lw1Nz0Gus-RYJsg2Kk8dXw,Shawarma Garden,Otro,"Middle Eastern, Mediterranean, Seafood",4.1,218,$,(773) 904-8897,"1951 W Division St, Chicago, IL 60622",Chicago,60622,41.9030684,-87.6768271,False,https://www.yelp.com/biz/shawarma-garden-chicago?adjust_creative=SzinwiLH3jdq-oS1oNeLxg&utm_campaign=yelp_api_v3&utm_medium=api_v3_business_search&utm_source=SzinwiLH3jdq-oS1oNeLxg,1.0
CADdsveMbJY-x_PFrsCkQw,El Tragon Taqueria,Otro,Mexican,4.7,181,,(312) 374-1458,"1234 N Halsted St, Unit C, Chicago, IL 60642",Chicago,60642,41.904700405779366,-87.64861798544506,False,https://www.yelp.com/biz/el-tragon-taqueria-chicago-5?adjust_creative=SzinwiLH3jdq-oS1oNeLxg&utm_campaign=yelp_api_v3&utm_medium=api_v3_business_search&utm_source=SzinwiLH3jdq-oS1oNeLxg,
x44jW9kNDANnWt4WyGZy3Q,Lonesome Rose - Logan Square,Otro,"Bars, Mexican",4.0,554,$$,(773) 770-3414,"2101 N California Ave, Chicago, IL 60647",Chicago,60647,41.91962,-87.69705,False,https://www.yelp.com/biz/lonesome-rose-logan-square-chicago?adjust_creative=SzinwiLH3jdq-oS1oNeLxg&utm_campaign=yelp_api_v3&utm_medium=api_v3_business_search&utm_source=SzinwiLH3jdq-oS1oNeLxg,2.0
XgGUnYs2bjbbNvBefFtWxA,The Pasta Bowl,Otro,Italian,4.2,1210,$$,(773) 525-2695,"2434 N Clark St, Chicago, IL 60614",Chicago,60614,41.92638,-87.641448,False,https://www.yelp.com/biz/the-pasta-bowl-chicago?adjust_creative=SzinwiLH3jdq-oS1oNeLxg&utm_campaign=yelp_api_v3&utm_medium=api_v3_business_search&utm_source=SzinwiLH3jdq-oS1oNeLxg,2.0
3nOO3B9xoASM9XLzJfbHDg,ArePA George,Otro,"Colombian, Empanadas, Vegan",4.4,203,$$,(773) 969-7945,"1552 N Kedzie Ave, Chicago, IL 60651",Chicago,60651,41.90987,-87.70737,False,https://www.yelp.com/biz/arepa-george-chicago?adjust_creative=SzinwiLH3jdq-oS1oNeLxg&utm_campaign=yelp_api_v3&utm_medium=api_v3_business_search&utm_source=SzinwiLH3jdq-oS1oNeLxg,2.0
L0SpO9Eb6fHIZ5ljKpdAow,Queen Mary Tavern,Otro,"Cocktail Bars, Wine Bars, Seafood",4.4,162,$$,(773) 697-3522,"2125 W Division St, Chicago, IL 60622",Chicago,60622,41.9028282165527,-87.6807403564453,False,https://www.yelp.com/biz/queen-mary-tavern-chicago?adjust_creative=SzinwiLH3jdq-oS1oNeLxg&utm_campaign=yelp_api_v3&utm_medium=api_v3_business_search&utm_source=SzinwiLH3jdq-oS1oNeLxg,2.0
sxpux8Jaudq5Vnqpa5oITw,Smakosz Restaurant,Otro,Polish,4.5,159,$$,(773) 205-1771,"5619 W Lawrence Ave, Chicago, IL 60630",Chicago,60630,41.9675,-87.7683799,False,https://www.yelp.com/biz/smakosz-restaurant-chicago?adjust_creative=SzinwiLH3jdq-oS1oNeLxg&utm_campaign=yelp_api_v3&utm_medium=api_v3_business_search&utm_source=SzinwiLH3jdq-oS1oNeLxg,2.0
kbLOjhaUqHI2TKy_SIDVdw,Beaumont's,Otro,"American, Cocktail Bars, French",4.3,25,,(773) 377-8276,"2020 N Halsted St, Chicago, IL 60614",Chicago,60614,41.918808,-87.648874,False,https://www.yelp.com/biz/beaumonts-chicago?adjust_creative=SzinwiLH3jdq-oS1oNeLxg&utm_campaign=yelp_api_v3&utm_medium=api_v3_business_search&utm_source=SzinwiLH3jdq-oS1oNeLxg,
0EcR5_zMAdyWf96owSBYbw,Wolf & Company,Otro,"Cocktail Bars, Burgers, Delis",4.3,133,,(312) 627-9653,"1752 N Western Ave, Chicago, IL 60647",Chicago,60647,41.91380989193472,-87.68777157055223,False,https://www.yelp.com/biz/wolf-and-company-chicago?adjust_creative=SzinwiLH3jdq-oS1oNeLxg&utm_campaign=yelp_api_v3&utm_medium=api_v3_business_search&utm_source=SzinwiLH3jdq-oS1oNeLxg,
GbC6XO60SlLnlIOTbJE-Ew,Fatso's Last Stand,Otro,"Hot Dogs, Burgers, Fast Food",4.1,992,$$,(773) 245-3287,"2258 W Chicago Ave, Chicago, IL 60622",Chicago,60622,41.8959792096669,-87.6842580932541,False,https://www.yelp.com/biz/fatsos-last-stand-chicago-2?adjust_creative=SzinwiLH3jdq-oS1oNeLxg&utm_campaign=yelp_api_v3&utm_medium=api_v3_business_search&utm_source=SzinwiLH3jdq-oS1oNeLxg,2.0
n2QDUYydYa1KMyuGPeDMjw,Cafe Mustache,Otro,Cafes,4.1,296,$,(773) 687-9063,"2313 N Milwaukee Ave, Chicago, IL 60647",Chicago,60647,41.923308,-87.697785382671,False,https://www.yelp.com/biz/cafe-mustache-chicago?adjust_creative=SzinwiLH3jdq-oS1oNeLxg&utm_campaign=yelp_api_v3&utm_medium=api_v3_business_search&utm_source=SzinwiLH3jdq-oS1oNeLxg,1.0
9r-5dWTQz2WsDzuBPSZa_g,Omakase Room by Kanemaru,Otro,Japanese,4.8,15,,(312) 624-3013,"40 W Hubbard St, Chicago, IL 60654",Chicago,60654,41.8901492,-87.62927188533051,False,https://www.yelp.com/biz/omakase-room-by-kanemaru-chicago-5?adjust_creative=SzinwiLH3jdq-oS1oNeLxg&utm_campaign=yelp_api_v3&utm_medium=api_v3_business_search&utm_source=SzinwiLH3jdq-oS1oNeLxg,
BGTumAF6UxyE-TrEB11WVg,Antique Taco ,Otro,"Venues & Event Spaces, Mexican, Cocktail Bars",4.1,1408,$,(773) 687-8697,"1360 N Milwaukee Ave, Chicago, IL 60622",Chicago,60622,41.90648333815093,-87.67158007684077,False,https://www.yelp.com/biz/antique-taco-chicago-11?adjust_creative=SzinwiLH3jdq-oS1oNeLxg&utm_campaign=yelp_api_v3&utm_medium=api_v3_business_search&utm_source=SzinwiLH3jdq-oS1oNeLxg,1.0
sNhKEb8iKvN4MDxpOiHFWg,D'amato's Bakery,Otro,"Bakeries, Sandwiches, Pizza",4.3,700,$$,(312) 733-5456,"1124 W Grand Ave, Chicago, IL 60642",Chicago,60642,41.89135,-87.65563,False,https://www.yelp.com/biz/d-amatos-bakery-chicago?adjust_creative=SzinwiLH3jdq-oS1oNeLxg&utm_campaign=yelp_api_v3&utm_medium=api_v3_business_search&utm_source=SzinwiLH3jdq-oS1oNeLxg,2.0
_-oAQeBsg_rcVyBf2BCGWw,Omakase Box,Otro,Sushi Bars,4.8,41,,(773) 234-5380,"3038 W Armitage Ave, Chicago, IL 60647",Chicago,60647,41.9176969,-87.7040289619687,False,https://www.yelp.com/biz/omakase-box-chicago?adjust_creative=SzinwiLH3jdq-oS1oNeLxg&utm_campaign=yelp_api_v3&utm_medium=api_v3_business_search&utm_source=SzinwiLH3jdq-oS1oNeLxg,
Drkh8SbqF5w1VLAeBAqJcA,Kennedy Rooftop,Otro,"Cocktail Bars, New American",4.1,250,$$,(773) 270-6770,"1551 W North Ave, Chicago, IL 60622",Chicago,60622,41.9103888,-87.6672851666808,False,https://www.yelp.com/biz/kennedy-rooftop-chicago?adjust_creative=SzinwiLH3jdq-oS1oNeLxg&utm_campaign=yelp_api_v3&utm_medium=api_v3_business_search&utm_source=SzinwiLH3jdq-oS1oNeLxg,2.0
HWwXWszZK5cCLTrKkqvlCA,D Cuisine,Otro,"Dim Sum, Cantonese, Seafood",4.3,373,$$,(773) 360-7239,"2723 N Clark St, Chicago, IL 60614",Chicago,60614,41.93208,-87.644361,False,https://www.yelp.com/biz/d-cuisine-chicago-3?adjust_creative=SzinwiLH3jdq-oS1oNeLxg&utm_campaign=yelp_api_v3&utm_medium=api_v3_business_search&utm_source=SzinwiLH3jdq-oS1oNeLxg,2.0
ScH70JdzPpPyVhQtdb1sCQ,Suda’s Lebanese Cuisine,Otro,"Seafood, Mediterranean, Beer, Wine & Spirits",4.9,140,,(773) 687-8413,"1524 W Fullerton Ave, Chicago, IL 60614",Chicago,60614,41.92536874706707,-87.6667917,False,https://www.yelp.com/biz/suda-s-lebanese-cuisine-chicago-2?adjust_creative=SzinwiLH3jdq-oS1oNeLxg&utm_campaign=yelp_api_v3&utm_medium=api_v3_business_search&utm_source=SzinwiLH3jdq-oS1oNeLxg,
4hEWyzVZ4gKdAoBpsd7Rrw,The Village,Otro,Italian,3.7,1422,$$$,(312) 332-7005,"71 W Monroe St, Fl 2, Chicago, IL 60603",Chicago,60603,41.880595,-87.630159,False,https://www.yelp.com/biz/the-village-chicago-2?adjust_creative=SzinwiLH3jdq-oS1oNeLxg&utm_campaign=yelp_api_v3&utm_medium=api_v3_business_search&utm_source=SzinwiLH3jdq-oS1oNeLxg,3.0
Nza-kbPzUfFMZGyJz12sYg,The StopAlong,Otro,"Pizza, Burgers, Bars",4.4,383,$$,(773) 394-4694,"1812 N Milwaukee Ave, Chicago, IL 60647",Chicago,60647,41.91426,-87.68393,False,https://www.yelp.com/biz/the-stopalong-chicago?adjust_creative=SzinwiLH3jdq-oS1oNeLxg&utm_campaign=yelp_api_v3&utm_medium=api_v3_business_search&utm_source=SzinwiLH3jdq-oS1oNeLxg,2.0
H1opOwbqjzb6scMPPWuDdA,Marrakech,Otro,"Moroccan, Salad, Kebab",4.6,65,,(773) 770-9018,"1440 W Chicago Ave, Chicago, IL 60642",Chicago,60642,41.896334,-87.664038,False,https://www.yelp.com/biz/marrakech-chicago-4?adjust_creative=SzinwiLH3jdq-oS1oNeLxg&utm_campaign=yelp_api_v3&utm_medium=api_v3_business_search&utm_source=SzinwiLH3jdq-oS1oNeLxg,
YwtWMD-Fz2WH9smEeQnqWw,Iron Age Korean Steakhouse,Otro,"Korean, Barbeque, Bars",3.9,777,$$$,(773) 697-7622,"1265 N Milwaukee Ave, Chicago, IL 60622",Chicago,60622,41.90489515012891,-87.66865167262249,False,https://www.yelp.com/biz/iron-age-korean-steakhouse-chicago-6?adjust_creative=SzinwiLH3jdq-oS1oNeLxg&utm_campaign=yelp_api_v3&utm_medium=api_v3_business_search&utm_source=SzinwiLH3jdq-oS1oNeLxg,3.0
5n86ysWVnN9SUA-VUVctrQ,Manny's Cafeteria & Delicatessen,Otro,"Delis, Breakfast & Brunch, Sandwiches",4.0,1477,$$,(312) 939-2855,"1141 S Jefferson St, Chicago, IL 60607",Chicago,60607,41.86796705694528,-87.64196738550197,False,https://www.yelp.com/biz/mannys-cafeteria-and-delicatessen-chicago-3?adjust_creative=SzinwiLH3jdq-oS1oNeLxg&utm_campaign=yelp_api_v3&utm_medium=api_v3_business_search&utm_source=SzinwiLH3jdq-oS1oNeLxg,2.0
Mud-L2vMAtmvWpjo3tDvaA,Zazas Pizzeria,Otro,Pizza,4.5,430,$$,(773) 661-6389,"3037 N Clark St, Chicago, IL 60657",Chicago,60657,41.93742,-87.6483,False,https://www.yelp.com/biz/zazas-pizzeria-chicago?adjust_creative=SzinwiLH3jdq-oS1oNeLxg&utm_campaign=yelp_api_v3&utm_medium=api_v3_business_search&utm_source=SzinwiLH3jdq-oS1oNeLxg,2.0
qZMgGHP6z37DCchbFFaj7w,Libertad,Otro,"Latin American, Breakfast & Brunch, Cocktail Bars",4.6,26,,(773) 770-3456,"1835 W North Ave, Chicago, IL 60622",Chicago,60622,41.91038752821303,-87.6739316,False,https://www.yelp.com/biz/libertad-chicago-6?adjust_creative=SzinwiLH3jdq-oS1oNeLxg&utm_campaign=yelp_api_v3&utm_medium=api_v3_business_search&utm_source=SzinwiLH3jdq-oS1oNeLxg,
lYKn_TKwzudoIYplL2tGDg,Chicago French Market,Otro,"Food Court, Specialty Food, Venues & Event Spaces",3.9,659,$$,(312) 575-0306,"131 N Clinton St, Chicago, IL 60661",Chicago,60661,41.884136,-87.640976,False,https://www.yelp.com/biz/chicago-french-market-chicago?adjust_creative=SzinwiLH3jdq-oS1oNeLxg&utm_campaign=yelp_api_v3&utm_medium=api_v3_business_search&utm_source=SzinwiLH3jdq-oS1oNeLxg,2.0
bG6SiDiGSXWE9osdmVsdwA,STR Sushi Taku Rotary,Otro,"Conveyor Belt Sushi, Ramen, Sushi Bars",4.6,366,$$$,(773) 799-8149,"935 W Webster Ave, Chicago, IL 60614",Chicago,60614,41.92165,-87.652409,False,https://www.yelp.com/biz/str-sushi-taku-rotary-chicago?adjust_creative=SzinwiLH3jdq-oS1oNeLxg&utm_campaign=yelp_api_v3&utm_medium=api_v3_business_search&utm_source=SzinwiLH3jdq-oS1oNeLxg,3.0
AZ6b6JoLys6RTD9yOPJlBw,Chez Joel Bistro,Otro,French,4.3,498,$$$,(312) 226-6479,"1119 W Taylor St, Chicago, IL 60607",Chicago,60607,41.86921,-87.65507,False,https://www.yelp.com/biz/chez-joel-bistro-chicago-2?adjust_creative=SzinwiLH3jdq-oS1oNeLxg&utm_campaign=yelp_api_v3&utm_medium=api_v3_business_search&utm_source=SzinwiLH3jdq-oS1oNeLxg,3.0
0ucCbCekcn5XdzvRXnHl2w,Desert Hawk,Otro,"American, Bars",4.6,49,,,"2049 W Division St, Chicago, IL 60622",Chicago,60622,41.90288666670101,-87.67917606979607,False,https://www.yelp.com/biz/desert-hawk-chicago?adjust_creative=SzinwiLH3jdq-oS1oNeLxg&utm_campaign=yelp_api_v3&utm_medium=api_v3_business_search&utm_source=SzinwiLH3jdq-oS1oNeLxg,
kuJLjqq0m_tWfkgkMV6WrA,Sweet Rice Asian Kitchen,Otro,"Thai, Pan Asian, Desserts",4.5,111,$$,(773) 661-2743,"1904 N Western Ave, Chicago, IL 60647",Chicago,60647,41.915980361557416,-87.68754992634057,False,https://www.yelp.com/biz/sweet-rice-asian-kitchen-chicago?adjust_creative=SzinwiLH3jdq-oS1oNeLxg&utm_campaign=yelp_api_v3&utm_medium=api_v3_business_search&utm_source=SzinwiLH3jdq-oS1oNeLxg,2.0
P_BG_8HZC4TJC5Wsqlw0bQ,Kyuramen - Downtown Chicago,Otro,"Japanese Curry, Ramen",4.2,644,$$,(312) 877-5365,"6 W Hubbard St, Chicago, IL 60654",Chicago,60654,41.8903664081496,-87.62827419999999,False,https://www.yelp.com/biz/kyuramen-downtown-chicago-chicago?adjust_creative=SzinwiLH3jdq-oS1oNeLxg&utm_campaign=yelp_api_v3&utm_medium=api_v3_business_search&utm_source=SzinwiLH3jdq-oS1oNeLxg,2.0
-HqkUZg3tu-ZAV1RhdzXHQ,Tacotlan,Otro,"Mexican, Venues & Event Spaces",4.3,451,$$,(773) 666-5259,"4312 W Fullerton Ave, Chicago, IL 60639",Chicago,60639,41.92469,-87.73466,False,https://www.yelp.com/biz/tacotlan-chicago?adjust_creative=SzinwiLH3jdq-oS1oNeLxg&utm_campaign=yelp_api_v3&utm_medium=api_v3_business_search&utm_source=SzinwiLH3jdq-oS1oNeLxg,2.0
Ifk2tTefkmj9apIZOYyuBw,Will's Northwoods Inn,Otro,"Sports Bars, American",4.3,393,$$,(773) 528-4400,"3030 N Racine St, Chicago, IL 60657",Chicago,60657,41.937251,-87.65903,False,https://www.yelp.com/biz/wills-northwoods-inn-chicago?adjust_creative=SzinwiLH3jdq-oS1oNeLxg&utm_campaign=yelp_api_v3&utm_medium=api_v3_business_search&utm_source=SzinwiLH3jdq-oS1oNeLxg,2.0
Ryv0LRKMXUAGVnpbxp_D8A,Fora,Otro,"New American, Cocktail Bars, Breakfast & Brunch",3.9,120,$$,(312) 764-1933,"311 N Morgan St, Chicago, IL 60607",Chicago,60607,41.88742,-87.65185,False,https://www.yelp.com/biz/fora-chicago?adjust_creative=SzinwiLH3jdq-oS1oNeLxg&utm_campaign=yelp_api_v3&utm_medium=api_v3_business_search&utm_source=SzinwiLH3jdq-oS1oNeLxg,2.0
K7WtATWZfa3MW3oLhnvwhg,Gyuro Ramen,Otro,Ramen,4.4,278,$$,(312) 624-9414,"171 N Aberdeen St, Chicago, IL 60607",Chicago,60607,41.88495,-87.65411,False,https://www.yelp.com/biz/gyuro-ramen-chicago?adjust_creative=SzinwiLH3jdq-oS1oNeLxg&utm_campaign=yelp_api_v3&utm_medium=api_v3_business_search&utm_source=SzinwiLH3jdq-oS1oNeLxg,2.0
SGXiTUBpxfyEXdS1TAKbFg,Happy Lamb Hot Pot - Lincoln Park,Otro,"Chinese, Hot Pot, Asian Fusion",4.4,294,$$$,(773) 661-6647,"2707 North Clark St, Chicago, IL 60614",Chicago,60614,41.93169,-87.64414,False,https://www.yelp.com/biz/happy-lamb-hot-pot-lincoln-park-chicago-4?adjust_creative=SzinwiLH3jdq-oS1oNeLxg&utm_campaign=yelp_api_v3&utm_medium=api_v3_business_search&utm_source=SzinwiLH3jdq-oS1oNeLxg,3.0
e9Gx0S7ojgg2Y7BrITiADA,PERILLA korean fare,Otro,"Korean, Barbeque, Asian Fusion",4.1,406,$$$,(312) 243-3344,"401 N Milwaukee Ave, Chicago, IL 60654",Chicago,60654,41.88942,-87.64452,False,https://www.yelp.com/biz/perilla-korean-fare-chicago?adjust_creative=SzinwiLH3jdq-oS1oNeLxg&utm_campaign=yelp_api_v3&utm_medium=api_v3_business_search&utm_source=SzinwiLH3jdq-oS1oNeLxg,3.0
4yftA8F8IyzfUZLfaFe6aw,Via Carducci La Sorella,Otro,"Italian, Wine Bars, Pizza",3.8,491,$$,(773) 252-2244,"1928 W Division St, Chicago, IL 60622",Chicago,60622,41.90352,-87.67596,False,https://www.yelp.com/biz/via-carducci-la-sorella-chicago?adjust_creative=SzinwiLH3jdq-oS1oNeLxg&utm_campaign=yelp_api_v3&utm_medium=api_v3_business_search&utm_source=SzinwiLH3jdq-oS1oNeLxg,2.0
WA8Fuuv9zRfZ8H8YkeYxsg,Aloha Eats,Otro,"Hawaiian, Barbeque",4.1,1132,$$,(773) 935-6828,"2534 N Clark St, Chicago, IL 60614",Chicago,60614,41.92873960498253,-87.64252209846221,False,https://www.yelp.com/biz/aloha-eats-chicago?adjust_creative=SzinwiLH3jdq-oS1oNeLxg&utm_campaign=yelp_api_v3&utm_medium=api_v3_business_search&utm_source=SzinwiLH3jdq-oS1oNeLxg,2.0
TycEfQPjumBLiVYFOn9Zlw,Blue Sushi Sake Grill,Otro,Sushi Bars,4.4,125,$$,(312) 530-0229,"415 N Dearborn St, Chicago, IL 60654",Chicago,60654,41.88993910164328,-87.62944497055229,False,https://www.yelp.com/biz/blue-sushi-sake-grill-chicago-2?adjust_creative=SzinwiLH3jdq-oS1oNeLxg&utm_campaign=yelp_api_v3&utm_medium=api_v3_business_search&utm_source=SzinwiLH3jdq-oS1oNeLxg,2.0
dKbk0C9z_mRXh24-0vIHqA,Mirra,Otro,"Mexican, Indian",4.4,167,,,"1954 W Armitage Ave, Chicago, IL 60622",Chicago,60622,41.917959764150055,-87.67737831920385,False,https://www.yelp.com/biz/mirra-chicago?adjust_creative=SzinwiLH3jdq-oS1oNeLxg&utm_campaign=yelp_api_v3&utm_medium=api_v3_business_search&utm_source=SzinwiLH3jdq-oS1oNeLxg,
15CHt5HE5OdEydxltycQow,Bulerias Tapas Bar,Otro,"Tapas Bars, Tapas/Small Plates, Spanish",4.2,78,,(773) 404-2855,"2507 W North Ave, Chicago, IL 60647",Chicago,60647,41.90997,-87.69003,False,https://www.yelp.com/biz/bulerias-tapas-bar-chicago-3?adjust_creative=SzinwiLH3jdq-oS1oNeLxg&utm_campaign=yelp_api_v3&utm_medium=api_v3_business_search&utm_source=SzinwiLH3jdq-oS1oNeLxg,
pbpnSu09fVWBDrGm9AwX3Q,Beacon Doughnuts,Otro,"Donuts, Vegan",4.7,308,$,(773) 698-2839,"810 W Armitage Ave, Chicago, IL 60614",Chicago,60614,41.91834,-87.64908,False,https://www.yelp.com/biz/beacon-doughnuts-chicago?adjust_creative=SzinwiLH3jdq-oS1oNeLxg&utm_campaign=yelp_api_v3&utm_medium=api_v3_business_search&utm_source=SzinwiLH3jdq-oS1oNeLxg,1.0
ei10kWqOyW-GyJRqQgmt7A,Cafe Prague,Otro,"Czech, Bars, Polish",4.3,124,$$,(773) 427-7587,"6710 W Belmont Ave, Chicago, IL 60634",Chicago,60634,41.93845,-87.79385,False,https://www.yelp.com/biz/cafe-prague-chicago?adjust_creative=SzinwiLH3jdq-oS1oNeLxg&utm_campaign=yelp_api_v3&utm_medium=api_v3_business_search&utm_source=SzinwiLH3jdq-oS1oNeLxg,2.0
gAp38M1cLRkFHbemMhaNAQ,Le Bouchon,Otro,French,4.0,828,$$$,(773) 862-6600,"1958 N Damen Ave, Chicago, IL 60647",Chicago,60647,41.91756,-87.67792,False,https://www.yelp.com/biz/le-bouchon-chicago?adjust_creative=SzinwiLH3jdq-oS1oNeLxg&utm_campaign=yelp_api_v3&utm_medium=api_v3_business_search&utm_source=SzinwiLH3jdq-oS1oNeLxg,3.0
ggyXy8tnmWHFh8Wn1feKBw,Russian Tea Time,Otro,"Russian, Modern European",4.1,939,$$,(312) 360-0000,"77 E Adams St, Chicago, IL 60603",Chicago,60603,41.87935748522246,-87.62508049386574,False,https://www.yelp.com/biz/russian-tea-time-chicago?adjust_creative=SzinwiLH3jdq-oS1oNeLxg&utm_campaign=yelp_api_v3&utm_medium=api_v3_business_search&utm_source=SzinwiLH3jdq-oS1oNeLxg,2.0
IMlB8X5mp-573tGTGXmoWQ,Tamu,Otro,Sushi Bars,4.5,99,,(312) 248-8833,"804 W Washington Blvd, Chicago, IL 60607",Chicago,60607,41.883471493911976,-87.64777437439571,False,https://www.yelp.com/biz/tamu-chicago-2?adjust_creative=SzinwiLH3jdq-oS1oNeLxg&utm_campaign=yelp_api_v3&utm_medium=api_v3_business_search&utm_source=SzinwiLH3jdq-oS1oNeLxg,
_d5Br6nZWpBNwL-4isroJA,Yuzu Sushi & Robata Grill,Otro,"Japanese, Sushi Bars",4.2,1964,$$,(312) 666-4100,"1751 W Chicago Ave, Chicago, IL 60622",Chicago,60622,41.895781661700326,-87.67172099999999,False,https://www.yelp.com/biz/yuzu-sushi-and-robata-grill-chicago?adjust_creative=SzinwiLH3jdq-oS1oNeLxg&utm_campaign=yelp_api_v3&utm_medium=api_v3_business_search&utm_source=SzinwiLH3jdq-oS1oNeLxg,2.0
2XauFxxBwl5YAhJHJLpd7g,Krasa,Otro,"Burgers, Bars, Mediterranean",4.4,179,$$,(773) 904-8608,"1141 N Ashland Ave, Chicago, IL 60622",Chicago,60622,41.9028,-87.66721447116393,False,https://www.yelp.com/biz/krasa-chicago?adjust_creative=SzinwiLH3jdq-oS1oNeLxg&utm_campaign=yelp_api_v3&utm_medium=api_v3_business_search&utm_source=SzinwiLH3jdq-oS1oNeLxg,2.0
hva3YCKzqhtkKerQWsXo7Q,Janellie’s Kitchen,Otro,Puerto Rican,4.8,19,,(872) 210-8042,"2617 W Division St, Chicago, IL 60622",Chicago,60622,41.90281613454157,-87.69265859457461,False,https://www.yelp.com/biz/janellie-s-kitchen-chicago-2?adjust_creative=SzinwiLH3jdq-oS1oNeLxg&utm_campaign=yelp_api_v3&utm_medium=api_v3_business_search&utm_source=SzinwiLH3jdq-oS1oNeLxg,
2cDt9At556hf146QH_XkhQ,Forno Rosso Pizzeria Napoletana,Otro,"Pizza, Italian",4.2,643,$$,(312) 243-6000,"1048 W Randolph St, Chicago, IL 60607",Chicago,60607,41.8845699,-87.65406,False,https://www.yelp.com/biz/forno-rosso-pizzeria-napoletana-chicago-3?adjust_creative=SzinwiLH3jdq-oS1oNeLxg&utm_campaign=yelp_api_v3&utm_medium=api_v3_business_search&utm_source=SzinwiLH3jdq-oS1oNeLxg,2.0
Bmc0wjoqFH1kSBMPSrj0xw,The Red Lion Pub,Otro,"Pubs, Breakfast & Brunch, Sandwiches",4.3,290,$$,(773) 883-2422,"2446 N Lincoln Ave, Chicago, IL 60614",Chicago,60614,41.9262503,-87.6502686,False,https://www.yelp.com/biz/the-red-lion-pub-chicago?adjust_creative=SzinwiLH3jdq-oS1oNeLxg&utm_campaign=yelp_api_v3&utm_medium=api_v3_business_search&utm_source=SzinwiLH3jdq-oS1oNeLxg,2.0
URjuAY-Nv-133vzQMe77tg,Birdman Ramen,Otro,Ramen,4.4,156,$$,(312) 579-4459,"212 E Ohio St, Chicago, IL 60654",Chicago,60654,41.892786,-87.622044,False,https://www.yelp.com/biz/birdman-ramen-chicago?adjust_creative=SzinwiLH3jdq-oS1oNeLxg&utm_campaign=yelp_api_v3&utm_medium=api_v3_business_search&utm_source=SzinwiLH3jdq-oS1oNeLxg,2.0
eTDiXThHbw1FYNSGoeGB-Q,Cumin - Lakeview,Otro,"Indian, Himalayan/Nepalese",4.5,53,,(773) 687-9024,"1039 W Belmont Ave, Chicago, IL 60657",Chicago,60657,41.93970291312647,-87.65574289999999,False,https://www.yelp.com/biz/cumin-lakeview-chicago?adjust_creative=SzinwiLH3jdq-oS1oNeLxg&utm_campaign=yelp_api_v3&utm_medium=api_v3_business_search&utm_source=SzinwiLH3jdq-oS1oNeLxg,
o-qsh446uTZ0sbxsiNfQkw,Rumi Middle Eastern Grill,Otro,"Mediterranean, Middle Eastern, Halal",4.5,404,$$,(773) 666-5119,"1534 N Milwaukee Ave, Chicago, IL 60622",Chicago,60622,41.909312,-87.676058,False,https://www.yelp.com/biz/rumi-middle-eastern-grill-chicago-2?adjust_creative=SzinwiLH3jdq-oS1oNeLxg&utm_campaign=yelp_api_v3&utm_medium=api_v3_business_search&utm_source=SzinwiLH3jdq-oS1oNeLxg,2.0
Ih0UWJ8tScAR5VBlNPbZ6g,Umi Sushi,Otro,Sushi Bars,4.4,57,,(312) 773-6669,"60 E Jackson Blvd, Chicago, IL 60604",Chicago,60604,41.878497,-87.625582,False,https://www.yelp.com/biz/umi-sushi-chicago?adjust_creative=SzinwiLH3jdq-oS1oNeLxg&utm_campaign=yelp_api_v3&utm_medium=api_v3_business_search&utm_source=SzinwiLH3jdq-oS1oNeLxg,
WLcAdMilB7fDFIZLa2vI_w,STK Steakhouse,Otro,"Steakhouses, New American, Cocktail Bars",3.8,2091,$$$$,(312) 340-5636,"9 W Kinzie St, Chicago, IL 60654",Chicago,60654,41.889026,-87.628642,False,https://www.yelp.com/biz/stk-steakhouse-chicago-4?adjust_creative=SzinwiLH3jdq-oS1oNeLxg&utm_campaign=yelp_api_v3&utm_medium=api_v3_business_search&utm_source=SzinwiLH3jdq-oS1oNeLxg,4.0
wYtovs58GQ2pUr6yBJfPgw,Terrace 16,Otro,"Lounges, New American, Soup",3.4,599,$$$,(312) 588-8030,"401 N Wabash Ave, Chicago, IL 60611",Chicago,60611,41.88922,-87.62655,False,https://www.yelp.com/biz/terrace-16-chicago?adjust_creative=SzinwiLH3jdq-oS1oNeLxg&utm_campaign=yelp_api_v3&utm_medium=api_v3_business_search&utm_source=SzinwiLH3jdq-oS1oNeLxg,3.0
91L8OPJNUyNauXzjDQRurg,Logan 11 Bar and Kitchen,Otro,"Bars, American",4.4,140,$$,(773) 252-1110,"2230 N California Ave, Chicago, IL 60647",Chicago,60647,41.92260599461892,-87.69751406610787,False,https://www.yelp.com/biz/logan-11-bar-and-kitchen-chicago?adjust_creative=SzinwiLH3jdq-oS1oNeLxg&utm_campaign=yelp_api_v3&utm_medium=api_v3_business_search&utm_source=SzinwiLH3jdq-oS1oNeLxg,2.0
NMhq1mBTxwmvxzmUB9BbrA,Taste of Japan,Otro,"Sushi Bars, Japanese Curry, Ramen",4.7,38,,(312) 588-9818,"201 N Wells St, Chicago, IL 60606",Chicago,60606,41.886037,-87.633631,False,https://www.yelp.com/biz/taste-of-japan-chicago?adjust_creative=SzinwiLH3jdq-oS1oNeLxg&utm_campaign=yelp_api_v3&utm_medium=api_v3_business_search&utm_source=SzinwiLH3jdq-oS1oNeLxg,
p_H2BANrAWEZbSyqmnviSQ,Uncle Mike's Place,Otro,"Breakfast & Brunch, American, Filipino",4.3,1002,$$,(312) 226-5318,"1700 W Grand Ave, Chicago, IL 60622",Chicago,60622,41.89117,-87.66986,False,https://www.yelp.com/biz/uncle-mikes-place-chicago?adjust_creative=SzinwiLH3jdq-oS1oNeLxg&utm_campaign=yelp_api_v3&utm_medium=api_v3_business_search&utm_source=SzinwiLH3jdq-oS1oNeLxg,2.0
CVnNuzqwhH2E7rwxLZC5BQ,El Llano Restaurant - Northcenter,Otro,Colombian,4.8,64,$$,(773) 868-1899,"3941 N Lincoln Ave, Chicago, IL 60613",Chicago,60613,41.95356,-87.67793,False,https://www.yelp.com/biz/el-llano-restaurant-northcenter-chicago?adjust_creative=SzinwiLH3jdq-oS1oNeLxg&utm_campaign=yelp_api_v3&utm_medium=api_v3_business_search&utm_source=SzinwiLH3jdq-oS1oNeLxg,2.0
mv2oJOStzNv57gWjbjc6BA,Olivia's Market,Otro,"Grocery, Beer, Wine & Spirits, Delis",4.3,207,$$$,(773) 227-4220,"2014 W Wabansia Ave, Chicago, IL 60647",Chicago,60647,41.9123531,-87.678058,False,https://www.yelp.com/biz/olivias-market-chicago?adjust_creative=SzinwiLH3jdq-oS1oNeLxg&utm_campaign=yelp_api_v3&utm_medium=api_v3_business_search&utm_source=SzinwiLH3jdq-oS1oNeLxg,3.0
-KZsoQtr3e-md07sj0UQzQ,The Crepe Shop,Otro,"Creperies, Coffee & Tea, Breakfast & Brunch",4.8,629,$$,(773) 857-0018,"2934 N Broadway St, Chicago, IL 60657",Chicago,60657,41.9359199,-87.6444967,False,https://www.yelp.com/biz/the-crepe-shop-chicago?adjust_creative=SzinwiLH3jdq-oS1oNeLxg&utm_campaign=yelp_api_v3&utm_medium=api_v3_business_search&utm_source=SzinwiLH3jdq-oS1oNeLxg,2.0
OM24LGQGFp1PfaiYrkOIbQ,Lilac Tiger,Otro,"Indian, Cocktail Bars, Asian Fusion",4.1,56,,,"1742 W Division St, Chicago, IL 60622",Chicago,60622,41.903512007398334,-87.6717396453023,False,https://www.yelp.com/biz/lilac-tiger-chicago-2?adjust_creative=SzinwiLH3jdq-oS1oNeLxg&utm_campaign=yelp_api_v3&utm_medium=api_v3_business_search&utm_source=SzinwiLH3jdq-oS1oNeLxg,
4XQCW2YUdcfwYxl-v25-aw,Jibaritos y Más,Otro,Puerto Rican,4.2,690,$$,(773) 799-8601,"3400 W Fullerton Ave, Chicago, IL 60647",Chicago,60647,41.924852904113855,-87.71232609658239,False,https://www.yelp.com/biz/jibaritos-y-m%C3%A1s-chicago-4?adjust_creative=SzinwiLH3jdq-oS1oNeLxg&utm_campaign=yelp_api_v3&utm_medium=api_v3_business_search&utm_source=SzinwiLH3jdq-oS1oNeLxg,2.0
5krD1bm6HjCoklgS90xAxw,Sinya Mediterranean Grill,Otro,"Mediterranean, Middle Eastern, Halal",4.8,299,,(773) 897-5700,"3224 North Damen Ave, Chicago, IL 60618",Chicago,60618,41.940354,-87.678644,False,https://www.yelp.com/biz/sinya-mediterranean-grill-chicago?adjust_creative=SzinwiLH3jdq-oS1oNeLxg&utm_campaign=yelp_api_v3&utm_medium=api_v3_business_search&utm_source=SzinwiLH3jdq-oS1oNeLxg,
6lPODX1d7mfuXmhwdor-jA,Bienmesabe,Otro,Venezuelan,4.5,296,$$,(312) 285-2911,"29 E Adams St, Chicago, IL 60603",Chicago,60603,41.87937,-87.62675,False,https://www.yelp.com/biz/bienmesabe-chicago-3?adjust_creative=SzinwiLH3jdq-oS1oNeLxg&utm_campaign=yelp_api_v3&utm_medium=api_v3_business_search&utm_source=SzinwiLH3jdq-oS1oNeLxg,2.0
iPwFyQNiZHbKNCxO7RRCVw,Cheba Hut Toasted Subs,Otro,"Sandwiches, Bars",4.4,143,,(872) 315-3191,"1948 W Division St, Chicago, IL 60622",Chicago,60622,41.90342,-87.67677018724892,False,https://www.yelp.com/biz/cheba-hut-toasted-subs-chicago-7?adjust_creative=SzinwiLH3jdq-oS1oNeLxg&utm_campaign=yelp_api_v3&utm_medium=api_v3_business_search&utm_source=SzinwiLH3jdq-oS1oNeLxg,
fMzeGTei6R4zn4qqZBkKxA,VinnyD's,Otro,"Gelato, Shaved Ice, Hot Dogs",4.7,207,$,(773) 796-5866,"1709 W Division St, Chicago, IL 60622",Chicago,60622,41.903085949055885,-87.67038127374278,False,https://www.yelp.com/biz/vinnyds-chicago?adjust_creative=SzinwiLH3jdq-oS1oNeLxg&utm_campaign=yelp_api_v3&utm_medium=api_v3_business_search&utm_source=SzinwiLH3jdq-oS1oNeLxg,1.0
8G8enRqkEkYE2kDvg4Lx5Q,Sando Street,Otro,"Japanese, Sandwiches, Asian Fusion",4.5,132,,(773) 698-6475,"1547 N Ashland Ave, Chicago, IL 60622",Chicago,60622,41.9102,-87.66741,False,https://www.yelp.com/biz/sando-street-chicago?adjust_creative=SzinwiLH3jdq-oS1oNeLxg&utm_campaign=yelp_api_v3&utm_medium=api_v3_business_search&utm_source=SzinwiLH3jdq-oS1oNeLxg,
1FKbiFnRAkG6T6AisrLc3Q,Sushi-San Lincoln Park,Otro,"Bars, Japanese, Sushi Bars",4.5,130,,(773) 389-7101,"1950 N Halsted St, Chicago, IL 60614",Chicago,60614,41.91744,-87.64886,False,https://www.yelp.com/biz/sushi-san-lincoln-park-chicago-3?adjust_creative=SzinwiLH3jdq-oS1oNeLxg&utm_campaign=yelp_api_v3&utm_medium=api_v3_business_search&utm_source=SzinwiLH3jdq-oS1oNeLxg,
bOlOwlWUvouywvhtGyiiAw,Ezankaya Bann Suan,Otro,"Thai, Izakaya, Asian Fusion",5.0,8,,(312) 813-9644,"2453 N Halsted St, Chicago, IL 60614",Chicago,60614,41.926996,-87.648583,False,https://www.yelp.com/biz/ezankaya-bann-suan-chicago?adjust_creative=SzinwiLH3jdq-oS1oNeLxg&utm_campaign=yelp_api_v3&utm_medium=api_v3_business_search&utm_source=SzinwiLH3jdq-oS1oNeLxg,
t5ITATMeEW0bgFniS053Vg,Falafel & Grill,Otro,"Falafel, Lebanese",4.3,670,$$,(773) 292-8888,"1317 N Milwaukee Ave, Chicago, IL 60622",Chicago,60622,41.905891418457,-87.670166015625,False,https://www.yelp.com/biz/falafel-and-grill-chicago?adjust_creative=SzinwiLH3jdq-oS1oNeLxg&utm_campaign=yelp_api_v3&utm_medium=api_v3_business_search&utm_source=SzinwiLH3jdq-oS1oNeLxg,2.0
YsYYNrBMDHCo87haDfv23Q,Tropical Taste,Otro,Dominican,4.0,63,$,(773) 395-0804,"3917 W North Ave, Chicago, IL 60647",Chicago,60647,41.909630247825284,-87.72480231502797,False,https://www.yelp.com/biz/tropical-taste-chicago?adjust_creative=SzinwiLH3jdq-oS1oNeLxg&utm_campaign=yelp_api_v3&utm_medium=api_v3_business_search&utm_source=SzinwiLH3jdq-oS1oNeLxg,1.0
_b69OdBNLhysN1jFlYNQiA,The Bongo Room,Otro,"New American, Breakfast & Brunch",4.0,1744,$$,(773) 489-0690,"1470 N Milwaukee Ave, Chicago, IL 60622",Chicago,60622,41.90841,-87.67492,False,https://www.yelp.com/biz/the-bongo-room-chicago?adjust_creative=SzinwiLH3jdq-oS1oNeLxg&utm_campaign=yelp_api_v3&utm_medium=api_v3_business_search&utm_source=SzinwiLH3jdq-oS1oNeLxg,2.0
7Ig90WlrxTm-oLGt8AQrfQ,Enoteca Roma Ristorante,Otro,"Wine Bars, Italian",4.1,594,$$,(773) 772-7700,"2146 W Division St, Chicago, IL 60622",Chicago,60622,41.903222,-87.6816573,False,https://www.yelp.com/biz/enoteca-roma-ristorante-chicago?adjust_creative=SzinwiLH3jdq-oS1oNeLxg&utm_campaign=yelp_api_v3&utm_medium=api_v3_business_search&utm_source=SzinwiLH3jdq-oS1oNeLxg,2.0
d_8fXdA3E0IW44NYqt6haw,Petterinos,Otro,"American, Italian, Bars",3.8,1103,$$,(312) 422-0150,"150 N Dearborn St, Chicago, IL 60601",Chicago,60601,41.88472204,-87.62978352,False,https://www.yelp.com/biz/petterinos-chicago?adjust_creative=SzinwiLH3jdq-oS1oNeLxg&utm_campaign=yelp_api_v3&utm_medium=api_v3_business_search&utm_source=SzinwiLH3jdq-oS1oNeLxg,2.0
UVW4vk5QEzmfl2EwZ1J-Ew,Feld,Otro,New American,4.3,50,,,"2018 W Chicago Ave, Chicago, IL 60622",Chicago,60622,41.8961133304973,-87.67785709351301,False,https://www.yelp.com/biz/feld-chicago?adjust_creative=SzinwiLH3jdq-oS1oNeLxg&utm_campaign=yelp_api_v3&utm_medium=api_v3_business_search&utm_source=SzinwiLH3jdq-oS1oNeLxg,
-R7QRGm-T-nKy09RlDr1oQ,Bucktown Pizza,Otro,Pizza,4.9,16,,,"1912 N Western Ave, Chicago, IL 60647",Chicago,60647,41.91631269811441,-87.68768600341392,False,https://www.yelp.com/biz/bucktown-pizza-chicago?adjust_creative=SzinwiLH3jdq-oS1oNeLxg&utm_campaign=yelp_api_v3&utm_medium=api_v3_business_search&utm_source=SzinwiLH3jdq-oS1oNeLxg,
jCCVOVk40ygDl139mWgqzw,Cafe Trinidad,Otro,Trinidadian,3.8,15,,(312) 702-1120,"850 W Superior St, Chicago, IL 60642",Chicago,60642,41.895758871158314,-87.64965199999999,False,https://www.yelp.com/biz/cafe-trinidad-chicago-4?adjust_creative=SzinwiLH3jdq-oS1oNeLxg&utm_campaign=yelp_api_v3&utm_medium=api_v3_business_search&utm_source=SzinwiLH3jdq-oS1oNeLxg,
zvLywoR212uaPkXU6Tp8LQ,Dimmi Dimmi Corner Italian,Otro,"Italian, Bars, Pizza",4.5,136,,(773) 697-9829,"1112 W Armitage Ave, Chicago, IL 60614",Chicago,60614,41.918205820988454,-87.65593499304804,False,https://www.yelp.com/biz/dimmi-dimmi-corner-italian-chicago-2?adjust_creative=SzinwiLH3jdq-oS1oNeLxg&utm_campaign=yelp_api_v3&utm_medium=api_v3_business_search&utm_source=SzinwiLH3jdq-oS1oNeLxg,
